#include "bg.h"

const uint8_t bg_pixels[71680] = {
    0xEF, 0xED, 0xE2, 0xEB, 0xEF, 0xED, 0xEF, 0xEF, 0xEB, 0xEB, 0xDE, 0xED,
    0xEF, 0xEF, 0xEF, 0xF2, 0xF3, 0xEF, 0xF3, 0xF7, 0xF2, 0xEF, 0xF7, 0xF2,
    0xEF, 0xED, 0xE2, 0xE5, 0xDE, 0xCC, 0xDA, 0xDE, 0xCC, 0xCC, 0xD1, 0xC3,
    0x9A, 0x86, 0x89, 0x7A, 0x81, 0x93, 0x97, 0x8D, 0x86, 0x8D, 0x97, 0x8D,
    0x8A, 0x8A, 0x84, 0x89, 0xA3, 0xA8, 0xA8, 0xC3, 0xCC, 0xC3, 0xA8, 0xA3,
    0x9E, 0xA3, 0xA3, 0xA8, 0xA3, 0xA8, 0xBE, 0xB2, 0xA8, 0xAD, 0xAD, 0x9E,
    0xA8, 0xA3, 0xB9, 0x8D, 0x7A, 0x75, 0x7E, 0x89, 0x75, 0x6D, 0x5B, 0x6D,
    0x66, 0x59, 0x56, 0x51, 0x45, 0x49, 0x58, 0x6C, 0x6C, 0x70, 0x76, 0x72,
    0x78, 0x72, 0x6B, 0x58, 0x6C, 0x65, 0x6C, 0x80, 0x82, 0x82, 0x78, 0x72,
    0x6C, 0x65, 0x57, 0x4A, 0x4E, 0x57, 0x5C, 0x57, 0x57, 0x5C, 0x5A, 0x60,
    0x60, 0x57, 0x45, 0x3D, 0x38, 0x36, 0x36, 0x40, 0x41, 0x40, 0x42, 0x46,
    0x47, 0x46, 0x47, 0x45, 0x40, 0x43, 0x43, 0x42, 0x46, 0x47, 0x49, 0x49,
    0x49, 0x4B, 0x4E, 0x57, 0x4C, 0x57, 0x65, 0x5A, 0x51, 0x46, 0x43, 0x42,
    0x40, 0x40, 0x40, 0x39, 0x36, 0x42, 0x40, 0x37, 0x36, 0x30, 0x2C, 0x29,
    0x2A, 0x40, 0x36, 0x36, 0x30, 0x2D, 0x39, 0x39, 0x37, 0x34, 0x30, 0x2C,
    0x41, 0x57, 0x4A, 0x4B, 0x55, 0x57, 0x58, 0x51, 0x4B, 0x45, 0x47, 0x4E,
    0x51, 0x5C, 0x65, 0x65, 0x65, 0x72, 0x72, 0x5C, 0x53, 0x58, 0x5C, 0x5A,
    0x55, 0x4E, 0x4A, 0x53, 0x57, 0x4B, 0x46, 0x4B, 0x4B, 0x46, 0x46, 0x45,
    0x38, 0x40, 0x46, 0x42, 0x57, 0x6C, 0x6B, 0x70, 0x76, 0x74, 0x6C, 0x6C,
    0x68, 0x68, 0x68, 0x70, 0x82, 0x8C, 0x8C, 0x8C, 0x8C, 0x85, 0x82, 0x80,
    0x6C, 0x6D, 0x71, 0x71, 0x75, 0x8C, 0xA6, 0x95, 0x9A, 0x96, 0x8A, 0x81,
    0x7A, 0x6D, 0x68, 0x68, 0x75, 0x75, 0x75, 0x8D, 0x91, 0x8D, 0x91, 0x96,
    0x8D, 0x93, 0x86, 0x96, 0xAD, 0xA3, 0xAD, 0xB2, 0xB9, 0xD6, 0xCC, 0xE5,
    0xE5, 0xD6, 0xD1, 0xEB, 0xDA, 0xC3, 0xCC, 0xDE, 0xCC, 0xA8, 0xB2, 0xD6,
    0xD1, 0xB2, 0xB9, 0xBE, 0xB9, 0xB2, 0xAD, 0x9A, 0xA3, 0xAD, 0xC7, 0xCC,
    0xB2, 0x9E, 0xA3, 0xCC, 0xC3, 0xC7, 0xBE, 0xD6, 0xEB, 0xEF, 0xF3, 0xF3,
    0xEF, 0xF3, 0xEF, 0xEF, 0xF3, 0xF3, 0xF3, 0xF7, 0xEF, 0xED, 0xEC, 0xEC,
    0xEF, 0xF3, 0xF3, 0xF7, 0xF7, 0xF3, 0xF3, 0xF3, 0xF2, 0xF7, 0xF7, 0xF7,
    0xF3, 0xF2, 0xF3, 0xEF, 0xEF, 0xED, 0xED, 0xEC, 0xED, 0xEF, 0xEB, 0xE5,
    0xE2, 0xDE, 0xEB, 0xF3, 0xEF, 0xEF, 0xF2, 0xEF, 0xE2, 0xCC, 0xD6, 0xCC,
    0xCC, 0xD1, 0xC7, 0xA8, 0xBF, 0xD1, 0xC3, 0xC7, 0xAD, 0xB2, 0xBE, 0xCC,
    0xCC, 0xCC, 0xC3, 0xBE, 0xB2, 0x9A, 0x9E, 0x9E, 0x96, 0x97, 0x96, 0x91,
    0x96, 0xB2, 0xA8, 0xA3, 0xB2, 0xB2, 0xA8, 0x9E, 0x93, 0x86, 0x8A, 0x81,
    0x7A, 0x7A, 0x7A, 0x7D, 0x8B, 0x86, 0x84, 0x89, 0x81, 0x7A, 0x7A, 0x75,
    0x6C, 0x68, 0x76, 0x83, 0x83, 0x7C, 0x82, 0x8C, 0x8C, 0x7C, 0x80, 0x82,
    0x78, 0x6C, 0x65, 0x6B, 0x78, 0x83, 0x8C, 0x8C, 0x85, 0x7C, 0x7C, 0x6C,
    0x6C, 0x5C, 0x4C, 0x4B, 0x42, 0x43, 0x43, 0x42, 0x43, 0x4C, 0x58, 0x55,
    0x49, 0x45, 0x4C, 0x4B, 0x42, 0x40, 0x40, 0x40, 0x40, 0x46, 0x43, 0x4C,
    0x55, 0x57, 0x53, 0x51, 0x53, 0x53, 0x4E, 0x53, 0x4E, 0x4C, 0x4E, 0x51,
    0x51, 0x4E, 0x47, 0x47, 0x45, 0x46, 0x47, 0x42, 0x42, 0x40, 0x45, 0x46,
    0x4B, 0x4E, 0x57, 0x4E, 0x45, 0x41, 0x42, 0x41, 0x3B, 0x40, 0x41, 0x45,
    0x42, 0x47, 0x4C, 0x43, 0x43, 0x41, 0x43, 0x46, 0x55, 0x5C, 0x53, 0x4C,
    0x53, 0x4C, 0x57, 0x53, 0x49, 0x42, 0x40, 0x42, 0x40, 0x4A, 0x4E, 0x51,
    0x57, 0x6C, 0x6B, 0x65, 0x5C, 0x5A, 0x51, 0x4B, 0x49, 0x49, 0x49, 0x4B,
    0x4E, 0x5A, 0x60, 0x60, 0x6B, 0x68, 0x68, 0x55, 0x57, 0x57, 0x53, 0x5A,
    0x6B, 0x6C, 0x80, 0x8C, 0x83, 0x80, 0x83, 0x85, 0x78, 0x76, 0x78, 0x72,
    0x85, 0x99, 0x95, 0xAE, 0xBA, 0xAB, 0x95, 0x95, 0x83, 0x7D, 0x71, 0x6D,
    0x66, 0x6B, 0x72, 0x6C, 0x7A, 0x7D, 0x81, 0x93, 0x93, 0x91, 0x95, 0x92,
    0x8A, 0x86, 0x89, 0x8A, 0x84, 0x8D, 0x96, 0x9A, 0xA3, 0xB9, 0xC3, 0xC3,
    0xBE, 0xC7, 0xD1, 0xD1, 0xD6, 0xC7, 0xCC, 0xEB, 0xD6, 0xC3, 0xBE, 0xC3,
    0xBE, 0xC7, 0xD1, 0xCC, 0xD1, 0xDA, 0xEB, 0xEF, 0xF3, 0xEB, 0xEF, 0xF3,
    0xEF, 0xEB, 0xED, 0xEC, 0xEF, 0xE2, 0xEB, 0xEB, 0xEB, 0xEB, 0xE5, 0xEF,
    0xE5, 0xED, 0xEF, 0xF3, 0xF7, 0xF7, 0xF7, 0xF7, 0xF2, 0xEF, 0xF3, 0xED,
    0xE2, 0xED, 0xED, 0xEC, 0xEC, 0xEF, 0xF3, 0xF7, 0xF7, 0xF3, 0xEF, 0xF3,
    0xF3, 0xEF, 0xEF, 0xEF, 0xEF, 0xF3, 0xF7, 0xF7, 0xF2, 0xEF, 0xEF, 0xED,
    0xE2, 0xD6, 0xC7, 0xBE, 0xB9, 0xC7, 0xBE, 0xC7, 0xCC, 0xC7, 0xE2, 0xEC,
    0xDA, 0xD1, 0xC7, 0xA8, 0x9A, 0x9A, 0x9A, 0x8D, 0x81, 0x86, 0x91, 0x91,
    0x8D, 0x89, 0x8A, 0x9F, 0xBE, 0xA3, 0x96, 0x8D, 0x8D, 0x93, 0x96, 0x93,
    0x96, 0xA8, 0xB9, 0xAD, 0x9A, 0x9A, 0xA3, 0x9E, 0x8D, 0x89, 0x7D, 0x81,
    0x7A, 0x75, 0x75, 0x66, 0x59, 0x6D, 0x66, 0x66, 0x59, 0x60, 0x56, 0x4E,
    0x4E, 0x49, 0x4E, 0x54, 0x54, 0x4E, 0x55, 0x5A, 0x5A, 0x58, 0x51, 0x5A,
    0x68, 0x68, 0x72, 0x76, 0x83, 0x7C, 0x6C, 0x6C, 0x65, 0x68, 0x5A, 0x65,
    0x6C, 0x65, 0x6C, 0x65, 0x5A, 0x5C, 0x5A, 0x4E, 0x4C, 0x49, 0x46, 0x41,
    0x49, 0x45, 0x41, 0x3D, 0x41, 0x45, 0x45, 0x4B, 0x41, 0x41, 0x4C, 0x4A,
    0x45, 0x3F, 0x3D, 0x43, 0x4C, 0x4A, 0x45, 0x4A, 0x4C, 0x55, 0x53, 0x4C,
    0x4A, 0x49, 0x4A, 0x53, 0x47, 0x46, 0x46, 0x45, 0x42, 0x39, 0x36, 0x34,
    0x2F, 0x30, 0x31, 0x36, 0x31, 0x2D, 0x34, 0x41, 0x3D, 0x37, 0x36, 0x34,
    0x30, 0x2D, 0x2D, 0x2A, 0x29, 0x25, 0x29, 0x30, 0x31, 0x37, 0x36, 0x39,
    0x42, 0x41, 0x3D, 0x3D, 0x39, 0x34, 0x38, 0x3D, 0x37, 0x43, 0x4C, 0x47,
    0x4C, 0x49, 0x4B, 0x4B, 0x4B, 0x4B, 0x46, 0x40, 0x40, 0x40, 0x40, 0x40,
    0x36, 0x36, 0x34, 0x38, 0x3D, 0x3D, 0x34, 0x34, 0x30, 0x38, 0x40, 0x36,
    0x40, 0x40, 0x3D, 0x3D, 0x45, 0x46, 0x42, 0x49, 0x4C, 0x57, 0x5C, 0x65,
    0x68, 0x70, 0x78, 0x78, 0x70, 0x68, 0x68, 0x68, 0x76, 0x78, 0x72, 0x83,
    0x83, 0x80, 0x80, 0x76, 0x6C, 0x69, 0x66, 0x66, 0x65, 0x71, 0x5C, 0x5B,
    0x6B, 0x6D, 0x7A, 0x86, 0x7A, 0x84, 0x8C, 0x99, 0x91, 0x84, 0x7E, 0x96,
    0x96, 0xA8, 0xA3, 0xA8, 0xA8, 0xC7, 0xB9, 0xB2, 0xB2, 0xB2, 0xAD, 0xB9,
    0xCC, 0xBE, 0xB9, 0xC7, 0xB2, 0x9E, 0x9A, 0x93, 0x96, 0x93, 0x97, 0x9A,
    0xA8, 0xB9, 0xB9, 0xC3, 0xEC, 0xEB, 0xE2, 0xD1, 0xD1, 0xD6, 0xBE, 0xAD,
    0xBE, 0xA8, 0xA8, 0xB9, 0xC3, 0xD1, 0xD1, 0xCC, 0xCC, 0xDE, 0xE5, 0xD6,
    0xCC, 0xD6, 0xDA, 0xD1, 0xEB, 0xEB, 0xEC, 0xEF, 0xF3, 0xF7, 0xF2, 0xEC,
    0xF2, 0xF3, 0xF7, 0xF7, 0xF7, 0xF3, 0xF7, 0xF8, 0xF8, 0xF8, 0xF7, 0xF7,
    0xF3, 0xF7, 0xF7, 0xEF, 0xED, 0xEC, 0xEF, 0xEF, 0xEF, 0xEF, 0xEF, 0xF3,
    0xF3, 0xF3, 0xEF, 0xEF, 0xEC, 0xD6, 0xDA, 0xDA, 0xCC, 0xB2, 0xC3, 0xCC,
    0xB9, 0xB2, 0x97, 0x9A, 0x96, 0x86, 0x75, 0x8A, 0x96, 0x89, 0x8D, 0xB8,
    0xC3, 0xA8, 0xB9, 0xCC, 0xBE, 0xC7, 0xE5, 0xE5, 0xCC, 0xD6, 0xDA, 0xC7,
    0xBE, 0xA8, 0xA3, 0xA3, 0x9E, 0xA8, 0xC7, 0xC3, 0xC3, 0xBE, 0xBE, 0xAC,
    0x96, 0x91, 0x84, 0x75, 0x66, 0x5C, 0x68, 0x6B, 0x70, 0x7E, 0x84, 0x97,
    0x8A, 0x76, 0x82, 0x85, 0x7C, 0x72, 0x70, 0x70, 0x6C, 0x6C, 0x7C, 0x82,
    0x8C, 0x72, 0x70, 0x72, 0x76, 0x76, 0x78, 0x78, 0x6B, 0x5A, 0x60, 0x65,
    0x57, 0x53, 0x4B, 0x4C, 0x53, 0x6B, 0x68, 0x58, 0x55, 0x58, 0x68, 0x7C,
    0x76, 0x70, 0x6C, 0x5C, 0x55, 0x5A, 0x51, 0x45, 0x40, 0x45, 0x49, 0x57,
    0x5A, 0x51, 0x51, 0x58, 0x5C, 0x68, 0x5C, 0x57, 0x4C, 0x51, 0x53, 0x4A,
    0x43, 0x45, 0x45, 0x40, 0x40, 0x45, 0x42, 0x40, 0x43, 0x46, 0x43, 0x3F,
    0x39, 0x39, 0x32, 0x32, 0x32, 0x32, 0x2B, 0x2B, 0x2D, 0x2B, 0x2B, 0x24,
    0x24, 0x25, 0x22, 0x25, 0x25, 0x2A, 0x31, 0x3D, 0x43, 0x46, 0x40, 0x41,
    0x4B, 0x4E, 0x4C, 0x5C, 0x55, 0x58, 0x5A, 0x55, 0x53, 0x53, 0x60, 0x58,
    0x53, 0x51, 0x5C, 0x5C, 0x60, 0x6C, 0x68, 0x58, 0x57, 0x58, 0x51, 0x4A,
    0x42, 0x3D, 0x42, 0x41, 0x49, 0x5C, 0x6B, 0x5C, 0x68, 0x6C, 0x6C, 0x6B,
    0x65, 0x5A, 0x55, 0x5C, 0x5C, 0x58, 0x5C, 0x72, 0x78, 0x70, 0x78, 0x80,
    0x87, 0x83, 0x8C, 0x80, 0x72, 0x6C, 0x6C, 0x6D, 0x70, 0x78, 0x71, 0x6D,
    0x69, 0x84, 0x96, 0x8D, 0x84, 0x8C, 0x95, 0x9B, 0xA6, 0x9B, 0x9A, 0xA3,
    0x9E, 0x96, 0xA6, 0x99, 0x92, 0x92, 0x9B, 0xB9, 0xA8, 0xB9, 0xB9, 0xBE,
    0xCC, 0xE2, 0xCC, 0xC7, 0xC3, 0xC3, 0xC7, 0xC7, 0xCC, 0xAD, 0xA8, 0xC3,
    0xC3, 0xAD, 0xC3, 0xD1, 0xDE, 0xDE, 0xEF, 0xED, 0xED, 0xEC, 0xE5, 0xE2,
    0xE2, 0xE2, 0xD6, 0xCC, 0xD1, 0xBE, 0xBE, 0xB2, 0xAD, 0xB2, 0xA8, 0xA3,
    0xB9, 0xA3, 0xB2, 0xCC, 0xDA, 0xE5, 0xE5, 0xDA, 0xEF, 0xF7, 0xF3, 0xF7,
    0xF7, 0xF7, 0xF7, 0xF8, 0xF8, 0xF8, 0xF8, 0xF7, 0xF8, 0xF8, 0xFC, 0xF8,
    0xF3, 0xF3, 0xEF, 0xF2, 0xED, 0xEF, 0xE5, 0xE2, 0xDE, 0xDE, 0xDE, 0xD6,
    0xD1, 0xC3, 0xCC, 0xE2, 0xD6, 0xCC, 0xDE, 0xE2, 0xD6, 0xC7, 0xC3, 0xBE,
    0xCC, 0xEB, 0xEF, 0xED, 0xF2, 0xEF, 0xED, 0xEC, 0xEC, 0xE5, 0xEF, 0xF3,
    0xF3, 0xF3, 0xEF, 0xEF, 0xF3, 0xF2, 0xF3, 0xEF, 0xE5, 0xDA, 0xDE, 0xCC,
    0xC7, 0xDA, 0xD6, 0xDA, 0xD1, 0xB9, 0xB9, 0xBE, 0xB2, 0x9E, 0x9A, 0x97,
    0x9A, 0xB2, 0xB9, 0xB9, 0xAD, 0xA3, 0xA8, 0x98, 0x96, 0x8D, 0x91, 0x8D,
    0x8A, 0x82, 0x83, 0x87, 0x7E, 0x7E, 0x84, 0x93, 0x89, 0x8A, 0x92, 0x8C,
    0x82, 0x78, 0x78, 0x70, 0x68, 0x68, 0x5A, 0x5A, 0x6C, 0x60, 0x60, 0x6C,
    0x6C, 0x60, 0x65, 0x68, 0x53, 0x4B, 0x45, 0x43, 0x49, 0x4A, 0x46, 0x4B,
    0x4A, 0x49, 0x53, 0x57, 0x49, 0x4B, 0x53, 0x53, 0x60, 0x57, 0x4C, 0x4B,
    0x4B, 0x47, 0x55, 0x55, 0x51, 0x58, 0x68, 0x6C, 0x60, 0x4E, 0x49, 0x40,
    0x42, 0x45, 0x40, 0x40, 0x3D, 0x31, 0x34, 0x36, 0x31, 0x36, 0x36, 0x2D,
    0x2D, 0x36, 0x31, 0x2A, 0x2D, 0x2A, 0x29, 0x22, 0x21, 0x22, 0x22, 0x25,
    0x22, 0x29, 0x2B, 0x2B, 0x2D, 0x2D, 0x2D, 0x32, 0x39, 0x42, 0x42, 0x46,
    0x46, 0x4A, 0x5A, 0x5A, 0x4C, 0x4C, 0x4E, 0x47, 0x47, 0x4B, 0x55, 0x57,
    0x5C, 0x51, 0x4C, 0x4A, 0x4B, 0x4C, 0x4C, 0x49, 0x4C, 0x4A, 0x58, 0x68,
    0x57, 0x4A, 0x5A, 0x58, 0x53, 0x4C, 0x51, 0x55, 0x53, 0x57, 0x55, 0x55,
    0x65, 0x57, 0x5A, 0x60, 0x60, 0x6C, 0x65, 0x68, 0x5C, 0x68, 0x65, 0x58,
    0x57, 0x5A, 0x5C, 0x5A, 0x5A, 0x65, 0x65, 0x6B, 0x72, 0x6B, 0x6C, 0x6C,
    0x6B, 0x5C, 0x58, 0x59, 0x59, 0x60, 0x69, 0x60, 0x69, 0x6D, 0x75, 0x81,
    0x81, 0x85, 0x92, 0x95, 0x87, 0x83, 0x8D, 0x8D, 0x89, 0x86, 0x91, 0x99,
    0x9B, 0xAB, 0xC6, 0xD6, 0xD6, 0xB9, 0x9A, 0x96, 0x9A, 0x9A, 0x96, 0x8A,
    0x86, 0x89, 0x91, 0x91, 0x8D, 0x93, 0x93, 0x93, 0xB2, 0xA8, 0xA3, 0xB2,
    0xB9, 0xCC, 0xAD, 0xA3, 0xA8, 0xAD, 0xCC, 0xD6, 0xE5, 0xEC, 0xEF, 0xF3,
    0xF3, 0xEF, 0xEF, 0xEF, 0xF7, 0xF7, 0xF7, 0xF7, 0xF7, 0xF8, 0xF8, 0xF8,
    0xF7, 0xF2, 0xF3, 0xF3, 0xF3, 0xF7, 0xF7, 0xF7, 0xF7, 0xF7, 0xF3, 0xF3,
    0xF7, 0xF3, 0xF7, 0xF7, 0xF8, 0xF8, 0xF7, 0xF8, 0xF8, 0xF7, 0xF3, 0xF3,
    0xEF, 0xED, 0xEF, 0xF3, 0xF3, 0xF7, 0xF7, 0xF2, 0xEF, 0xEF, 0xDE, 0xE2,
    0xE2, 0xDA, 0xDA, 0xE2, 0xE2, 0xDA, 0xCC, 0xD1, 0xC7, 0xBE, 0xCC, 0xB9,
    0xC3, 0xD1, 0xCC, 0xBE, 0xCC, 0xB9, 0xB9, 0xA3, 0xBE, 0xD1, 0xD6, 0xDE,
    0xD5, 0xC4, 0xBA, 0xC4, 0xBE, 0xA8, 0xA3, 0x96, 0x8D, 0x89, 0xA3, 0xC7,
    0xE5, 0xE5, 0xCC, 0xCC, 0xD1, 0xC2, 0xBE, 0xB3, 0xA6, 0x99, 0x95, 0xAE,
    0xD6, 0xB2, 0xB3, 0xB3, 0x98, 0x92, 0x92, 0x95, 0x83, 0x78, 0x70, 0x60,
    0x6C, 0x87, 0x84, 0x7D, 0x86, 0x91, 0x95, 0x8C, 0x92, 0x8C, 0x83, 0x7C,
    0x8C, 0x99, 0x95, 0x8C, 0x92, 0x83, 0x7C, 0x8C, 0x83, 0x85, 0x85, 0x76,
    0x80, 0x76, 0x6B, 0x6B, 0x5C, 0x60, 0x5C, 0x5C, 0x53, 0x4B, 0x4E, 0x57,
    0x4C, 0x47, 0x49, 0x46, 0x43, 0x4A, 0x4E, 0x4A, 0x46, 0x40, 0x41, 0x4C,
    0x58, 0x57, 0x58, 0x4A, 0x53, 0x57, 0x51, 0x4E, 0x51, 0x46, 0x45, 0x4B,
    0x4C, 0x49, 0x4A, 0x47, 0x3D, 0x38, 0x36, 0x31, 0x34, 0x30, 0x2A, 0x25,
    0x22, 0x21, 0x1F, 0x1F, 0x1C, 0x1B, 0x1B, 0x1B, 0x1B, 0x1B, 0x1C, 0x1B,
    0x1B, 0x1C, 0x1F, 0x1D, 0x1F, 0x20, 0x22, 0x2A, 0x30, 0x30, 0x37, 0x37,
    0x32, 0x34, 0x34, 0x34, 0x38, 0x37, 0x34, 0x36, 0x45, 0x53, 0x5C, 0x58,
    0x51, 0x53, 0x53, 0x47, 0x47, 0x4B, 0x4A, 0x47, 0x4B, 0x54, 0x57, 0x66,
    0x5B, 0x4A, 0x4B, 0x4B, 0x4C, 0x4A, 0x46, 0x45, 0x40, 0x43, 0x5C, 0x60,
    0x5A, 0x6B, 0x60, 0x72, 0x76, 0x7C, 0x80, 0x78, 0x70, 0x78, 0x82, 0x80,
    0x80, 0x85, 0x8C, 0x85, 0x95, 0x8C, 0x92, 0x95, 0x82, 0x7C, 0x84, 0x86,
    0x84, 0x75, 0x7C, 0x7D, 0x76, 0x71, 0x71, 0x7D, 0x7A, 0x7D, 0x85, 0x81,
    0x7C, 0x83, 0x8A, 0x84, 0x86, 0x75, 0x70, 0x86, 0x97, 0xA2, 0x9B, 0xB2,
    0xDA, 0xE2, 0xCC, 0xD2, 0xC7, 0xAD, 0xA3, 0xA3, 0x9E, 0xAD, 0xB9, 0xC3,
    0xB9, 0xC3, 0xC3, 0xAD, 0xC3, 0xC7, 0xB2, 0xA8, 0xBE, 0xD1, 0xC3, 0xB2,
    0xB9, 0xAD, 0xC7, 0xD1, 0xC3, 0xBE, 0xD1, 0xE5, 0xD6, 0xEC, 0xE5, 0xD1,
    0xD1, 0xDE, 0xEB, 0xEF, 0xF3, 0xF2, 0xEF, 0xED, 0xEB, 0xEC, 0xEB, 0xE2,
    0xD1, 0xCC, 0xDA, 0xE2, 0xF3, 0xF7, 0xF7, 0xF7, 0xF3, 0xF7, 0xF7, 0xF3,
    0xF3, 0xED, 0xED, 0xF2, 0xEF, 0xEF, 0xF2, 0xEF, 0xEC, 0xE5, 0xE2, 0xEC,
    0xEF, 0xEF, 0xED, 0xEF, 0xF3, 0xF3, 0xF2, 0xF3, 0xEF, 0xEC, 0xEC, 0xED,
    0xED, 0xED, 0xED, 0xEC, 0xDE, 0xE2, 0xED, 0xEB, 0xDA, 0xC3, 0xC3, 0xAD,
    0xAD, 0x9E, 0x96, 0x8D, 0x89, 0x89, 0x8D, 0x91, 0x97, 0xA8, 0x97, 0xA8,
    0xA3, 0x9E, 0x9A, 0x93, 0x8D, 0x84, 0x93, 0x9E, 0x9A, 0x9A, 0xAD, 0xAD,
    0xA8, 0xD2, 0xBA, 0xA2, 0xAE, 0xA2, 0x95, 0x87, 0x86, 0x7D, 0x86, 0x8B,
    0x94, 0x95, 0x92, 0x8C, 0x80, 0x72, 0x6C, 0x6C, 0x6C, 0x70, 0x72, 0x7A,
    0x6D, 0x76, 0x80, 0x87, 0x76, 0x78, 0x6C, 0x65, 0x68, 0x65, 0x6B, 0x5A,
    0x57, 0x55, 0x68, 0x70, 0x6C, 0x70, 0x68, 0x58, 0x58, 0x5C, 0x6C, 0x65,
    0x58, 0x68, 0x65, 0x6B, 0x7C, 0x70, 0x60, 0x55, 0x4E, 0x4A, 0x4A, 0x4C,
    0x4A, 0x49, 0x49, 0x49, 0x4C, 0x51, 0x4E, 0x41, 0x3D, 0x40, 0x42, 0x41,
    0x37, 0x37, 0x3D, 0x3D, 0x39, 0x41, 0x3D, 0x3D, 0x43, 0x46, 0x40, 0x34,
    0x37, 0x3F, 0x36, 0x32, 0x2B, 0x24, 0x21, 0x20, 0x1D, 0x1D, 0x1D, 0x1B,
    0x18, 0x18, 0x18, 0x18, 0x18, 0x15, 0x14, 0x14, 0x14, 0x15, 0x15, 0x14,
    0x14, 0x16, 0x18, 0x19, 0x1C, 0x1C, 0x1F, 0x21, 0x25, 0x2B, 0x2D, 0x37,
    0x34, 0x34, 0x31, 0x31, 0x38, 0x41, 0x46, 0x45, 0x49, 0x47, 0x53, 0x4A,
    0x40, 0x41, 0x40, 0x38, 0x39, 0x40, 0x37, 0x39, 0x3E, 0x3E, 0x3E, 0x3E,
    0x3E, 0x3D, 0x39, 0x3D, 0x40, 0x3F, 0x43, 0x47, 0x4B, 0x47, 0x5A, 0x6B,
    0x60, 0x65, 0x5C, 0x5C, 0x55, 0x55, 0x5C, 0x6C, 0x6B, 0x60, 0x5C, 0x68,
    0x70, 0x7C, 0x78, 0x72, 0x72, 0x6C, 0x80, 0x87, 0x83, 0x7A, 0x81, 0x76,
    0x85, 0x95, 0x8C, 0x86, 0x7D, 0x7A, 0x7A, 0x7A, 0x7C, 0x85, 0x89, 0x8A,
    0x91, 0x93, 0x96, 0x91, 0x91, 0x7D, 0x75, 0x75, 0x84, 0x7A, 0x89, 0x9E,
    0x97, 0x97, 0x91, 0x8D, 0x89, 0x9E, 0xA3, 0x9A, 0xAD, 0xB9, 0xC3, 0xC7,
    0xDA, 0xDE, 0xDA, 0xDA, 0xD1, 0xDA, 0xE5, 0xDA, 0xD1, 0xD1, 0xDE, 0xEB,
    0xE5, 0xD1, 0xB9, 0xAD, 0xC3, 0xBE, 0xA3, 0x97, 0x97, 0xA8, 0xA3, 0xB2,
    0xC3, 0xE2, 0xED, 0xE2, 0xE5, 0xE5, 0xE2, 0xE2, 0xED, 0xDE, 0xCC, 0xE2,
    0xEF, 0xEF, 0xEF, 0xF7, 0xF7, 0xF7, 0xF7, 0xF3, 0xC3, 0xBE, 0xC3, 0xD6,
    0xDA, 0xCC, 0xCC, 0xD1, 0xDE, 0xDE, 0xD1, 0xEC, 0xEF, 0xEF, 0xED, 0xF3,
    0xF3, 0xF2, 0xF3, 0xF2, 0xF2, 0xF2, 0xF3, 0xEF, 0xF3, 0xF3, 0xF3, 0xF2,
    0xEB, 0xEB, 0xEB, 0xEB, 0xE5, 0xD1, 0xBE, 0xD6, 0xD1, 0xBE, 0xA8, 0x97,
    0x93, 0x91, 0x93, 0x9A, 0x9A, 0x9A, 0x93, 0x91, 0x97, 0x97, 0x91, 0x86,
    0x84, 0x7D, 0x81, 0x86, 0x89, 0x7D, 0x89, 0x9A, 0x97, 0x97, 0x95, 0x95,
    0x9B, 0xAB, 0xAB, 0x8C, 0x8D, 0x8A, 0x8B, 0x91, 0x94, 0x8C, 0x87, 0x7C,
    0x7C, 0x76, 0x76, 0x72, 0x72, 0x76, 0x6C, 0x6B, 0x65, 0x54, 0x53, 0x4B,
    0x47, 0x4A, 0x4A, 0x4C, 0x4B, 0x51, 0x51, 0x57, 0x55, 0x53, 0x6C, 0x7C,
    0x78, 0x82, 0x83, 0x80, 0x7C, 0x82, 0x85, 0x80, 0x6B, 0x60, 0x60, 0x5C,
    0x65, 0x65, 0x58, 0x57, 0x5A, 0x5A, 0x51, 0x49, 0x45, 0x41, 0x40, 0x39,
    0x36, 0x34, 0x31, 0x2D, 0x2D, 0x2A, 0x2A, 0x2D, 0x2D, 0x2D, 0x30, 0x30,
    0x31, 0x36, 0x36, 0x37, 0x39, 0x3F, 0x38, 0x37, 0x36, 0x31, 0x30, 0x25,
    0x1F, 0x1D, 0x1B, 0x19, 0x18, 0x18, 0x16, 0x14, 0x14, 0x11, 0x11, 0x0F,
    0x0F, 0x0E, 0x0C, 0x0E, 0x0D, 0x0D, 0x0E, 0x0E, 0x0F, 0x11, 0x13, 0x15,
    0x18, 0x18, 0x19, 0x19, 0x1C, 0x1D, 0x21, 0x25, 0x25, 0x29, 0x2C, 0x2D,
    0x2D, 0x2D, 0x2C, 0x2F, 0x36, 0x36, 0x39, 0x40, 0x37, 0x37, 0x37, 0x38,
    0x34, 0x34, 0x31, 0x34, 0x32, 0x37, 0x2D, 0x32, 0x34, 0x38, 0x38, 0x32,
    0x34, 0x38, 0x3D, 0x3D, 0x40, 0x3D, 0x3D, 0x3D, 0x38, 0x40, 0x43, 0x42,
    0x47, 0x47, 0x47, 0x4C, 0x4B, 0x55, 0x58, 0x6C, 0x70, 0x7C, 0x8C, 0x8C,
    0x95, 0x95, 0x95, 0x99, 0x91, 0x8A, 0x84, 0x80, 0x82, 0x7D, 0x7C, 0x7D,
    0x7D, 0x81, 0x84, 0x7D, 0x82, 0x78, 0x71, 0x69, 0x69, 0x6D, 0x69, 0x56,
    0x59, 0x60, 0x60, 0x5B, 0x60, 0x69, 0x6C, 0x75, 0x89, 0x86, 0x89, 0x91,
    0x93, 0xA8, 0xAD, 0xCC, 0xB2, 0xBE, 0xD1, 0xD1, 0xD1, 0xD6, 0xDE, 0xE2,
    0xC7, 0xE2, 0xEF, 0xE5, 0xDE, 0xE2, 0xEB, 0xDE, 0xCC, 0xC7, 0xC7, 0xBE,
    0xDA, 0xD6, 0xD1, 0xC3, 0xAD, 0xC3, 0xBE, 0xB9, 0xC3, 0xC7, 0xDA, 0xD1,
    0xD1, 0xDA, 0xDE, 0xE2, 0xD6, 0xC7, 0xDE, 0xDA, 0xDE, 0xE5, 0xDE, 0xEB,
    0xEF, 0xF2, 0xEF, 0xEF, 0xE5, 0xDE, 0xDA, 0xDA, 0xEB, 0xEF, 0xDE, 0xEB,
    0xEC, 0xF2, 0xEF, 0xEF, 0xED, 0xE2, 0xD1, 0xD6, 0xD1, 0xCC, 0xDE, 0xDA,
    0xD1, 0xE5, 0xED, 0xE5, 0xED, 0xDA, 0xC7, 0xC3, 0xC7, 0xCC, 0xAD, 0xAD,
    0xB9, 0xC7, 0xD6, 0xEB, 0xDE, 0xDA, 0xE2, 0xE2, 0xDA, 0xD1, 0xD1, 0xC3,
    0xB2, 0xCC, 0xAD, 0xC3, 0xBE, 0xC7, 0xB9, 0x97, 0x97, 0x91, 0x8A, 0x97,
    0x97, 0x89, 0x7A, 0x86, 0x8D, 0x93, 0x8C, 0x8C, 0x8C, 0x92, 0x91, 0x8C,
    0x8A, 0x8C, 0x98, 0x91, 0x8C, 0x87, 0x87, 0x87, 0x85, 0x8C, 0x8C, 0x95,
    0x99, 0x8C, 0x8C, 0x87, 0x7A, 0x7C, 0x72, 0x70, 0x6D, 0x6B, 0x6B, 0x7C,
    0x78, 0x68, 0x60, 0x5C, 0x65, 0x68, 0x6C, 0x70, 0x6B, 0x6B, 0x65, 0x6C,
    0x57, 0x55, 0x55, 0x57, 0x5A, 0x51, 0x4C, 0x53, 0x4B, 0x49, 0x45, 0x49,
    0x49, 0x49, 0x5A, 0x5A, 0x57, 0x55, 0x4E, 0x45, 0x40, 0x41, 0x42, 0x40,
    0x36, 0x31, 0x36, 0x31, 0x36, 0x36, 0x31, 0x36, 0x38, 0x36, 0x36, 0x36,
    0x31, 0x30, 0x2D, 0x22, 0x20, 0x20, 0x1C, 0x19, 0x18, 0x16, 0x15, 0x13,
    0x11, 0x0F, 0x0C, 0x09, 0x08, 0x08, 0x07, 0x06, 0x05, 0x05, 0x06, 0x07,
    0x07, 0x07, 0x08, 0x08, 0x0A, 0x0C, 0x0F, 0x0E, 0x11, 0x13, 0x14, 0x15,
    0x19, 0x1D, 0x1D, 0x20, 0x22, 0x29, 0x29, 0x30, 0x37, 0x32, 0x2A, 0x29,
    0x29, 0x2D, 0x2D, 0x2D, 0x2D, 0x2D, 0x2A, 0x2A, 0x2A, 0x2A, 0x2D, 0x2B,
    0x29, 0x25, 0x25, 0x25, 0x29, 0x2B, 0x30, 0x32, 0x34, 0x32, 0x37, 0x3D,
    0x42, 0x47, 0x4A, 0x4B, 0x4C, 0x51, 0x5C, 0x60, 0x65, 0x68, 0x55, 0x4E,
    0x57, 0x6C, 0x6C, 0x68, 0x72, 0x6C, 0x65, 0x70, 0x78, 0x78, 0x6B, 0x6C,
    0x6C, 0x76, 0x78, 0x75, 0x71, 0x71, 0x6B, 0x6C, 0x76, 0x76, 0x76, 0x7D,
    0x8C, 0x8A, 0x83, 0x83, 0x7C, 0x76, 0x81, 0x81, 0x7A, 0x75, 0x7A, 0x6C,
    0x7A, 0x75, 0x71, 0x81, 0x84, 0x8A, 0x93, 0x93, 0x8D, 0x96, 0x9E, 0x97,
    0x8A, 0x91, 0x96, 0x9E, 0xA3, 0x9E, 0x9E, 0xB9, 0xD1, 0xD1, 0xC7, 0xBE,
    0xBE, 0xC3, 0xC7, 0xB2, 0xA3, 0xB2, 0xB9, 0xB9, 0xD6, 0xE2, 0xEB, 0xED,
    0xEF, 0xED, 0xEC, 0xEB, 0xE5, 0xE2, 0xE5, 0xE2, 0xEC, 0xF3, 0xF2, 0xED,
    0xED, 0xEC, 0xEC, 0xED, 0xF3, 0xEF, 0xED, 0xDE, 0xDA, 0xEC, 0xF3, 0xF2,
    0xF7, 0xF7, 0xF3, 0xF2, 0xF3, 0xF3, 0xEF, 0xF3, 0xF7, 0xF7, 0xF7, 0xF7,
    0xF7, 0xF3, 0xED, 0xF2, 0xEF, 0xEF, 0xEB, 0xED, 0xEF, 0xF3, 0xF3, 0xEF,
    0xEF, 0xEF, 0xEF, 0xEF, 0xED, 0xEC, 0xEF, 0xEF, 0xEF, 0xEF, 0xEB, 0xDA,
    0xDA, 0xD6, 0xD6, 0xDE, 0xDE, 0xCC, 0xC3, 0xB2, 0xA8, 0xAD, 0x97, 0x9E,
    0x97, 0x93, 0xB2, 0xB9, 0xB2, 0xB2, 0x9E, 0x9A, 0x8D, 0x89, 0x7A, 0x66,
    0x71, 0x7D, 0x83, 0x8C, 0x85, 0x92, 0x97, 0x99, 0x8C, 0x95, 0x97, 0x93,
    0x87, 0x8C, 0x92, 0x95, 0x9B, 0xAE, 0xAB, 0xBA, 0xA6, 0xA2, 0xAB, 0x95,
    0x85, 0x78, 0x72, 0x69, 0x5B, 0x5B, 0x5A, 0x72, 0x76, 0x6C, 0x6C, 0x70,
    0x70, 0x6B, 0x68, 0x5C, 0x53, 0x4E, 0x49, 0x4C, 0x4E, 0x47, 0x4B, 0x51,
    0x58, 0x60, 0x5C, 0x58, 0x58, 0x53, 0x55, 0x53, 0x55, 0x4B, 0x51, 0x5A,
    0x55, 0x53, 0x57, 0x57, 0x5C, 0x58, 0x5A, 0x55, 0x4B, 0x51, 0x49, 0x4C,
    0x49, 0x43, 0x45, 0x41, 0x42, 0x41, 0x3D, 0x39, 0x32, 0x2B, 0x25, 0x20,
    0x1D, 0x1B, 0x18, 0x14, 0x13, 0x10, 0x0C, 0x0A, 0x08, 0x07, 0x06, 0x05,
    0x05, 0x04, 0x04, 0x03, 0x03, 0x03, 0x03, 0x02, 0x03, 0x03, 0x03, 0x03,
    0x04, 0x05, 0x06, 0x07, 0x07, 0x09, 0x0B, 0x0E, 0x11, 0x15, 0x18, 0x1B,
    0x1D, 0x1F, 0x21, 0x24, 0x25, 0x22, 0x21, 0x21, 0x1D, 0x1C, 0x1D, 0x1F,
    0x1F, 0x1F, 0x1D, 0x1D, 0x1C, 0x1D, 0x1C, 0x1B, 0x1C, 0x1D, 0x1B, 0x1B,
    0x1D, 0x1D, 0x20, 0x21, 0x24, 0x24, 0x2B, 0x32, 0x34, 0x39, 0x3E, 0x47,
    0x47, 0x49, 0x51, 0x57, 0x58, 0x55, 0x4E, 0x53, 0x60, 0x70, 0x72, 0x6B,
    0x60, 0x57, 0x58, 0x5C, 0x5C, 0x5A, 0x5C, 0x60, 0x68, 0x74, 0x81, 0x81,
    0x84, 0x7A, 0x7D, 0x85, 0x83, 0x82, 0x80, 0x84, 0x86, 0x86, 0x85, 0x92,
    0x95, 0x9B, 0xAB, 0xA8, 0x97, 0x9A, 0x97, 0xA2, 0x9B, 0x93, 0x8D, 0x91,
    0x97, 0x9E, 0xA3, 0xAD, 0xC7, 0xC3, 0xC7, 0xD1, 0xD6, 0xC7, 0xB9, 0xA3,
    0xA8, 0xB9, 0xC3, 0xDA, 0xDA, 0xDE, 0xEC, 0xE5, 0xE2, 0xE5, 0xDA, 0xC7,
    0xE5, 0xED, 0xEB, 0xD1, 0xC7, 0xD1, 0xED, 0xEC, 0xF3, 0xF3, 0xEF, 0xEF,
    0xEB, 0xDA, 0xDA, 0xD6, 0xDA, 0xDE, 0xDE, 0xE5, 0xEF, 0xEF, 0xEF, 0xF2,
    0xEF, 0xEC, 0xE5, 0xDA, 0xC7, 0xCC, 0xCC, 0xDA, 0xF3, 0xF3, 0xF3, 0xE5,
    0xE5, 0xED, 0xDE, 0xDA, 0xDA, 0xD6, 0xEB, 0xEF, 0xEF, 0xEC, 0xEF, 0xEF,
    0xED, 0xEC, 0xDE, 0xD1, 0xDA, 0xEB, 0xDE, 0xCC, 0xD6, 0xDA, 0xDE, 0xE2,
    0xCC, 0xB9, 0xB2, 0x9A, 0xA8, 0xAD, 0xAD, 0xA3, 0xA8, 0xAD, 0xA3, 0xB2,
    0xD1, 0xC7, 0xC3, 0xC3, 0xAD, 0x9E, 0xB9, 0xCC, 0xDE, 0xBE, 0xCC, 0xD1,
    0xCC, 0xBE, 0xBE, 0xBE, 0xA3, 0x9A, 0xA3, 0x9E, 0xB2, 0xC7, 0xD8, 0xC0,
    0xBB, 0xD0, 0xCC, 0xBB, 0x9B, 0x95, 0x91, 0x91, 0x99, 0x99, 0x95, 0xA2,
    0xA6, 0x99, 0x85, 0x80, 0x82, 0x78, 0x6C, 0x6B, 0x6C, 0x6C, 0x6B, 0x65,
    0x69, 0x66, 0x6C, 0x60, 0x57, 0x58, 0x58, 0x68, 0x6C, 0x76, 0x76, 0x6C,
    0x60, 0x6C, 0x70, 0x68, 0x58, 0x53, 0x4C, 0x4E, 0x4B, 0x51, 0x4C, 0x4B,
    0x5A, 0x57, 0x4E, 0x4B, 0x4A, 0x45, 0x46, 0x47, 0x45, 0x43, 0x42, 0x4B,
    0x49, 0x43, 0x46, 0x45, 0x40, 0x42, 0x43, 0x40, 0x38, 0x34, 0x38, 0x36,
    0x2C, 0x2D, 0x2C, 0x29, 0x24, 0x1D, 0x1C, 0x19, 0x16, 0x12, 0x0F, 0x0B,
    0x09, 0x07, 0x05, 0x05, 0x03, 0x02, 0x02, 0x02, 0x02, 0x01, 0x01, 0x01,
    0x01, 0x01, 0x01, 0x01, 0x01, 0x01, 0x01, 0x01, 0x01, 0x02, 0x02, 0x03,
    0x03, 0x05, 0x06, 0x08, 0x0C, 0x10, 0x12, 0x16, 0x19, 0x1B, 0x1C, 0x1D,
    0x1F, 0x1F, 0x1F, 0x1F, 0x1D, 0x1D, 0x1D, 0x20, 0x1D, 0x1D, 0x1D, 0x1B,
    0x1B, 0x19, 0x18, 0x18, 0x18, 0x18, 0x18, 0x18, 0x19, 0x17, 0x17, 0x18,
    0x18, 0x19, 0x1B, 0x1B, 0x1D, 0x1F, 0x29, 0x37, 0x40, 0x46, 0x4A, 0x53,
    0x58, 0x4E, 0x51, 0x55, 0x58, 0x6B, 0x78, 0x7C, 0x70, 0x6B, 0x6C, 0x76,
    0x76, 0x70, 0x5A, 0x51, 0x5A, 0x65, 0x6B, 0x6D, 0x60, 0x75, 0x81, 0x7D,
    0x70, 0x7C, 0x76, 0x75, 0x7A, 0x7D, 0x7C, 0x85, 0x8C, 0x83, 0x84, 0x89,
    0x8A, 0x8A, 0x91, 0x95, 0x8C, 0x8A, 0x8A, 0x86, 0x8D, 0x89, 0x81, 0x86,
    0x7D, 0x8D, 0x8D, 0x96, 0x97, 0x91, 0x8D, 0x8D, 0x8D, 0xA3, 0xAD, 0xA3,
    0xC7, 0xD1, 0xCC, 0xC3, 0xC7, 0xB2, 0xA8, 0xAD, 0xB9, 0xA8, 0xB2, 0xA8,
    0xA3, 0xB2, 0x9E, 0xA3, 0xB2, 0xAD, 0xDA, 0xE5, 0xC7, 0xD1, 0xDA, 0xEB,
    0xF2, 0xF3, 0xF2, 0xF2, 0xF3, 0xF3, 0xF3, 0xF7, 0xF7, 0xF7, 0xF7, 0xF7,
    0xF7, 0xF7, 0xF7, 0xF7, 0xF7, 0xF7, 0xF7, 0xF7, 0xEF, 0xEF, 0xEF, 0xF7,
    0xF3, 0xF2, 0xF3, 0xF7, 0xF7, 0xF7, 0xF7, 0xF7, 0xF3, 0xF7, 0xF2, 0xEB,
    0xED, 0xEB, 0xE5, 0xDA, 0xEF, 0xEC, 0xE5, 0xC3, 0xBE, 0xA8, 0x9E, 0x96,
    0x97, 0x9A, 0x93, 0x9A, 0x96, 0x89, 0x89, 0x8A, 0xB2, 0x96, 0x9A, 0x97,
    0x9E, 0xAD, 0xA8, 0x97, 0x8A, 0x86, 0x8A, 0x8A, 0x91, 0x8D, 0x8A, 0x8D,
    0x97, 0x91, 0xA3, 0xA2, 0x8C, 0x85, 0x85, 0x70, 0x5E, 0x55, 0x4E, 0x53,
    0x54, 0x51, 0x4E, 0x59, 0x57, 0x6C, 0x6C, 0x6B, 0x6B, 0x65, 0x6C, 0x70,
    0x6B, 0x6C, 0x72, 0x72, 0x72, 0x70, 0x5C, 0x5A, 0x6C, 0x65, 0x58, 0x68,
    0x60, 0x53, 0x4B, 0x4B, 0x4B, 0x55, 0x4B, 0x43, 0x41, 0x49, 0x49, 0x40,
    0x38, 0x36, 0x38, 0x37, 0x40, 0x40, 0x39, 0x34, 0x30, 0x31, 0x30, 0x2D,
    0x36, 0x37, 0x34, 0x36, 0x3D, 0x3D, 0x36, 0x31, 0x34, 0x36, 0x38, 0x41,
    0x42, 0x42, 0x47, 0x46, 0x4A, 0x4B, 0x40, 0x3D, 0x3D, 0x32, 0x2D, 0x22,
    0x1D, 0x1B, 0x18, 0x14, 0x11, 0x0D, 0x08, 0x06, 0x04, 0x03, 0x02, 0x01,
    0x01, 0x01, 0x01, 0x01, 0x01, 0x01, 0x01, 0x01, 0x01, 0x01, 0x01, 0x01,
    0x01, 0x01, 0x01, 0x01, 0x00, 0x01, 0x01, 0x01, 0x01, 0x02, 0x02, 0x03,
    0x04, 0x06, 0x07, 0x09, 0x0E, 0x11, 0x13, 0x14, 0x15, 0x16, 0x18, 0x18,
    0x16, 0x14, 0x11, 0x11, 0x11, 0x0E, 0x0E, 0x0B, 0x0B, 0x09, 0x09, 0x09,
    0x09, 0x09, 0x0B, 0x0C, 0x0C, 0x0C, 0x0C, 0x0F, 0x11, 0x12, 0x14, 0x16,
    0x18, 0x1B, 0x1F, 0x24, 0x2D, 0x37, 0x3E, 0x4C, 0x4E, 0x51, 0x46, 0x41,
    0x4C, 0x53, 0x53, 0x47, 0x49, 0x45, 0x4E, 0x55, 0x47, 0x40, 0x37, 0x43,
    0x4C, 0x4C, 0x4E, 0x53, 0x4C, 0x4E, 0x4C, 0x4A, 0x4B, 0x4A, 0x51, 0x51,
    0x57, 0x5C, 0x5C, 0x5C, 0x60, 0x5F, 0x71, 0x7D, 0x83, 0x8C, 0x95, 0x99,
    0xA4, 0xA4, 0x9D, 0x97, 0xBE, 0xAB, 0x92, 0xA8, 0x96, 0xB9, 0xB7, 0xA6,
    0xA4, 0xAE, 0xD6, 0xB9, 0xB2, 0xBE, 0xC7, 0xBE, 0xB9, 0xD6, 0xD6, 0xDA,
    0xD1, 0xAD, 0xA8, 0x9A, 0xA8, 0x9A, 0x93, 0x8A, 0x96, 0x9A, 0x97, 0x8A,
    0x86, 0x9A, 0xBE, 0xBE, 0xB2, 0xCC, 0xE5, 0xDA, 0xD6, 0xD6, 0xC7, 0xCC,
    0xC3, 0xD1, 0xD1, 0xD6, 0xE5, 0xE5, 0xE2, 0xEF, 0xEF, 0xE2, 0xDE, 0xD1,
    0xE5, 0xEB, 0xEF, 0xF3, 0xF3, 0xEF, 0xEF, 0xEF, 0xED, 0xF3, 0xF7, 0xF2,
    0xF3, 0xF7, 0xF7, 0xF2, 0xEC, 0xE5, 0xD6, 0xDE, 0xDA, 0xD6, 0xCC, 0xB2,
    0xB9, 0xAD, 0xC3, 0xA3, 0x96, 0x9E, 0x9A, 0x9E, 0x9A, 0xB2, 0xD6, 0xDE,
    0xE2, 0xD1, 0xBE, 0xBE, 0xB9, 0xBE, 0xC3, 0xCC, 0xB9, 0xC3, 0xC7, 0xCC,
    0xCC, 0xDA, 0xD1, 0xC7, 0xD1, 0xD6, 0xD1, 0xBE, 0xB2, 0xB2, 0xB9, 0xBA,
    0xB3, 0x9B, 0x9B, 0x99, 0x92, 0x92, 0xA2, 0x99, 0x97, 0x95, 0x8A, 0x89,
    0x80, 0x80, 0x85, 0x8C, 0x8C, 0x85, 0x87, 0x87, 0x82, 0x78, 0x80, 0x70,
    0x65, 0x6C, 0x6B, 0x68, 0x60, 0x68, 0x68, 0x68, 0x65, 0x5A, 0x4C, 0x4E,
    0x4E, 0x68, 0x60, 0x53, 0x60, 0x68, 0x68, 0x5C, 0x58, 0x4E, 0x4E, 0x4A,
    0x47, 0x45, 0x42, 0x3D, 0x36, 0x30, 0x30, 0x37, 0x41, 0x36, 0x30, 0x2D,
    0x36, 0x39, 0x34, 0x34, 0x2D, 0x25, 0x2A, 0x2D, 0x38, 0x37, 0x36, 0x40,
    0x45, 0x43, 0x36, 0x2D, 0x2B, 0x21, 0x1F, 0x1C, 0x18, 0x15, 0x12, 0x0D,
    0x08, 0x06, 0x04, 0x02, 0x01, 0x01, 0x01, 0x00, 0x00, 0x01, 0x01, 0x02,
    0x02, 0x02, 0x02, 0x02, 0x03, 0x03, 0x03, 0x03, 0x03, 0x03, 0x02, 0x02,
    0x02, 0x02, 0x01, 0x01, 0x01, 0x01, 0x01, 0x01, 0x02, 0x03, 0x04, 0x06,
    0x09, 0x0E, 0x11, 0x11, 0x11, 0x11, 0x13, 0x12, 0x11, 0x0E, 0x0B, 0x0C,
    0x0B, 0x0A, 0x0A, 0x09, 0x08, 0x07, 0x07, 0x06, 0x06, 0x06, 0x06, 0x05,
    0x06, 0x06, 0x06, 0x07, 0x08, 0x09, 0x0B, 0x0F, 0x11, 0x15, 0x19, 0x1D,
    0x22, 0x2B, 0x32, 0x45, 0x4C, 0x4E, 0x51, 0x4C, 0x4C, 0x4C, 0x68, 0x6B,
    0x6C, 0x6C, 0x65, 0x70, 0x6B, 0x6C, 0x5C, 0x68, 0x65, 0x5C, 0x60, 0x60,
    0x59, 0x4B, 0x47, 0x4B, 0x54, 0x54, 0x4E, 0x53, 0x5C, 0x5A, 0x4E, 0x58,
    0x66, 0x54, 0x4E, 0x56, 0x66, 0x70, 0x80, 0x80, 0x87, 0x94, 0x8B, 0x96,
    0x93, 0x92, 0x8C, 0xA6, 0xAD, 0xAB, 0xAE, 0xC0, 0xA2, 0xAB, 0xBE, 0x97,
    0x9A, 0x91, 0x8D, 0x91, 0x86, 0x97, 0xA8, 0x96, 0x8A, 0x97, 0x97, 0x96,
    0x97, 0x96, 0x9E, 0xB9, 0xBE, 0xDE, 0xED, 0xE5, 0xD1, 0xDE, 0xEB, 0xED,
    0xEF, 0xF2, 0xEF, 0xF2, 0xF7, 0xF7, 0xF3, 0xF3, 0xF3, 0xF3, 0xF7, 0xF7,
    0xF7, 0xF7, 0xF7, 0xF7, 0xF7, 0xF3, 0xF7, 0xF3, 0xEF, 0xEF, 0xEF, 0xEF,
    0xF3, 0xF7, 0xF7, 0xF7, 0xF8, 0xF8, 0xF8, 0xF7, 0xF7, 0xF8, 0xF7, 0xF7,
    0xEF, 0xEB, 0xEC, 0xEC, 0xEF, 0xEF, 0xEB, 0xEC, 0xEC, 0xEC, 0xEF, 0xEC,
    0xDA, 0xC7, 0xD1, 0xE5, 0xED, 0xEB, 0xCC, 0xA8, 0x93, 0xA3, 0x97, 0x9A,
    0x96, 0x93, 0x93, 0x96, 0x91, 0x89, 0x86, 0x93, 0xA3, 0x9E, 0x9E, 0x97,
    0x9E, 0xB9, 0xB9, 0xA8, 0x93, 0x8D, 0x92, 0x92, 0x9B, 0x92, 0x82, 0x81,
    0x80, 0x84, 0x85, 0x80, 0x7E, 0x74, 0x70, 0x75, 0x80, 0x85, 0x80, 0x72,
    0x78, 0x78, 0x6C, 0x70, 0x6C, 0x60, 0x5C, 0x60, 0x5A, 0x60, 0x65, 0x68,
    0x80, 0x83, 0x7C, 0x65, 0x60, 0x72, 0x70, 0x6C, 0x5A, 0x60, 0x60, 0x5A,
    0x60, 0x5A, 0x4E, 0x51, 0x57, 0x57, 0x4B, 0x4C, 0x4B, 0x4A, 0x4B, 0x42,
    0x3D, 0x41, 0x43, 0x3D, 0x40, 0x40, 0x42, 0x45, 0x49, 0x4C, 0x4B, 0x4E,
    0x43, 0x42, 0x43, 0x40, 0x40, 0x39, 0x39, 0x3D, 0x37, 0x38, 0x3D, 0x34,
    0x2B, 0x21, 0x1C, 0x18, 0x15, 0x0F, 0x09, 0x06, 0x04, 0x02, 0x01, 0x01,
    0x00, 0x01, 0x01, 0x02, 0x02, 0x03, 0x03, 0x04, 0x05, 0x05, 0x06, 0x06,
    0x06, 0x07, 0x06, 0x06, 0x07, 0x07, 0x06, 0x05, 0x04, 0x04, 0x03, 0x02,
    0x02, 0x02, 0x01, 0x01, 0x01, 0x01, 0x01, 0x03, 0x03, 0x04, 0x06, 0x07,
    0x07, 0x07, 0x07, 0x07, 0x07, 0x06, 0x05, 0x05, 0x04, 0x05, 0x05, 0x04,
    0x03, 0x03, 0x03, 0x02, 0x02, 0x03, 0x03, 0x02, 0x02, 0x02, 0x02, 0x02,
    0x03, 0x04, 0x04, 0x06, 0x08, 0x0C, 0x12, 0x18, 0x1D, 0x2B, 0x37, 0x42,
    0x47, 0x53, 0x65, 0x6C, 0x58, 0x68, 0x6B, 0x6B, 0x70, 0x6C, 0x5C, 0x5A,
    0x65, 0x5A, 0x5C, 0x5A, 0x5C, 0x60, 0x6B, 0x5C, 0x54, 0x58, 0x5A, 0x58,
    0x65, 0x6C, 0x5C, 0x6C, 0x70, 0x68, 0x78, 0x82, 0x81, 0x84, 0x8D, 0x83,
    0x84, 0x85, 0x87, 0x82, 0x83, 0xB3, 0xC4, 0xBA, 0xC9, 0xC0, 0xC0, 0xC9,
    0xD1, 0xB9, 0xAB, 0xB2, 0x9B, 0xAB, 0xC9, 0xC4, 0xD1, 0xCC, 0xC7, 0xCC,
    0xDE, 0xDA, 0xDA, 0xBE, 0xBE, 0xB2, 0xA3, 0xC7, 0xDE, 0xDA, 0xDE, 0xC7,
    0x9A, 0xA8, 0xBE, 0xB2, 0xBE, 0xAD, 0xB2, 0xBE, 0xC3, 0xC3, 0xC7, 0xCC,
    0xDA, 0xDA, 0xEB, 0xEC, 0xDA, 0xEB, 0xF2, 0xF2, 0xF3, 0xED, 0xEB, 0xED,
    0xF3, 0xED, 0xEC, 0xE2, 0xEF, 0xEC, 0xE5, 0xF2, 0xF3, 0xF2, 0xF3, 0xF3,
    0xF7, 0xF8, 0xF7, 0xF7, 0xF8, 0xF7, 0xF3, 0xF3, 0xEF, 0xED, 0xE5, 0xE5,
    0xE2, 0xDA, 0xDE, 0xEF, 0xEB, 0xCC, 0xBE, 0xBE, 0xD6, 0xD1, 0xC3, 0xBE,
    0xB9, 0xD1, 0xCC, 0xAD, 0xBE, 0xC7, 0xBE, 0xBE, 0xD6, 0xE5, 0xE5, 0xD6,
    0xCC, 0x9A, 0xB2, 0xAD, 0x9A, 0x97, 0x98, 0x9A, 0xAD, 0xA8, 0x9E, 0x9A,
    0x9E, 0x9F, 0xB1, 0x99, 0xA4, 0x97, 0x93, 0x9A, 0x97, 0x94, 0x91, 0x90,
    0x91, 0x9A, 0xA6, 0x92, 0x8C, 0x92, 0x92, 0x85, 0x8C, 0x82, 0x76, 0x60,
    0x60, 0x60, 0x5C, 0x5A, 0x53, 0x58, 0x5C, 0x55, 0x68, 0x68, 0x65, 0x58,
    0x65, 0x57, 0x58, 0x58, 0x53, 0x53, 0x5C, 0x6B, 0x57, 0x55, 0x5C, 0x5C,
    0x4C, 0x49, 0x43, 0x45, 0x40, 0x42, 0x41, 0x39, 0x37, 0x40, 0x43, 0x40,
    0x46, 0x46, 0x46, 0x47, 0x46, 0x45, 0x4A, 0x45, 0x38, 0x40, 0x3D, 0x31,
    0x36, 0x34, 0x31, 0x31, 0x2D, 0x2A, 0x24, 0x21, 0x1F, 0x1B, 0x16, 0x11,
    0x0C, 0x07, 0x04, 0x03, 0x01, 0x01, 0x00, 0x01, 0x02, 0x02, 0x03, 0x04,
    0x06, 0x06, 0x08, 0x0A, 0x0C, 0x0C, 0x0C, 0x0F, 0x0F, 0x0F, 0x0F, 0x0F,
    0x0D, 0x0D, 0x0D, 0x0C, 0x0A, 0x08, 0x08, 0x06, 0x05, 0x04, 0x03, 0x02,
    0x01, 0x01, 0x01, 0x01, 0x01, 0x01, 0x02, 0x03, 0x03, 0x03, 0x03, 0x03,
    0x03, 0x03, 0x02, 0x02, 0x02, 0x01, 0x01, 0x01, 0x01, 0x01, 0x01, 0x01,
    0x01, 0x01, 0x01, 0x01, 0x01, 0x01, 0x01, 0x01, 0x01, 0x01, 0x02, 0x02,
    0x03, 0x06, 0x0A, 0x11, 0x16, 0x1C, 0x24, 0x32, 0x3E, 0x45, 0x4A, 0x57,
    0x4C, 0x55, 0x58, 0x65, 0x70, 0x65, 0x65, 0x6C, 0x60, 0x60, 0x58, 0x5A,
    0x55, 0x53, 0x60, 0x5C, 0x53, 0x53, 0x60, 0x65, 0x5A, 0x5E, 0x70, 0x83,
    0x82, 0x72, 0x78, 0x7C, 0x6B, 0x6C, 0x6B, 0x72, 0x72, 0x76, 0x80, 0x82,
    0x8C, 0xAC, 0xA8, 0x8C, 0xAE, 0xAE, 0xBB, 0xBB, 0xBB, 0xAE, 0xB9, 0xBF,
    0xB3, 0xB3, 0xAD, 0x9D, 0x9E, 0xA3, 0x9A, 0x9A, 0xA8, 0xA3, 0x97, 0x97,
    0xB9, 0xC7, 0xB2, 0xBE, 0xCC, 0xCC, 0xEB, 0xEF, 0xC7, 0xCC, 0xDE, 0xE5,
    0xDA, 0xED, 0xEF, 0xEF, 0xEF, 0xEB, 0xE5, 0xE5, 0xDE, 0xD1, 0xDA, 0xDE,
    0xDE, 0xEB, 0xEF, 0xF2, 0xEF, 0xEF, 0xF2, 0xF3, 0xF3, 0xF3, 0xEF, 0xF2,
    0xF8, 0xF7, 0xF7, 0xF3, 0xF3, 0xF3, 0xF3, 0xF7, 0xF3, 0xF2, 0xEF, 0xED,
    0xEC, 0xDE, 0xD1, 0xB9, 0xA8, 0xA8, 0xAD, 0xA8, 0x9E, 0xA8, 0xC7, 0xCC,
    0xBE, 0xA3, 0x9E, 0x97, 0x96, 0x9A, 0xA3, 0x96, 0xA3, 0xCC, 0xD1, 0xB9,
    0xAD, 0xB9, 0xB2, 0xAD, 0xB9, 0xB9, 0xA3, 0xA3, 0xB9, 0xA8, 0x96, 0x9E,
    0x97, 0x9A, 0xB2, 0xB9, 0xA8, 0xAC, 0xBE, 0x9A, 0x9F, 0x9F, 0x8C, 0x83,
    0x84, 0x8D, 0x89, 0x81, 0x86, 0x89, 0x8A, 0x95, 0x8A, 0x84, 0x72, 0x5A,
    0x57, 0x5E, 0x5A, 0x55, 0x57, 0x5C, 0x5A, 0x58, 0x5C, 0x6B, 0x6C, 0x70,
    0x6B, 0x70, 0x70, 0x76, 0x76, 0x72, 0x78, 0x70, 0x6C, 0x70, 0x70, 0x68,
    0x5C, 0x6C, 0x60, 0x58, 0x57, 0x58, 0x53, 0x55, 0x4A, 0x40, 0x40, 0x3D,
    0x3D, 0x43, 0x45, 0x4A, 0x49, 0x40, 0x39, 0x3D, 0x39, 0x36, 0x36, 0x37,
    0x34, 0x36, 0x3D, 0x43, 0x49, 0x4E, 0x43, 0x46, 0x4C, 0x4C, 0x45, 0x37,
    0x2D, 0x29, 0x1F, 0x1B, 0x18, 0x13, 0x0C, 0x08, 0x05, 0x03, 0x01, 0x01,
    0x00, 0x01, 0x01, 0x02, 0x04, 0x06, 0x06, 0x08, 0x0C, 0x0D, 0x0F, 0x10,
    0x10, 0x12, 0x15, 0x18, 0x18, 0x18, 0x18, 0x18, 0x18, 0x16, 0x16, 0x12,
    0x10, 0x10, 0x0D, 0x0D, 0x0A, 0x08, 0x06, 0x05, 0x03, 0x02, 0x02, 0x01,
    0x01, 0x00, 0x01, 0x01, 0x01, 0x01, 0x01, 0x01, 0x01, 0x01, 0x00, 0x01,
    0x01, 0x01, 0x01, 0x00, 0x00, 0x01, 0x01, 0x01, 0x01, 0x01, 0x01, 0x01,
    0x02, 0x02, 0x02, 0x02, 0x01, 0x01, 0x01, 0x01, 0x01, 0x03, 0x05, 0x0B,
    0x12, 0x18, 0x21, 0x32, 0x3E, 0x4E, 0x5A, 0x68, 0x65, 0x6B, 0x78, 0x6C,
    0x68, 0x65, 0x57, 0x58, 0x58, 0x4B, 0x4E, 0x4C, 0x49, 0x4E, 0x5A, 0x6B,
    0x70, 0x6C, 0x6B, 0x5A, 0x5C, 0x55, 0x4E, 0x4E, 0x51, 0x51, 0x5E, 0x82,
    0x92, 0x9B, 0xAB, 0x97, 0x99, 0xAE, 0xAB, 0x99, 0x92, 0x96, 0x8D, 0x92,
    0x9B, 0xA6, 0xA2, 0x99, 0x92, 0x87, 0x84, 0x7E, 0x78, 0x70, 0x69, 0x69,
    0x75, 0x89, 0x93, 0x8A, 0x93, 0x9A, 0xA3, 0x93, 0x91, 0x93, 0x96, 0xA3,
    0x97, 0x93, 0xA8, 0xD6, 0xD6, 0xB9, 0xB9, 0xC7, 0xC7, 0xDA, 0xDA, 0xE5,
    0xE2, 0xE5, 0xE5, 0xD1, 0xD6, 0xDE, 0xD6, 0xDE, 0xEF, 0xEF, 0xEF, 0xF3,
    0xF7, 0xF7, 0xF7, 0xF3, 0xEB, 0xEB, 0xEC, 0xE5, 0xF8, 0xFC, 0xFC, 0xF8,
    0xF7, 0xF7, 0xF7, 0xF7, 0xEF, 0xEB, 0xEF, 0xEF, 0xED, 0xDE, 0xE2, 0xEB,
    0xEC, 0xEB, 0xEC, 0xEC, 0xE2, 0xF2, 0xF3, 0xED, 0xED, 0xED, 0xEF, 0xE2,
    0xDA, 0xC7, 0xBE, 0xAD, 0x9A, 0xB2, 0xB9, 0xD1, 0xC3, 0xD6, 0xC7, 0xC7,
    0xB2, 0xA8, 0xA8, 0x93, 0xA3, 0xA8, 0xB2, 0xBE, 0xD1, 0xC3, 0xCE, 0xD1,
    0xB2, 0x94, 0x8B, 0x92, 0x89, 0x7E, 0x78, 0x83, 0x86, 0x8A, 0x89, 0x86,
    0x7D, 0x86, 0x85, 0x8C, 0x97, 0x83, 0x7A, 0x84, 0x7A, 0x7A, 0x84, 0x76,
    0x7C, 0x78, 0x80, 0x8C, 0x76, 0x76, 0x6C, 0x76, 0x78, 0x6C, 0x5C, 0x6C,
    0x76, 0x6C, 0x60, 0x5A, 0x5A, 0x68, 0x70, 0x6B, 0x58, 0x70, 0x6B, 0x65,
    0x6B, 0x6C, 0x6C, 0x55, 0x5A, 0x5A, 0x57, 0x4A, 0x57, 0x60, 0x60, 0x60,
    0x55, 0x4E, 0x49, 0x47, 0x45, 0x40, 0x3D, 0x39, 0x38, 0x37, 0x36, 0x36,
    0x42, 0x43, 0x43, 0x40, 0x40, 0x45, 0x45, 0x38, 0x29, 0x1F, 0x19, 0x16,
    0x11, 0x09, 0x06, 0x03, 0x02, 0x01, 0x00, 0x01, 0x01, 0x03, 0x04, 0x06,
    0x08, 0x0A, 0x0D, 0x10, 0x12, 0x15, 0x18, 0x1C, 0x28, 0x35, 0x35, 0x35,
    0x35, 0x35, 0x35, 0x35, 0x35, 0x35, 0x35, 0x28, 0x28, 0x1C, 0x18, 0x15,
    0x12, 0x10, 0x0D, 0x0A, 0x08, 0x06, 0x05, 0x03, 0x02, 0x01, 0x01, 0x00,
    0x01, 0x01, 0x00, 0x01, 0x01, 0x01, 0x01, 0x02, 0x02, 0x02, 0x02, 0x02,
    0x02, 0x03, 0x03, 0x03, 0x03, 0x04, 0x04, 0x04, 0x03, 0x03, 0x03, 0x03,
    0x03, 0x02, 0x02, 0x01, 0x01, 0x02, 0x03, 0x05, 0x0C, 0x15, 0x1B, 0x22,
    0x34, 0x46, 0x58, 0x5C, 0x65, 0x68, 0x65, 0x6B, 0x65, 0x6B, 0x6B, 0x58,
    0x5C, 0x68, 0x6C, 0x76, 0x65, 0x6C, 0x76, 0x83, 0x8C, 0x82, 0x7C, 0x76,
    0x6C, 0x6B, 0x66, 0x6B, 0x68, 0x70, 0x76, 0x7A, 0x83, 0x97, 0x95, 0x92,
    0x92, 0x90, 0x99, 0x9B, 0x99, 0x99, 0x92, 0x99, 0x9B, 0xA2, 0x9B, 0x9B,
    0x9B, 0x99, 0x96, 0x93, 0x93, 0x9A, 0xB2, 0xAC, 0xAD, 0xBE, 0xDE, 0xD6,
    0xDE, 0xE2, 0xEB, 0xDA, 0xCC, 0xC7, 0xBE, 0xAD, 0x9E, 0x91, 0x93, 0xC3,
    0xEF, 0xEC, 0xDE, 0xE5, 0xDE, 0xD6, 0xB9, 0xAD, 0xB2, 0xB9, 0xD1, 0xDE,
    0xEF, 0xF7, 0xF3, 0xF3, 0xF7, 0xF2, 0xEC, 0xE2, 0xE2, 0xE5, 0xEB, 0xE2,
    0xEB, 0xEC, 0xEF, 0xEF, 0xEF, 0xF2, 0xED, 0xEC, 0xEC, 0xEB, 0xEB, 0xE5,
    0xDA, 0xDE, 0xEB, 0xEB, 0xEB, 0xDE, 0xE2, 0xED, 0xEF, 0xEC, 0xEF, 0xF7,
    0xF2, 0xF3, 0xF3, 0xF3, 0xF3, 0xEC, 0xEC, 0xEC, 0xE2, 0xCC, 0xC7, 0xB9,
    0xA8, 0xC7, 0xB2, 0xAD, 0xAD, 0xBE, 0xC3, 0xC3, 0xC3, 0xB9, 0x97, 0x96,
    0x9E, 0x9E, 0x97, 0x97, 0x96, 0x93, 0x8A, 0x9A, 0xA4, 0x91, 0x8B, 0x92,
    0x8C, 0x86, 0x84, 0x7D, 0x7D, 0x81, 0x7A, 0x84, 0x91, 0x9E, 0xBA, 0xAB,
    0xBB, 0x9B, 0x91, 0x91, 0x8A, 0x86, 0x7D, 0x80, 0x87, 0x95, 0x95, 0x7C,
    0x7C, 0x76, 0x6C, 0x6C, 0x6C, 0x68, 0x65, 0x60, 0x5C, 0x6C, 0x70, 0x65,
    0x6B, 0x5C, 0x6B, 0x60, 0x58, 0x51, 0x4C, 0x4E, 0x53, 0x53, 0x5C, 0x5A,
    0x4E, 0x49, 0x51, 0x53, 0x65, 0x51, 0x43, 0x43, 0x40, 0x46, 0x45, 0x3D,
    0x3D, 0x37, 0x46, 0x42, 0x39, 0x40, 0x41, 0x38, 0x30, 0x31, 0x2D, 0x29,
    0x2A, 0x2D, 0x22, 0x20, 0x1C, 0x18, 0x14, 0x10, 0x08, 0x05, 0x03, 0x01,
    0x01, 0x01, 0x01, 0x03, 0x04, 0x06, 0x08, 0x0C, 0x0F, 0x12, 0x16, 0x1C,
    0x28, 0x35, 0x62, 0x62, 0x62, 0x62, 0x62, 0x62, 0x62, 0x62, 0x62, 0x62,
    0x62, 0x62, 0x62, 0x62, 0x62, 0x62, 0x35, 0x35, 0x28, 0x1C, 0x15, 0x10,
    0x0F, 0x0A, 0x08, 0x06, 0x04, 0x03, 0x02, 0x02, 0x02, 0x02, 0x02, 0x02,
    0x02, 0x02, 0x03, 0x04, 0x04, 0x05, 0x06, 0x06, 0x06, 0x06, 0x07, 0x08,
    0x08, 0x08, 0x08, 0x08, 0x08, 0x08, 0x08, 0x08, 0x07, 0x06, 0x04, 0x03,
    0x02, 0x01, 0x01, 0x03, 0x06, 0x0F, 0x17, 0x20, 0x32, 0x40, 0x4E, 0x4B,
    0x5C, 0x5C, 0x57, 0x5C, 0x60, 0x5A, 0x5C, 0x65, 0x5C, 0x58, 0x58, 0x5A,
    0x65, 0x6B, 0x6C, 0x68, 0x68, 0x65, 0x5A, 0x6C, 0x65, 0x60, 0x6D, 0x75,
    0x72, 0x75, 0x81, 0x7A, 0x66, 0x5B, 0x6B, 0x68, 0x72, 0x78, 0x72, 0x6C,
    0x72, 0x85, 0x82, 0x83, 0x7C, 0x76, 0x80, 0x8C, 0x8C, 0x8C, 0x93, 0x9A,
    0xB9, 0xB2, 0xB9, 0xB9, 0xDA, 0xC7, 0xC3, 0xD1, 0xE2, 0xDE, 0xE5, 0xDE,
    0xDA, 0xD6, 0xDE, 0xC7, 0xBE, 0xC3, 0xBE, 0xB9, 0xB9, 0xB2, 0xC7, 0xCC,
    0xD6, 0xC3, 0xC7, 0xCC, 0xB9, 0xC7, 0xDE, 0xDE, 0xE2, 0xEC, 0xE2, 0xE2,
    0xED, 0xEB, 0xDE, 0xEB, 0xEB, 0xE2, 0xEC, 0xEF, 0xED, 0xEF, 0xEF, 0xEF,
    0xF7, 0xF3, 0xF2, 0xEF, 0xEC, 0xEB, 0xDE, 0xD6, 0xDA, 0xCC, 0xD1, 0xE5,
    0xE2, 0xEC, 0xE5, 0xEC, 0xEB, 0xDE, 0xEC, 0xEF, 0xEF, 0xED, 0xEF, 0xED,
    0xEF, 0xF2, 0xEF, 0xEC, 0xEC, 0xDE, 0xC3, 0xDE, 0xEF, 0xE2, 0xBE, 0xD6,
    0xC7, 0xCC, 0xDA, 0xD6, 0xC3, 0xC7, 0xC3, 0xBE, 0xA8, 0x9E, 0x96, 0x93,
    0x86, 0x7D, 0x81, 0x89, 0x8D, 0x86, 0x8B, 0x8C, 0x85, 0x8A, 0x7D, 0x7B,
    0x7B, 0x71, 0x7A, 0x75, 0x7D, 0x91, 0x99, 0x9B, 0xAE, 0x95, 0x99, 0xA3,
    0xA2, 0x96, 0x83, 0x85, 0x83, 0x92, 0x8C, 0x83, 0x85, 0x99, 0x95, 0x87,
    0x7C, 0x80, 0x70, 0x65, 0x57, 0x57, 0x51, 0x55, 0x5C, 0x58, 0x51, 0x5A,
    0x60, 0x65, 0x6B, 0x65, 0x57, 0x57, 0x6B, 0x68, 0x55, 0x53, 0x51, 0x4C,
    0x45, 0x4B, 0x43, 0x49, 0x4E, 0x4C, 0x47, 0x4C, 0x4B, 0x47, 0x43, 0x47,
    0x42, 0x4A, 0x49, 0x47, 0x40, 0x38, 0x36, 0x30, 0x30, 0x2F, 0x22, 0x1D,
    0x18, 0x13, 0x0C, 0x07, 0x05, 0x02, 0x01, 0x01, 0x01, 0x02, 0x03, 0x06,
    0x08, 0x0C, 0x10, 0x12, 0x18, 0x28, 0x35, 0x63, 0x64, 0x64, 0x62, 0x62,
    0x62, 0x62, 0x62, 0x62, 0x62, 0x62, 0x62, 0x62, 0x62, 0x62, 0x62, 0x62,
    0x62, 0x62, 0x62, 0x62, 0x62, 0x62, 0x35, 0x1C, 0x18, 0x12, 0x10, 0x0C,
    0x09, 0x06, 0x06, 0x05, 0x04, 0x04, 0x05, 0x06, 0x06, 0x06, 0x07, 0x08,
    0x0A, 0x0C, 0x0C, 0x0C, 0x0D, 0x0D, 0x0D, 0x0D, 0x0C, 0x0D, 0x0D, 0x0C,
    0x0C, 0x0C, 0x0A, 0x0A, 0x08, 0x08, 0x08, 0x06, 0x04, 0x03, 0x02, 0x02,
    0x04, 0x09, 0x11, 0x1B, 0x25, 0x36, 0x40, 0x57, 0x57, 0x4A, 0x55, 0x5C,
    0x65, 0x70, 0x72, 0x60, 0x5C, 0x5C, 0x60, 0x60, 0x60, 0x57, 0x58, 0x5C,
    0x65, 0x72, 0x76, 0x70, 0x72, 0x76, 0x81, 0x83, 0x8C, 0x8C, 0x89, 0x7D,
    0x86, 0x81, 0x81, 0x89, 0x7D, 0x84, 0x85, 0x83, 0x7C, 0x76, 0x80, 0x83,
    0x80, 0x80, 0x78, 0x7C, 0x87, 0x84, 0x7A, 0x8A, 0x96, 0xA3, 0x9E, 0x96,
    0xA8, 0xD1, 0xDE, 0xD6, 0xE2, 0xDA, 0xE2, 0xDA, 0xDE, 0xEB, 0xEB, 0xD1,
    0xC3, 0xE5, 0xEF, 0xEF, 0xDA, 0xC3, 0xD6, 0xE2, 0xDA, 0xD6, 0xD6, 0xEB,
    0xED, 0xED, 0xEB, 0xDA, 0xE2, 0xD6, 0xCC, 0xCC, 0xBE, 0xC3, 0xD6, 0xD1,
    0xDE, 0xDA, 0xD6, 0xE2, 0xE5, 0xEC, 0xF2, 0xEF, 0xF2, 0xF3, 0xF7, 0xF7,
    0xF3, 0xE5, 0xEF, 0xED, 0xEC, 0xEB, 0xEF, 0xF3, 0xF7, 0xF7, 0xF3, 0xF3,
    0xF3, 0xEF, 0xE2, 0xE2, 0xDE, 0xC7, 0xCC, 0xDA, 0xE5, 0xDE, 0xCC, 0xD1,
    0xB9, 0xB2, 0xAD, 0xA3, 0x9E, 0x9A, 0x84, 0x93, 0xBE, 0xAD, 0x9A, 0x97,
    0xAD, 0xBE, 0xD1, 0xAD, 0x9E, 0xAD, 0xB2, 0x9A, 0x96, 0x91, 0x86, 0x8D,
    0x8D, 0x8B, 0x7F, 0x85, 0x87, 0x8C, 0x85, 0x7B, 0x7A, 0x71, 0x6C, 0x57,
    0x55, 0x59, 0x56, 0x4E, 0x55, 0x56, 0x55, 0x5B, 0x6C, 0x6D, 0x60, 0x57,
    0x5C, 0x6D, 0x6B, 0x69, 0x6D, 0x7A, 0x71, 0x72, 0x76, 0x6C, 0x6B, 0x83,
    0x72, 0x60, 0x76, 0x78, 0x6C, 0x60, 0x58, 0x53, 0x4E, 0x5C, 0x60, 0x58,
    0x51, 0x5C, 0x68, 0x57, 0x4E, 0x47, 0x43, 0x42, 0x37, 0x37, 0x34, 0x31,
    0x30, 0x30, 0x34, 0x37, 0x39, 0x34, 0x31, 0x36, 0x34, 0x37, 0x31, 0x2D,
    0x30, 0x37, 0x38, 0x32, 0x29, 0x22, 0x1F, 0x1B, 0x15, 0x0F, 0x08, 0x04,
    0x03, 0x01, 0x01, 0x01, 0x02, 0x05, 0x07, 0x0B, 0x0F, 0x12, 0x18, 0x28,
    0x63, 0x64, 0x64, 0x64, 0x62, 0x62, 0x62, 0x62, 0x62, 0x62, 0x62, 0x62,
    0x62, 0x62, 0x62, 0x62, 0x62, 0x62, 0x62, 0x62, 0x62, 0x62, 0x62, 0x62,
    0x62, 0x62, 0x62, 0x62, 0x35, 0x28, 0x18, 0x12, 0x10, 0x0D, 0x0C, 0x0A,
    0x0A, 0x0A, 0x0A, 0x0C, 0x0D, 0x0F, 0x0D, 0x0C, 0x0D, 0x0D, 0x0F, 0x10,
    0x14, 0x17, 0x1A, 0x1E, 0x23, 0x27, 0x2E, 0x3C, 0x3C, 0x3C, 0x3C, 0x3C,
    0x2E, 0x1A, 0x0A, 0x0A, 0x08, 0x05, 0x03, 0x02, 0x03, 0x07, 0x10, 0x18,
    0x21, 0x32, 0x3E, 0x4B, 0x53, 0x49, 0x4E, 0x60, 0x6C, 0x65, 0x70, 0x6B,
    0x5C, 0x5C, 0x58, 0x51, 0x4E, 0x4B, 0x43, 0x45, 0x43, 0x47, 0x47, 0x4A,
    0x53, 0x5C, 0x60, 0x58, 0x5C, 0x53, 0x5C, 0x6B, 0x5B, 0x5A, 0x6C, 0x72,
    0x89, 0x84, 0x7A, 0x8C, 0x95, 0x99, 0x99, 0x95, 0x87, 0x92, 0x8D, 0x9B,
    0xB3, 0xAE, 0xB2, 0xA8, 0xAD, 0xB2, 0xC3, 0xB2, 0x97, 0x9E, 0xB2, 0x9E,
    0x96, 0x97, 0xAD, 0x97, 0x9A, 0xAD, 0xA8, 0xB9, 0xAD, 0x97, 0xB2, 0xB2,
    0x96, 0xAD, 0xD1, 0xAD, 0xA3, 0xC3, 0xD1, 0xE5, 0xEF, 0xE5, 0xEB, 0xEB,
    0xDA, 0xD1, 0xD1, 0xCC, 0xC3, 0xCC, 0xCC, 0xDA, 0xDA, 0xEB, 0xE2, 0xE5,
    0xE2, 0xDA, 0xCC, 0xC7, 0xEF, 0xEF, 0xF3, 0xEF, 0xEF, 0xF3, 0xF7, 0xF8,
    0xF7, 0xF8, 0xF8, 0xF7, 0xF7, 0xF3, 0xED, 0xEB, 0xEF, 0xEF, 0xEB, 0xDE,
    0xED, 0xEC, 0xED, 0xEF, 0xED, 0xEC, 0xE2, 0xE2, 0xE5, 0xD6, 0xB9, 0x9A,
    0xA3, 0x9E, 0x9A, 0x97, 0x93, 0x8D, 0x9A, 0x9A, 0xBE, 0xC7, 0x97, 0x89,
    0x8A, 0x8A, 0x93, 0x89, 0x7A, 0x75, 0x7A, 0x81, 0x84, 0x89, 0x83, 0x76,
    0x80, 0x95, 0x99, 0x95, 0x9E, 0x97, 0x85, 0x70, 0x7C, 0x7A, 0x71, 0x69,
    0x75, 0x7A, 0x7D, 0x89, 0x84, 0x7D, 0x6B, 0x5E, 0x5B, 0x65, 0x59, 0x53,
    0x4E, 0x4E, 0x4B, 0x55, 0x53, 0x57, 0x55, 0x58, 0x57, 0x55, 0x58, 0x53,
    0x4C, 0x4B, 0x4E, 0x5A, 0x57, 0x4B, 0x49, 0x49, 0x47, 0x46, 0x45, 0x46,
    0x40, 0x40, 0x41, 0x42, 0x40, 0x40, 0x3D, 0x34, 0x2D, 0x30, 0x34, 0x2D,
    0x2D, 0x2A, 0x2A, 0x2D, 0x39, 0x39, 0x39, 0x3D, 0x3D, 0x38, 0x36, 0x2D,
    0x20, 0x1B, 0x19, 0x15, 0x0F, 0x08, 0x05, 0x03, 0x01, 0x01, 0x02, 0x03,
    0x06, 0x08, 0x0D, 0x10, 0x17, 0x28, 0x63, 0x64, 0x64, 0x63, 0x64, 0x64,
    0x64, 0x62, 0x62, 0x62, 0x62, 0x62, 0x62, 0x62, 0x62, 0x62, 0x62, 0x62,
    0x62, 0x62, 0x62, 0x62, 0x62, 0x62, 0x62, 0x62, 0x62, 0x62, 0x62, 0x62,
    0x62, 0x62, 0x35, 0x1C, 0x17, 0x16, 0x14, 0x12, 0x10, 0x0F, 0x0D, 0x0F,
    0x12, 0x16, 0x1A, 0x23, 0x3C, 0x4F, 0x88, 0xD3, 0xF0, 0xFC, 0xFC, 0xFE,
    0xFE, 0xFE, 0xFE, 0xFF, 0xFE, 0xFE, 0xFE, 0xFE, 0xFE, 0xFE, 0x79, 0x12,
    0x0C, 0x08, 0x04, 0x02, 0x02, 0x05, 0x0C, 0x14, 0x1B, 0x25, 0x32, 0x40,
    0x55, 0x4C, 0x4C, 0x53, 0x4E, 0x57, 0x5A, 0x4C, 0x4B, 0x4E, 0x53, 0x53,
    0x55, 0x5C, 0x51, 0x53, 0x4B, 0x49, 0x45, 0x45, 0x4A, 0x4E, 0x59, 0x57,
    0x5C, 0x65, 0x72, 0x82, 0x70, 0x68, 0x70, 0x7C, 0x7A, 0x71, 0x75, 0x72,
    0x87, 0xB3, 0xAE, 0xAE, 0xD0, 0xC7, 0xC7, 0xC9, 0xD8, 0xC6, 0xAD, 0x9A,
    0x9A, 0x96, 0xA3, 0xB2, 0xB2, 0xB2, 0xC7, 0xDA, 0xD1, 0xB9, 0xB9, 0xB2,
    0xBE, 0xBE, 0xB2, 0x97, 0x8D, 0xA3, 0x9E, 0x97, 0x9A, 0x9E, 0xA8, 0x9A,
    0x9E, 0xBE, 0xC3, 0xA3, 0x9E, 0xAD, 0xCC, 0xD1, 0xB2, 0xB2, 0xB9, 0xB9,
    0xC7, 0xD6, 0xD1, 0xC7, 0xD1, 0xE5, 0xF3, 0xF3, 0xF3, 0xF2, 0xEF, 0xEB,
    0xED, 0xEC, 0xDA, 0xC7, 0xD1, 0xEF, 0xEF, 0xEB, 0xED, 0xF3, 0xEF, 0xEF,
    0xEF, 0xED, 0xD1, 0xD6, 0xD6, 0xDA, 0xDE, 0xED, 0xEC, 0xE5, 0xEF, 0xF2,
    0xEC, 0xE2, 0xD6, 0xB9, 0xDE, 0xE5, 0xC3, 0xC7, 0xDE, 0xC7, 0xCC, 0xC7,
    0xBE, 0xB9, 0xA8, 0xC7, 0xE2, 0xED, 0xEF, 0xE5, 0xE2, 0xDE, 0xD6, 0xC3,
    0xA8, 0xB2, 0xAD, 0xA8, 0xAD, 0xB2, 0xAE, 0xAB, 0xC0, 0xC9, 0xBA, 0x9E,
    0x91, 0x8A, 0x99, 0x85, 0x80, 0x75, 0x71, 0x75, 0x8C, 0x99, 0x89, 0x8A,
    0x9E, 0x9F, 0x99, 0x92, 0x8C, 0x76, 0x66, 0x66, 0x66, 0x66, 0x58, 0x57,
    0x55, 0x53, 0x6B, 0x60, 0x5A, 0x53, 0x4E, 0x4B, 0x4C, 0x51, 0x4A, 0x46,
    0x41, 0x43, 0x46, 0x45, 0x47, 0x47, 0x4B, 0x47, 0x43, 0x47, 0x49, 0x47,
    0x4B, 0x4A, 0x4E, 0x4C, 0x53, 0x5C, 0x57, 0x4A, 0x49, 0x43, 0x38, 0x3F,
    0x40, 0x3D, 0x38, 0x37, 0x30, 0x2D, 0x2A, 0x22, 0x1C, 0x18, 0x13, 0x0C,
    0x07, 0x05, 0x02, 0x01, 0x01, 0x02, 0x04, 0x07, 0x0A, 0x10, 0x12, 0x1C,
    0x35, 0x67, 0x64, 0x64, 0x63, 0x64, 0x64, 0x63, 0x63, 0x62, 0x62, 0x62,
    0x62, 0x62, 0x62, 0x62, 0x62, 0x62, 0x62, 0x62, 0x62, 0x62, 0x62, 0x62,
    0x62, 0x62, 0x62, 0x62, 0x62, 0x62, 0x62, 0x62, 0x62, 0x62, 0x62, 0x62,
    0x35, 0x1F, 0x1A, 0x19, 0x1A, 0x27, 0x48, 0x88, 0xD3, 0xF8, 0xFC, 0xFE,
    0xFE, 0xFF, 0xFE, 0xFE, 0xFC, 0xF8, 0xF0, 0xE4, 0xDD, 0xDD, 0xE4, 0xDD,
    0xE4, 0xEE, 0xF0, 0xF8, 0xF8, 0xFC, 0xFE, 0xA0, 0x12, 0x0D, 0x07, 0x04,
    0x02, 0x04, 0x08, 0x12, 0x19, 0x21, 0x32, 0x39, 0x3F, 0x40, 0x47, 0x4E,
    0x4C, 0x4E, 0x58, 0x4B, 0x4A, 0x4C, 0x51, 0x57, 0x6B, 0x70, 0x78, 0x83,
    0x72, 0x80, 0x87, 0x80, 0x7C, 0x83, 0x8D, 0x76, 0x87, 0x84, 0x70, 0x6C,
    0x70, 0x6C, 0x7D, 0x82, 0x76, 0x75, 0x66, 0x65, 0x6B, 0x7C, 0x82, 0x80,
    0x80, 0x92, 0x97, 0x95, 0x95, 0x97, 0x8A, 0x83, 0x89, 0x7A, 0x91, 0x9A,
    0xAD, 0xA8, 0xAD, 0xBE, 0xCC, 0xC7, 0xC3, 0xB9, 0xBE, 0xD1, 0xDE, 0xD6,
    0xCC, 0xDA, 0xC7, 0xD1, 0xD6, 0xD6, 0xD1, 0xBE, 0xD1, 0xE2, 0xEF, 0xF7,
    0xF7, 0xF3, 0xF3, 0xF2, 0xED, 0xED, 0xED, 0xED, 0xEF, 0xEF, 0xEF, 0xEF,
    0xF3, 0xF3, 0xF8, 0xF7, 0xF7, 0xF2, 0xEF, 0xF3, 0xEF, 0xEB, 0xED, 0xEF,
    0xEF, 0xED, 0xEF, 0xEC, 0xD6, 0xC3, 0xC7, 0xC3, 0xD1, 0xDE, 0xBE, 0xC7,
    0xDE, 0xE5, 0xE5, 0xEF, 0xED, 0xE5, 0xEC, 0xE5, 0xD1, 0xC7, 0xCC, 0xB2,
    0xA3, 0xA8, 0xA8, 0xC3, 0xE5, 0xEC, 0xE5, 0xC3, 0xAD, 0xAD, 0xC7, 0xD6,
    0xD1, 0xDE, 0xD1, 0xC3, 0xBE, 0xC3, 0xC3, 0xB2, 0xA3, 0xBE, 0xC3, 0xD6,
    0xCE, 0xC4, 0xB3, 0xA8, 0xAD, 0x95, 0x87, 0x86, 0x84, 0x7D, 0x83, 0x81,
    0x81, 0x85, 0x82, 0x80, 0x82, 0x7C, 0x70, 0x5A, 0x55, 0x56, 0x5B, 0x54,
    0x59, 0x56, 0x56, 0x5C, 0x6C, 0x6C, 0x65, 0x68, 0x70, 0x76, 0x6C, 0x68,
    0x83, 0x78, 0x70, 0x70, 0x68, 0x68, 0x60, 0x6B, 0x6C, 0x65, 0x58, 0x58,
    0x55, 0x5A, 0x5C, 0x57, 0x4E, 0x47, 0x4A, 0x55, 0x46, 0x40, 0x40, 0x40,
    0x42, 0x49, 0x45, 0x47, 0x55, 0x47, 0x40, 0x3F, 0x37, 0x38, 0x38, 0x34,
    0x2A, 0x2D, 0x29, 0x1D, 0x18, 0x15, 0x0E, 0x07, 0x04, 0x02, 0x01, 0x01,
    0x03, 0x05, 0x07, 0x0C, 0x12, 0x16, 0x28, 0x67, 0x64, 0x64, 0x64, 0x64,
    0x64, 0x64, 0x64, 0x63, 0x63, 0x62, 0x62, 0x62, 0x62, 0x62, 0x62, 0x62,
    0x62, 0x62, 0x62, 0x62, 0x62, 0x62, 0x62, 0x62, 0x62, 0x62, 0x62, 0x62,
    0x62, 0x62, 0x62, 0x62, 0x62, 0x62, 0x62, 0x62, 0x62, 0x35, 0x50, 0xF8,
    0xFC, 0xFE, 0xFF, 0xFF, 0xFE, 0xFE, 0xFC, 0xF8, 0xF0, 0xA0, 0x79, 0x4D,
    0x33, 0x1E, 0x19, 0x19, 0x19, 0x1A, 0x1E, 0x2E, 0x3C, 0x4F, 0x88, 0xA0,
    0xDF, 0xF0, 0xF8, 0xFE, 0x48, 0x0F, 0x0C, 0x06, 0x03, 0x05, 0x08, 0x12,
    0x1B, 0x2D, 0x42, 0x51, 0x5A, 0x60, 0x68, 0x65, 0x5C, 0x65, 0x6C, 0x6C,
    0x6B, 0x5C, 0x5C, 0x65, 0x5C, 0x5C, 0x53, 0x57, 0x53, 0x6B, 0x76, 0x80,
    0x85, 0x99, 0x92, 0x76, 0x75, 0x80, 0x78, 0x78, 0x70, 0x65, 0x6C, 0x76,
    0x76, 0x75, 0x71, 0x7A, 0x7D, 0x72, 0x76, 0x7B, 0x7B, 0x81, 0x7D, 0x7B,
    0x73, 0x7A, 0x7D, 0x86, 0x81, 0x89, 0x9A, 0xAD, 0xA3, 0xB2, 0xC3, 0xB9,
    0xA3, 0x9E, 0x97, 0xA3, 0x97, 0x97, 0x9A, 0x97, 0xA8, 0xC3, 0xDE, 0xD1,
    0xD6, 0xC3, 0xD6, 0xE2, 0xCC, 0xDA, 0xEF, 0xEF, 0xEF, 0xED, 0xEB, 0xEB,
    0xEC, 0xED, 0xF3, 0xF3, 0xF7, 0xF7, 0xF3, 0xF3, 0xF3, 0xEF, 0xEF, 0xEC,
    0xEC, 0xE5, 0xDA, 0xEC, 0xF3, 0xEF, 0xF3, 0xF7, 0xF7, 0xF3, 0xED, 0xE5,
    0xE2, 0xDE, 0xDA, 0xC7, 0xD6, 0xC3, 0xDA, 0xD6, 0xC7, 0xD6, 0xDA, 0xE5,
    0xE5, 0xEB, 0xE5, 0xED, 0xE2, 0xC7, 0xD6, 0xDE, 0xC7, 0xB9, 0xC3, 0xB2,
    0xC3, 0xC3, 0xCC, 0xD6, 0xD6, 0xCC, 0xCC, 0xDE, 0xDA, 0xC3, 0x9E, 0xA3,
    0xBE, 0xBE, 0xB9, 0xA8, 0x97, 0x91, 0x96, 0x96, 0x91, 0x93, 0x86, 0x89,
    0x83, 0x7C, 0x82, 0x8A, 0x84, 0x76, 0x7C, 0x85, 0x91, 0x97, 0x95, 0x87,
    0x87, 0x8C, 0x87, 0x82, 0x7A, 0x75, 0x7A, 0x75, 0x81, 0x7A, 0x75, 0x6C,
    0x6C, 0x65, 0x65, 0x60, 0x57, 0x53, 0x4E, 0x4E, 0x58, 0x4C, 0x4B, 0x53,
    0x5A, 0x6C, 0x60, 0x55, 0x51, 0x58, 0x4E, 0x51, 0x57, 0x5A, 0x55, 0x60,
    0x68, 0x6C, 0x76, 0x78, 0x68, 0x60, 0x58, 0x55, 0x51, 0x47, 0x42, 0x49,
    0x46, 0x42, 0x42, 0x47, 0x46, 0x45, 0x40, 0x3D, 0x3D, 0x2D, 0x21, 0x1C,
    0x16, 0x0E, 0x08, 0x05, 0x03, 0x01, 0x01, 0x03, 0x05, 0x08, 0x0F, 0x12,
    0x19, 0x35, 0x67, 0x64, 0x64, 0x64, 0x64, 0x64, 0x64, 0x64, 0x64, 0x63,
    0x63, 0x62, 0x62, 0x62, 0x62, 0x62, 0x62, 0x62, 0x62, 0x62, 0x62, 0x62,
    0x62, 0x62, 0x62, 0x62, 0x62, 0x62, 0x62, 0x62, 0x62, 0x62, 0x62, 0x62,
    0x62, 0x62, 0x62, 0x62, 0x62, 0x62, 0x62, 0xF4, 0xFE, 0xFE, 0xFC, 0xF8,
    0xF0, 0xCA, 0x79, 0x48, 0x2E, 0x1D, 0x19, 0x14, 0x0D, 0x07, 0x02, 0x03,
    0x06, 0x0C, 0x16, 0x1B, 0x27, 0x3E, 0x61, 0x88, 0xCA, 0xE6, 0xF0, 0xFC,
    0xE6, 0x17, 0x10, 0x08, 0x04, 0x05, 0x07, 0x0F, 0x18, 0x21, 0x37, 0x46,
    0x53, 0x53, 0x4E, 0x57, 0x65, 0x68, 0x68, 0x72, 0x83, 0x83, 0x85, 0x85,
    0x83, 0x87, 0x82, 0x7C, 0x72, 0x6C, 0x6C, 0x72, 0x7C, 0x78, 0x80, 0x83,
    0x85, 0x8C, 0x83, 0x78, 0x8C, 0x8C, 0x83, 0x82, 0x83, 0x75, 0x6D, 0x86,
    0x95, 0x8C, 0x85, 0x81, 0x75, 0x84, 0x93, 0x84, 0x7F, 0x7E, 0x7A, 0x7A,
    0x84, 0x86, 0x7A, 0x91, 0xA8, 0xA8, 0xB9, 0xBE, 0xAD, 0xB9, 0xC3, 0xC7,
    0xC3, 0xAD, 0x97, 0xA8, 0xBE, 0xB9, 0xB9, 0xAD, 0xC3, 0xCC, 0xDA, 0xEB,
    0xDA, 0xE5, 0xEC, 0xDE, 0xD6, 0xE5, 0xED, 0xEC, 0xE2, 0xE5, 0xEB, 0xDE,
    0xE2, 0xF3, 0xF3, 0xEF, 0xEB, 0xDE, 0xDE, 0xED, 0xED, 0xEF, 0xEC, 0xEF,
    0xEF, 0xED, 0xEF, 0xE5, 0xDA, 0xD6, 0xE5, 0xE2, 0xDE, 0xDE, 0xEF, 0xF3,
    0xF2, 0xEF, 0xF3, 0xED, 0xDE, 0xEB, 0xEB, 0xE5, 0xDA, 0xEB, 0xE2, 0xE5,
    0xED, 0xED, 0xEF, 0xE2, 0xEB, 0xE2, 0xE2, 0xDE, 0xCC, 0xCC, 0xB9, 0xA3,
    0xB2, 0xA8, 0xA8, 0xAD, 0x9A, 0x9E, 0xA3, 0x9E, 0xA8, 0xA3, 0xA3, 0x9A,
    0x93, 0x96, 0x93, 0x84, 0x7D, 0x84, 0x71, 0x7A, 0x71, 0x7A, 0x76, 0x7B,
    0x7E, 0x85, 0x85, 0x85, 0x84, 0x7A, 0x80, 0x83, 0x76, 0x76, 0x72, 0x73,
    0x83, 0x84, 0x7C, 0x71, 0x71, 0x6C, 0x6C, 0x6B, 0x65, 0x60, 0x5A, 0x57,
    0x53, 0x58, 0x4B, 0x42, 0x40, 0x37, 0x38, 0x3D, 0x40, 0x3D, 0x3D, 0x39,
    0x37, 0x38, 0x39, 0x40, 0x45, 0x40, 0x40, 0x45, 0x53, 0x5C, 0x5C, 0x60,
    0x57, 0x51, 0x4B, 0x51, 0x4B, 0x49, 0x41, 0x41, 0x3D, 0x3D, 0x3F, 0x3F,
    0x46, 0x4C, 0x43, 0x3D, 0x37, 0x2A, 0x1F, 0x18, 0x13, 0x09, 0x05, 0x02,
    0x01, 0x01, 0x03, 0x06, 0x08, 0x10, 0x12, 0x1C, 0x63, 0x67, 0x64, 0x64,
    0x64, 0x64, 0x64, 0x64, 0x64, 0x64, 0x64, 0x63, 0x63, 0x62, 0x62, 0x62,
    0x62, 0x62, 0x62, 0x62, 0x62, 0x62, 0x62, 0x62, 0x62, 0x62, 0x62, 0x62,
    0x62, 0x62, 0x62, 0x62, 0x62, 0x62, 0x62, 0x62, 0x62, 0x62, 0x62, 0x62,
    0x62, 0x62, 0x62, 0x62, 0x6E, 0xFC, 0xFC, 0xF0, 0xCF, 0x8F, 0x61, 0x48,
    0x3C, 0x3C, 0x2E, 0x27, 0x27, 0x23, 0x1E, 0x1E, 0x23, 0x27, 0x3C, 0x48,
    0x4F, 0x79, 0x8F, 0xCA, 0xE6, 0xF0, 0xF8, 0xF8, 0xFC, 0x23, 0x12, 0x0C,
    0x06, 0x04, 0x05, 0x0B, 0x15, 0x1C, 0x22, 0x2D, 0x34, 0x36, 0x36, 0x3D,
    0x47, 0x4B, 0x47, 0x53, 0x57, 0x58, 0x70, 0x72, 0x80, 0x6C, 0x68, 0x68,
    0x6C, 0x70, 0x76, 0x6B, 0x6B, 0x68, 0x72, 0x6C, 0x7C, 0x82, 0x8C, 0x8C,
    0x8C, 0x92, 0x95, 0x8C, 0x85, 0x7A, 0x71, 0x71, 0x6B, 0x69, 0x75, 0x6D,
    0x66, 0x71, 0x7A, 0x92, 0x9A, 0x9A, 0xA2, 0xB2, 0x9E, 0x96, 0xA3, 0xB2,
    0xB2, 0xA8, 0xB9, 0xC3, 0xB9, 0xCC, 0xCC, 0xBE, 0xAD, 0xC7, 0xCC, 0xDE,
    0xD6, 0xD6, 0xC7, 0xC3, 0xB2, 0xAD, 0xC7, 0xB9, 0xC7, 0xC7, 0xC3, 0xD6,
    0xCC, 0xD6, 0xE2, 0xEB, 0xED, 0xE5, 0xE2, 0xE2, 0xDE, 0xE2, 0xDA, 0xC7,
    0xC7, 0xCC, 0xDA, 0xDA, 0xEB, 0xED, 0xF3, 0xF3, 0xF7, 0xF7, 0xF3, 0xEF,
    0xEC, 0xD6, 0xDA, 0xC3, 0xB9, 0xB9, 0xD1, 0xD6, 0xE2, 0xEF, 0xEC, 0xEC,
    0xE5, 0xD6, 0xD6, 0xD6, 0xAD, 0x9E, 0x97, 0xB2, 0xD1, 0xEC, 0xED, 0xDA,
    0xDE, 0xE5, 0xE2, 0xD1, 0xC3, 0xAD, 0x9E, 0xA3, 0xC7, 0xC3, 0xAD, 0xA3,
    0x9A, 0x96, 0x97, 0x96, 0x91, 0x8A, 0x91, 0x96, 0x93, 0x97, 0x8D, 0x86,
    0x7A, 0x7D, 0x7D, 0x7A, 0x86, 0x81, 0x81, 0x7F, 0x7C, 0x75, 0x6C, 0x60,
    0x68, 0x70, 0x76, 0x76, 0x87, 0x92, 0x8C, 0x85, 0x87, 0x85, 0x83, 0x70,
    0x68, 0x6B, 0x60, 0x4E, 0x4E, 0x53, 0x55, 0x5A, 0x58, 0x55, 0x58, 0x57,
    0x58, 0x51, 0x45, 0x46, 0x49, 0x45, 0x45, 0x46, 0x4B, 0x47, 0x41, 0x40,
    0x47, 0x53, 0x55, 0x57, 0x4A, 0x4C, 0x53, 0x58, 0x4B, 0x43, 0x41, 0x45,
    0x4B, 0x4B, 0x49, 0x42, 0x3D, 0x39, 0x3B, 0x38, 0x36, 0x36, 0x2D, 0x25,
    0x20, 0x1D, 0x18, 0x13, 0x0B, 0x06, 0x03, 0x02, 0x01, 0x02, 0x06, 0x08,
    0x10, 0x12, 0x1F, 0x67, 0x67, 0x67, 0x64, 0x64, 0x64, 0x64, 0x64, 0x64,
    0x64, 0x64, 0x64, 0x64, 0x63, 0x63, 0x62, 0x62, 0x62, 0x62, 0x62, 0x62,
    0x62, 0x62, 0x62, 0x62, 0x62, 0x62, 0x62, 0x62, 0x62, 0x62, 0x62, 0x62,
    0x62, 0x62, 0x62, 0x62, 0x62, 0x62, 0x62, 0x62, 0x62, 0x62, 0x62, 0x62,
    0x62, 0x67, 0xF8, 0xFC, 0xF8, 0xF8, 0xE6, 0xCF, 0xA0, 0x8F, 0x88, 0x79,
    0x61, 0x5F, 0x4F, 0x4F, 0x4F, 0x61, 0x79, 0x88, 0x9C, 0xAF, 0xDD, 0xE6,
    0xF0, 0xF8, 0xF8, 0xFC, 0xFE, 0x3C, 0x14, 0x0D, 0x06, 0x04, 0x06, 0x0D,
    0x18, 0x1F, 0x2B, 0x31, 0x40, 0x47, 0x41, 0x38, 0x42, 0x53, 0x5A, 0x6B,
    0x65, 0x65, 0x68, 0x65, 0x68, 0x5C, 0x51, 0x5A, 0x60, 0x65, 0x78, 0x76,
    0x6C, 0x6C, 0x6C, 0x68, 0x6C, 0x65, 0x65, 0x6B, 0x65, 0x6C, 0x76, 0x76,
    0x71, 0x75, 0x7A, 0x7C, 0x78, 0x7A, 0x7A, 0x6C, 0x57, 0x5B, 0x69, 0x78,
    0x78, 0x72, 0x92, 0x9B, 0x97, 0x97, 0x97, 0x91, 0x8D, 0x93, 0x84, 0x81,
    0x91, 0xA8, 0xBE, 0xD6, 0xDA, 0xDA, 0xE2, 0xED, 0xE2, 0xDA, 0xBE, 0xA3,
    0xB2, 0xDA, 0xD1, 0xC3, 0xBE, 0xC3, 0xB9, 0xBE, 0xC3, 0xA8, 0xB2, 0xB2,
    0xC3, 0xD6, 0xBE, 0xC7, 0xCC, 0xCC, 0xC3, 0xBE, 0xCC, 0xE5, 0xEB, 0xE2,
    0xEB, 0xE5, 0xEF, 0xE5, 0xF3, 0xF3, 0xEF, 0xF3, 0xF3, 0xEF, 0xEF, 0xF3,
    0xF2, 0xED, 0xE5, 0xF3, 0xF3, 0xEF, 0xEF, 0xF3, 0xF3, 0xEF, 0xF3, 0xEF,
    0xD6, 0xCC, 0xC7, 0xBE, 0x9E, 0xB2, 0xBE, 0xB2, 0xBE, 0xC3, 0xC3, 0xC7,
    0xBE, 0x9E, 0x89, 0x7D, 0x89, 0x7A, 0x91, 0x9A, 0x9A, 0x93, 0x97, 0xB9,
    0xCC, 0xC7, 0xB9, 0xBE, 0xB9, 0xBE, 0xA8, 0x8D, 0x84, 0x7B, 0x73, 0x7A,
    0x7A, 0x7A, 0x75, 0x6C, 0x70, 0x70, 0x78, 0x6B, 0x58, 0x57, 0x5A, 0x5A,
    0x58, 0x58, 0x5C, 0x55, 0x57, 0x5A, 0x5A, 0x55, 0x5C, 0x60, 0x60, 0x60,
    0x5C, 0x68, 0x80, 0x83, 0x7C, 0x6C, 0x6C, 0x6B, 0x6B, 0x60, 0x65, 0x57,
    0x4C, 0x46, 0x4A, 0x4A, 0x49, 0x43, 0x3D, 0x3D, 0x40, 0x45, 0x43, 0x42,
    0x38, 0x38, 0x3D, 0x3D, 0x3D, 0x39, 0x36, 0x37, 0x40, 0x3D, 0x3D, 0x3D,
    0x34, 0x34, 0x36, 0x34, 0x30, 0x30, 0x2A, 0x1F, 0x1C, 0x19, 0x14, 0x0E,
    0x07, 0x03, 0x01, 0x01, 0x02, 0x04, 0x08, 0x10, 0x14, 0x1F, 0x67, 0xB5,
    0x67, 0x67, 0x67, 0x64, 0x64, 0x64, 0x64, 0x64, 0x64, 0x64, 0x64, 0x64,
    0x63, 0x63, 0x62, 0x62, 0x62, 0x62, 0x62, 0x62, 0x62, 0x62, 0x62, 0x62,
    0x62, 0x62, 0x62, 0x62, 0x62, 0x62, 0x62, 0x62, 0x62, 0x62, 0x62, 0x62,
    0x62, 0x62, 0x62, 0x62, 0x62, 0x62, 0x62, 0x62, 0x62, 0x62, 0x67, 0xFC,
    0xFE, 0xFC, 0xF8, 0xF8, 0xF0, 0xEE, 0xDD, 0xCB, 0xA5, 0x94, 0x8E, 0x8B,
    0x8E, 0x98, 0xA5, 0xB4, 0xCF, 0xDF, 0xE6, 0xF0, 0xF8, 0xF8, 0xFC, 0xFC,
    0xFE, 0x48, 0x16, 0x10, 0x07, 0x05, 0x06, 0x0F, 0x18, 0x1D, 0x2A, 0x38,
    0x41, 0x46, 0x41, 0x3D, 0x40, 0x42, 0x45, 0x4C, 0x53, 0x49, 0x41, 0x47,
    0x47, 0x47, 0x4C, 0x4B, 0x4B, 0x51, 0x5A, 0x57, 0x58, 0x5A, 0x60, 0x68,
    0x60, 0x65, 0x60, 0x58, 0x57, 0x55, 0x6C, 0x72, 0x7A, 0x7D, 0x81, 0x87,
    0x8C, 0x93, 0x93, 0x92, 0x8C, 0x93, 0x93, 0x8C, 0x95, 0xA2, 0xB3, 0xA2,
    0xAD, 0xAD, 0xB9, 0xB2, 0xA8, 0x9E, 0x93, 0x8A, 0x84, 0x89, 0x8D, 0xA8,
    0xC7, 0xA3, 0xA8, 0xC7, 0xC7, 0xB2, 0xA8, 0x93, 0x84, 0x86, 0x97, 0xA8,
    0x9E, 0xC7, 0xCC, 0xDE, 0xD6, 0xEC, 0xE5, 0xD6, 0xDE, 0xDA, 0xEB, 0xE2,
    0xD1, 0xC3, 0xC3, 0xD1, 0xDA, 0xCC, 0xBE, 0xBE, 0xCC, 0xDA, 0xEB, 0xDA,
    0xF7, 0xF7, 0xF8, 0xF8, 0xF8, 0xF8, 0xF7, 0xF7, 0xF3, 0xF2, 0xF3, 0xEF,
    0xE2, 0xE5, 0xEB, 0xDE, 0xD6, 0xEB, 0xE5, 0xD6, 0xD1, 0xDA, 0xDE, 0xDE,
    0xD1, 0xC7, 0xC7, 0xC7, 0xDA, 0xD6, 0xDE, 0xD6, 0xD1, 0xC3, 0xC3, 0xAD,
    0x9E, 0x9A, 0xB2, 0xA3, 0xA3, 0x96, 0x86, 0x93, 0x9E, 0x91, 0x8A, 0x8D,
    0x91, 0x93, 0x93, 0x8A, 0x89, 0x8D, 0x9D, 0x95, 0x85, 0x8A, 0x8D, 0x91,
    0x8D, 0x95, 0x8C, 0x8C, 0x91, 0x8D, 0x99, 0xA6, 0x9B, 0xA2, 0x95, 0x74,
    0x6C, 0x65, 0x68, 0x58, 0x58, 0x53, 0x57, 0x55, 0x5C, 0x6C, 0x65, 0x60,
    0x68, 0x68, 0x55, 0x49, 0x47, 0x45, 0x4B, 0x4E, 0x57, 0x5A, 0x5A, 0x58,
    0x58, 0x4E, 0x4E, 0x51, 0x41, 0x3D, 0x49, 0x4A, 0x47, 0x4A, 0x45, 0x42,
    0x43, 0x49, 0x42, 0x3D, 0x41, 0x36, 0x36, 0x36, 0x34, 0x2D, 0x2A, 0x37,
    0x3F, 0x3D, 0x30, 0x25, 0x1C, 0x18, 0x11, 0x07, 0x04, 0x02, 0x02, 0x02,
    0x05, 0x08, 0x10, 0x15, 0x1F, 0x67, 0x67, 0x67, 0x67, 0x67, 0x67, 0x67,
    0x64, 0x64, 0x64, 0x64, 0x64, 0x64, 0x64, 0x64, 0x63, 0x63, 0x63, 0x62,
    0x62, 0x62, 0x62, 0x62, 0x62, 0x62, 0x62, 0x62, 0x62, 0x62, 0x62, 0x62,
    0x62, 0x62, 0x62, 0x62, 0x62, 0x62, 0x62, 0x62, 0x62, 0x62, 0x62, 0x62,
    0x62, 0x62, 0x62, 0x62, 0x62, 0x62, 0x62, 0x67, 0xFC, 0xFE, 0xFC, 0xFC,
    0xFC, 0xF8, 0xEE, 0xE4, 0xCB, 0xCB, 0xAF, 0xAF, 0xAF, 0xCB, 0xCB, 0xE4,
    0xE6, 0xF0, 0xF8, 0xF8, 0xFC, 0xFC, 0xFE, 0xFE, 0xFE, 0x3C, 0x17, 0x12,
    0x08, 0x05, 0x06, 0x0F, 0x18, 0x21, 0x37, 0x47, 0x4E, 0x4E, 0x4B, 0x53,
    0x49, 0x41, 0x49, 0x60, 0x68, 0x5A, 0x58, 0x58, 0x57, 0x58, 0x60, 0x58,
    0x55, 0x51, 0x4B, 0x51, 0x53, 0x5A, 0x57, 0x5A, 0x72, 0x80, 0x8C, 0x80,
    0x87, 0x85, 0x78, 0x78, 0x76, 0x85, 0x99, 0x9B, 0xA2, 0xA6, 0xAB, 0xC4,
    0xB3, 0xA3, 0x9F, 0x99, 0x95, 0x8C, 0x8C, 0x89, 0x8D, 0x93, 0x94, 0x8D,
    0x87, 0x8C, 0x96, 0xA3, 0xAD, 0xB2, 0xB2, 0xCC, 0xC3, 0xB9, 0xB2, 0xC7,
    0xD1, 0xC7, 0xB2, 0xBE, 0xC7, 0xC7, 0xC7, 0xC3, 0xBE, 0xB2, 0xB9, 0xB2,
    0xA3, 0xBE, 0xD1, 0xBE, 0xD1, 0xE2, 0xDE, 0xE5, 0xE5, 0xE2, 0xEB, 0xF3,
    0xEF, 0xE5, 0xEC, 0xEF, 0xEC, 0xF3, 0xF7, 0xF3, 0xF7, 0xF7, 0xF7, 0xF7,
    0xF7, 0xF3, 0xEF, 0xEF, 0xEF, 0xEF, 0xED, 0xEF, 0xEF, 0xEC, 0xEF, 0xEF,
    0xEC, 0xF2, 0xEF, 0xE2, 0xEC, 0xEF, 0xEF, 0xE2, 0xEB, 0xEF, 0xDA, 0xD1,
    0xEF, 0xED, 0xEF, 0xEC, 0xD6, 0xC7, 0xDA, 0xCC, 0xAD, 0xA3, 0x9A, 0x97,
    0x97, 0x93, 0x8A, 0x8D, 0xA8, 0xA3, 0x9A, 0x9E, 0xB2, 0x9E, 0xA3, 0x9A,
    0x92, 0x93, 0x8A, 0x83, 0x78, 0x71, 0x7A, 0x8A, 0x8E, 0x93, 0x92, 0x83,
    0x86, 0x84, 0x83, 0x87, 0xA2, 0x8C, 0x80, 0x85, 0x76, 0x76, 0x7C, 0x72,
    0x60, 0x5C, 0x6B, 0x65, 0x6B, 0x72, 0x6B, 0x55, 0x6B, 0x72, 0x65, 0x68,
    0x65, 0x65, 0x5C, 0x5A, 0x53, 0x46, 0x47, 0x43, 0x40, 0x40, 0x41, 0x40,
    0x45, 0x42, 0x40, 0x3D, 0x40, 0x42, 0x43, 0x40, 0x3D, 0x39, 0x3D, 0x38,
    0x36, 0x3B, 0x3D, 0x39, 0x3F, 0x3B, 0x39, 0x38, 0x39, 0x34, 0x22, 0x1D,
    0x19, 0x14, 0x0C, 0x06, 0x03, 0x02, 0x02, 0x04, 0x08, 0x0F, 0x15, 0x1F,
    0x67, 0xB5, 0x67, 0x67, 0x67, 0x67, 0x67, 0x67, 0x64, 0x64, 0x64, 0x64,
    0x64, 0x64, 0x64, 0x64, 0x63, 0x63, 0x63, 0x62, 0x62, 0x62, 0x62, 0x62,
    0x62, 0x62, 0x62, 0x62, 0x62, 0x62, 0x62, 0x62, 0x62, 0x62, 0x62, 0x62,
    0x62, 0x62, 0x62, 0x62, 0x62, 0x62, 0x62, 0x62, 0x62, 0x62, 0x62, 0x62,
    0x62, 0x62, 0x62, 0x62, 0x67, 0xFE, 0xFE, 0xFE, 0xFC, 0xF8, 0xF7, 0xF3,
    0xEE, 0xE6, 0xE4, 0xE6, 0xE6, 0xEE, 0xF3, 0xF7, 0xF8, 0xF8, 0xFC, 0xFC,
    0xFE, 0xFE, 0xFE, 0xFF, 0xFC, 0x2E, 0x19, 0x12, 0x08, 0x06, 0x07, 0x10,
    0x18, 0x20, 0x32, 0x37, 0x39, 0x37, 0x39, 0x41, 0x45, 0x4A, 0x4A, 0x53,
    0x4E, 0x49, 0x4C, 0x53, 0x4E, 0x4E, 0x4C, 0x53, 0x58, 0x60, 0x60, 0x60,
    0x60, 0x6B, 0x65, 0x68, 0x78, 0x6C, 0x70, 0x70, 0x72, 0x80, 0x85, 0x87,
    0x85, 0x95, 0x9B, 0x8C, 0x99, 0x99, 0x87, 0x8A, 0x86, 0x84, 0x89, 0x91,
    0x8C, 0x95, 0xA2, 0x99, 0x93, 0xB9, 0xB3, 0x9F, 0x9B, 0xA2, 0xB9, 0xC3,
    0xC3, 0xC7, 0xD1, 0xDA, 0xD1, 0xD6, 0xDE, 0xDE, 0xDA, 0xD6, 0xCC, 0xB9,
    0xC3, 0xCC, 0xAD, 0xAD, 0xB2, 0x9E, 0xC3, 0xC3, 0xC3, 0xC7, 0xE2, 0xEC,
    0xF2, 0xEC, 0xE5, 0xE5, 0xEC, 0xE5, 0xDE, 0xE5, 0xE2, 0xDA, 0xEB, 0xEF,
    0xF2, 0xF7, 0xF7, 0xF2, 0xF3, 0xF3, 0xF3, 0xF7, 0xF3, 0xEF, 0xE5, 0xE5,
    0xDA, 0xDE, 0xE2, 0xDA, 0xED, 0xEF, 0xED, 0xED, 0xEF, 0xE5, 0xDE, 0xCC,
    0xCC, 0xC7, 0xCC, 0xD1, 0xD6, 0xE5, 0xC7, 0xDA, 0xEF, 0xD6, 0xD1, 0xCC,
    0xB9, 0xBE, 0xC3, 0xCC, 0xC7, 0xB2, 0x9A, 0x8D, 0x91, 0x96, 0xA8, 0xA3,
    0x97, 0x97, 0xA8, 0xB2, 0xB2, 0x9E, 0x97, 0x91, 0x91, 0x9F, 0x97, 0x99,
    0x99, 0x8E, 0x86, 0x96, 0x9F, 0x95, 0x85, 0x7D, 0x7D, 0x83, 0x83, 0x7D,
    0x8C, 0x80, 0x70, 0x78, 0x6C, 0x6C, 0x6B, 0x6C, 0x6C, 0x70, 0x76, 0x80,
    0x6C, 0x82, 0x82, 0x6B, 0x68, 0x5C, 0x57, 0x53, 0x53, 0x51, 0x4B, 0x45,
    0x4A, 0x49, 0x47, 0x4E, 0x49, 0x46, 0x40, 0x39, 0x36, 0x39, 0x40, 0x38,
    0x38, 0x3D, 0x37, 0x38, 0x45, 0x41, 0x39, 0x36, 0x3B, 0x47, 0x49, 0x49,
    0x47, 0x44, 0x43, 0x37, 0x2D, 0x24, 0x1D, 0x18, 0x13, 0x0B, 0x06, 0x03,
    0x02, 0x02, 0x03, 0x08, 0x0F, 0x16, 0x1C, 0x67, 0xB5, 0xB5, 0x67, 0x67,
    0x67, 0x67, 0x67, 0x67, 0x64, 0x64, 0x64, 0x64, 0x64, 0x64, 0x64, 0x64,
    0x63, 0x63, 0x63, 0x62, 0x62, 0x62, 0x62, 0x62, 0x62, 0x62, 0x62, 0x62,
    0x62, 0x62, 0x62, 0x62, 0x62, 0x62, 0x62, 0x62, 0x62, 0x62, 0x62, 0x62,
    0x62, 0x62, 0x62, 0x62, 0x62, 0x62, 0x62, 0x62, 0x62, 0x62, 0x62, 0x64,
    0x62, 0x6E, 0xFE, 0xFE, 0xFE, 0xFC, 0xFC, 0xF8, 0xF8, 0xF8, 0xF8, 0xF8,
    0xF8, 0xF8, 0xF8, 0xFC, 0xFC, 0xFC, 0xFE, 0xFE, 0xFE, 0xFE, 0xFE, 0xFF,
    0xCA, 0x23, 0x1A, 0x12, 0x08, 0x06, 0x07, 0x0F, 0x18, 0x20, 0x30, 0x38,
    0x3D, 0x40, 0x43, 0x3D, 0x3D, 0x3D, 0x42, 0x49, 0x49, 0x4A, 0x47, 0x4C,
    0x58, 0x55, 0x58, 0x57, 0x51, 0x65, 0x78, 0x85, 0x82, 0x7C, 0x82, 0x78,
    0x68, 0x5C, 0x5A, 0x57, 0x55, 0x58, 0x65, 0x70, 0x80, 0x85, 0x83, 0x82,
    0x80, 0x82, 0x7D, 0x7D, 0x75, 0x84, 0x81, 0x85, 0x99, 0x9B, 0xA6, 0xAE,
    0xAC, 0xA8, 0xA8, 0x9F, 0x8C, 0x83, 0x8A, 0x89, 0x8A, 0xAD, 0xBE, 0xA3,
    0xA8, 0xCC, 0xDA, 0xBE, 0xB9, 0xA3, 0xA8, 0xCC, 0xB9, 0xC7, 0xC7, 0xC7,
    0xB2, 0x9E, 0xCC, 0xDA, 0xDA, 0xDA, 0xE5, 0xEB, 0xEF, 0xEF, 0xE2, 0xED,
    0xEF, 0xEF, 0xF3, 0xF2, 0xEF, 0xF7, 0xF7, 0xEF, 0xF2, 0xF2, 0xEF, 0xEB,
    0xEF, 0xF3, 0xF3, 0xF7, 0xF3, 0xEC, 0xEB, 0xEF, 0xEF, 0xEB, 0xEF, 0xEF,
    0xEF, 0xF3, 0xF7, 0xF7, 0xF3, 0xF3, 0xED, 0xDE, 0xE2, 0xEB, 0xE5, 0xE5,
    0xD6, 0xCC, 0xE2, 0xEF, 0xEF, 0xE2, 0xCC, 0xDA, 0xC3, 0xC7, 0xDE, 0xEB,
    0xEC, 0xE5, 0xE5, 0xD1, 0xCC, 0xBE, 0xB2, 0xAD, 0xAD, 0xA8, 0x9A, 0x93,
    0x8D, 0x91, 0x8D, 0x91, 0x8A, 0x8A, 0x89, 0x83, 0x78, 0x68, 0x6B, 0x76,
    0x85, 0x85, 0x78, 0x91, 0x9E, 0x9B, 0x9B, 0xA6, 0xA6, 0x95, 0x87, 0x87,
    0x85, 0x7C, 0x7C, 0x78, 0x76, 0x7C, 0x7C, 0x78, 0x80, 0x8C, 0x87, 0x95,
    0x8C, 0x72, 0x65, 0x68, 0x6B, 0x5C, 0x51, 0x55, 0x4E, 0x53, 0x68, 0x68,
    0x5C, 0x5A, 0x55, 0x55, 0x4C, 0x4B, 0x4A, 0x45, 0x43, 0x47, 0x45, 0x45,
    0x51, 0x5C, 0x57, 0x57, 0x51, 0x43, 0x44, 0x52, 0x41, 0x3F, 0x37, 0x32,
    0x2D, 0x21, 0x1B, 0x16, 0x0F, 0x08, 0x04, 0x02, 0x02, 0x03, 0x06, 0x0C,
    0x12, 0x19, 0x67, 0xB5, 0xB5, 0xB5, 0xB5, 0x67, 0x67, 0x67, 0x67, 0x67,
    0x67, 0x64, 0x64, 0x64, 0x64, 0x64, 0x64, 0x64, 0x63, 0x63, 0x63, 0x62,
    0x62, 0x62, 0x62, 0x62, 0x62, 0x62, 0x62, 0x62, 0x62, 0x62, 0x62, 0x62,
    0x62, 0x62, 0x62, 0x62, 0x62, 0x62, 0x62, 0x62, 0x62, 0x62, 0x62, 0x62,
    0x62, 0x62, 0x62, 0x62, 0x62, 0x62, 0x62, 0x62, 0x64, 0x62, 0xE1, 0xFF,
    0xFE, 0xFE, 0xFC, 0xFC, 0xFC, 0xFC, 0xFC, 0xFC, 0xFC, 0xFC, 0xFE, 0xFE,
    0xFE, 0xFE, 0xFE, 0xFE, 0xFE, 0xFE, 0xFF, 0xFC, 0x48, 0x23, 0x19, 0x10,
    0x08, 0x06, 0x08, 0x11, 0x18, 0x20, 0x32, 0x37, 0x46, 0x57, 0x58, 0x53,
    0x51, 0x4B, 0x4E, 0x55, 0x53, 0x51, 0x4E, 0x58, 0x68, 0x76, 0x7C, 0x85,
    0x83, 0x80, 0x82, 0x80, 0x80, 0x70, 0x72, 0x78, 0x6B, 0x65, 0x68, 0x70,
    0x6C, 0x6C, 0x78, 0x72, 0x82, 0x87, 0x82, 0x8C, 0x95, 0x95, 0x8C, 0x84,
    0x86, 0x91, 0x8D, 0x92, 0x95, 0x8C, 0x87, 0xA6, 0xC3, 0xC7, 0xD5, 0xD1,
    0xBB, 0xAB, 0xA2, 0x9E, 0xAD, 0xAD, 0xA8, 0xA3, 0xC3, 0xE5, 0xE2, 0xC3,
    0xC7, 0xDE, 0xD1, 0xC7, 0xEB, 0xF3, 0xF3, 0xEF, 0xEF, 0xF2, 0xEF, 0xE5,
    0xE2, 0xDE, 0xD6, 0xD1, 0xDE, 0xEC, 0xE2, 0xCC, 0xDA, 0xE2, 0xDA, 0xD6,
    0xC7, 0xCC, 0xC7, 0xC3, 0xCC, 0xEC, 0xEF, 0xF3, 0xDE, 0xEF, 0xF3, 0xEF,
    0xE5, 0xE5, 0xD6, 0xE5, 0xF3, 0xEF, 0xEF, 0xEC, 0xED, 0xED, 0xEF, 0xEF,
    0xEB, 0xD1, 0xCC, 0xD6, 0xC7, 0xCC, 0xD1, 0xD1, 0xDA, 0xDA, 0xBE, 0xC7,
    0xC3, 0xB2, 0xB9, 0xB2, 0xA8, 0xB9, 0xB2, 0xC7, 0xC3, 0x9E, 0xA3, 0xAD,
    0xA8, 0xA3, 0xA3, 0xC3, 0xB2, 0xAD, 0xB9, 0xB9, 0xA8, 0xB2, 0xCC, 0xB9,
    0xA6, 0x93, 0xA6, 0xB3, 0xBA, 0xAE, 0xAE, 0xBB, 0xAB, 0xAE, 0x99, 0x85,
    0x7A, 0x7A, 0x7C, 0x76, 0x70, 0x82, 0x92, 0x85, 0x82, 0x80, 0x7C, 0x82,
    0x7C, 0x80, 0x72, 0x72, 0x76, 0x72, 0x6C, 0x6C, 0x76, 0x80, 0x6C, 0x6B,
    0x68, 0x53, 0x4A, 0x47, 0x4A, 0x49, 0x47, 0x4B, 0x4B, 0x46, 0x4B, 0x55,
    0x4E, 0x4A, 0x46, 0x43, 0x42, 0x41, 0x40, 0x40, 0x42, 0x3D, 0x39, 0x3B,
    0x3B, 0x3B, 0x38, 0x3B, 0x38, 0x34, 0x30, 0x21, 0x1F, 0x1C, 0x18, 0x12,
    0x0B, 0x05, 0x02, 0x02, 0x03, 0x05, 0x0A, 0x12, 0x17, 0x35, 0xB5, 0xB5,
    0xB5, 0xB5, 0xB5, 0xB5, 0x67, 0x67, 0x67, 0x67, 0x67, 0x64, 0x64, 0x64,
    0x64, 0x64, 0x64, 0x64, 0x63, 0x63, 0x63, 0x63, 0x62, 0x62, 0x62, 0x62,
    0x62, 0x62, 0x62, 0x62, 0x62, 0x62, 0x62, 0x62, 0x62, 0x62, 0x62, 0x62,
    0x62, 0x62, 0x62, 0x62, 0x62, 0x62, 0x62, 0x62, 0x62, 0x62, 0x62, 0x62,
    0x62, 0x62, 0x62, 0x64, 0x64, 0x64, 0x62, 0xF6, 0xFF, 0xFE, 0xFE, 0xFE,
    0xFE, 0xFE, 0xFE, 0xFE, 0xFE, 0xFE, 0xFE, 0xFE, 0xFF, 0xFF, 0xFF, 0xFF,
    0xFF, 0xFE, 0xFC, 0x61, 0x33, 0x1E, 0x17, 0x0D, 0x07, 0x06, 0x07, 0x0F,
    0x16, 0x1D, 0x2A, 0x2D, 0x38, 0x45, 0x49, 0x4B, 0x58, 0x5C, 0x58, 0x55,
    0x5A, 0x5A, 0x4C, 0x4A, 0x53, 0x4B, 0x47, 0x55, 0x68, 0x58, 0x5C, 0x65,
    0x68, 0x5C, 0x58, 0x5C, 0x5C, 0x65, 0x68, 0x6B, 0x6C, 0x76, 0x7C, 0x78,
    0x70, 0x72, 0x7C, 0x76, 0x72, 0x6C, 0x6C, 0x71, 0x75, 0x7D, 0x8A, 0x92,
    0x95, 0x8C, 0x99, 0x9B, 0x96, 0x91, 0x8B, 0x8D, 0x92, 0x82, 0x83, 0x97,
    0x9E, 0x9E, 0xB9, 0xAD, 0xAD, 0xCC, 0xB9, 0xA3, 0xA3, 0xAD, 0xC3, 0xB9,
    0xCC, 0xD6, 0xDE, 0xD1, 0xE5, 0xEF, 0xE5, 0xDE, 0xEC, 0xEF, 0xEF, 0xE5,
    0xEF, 0xEB, 0xEB, 0xEF, 0xED, 0xED, 0xEC, 0xEB, 0xF3, 0xF7, 0xF7, 0xF3,
    0xF7, 0xF7, 0xF7, 0xF3, 0xF8, 0xF8, 0xF8, 0xF8, 0xF3, 0xF7, 0xEF, 0xED,
    0xEC, 0xE2, 0xD6, 0xEC, 0xEF, 0xEC, 0xEB, 0xEC, 0xE2, 0xD1, 0xBE, 0xC3,
    0xB9, 0xB2, 0xA8, 0xB2, 0xC7, 0xE2, 0xE2, 0xE2, 0xED, 0xDA, 0xC7, 0xA3,
    0x97, 0x96, 0xCC, 0xC7, 0xB9, 0x9A, 0x8D, 0x89, 0x7D, 0x71, 0x75, 0x89,
    0x91, 0x8A, 0x86, 0x96, 0xA3, 0xA3, 0x97, 0x96, 0x9A, 0x96, 0x95, 0x8A,
    0x8A, 0x85, 0x82, 0x7C, 0x71, 0x6C, 0x75, 0x66, 0x5B, 0x5B, 0x5C, 0x53,
    0x51, 0x55, 0x57, 0x4E, 0x47, 0x43, 0x3D, 0x3D, 0x43, 0x4B, 0x46, 0x46,
    0x47, 0x46, 0x4C, 0x47, 0x46, 0x4E, 0x4C, 0x55, 0x6C, 0x6C, 0x70, 0x78,
    0x76, 0x6C, 0x6C, 0x6C, 0x5A, 0x4C, 0x4A, 0x49, 0x43, 0x46, 0x46, 0x46,
    0x40, 0x38, 0x38, 0x36, 0x2D, 0x2A, 0x29, 0x22, 0x22, 0x22, 0x22, 0x1F,
    0x22, 0x22, 0x21, 0x1C, 0x1B, 0x18, 0x13, 0x0B, 0x06, 0x03, 0x02, 0x02,
    0x04, 0x08, 0x10, 0x17, 0x2C, 0xB5, 0xB5, 0xB5, 0xB5, 0xB5, 0xB5, 0xB5,
    0x67, 0x67, 0x67, 0x67, 0x67, 0x64, 0x64, 0x64, 0x64, 0x64, 0x64, 0x64,
    0x63, 0x63, 0x63, 0x63, 0x62, 0x62, 0x62, 0x62, 0x62, 0x62, 0x62, 0x62,
    0x62, 0x62, 0x62, 0x62, 0x62, 0x62, 0x62, 0x62, 0x62, 0x62, 0x62, 0x62,
    0x62, 0x62, 0x62, 0x62, 0x62, 0x62, 0x62, 0x62, 0x64, 0x64, 0x64, 0x64,
    0x64, 0x64, 0x64, 0x64, 0xFC, 0xFF, 0xFE, 0xFE, 0xFE, 0xFE, 0xFE, 0xFE,
    0xFC, 0xFC, 0xFC, 0xFC, 0xFC, 0xFC, 0xFC, 0xF8, 0xF8, 0xD3, 0x61, 0x48,
    0x27, 0x1A, 0x14, 0x0A, 0x06, 0x04, 0x07, 0x0F, 0x18, 0x21, 0x32, 0x37,
    0x45, 0x4B, 0x47, 0x4C, 0x57, 0x53, 0x55, 0x51, 0x51, 0x51, 0x4B, 0x49,
    0x49, 0x38, 0x36, 0x3D, 0x34, 0x34, 0x36, 0x36, 0x39, 0x42, 0x4C, 0x51,
    0x51, 0x5A, 0x5C, 0x5C, 0x60, 0x58, 0x68, 0x87, 0x8C, 0x87, 0x99, 0x99,
    0x87, 0x8C, 0x95, 0x8A, 0x83, 0x89, 0x81, 0x76, 0x8A, 0x97, 0x8C, 0x87,
    0x89, 0x8B, 0x8D, 0x91, 0x92, 0x8C, 0x8D, 0x8A, 0x97, 0xAD, 0xC7, 0xDE,
    0xD1, 0xCC, 0xC7, 0xB2, 0xA3, 0x96, 0x9E, 0xC3, 0xD1, 0xC7, 0xA3, 0x97,
    0x9A, 0x97, 0x93, 0x9E, 0xBE, 0xC3, 0xBE, 0xD6, 0xDA, 0xDE, 0xD6, 0xE5,
    0xED, 0xEF, 0xEF, 0xEF, 0xEC, 0xE5, 0xE5, 0xED, 0xE2, 0xD6, 0xD6, 0xD1,
    0xEF, 0xEB, 0xEB, 0xEB, 0xE2, 0xEC, 0xEC, 0xEC, 0xEC, 0xE2, 0xDE, 0xE5,
    0xEF, 0xEF, 0xEB, 0xDE, 0xDA, 0xE5, 0xDE, 0xCC, 0xBE, 0xC3, 0xD6, 0xD6,
    0xDA, 0xD6, 0xE5, 0xEB, 0xD6, 0xBE, 0xB9, 0x9E, 0x8A, 0x9A, 0xAD, 0xA8,
    0xA3, 0xA3, 0xA8, 0xAD, 0x9E, 0xA8, 0xA8, 0xAD, 0xB2, 0xA8, 0xA8, 0x9B,
    0xA3, 0x91, 0x81, 0x82, 0x85, 0x80, 0x7C, 0x7A, 0x7A, 0x71, 0x6C, 0x7A,
    0x71, 0x5F, 0x66, 0x5B, 0x5B, 0x66, 0x5B, 0x4E, 0x4B, 0x5C, 0x6C, 0x5C,
    0x5C, 0x68, 0x6B, 0x68, 0x60, 0x65, 0x6C, 0x7C, 0x78, 0x7C, 0x80, 0x72,
    0x78, 0x6C, 0x60, 0x5C, 0x5C, 0x68, 0x58, 0x58, 0x58, 0x53, 0x6B, 0x60,
    0x4B, 0x47, 0x49, 0x4B, 0x47, 0x43, 0x43, 0x43, 0x3D, 0x3D, 0x43, 0x40,
    0x31, 0x34, 0x31, 0x34, 0x38, 0x31, 0x31, 0x29, 0x24, 0x24, 0x21, 0x1D,
    0x1B, 0x14, 0x0F, 0x08, 0x04, 0x02, 0x02, 0x04, 0x06, 0x0F, 0x16, 0x1F,
    0x6E, 0xB5, 0xB5, 0xB5, 0xB5, 0xB5, 0xB5, 0xB5, 0x67, 0x67, 0x67, 0x67,
    0x67, 0x64, 0x64, 0x64, 0x64, 0x64, 0x64, 0x63, 0x63, 0x63, 0x63, 0x63,
    0x63, 0x62, 0x62, 0x62, 0x62, 0x62, 0x62, 0x62, 0x62, 0x62, 0x62, 0x62,
    0x62, 0x62, 0x62, 0x62, 0x62, 0x62, 0x62, 0x62, 0x62, 0x62, 0x62, 0x62,
    0x62, 0x62, 0x62, 0x62, 0x64, 0x64, 0x64, 0x64, 0x64, 0x64, 0x64, 0x62,
    0x6E, 0xFF, 0xFE, 0xFC, 0xFC, 0xF8, 0xF0, 0xF0, 0xD3, 0xD3, 0xD3, 0xD3,
    0xCF, 0xCA, 0xA0, 0x8F, 0x88, 0x4F, 0x48, 0x2E, 0x1E, 0x17, 0x10, 0x08,
    0x04, 0x03, 0x05, 0x0B, 0x12, 0x19, 0x21, 0x2A, 0x32, 0x3E, 0x42, 0x46,
    0x4C, 0x4A, 0x4B, 0x47, 0x49, 0x4E, 0x4B, 0x4B, 0x4E, 0x49, 0x47, 0x4B,
    0x4B, 0x5A, 0x51, 0x55, 0x51, 0x53, 0x65, 0x65, 0x76, 0x76, 0x6B, 0x72,
    0x7C, 0x72, 0x70, 0x6C, 0x6C, 0x76, 0x7C, 0x76, 0x70, 0x70, 0x72, 0x76,
    0x76, 0x80, 0x80, 0x81, 0x84, 0x91, 0x95, 0x8C, 0x8B, 0x8B, 0x96, 0x91,
    0x96, 0x86, 0x81, 0x91, 0x9E, 0xA3, 0xA3, 0xB9, 0xC3, 0xBE, 0xA3, 0xA8,
    0xAD, 0x97, 0x96, 0xB2, 0xAD, 0xB2, 0xAD, 0xA8, 0xA8, 0xC7, 0xD6, 0xE5,
    0xE5, 0xEF, 0xEF, 0xEF, 0xEC, 0xE2, 0xCC, 0xD1, 0xC7, 0xBE, 0xC3, 0xC3,
    0xBE, 0xC7, 0xD6, 0xE2, 0xCC, 0xC3, 0xD1, 0xC7, 0xF7, 0xF7, 0xF7, 0xF3,
    0xEB, 0xED, 0xE2, 0xD6, 0xE2, 0xEC, 0xE2, 0xEB, 0xEF, 0xF2, 0xEB, 0xBE,
    0xB2, 0xB9, 0xB2, 0xAD, 0xA8, 0xA3, 0xD1, 0xDE, 0xD6, 0xCC, 0xB9, 0xC3,
    0xB2, 0x9E, 0xA8, 0xAD, 0xA3, 0xA8, 0x9A, 0xA3, 0x93, 0x86, 0x89, 0x8D,
    0x93, 0x9E, 0x9E, 0x9E, 0xB9, 0xAD, 0xBE, 0xB9, 0xA8, 0xB9, 0xC9, 0xB3,
    0xAE, 0xAB, 0xAE, 0xAD, 0xAD, 0xA4, 0x92, 0x9E, 0x9F, 0x8E, 0x8E, 0x8E,
    0x93, 0x8A, 0x86, 0x8A, 0x7C, 0x70, 0x78, 0x7C, 0x76, 0x76, 0x78, 0x65,
    0x60, 0x65, 0x5A, 0x58, 0x57, 0x53, 0x51, 0x5C, 0x60, 0x65, 0x5C, 0x53,
    0x5C, 0x6B, 0x60, 0x51, 0x4A, 0x51, 0x57, 0x55, 0x53, 0x51, 0x4E, 0x68,
    0x5C, 0x4E, 0x51, 0x4A, 0x40, 0x41, 0x41, 0x3D, 0x3D, 0x37, 0x2F, 0x2F,
    0x30, 0x30, 0x31, 0x29, 0x21, 0x1C, 0x1C, 0x1B, 0x16, 0x11, 0x08, 0x06,
    0x02, 0x02, 0x03, 0x06, 0x0A, 0x14, 0x19, 0x67, 0xB6, 0xB5, 0xB5, 0xB5,
    0xB5, 0xB5, 0xB5, 0x67, 0x67, 0x67, 0x67, 0x67, 0x67, 0x64, 0x64, 0x64,
    0x64, 0x64, 0x64, 0x63, 0x63, 0x63, 0x63, 0x63, 0x63, 0x62, 0x62, 0x62,
    0x62, 0x62, 0x62, 0x62, 0x35, 0x35, 0x35, 0x28, 0x28, 0x35, 0x35, 0x35,
    0x62, 0x62, 0x62, 0x62, 0x62, 0x62, 0x62, 0x62, 0x62, 0x62, 0x62, 0x64,
    0x64, 0x64, 0x64, 0x64, 0x64, 0x64, 0x64, 0x64, 0x62, 0xF4, 0xFE, 0xF8,
    0xF0, 0xD3, 0xA0, 0x8F, 0x88, 0x88, 0x88, 0x79, 0x79, 0x61, 0x61, 0x4F,
    0x48, 0x3C, 0x2E, 0x1E, 0x19, 0x12, 0x0C, 0x06, 0x03, 0x02, 0x03, 0x07,
    0x0D, 0x15, 0x19, 0x1F, 0x29, 0x32, 0x40, 0x56, 0x72, 0x60, 0x65, 0x60,
    0x57, 0x4E, 0x49, 0x49, 0x47, 0x45, 0x4E, 0x4A, 0x49, 0x4C, 0x55, 0x5A,
    0x53, 0x5C, 0x5A, 0x5C, 0x7C, 0x6C, 0x65, 0x6C, 0x7C, 0x85, 0x85, 0x87,
    0x8C, 0x8C, 0x95, 0x95, 0x8C, 0x80, 0x7C, 0x7C, 0x6B, 0x65, 0x76, 0x83,
    0x85, 0x85, 0x87, 0x85, 0x86, 0x7F, 0x7A, 0x75, 0x7A, 0x7D, 0x81, 0x97,
    0x9E, 0xAD, 0xB9, 0xB9, 0xA8, 0x9E, 0xA3, 0x97, 0x97, 0x97, 0x9A, 0xA3,
    0x9E, 0xA3, 0x97, 0x96, 0x91, 0x93, 0xBE, 0xCC, 0xCC, 0xE2, 0xE5, 0xEB,
    0xED, 0xEF, 0xF2, 0xF3, 0xF3, 0xF3, 0xF3, 0xF3, 0xF7, 0xF3, 0xF3, 0xF3,
    0xF7, 0xF3, 0xF3, 0xF3, 0xEF, 0xEF, 0xF3, 0xEF, 0xEC, 0xEC, 0xED, 0xEC,
    0xE2, 0xE2, 0xE2, 0xE5, 0xEB, 0xED, 0xEF, 0xEB, 0xD1, 0xE2, 0xE2, 0xDA,
    0xDE, 0xDE, 0xE5, 0xE5, 0xD1, 0xC3, 0xB9, 0xB9, 0xC7, 0xC3, 0xAD, 0xA3,
    0x93, 0x96, 0x97, 0xAD, 0x9A, 0x89, 0x8A, 0x8B, 0x93, 0x9D, 0xA8, 0x98,
    0x97, 0xA8, 0x92, 0x85, 0x84, 0x8B, 0x86, 0x7D, 0x92, 0x87, 0x8C, 0x92,
    0x8A, 0x83, 0x83, 0x81, 0x76, 0x69, 0x69, 0x71, 0x73, 0x71, 0x7A, 0x81,
    0x83, 0x83, 0x76, 0x6C, 0x68, 0x68, 0x6B, 0x65, 0x68, 0x70, 0x6B, 0x60,
    0x60, 0x58, 0x5C, 0x5A, 0x55, 0x55, 0x51, 0x4A, 0x46, 0x45, 0x42, 0x46,
    0x42, 0x39, 0x40, 0x43, 0x4E, 0x4A, 0x43, 0x45, 0x39, 0x38, 0x36, 0x31,
    0x31, 0x31, 0x31, 0x34, 0x37, 0x40, 0x3D, 0x31, 0x2A, 0x2A, 0x25, 0x1F,
    0x1C, 0x18, 0x15, 0x13, 0x0E, 0x08, 0x05, 0x02, 0x01, 0x02, 0x03, 0x08,
    0x10, 0x16, 0x2F, 0xB6, 0xB5, 0xB5, 0xB5, 0xB5, 0xB5, 0xB5, 0xB5, 0xB5,
    0x67, 0x67, 0x67, 0x67, 0x67, 0x64, 0x64, 0x64, 0x64, 0x64, 0x64, 0x63,
    0x63, 0x63, 0x63, 0x63, 0x63, 0x62, 0x62, 0x62, 0x62, 0x62, 0x62, 0x35,
    0x35, 0x28, 0x28, 0x1C, 0x1C, 0x28, 0x28, 0x28, 0x35, 0x62, 0x62, 0x62,
    0x62, 0x62, 0x62, 0x62, 0x62, 0x62, 0x62, 0x64, 0x64, 0x64, 0x64, 0x64,
    0x64, 0x64, 0x64, 0x64, 0x64, 0x64, 0xF2, 0xF0, 0xA0, 0x88, 0x61, 0x4F,
    0x4D, 0x48, 0x48, 0x48, 0x48, 0x3C, 0x3C, 0x33, 0x2E, 0x23, 0x1E, 0x19,
    0x15, 0x0D, 0x08, 0x04, 0x02, 0x01, 0x01, 0x04, 0x07, 0x0E, 0x13, 0x18,
    0x1C, 0x22, 0x2D, 0x38, 0x45, 0x41, 0x40, 0x40, 0x3D, 0x3D, 0x40, 0x3D,
    0x3D, 0x4A, 0x65, 0x5C, 0x5C, 0x53, 0x4B, 0x4A, 0x4E, 0x47, 0x45, 0x4A,
    0x51, 0x58, 0x5A, 0x4E, 0x4A, 0x58, 0x69, 0x75, 0x6B, 0x5C, 0x70, 0x80,
    0x78, 0x82, 0x7C, 0x75, 0x81, 0x7D, 0x81, 0x82, 0x74, 0x7C, 0x80, 0x85,
    0x94, 0x86, 0x7A, 0x86, 0x8A, 0x9E, 0xAD, 0x9A, 0xA8, 0xBE, 0xB2, 0xA8,
    0xA3, 0x9E, 0x9A, 0x9A, 0x9E, 0x9E, 0x97, 0x9E, 0xBE, 0xBA, 0xCE, 0xC4,
    0xAD, 0xA8, 0xAD, 0xBE, 0xBE, 0xBE, 0xB9, 0xB9, 0xB9, 0xCC, 0xBE, 0xCC,
    0xDE, 0xE2, 0xDA, 0xD1, 0xEB, 0xE5, 0xEB, 0xED, 0xED, 0xEB, 0xE5, 0xF3,
    0xF7, 0xF7, 0xF8, 0xF3, 0xF3, 0xEF, 0xEF, 0xF3, 0xF3, 0xF7, 0xF2, 0xEF,
    0xEF, 0xEF, 0xED, 0xED, 0xE5, 0xD6, 0xCC, 0xC7, 0xC7, 0xD6, 0xD6, 0xC3,
    0xAD, 0x9A, 0x97, 0xA3, 0xA3, 0x8D, 0x89, 0x8A, 0x97, 0x97, 0x91, 0x8A,
    0x81, 0x7A, 0x8D, 0x98, 0x91, 0x94, 0x94, 0x97, 0xA3, 0xA3, 0x99, 0x8C,
    0x81, 0x8C, 0x8D, 0x8E, 0x89, 0x7D, 0x70, 0x78, 0x80, 0x7C, 0x80, 0x6C,
    0x60, 0x57, 0x57, 0x5D, 0x57, 0x58, 0x56, 0x53, 0x53, 0x54, 0x57, 0x55,
    0x53, 0x55, 0x5C, 0x6B, 0x5A, 0x6B, 0x6B, 0x65, 0x53, 0x51, 0x4E, 0x4B,
    0x57, 0x55, 0x58, 0x57, 0x51, 0x60, 0x6C, 0x5C, 0x53, 0x47, 0x42, 0x41,
    0x43, 0x45, 0x41, 0x3D, 0x36, 0x36, 0x37, 0x34, 0x31, 0x31, 0x30, 0x30,
    0x2C, 0x2D, 0x25, 0x22, 0x1F, 0x1F, 0x1F, 0x1B, 0x18, 0x15, 0x11, 0x0B,
    0x07, 0x04, 0x02, 0x01, 0x01, 0x03, 0x06, 0x0D, 0x15, 0x1B, 0x6E, 0xB6,
    0xB5, 0xB5, 0xB5, 0xB5, 0xB5, 0xB5, 0xB5, 0xB5, 0x67, 0x67, 0x67, 0x67,
    0x67, 0x67, 0x64, 0x64, 0x64, 0x64, 0x64, 0x63, 0x63, 0x63, 0x63, 0x63,
    0x63, 0x63, 0x62, 0x62, 0x62, 0x62, 0x35, 0x28, 0x28, 0x1C, 0x18, 0x13,
    0x13, 0x13, 0x18, 0x1C, 0x28, 0x35, 0x62, 0x62, 0x62, 0x62, 0x62, 0x62,
    0x62, 0x62, 0x64, 0x64, 0x64, 0x64, 0x64, 0x64, 0x64, 0x64, 0x64, 0x64,
    0x64, 0x64, 0x6E, 0xCF, 0x88, 0x4F, 0x48, 0x33, 0x2E, 0x27, 0x27, 0x23,
    0x23, 0x23, 0x23, 0x1E, 0x1D, 0x1A, 0x17, 0x14, 0x0F, 0x0A, 0x06, 0x03,
    0x01, 0x01, 0x01, 0x03, 0x05, 0x09, 0x0E, 0x13, 0x18, 0x1B, 0x1F, 0x24,
    0x2C, 0x2F, 0x40, 0x46, 0x43, 0x3D, 0x41, 0x42, 0x40, 0x40, 0x38, 0x37,
    0x3D, 0x45, 0x4B, 0x46, 0x55, 0x57, 0x57, 0x53, 0x57, 0x5A, 0x53, 0x5C,
    0x6C, 0x78, 0x71, 0x7A, 0x87, 0x92, 0x8C, 0x95, 0x85, 0x82, 0x92, 0x91,
    0x91, 0x93, 0xAD, 0xA2, 0x95, 0x8C, 0x96, 0x8D, 0x89, 0x86, 0x84, 0x7D,
    0x81, 0x8A, 0x8A, 0x93, 0x93, 0x93, 0x93, 0x8A, 0x7D, 0x84, 0x84, 0x81,
    0x89, 0x9A, 0x97, 0xBE, 0x97, 0x8B, 0x94, 0xBF, 0xC4, 0xBF, 0xC3, 0xD6,
    0xD6, 0xDE, 0xDE, 0xC7, 0xC7, 0xC7, 0xD6, 0xC7, 0xD1, 0xD6, 0xCC, 0xC7,
    0xD6, 0xE2, 0xDE, 0xDA, 0xD1, 0xC3, 0xBE, 0xD1, 0xF2, 0xF3, 0xF3, 0xEF,
    0xEF, 0xED, 0xEF, 0xEF, 0xD6, 0xCC, 0xDA, 0xDE, 0xBE, 0xC7, 0xDA, 0xE2,
    0xE5, 0xEB, 0xD1, 0xD6, 0xD1, 0xAD, 0xB2, 0xAD, 0x9A, 0x91, 0xA8, 0xCC,
    0xD6, 0xC3, 0xBE, 0xB9, 0xB9, 0xB9, 0xA3, 0x9E, 0x93, 0x89, 0x84, 0x77,
    0x6D, 0x69, 0x75, 0x7E, 0x7A, 0x86, 0xA2, 0xB7, 0x99, 0x92, 0x95, 0x97,
    0x93, 0x91, 0x82, 0x85, 0x8C, 0x95, 0xA6, 0xB3, 0xA2, 0x99, 0x92, 0x85,
    0x70, 0x65, 0x66, 0x65, 0x59, 0x59, 0x5C, 0x4B, 0x4C, 0x5C, 0x58, 0x4B,
    0x46, 0x47, 0x41, 0x42, 0x40, 0x37, 0x36, 0x34, 0x36, 0x42, 0x46, 0x46,
    0x47, 0x4E, 0x49, 0x4B, 0x4A, 0x4B, 0x51, 0x46, 0x46, 0x46, 0x4E, 0x4C,
    0x43, 0x41, 0x40, 0x42, 0x38, 0x31, 0x34, 0x30, 0x2C, 0x29, 0x1F, 0x1D,
    0x1F, 0x1B, 0x18, 0x16, 0x14, 0x0E, 0x09, 0x06, 0x03, 0x01, 0x01, 0x01,
    0x03, 0x05, 0x0A, 0x12, 0x17, 0x50, 0xB6, 0xB5, 0xB5, 0xB5, 0xB5, 0xB5,
    0xB5, 0xB5, 0xB5, 0xB5, 0xB5, 0xB5, 0x67, 0x67, 0x67, 0x67, 0x64, 0x64,
    0x64, 0x64, 0x64, 0x64, 0x63, 0x63, 0x63, 0x63, 0x63, 0x63, 0x62, 0x62,
    0x62, 0x35, 0x28, 0x28, 0x18, 0x13, 0x13, 0x0E, 0x0E, 0x0E, 0x0E, 0x13,
    0x18, 0x28, 0x35, 0x62, 0x64, 0x62, 0x62, 0x64, 0x64, 0x64, 0x64, 0x64,
    0x64, 0x64, 0x64, 0x64, 0x64, 0x64, 0x64, 0x64, 0x64, 0x64, 0x64, 0xB0,
    0x61, 0x3C, 0x2E, 0x23, 0x1E, 0x1A, 0x1A, 0x1A, 0x1A, 0x1A, 0x19, 0x19,
    0x17, 0x16, 0x12, 0x10, 0x0A, 0x06, 0x04, 0x02, 0x01, 0x01, 0x00, 0x01,
    0x02, 0x04, 0x08, 0x0E, 0x12, 0x18, 0x1C, 0x25, 0x34, 0x40, 0x42, 0x46,
    0x49, 0x45, 0x42, 0x38, 0x39, 0x3D, 0x3D, 0x38, 0x34, 0x40, 0x45, 0x47,
    0x4A, 0x49, 0x53, 0x5A, 0x47, 0x4A, 0x4B, 0x51, 0x57, 0x68, 0x69, 0x69,
    0x76, 0x83, 0x82, 0x85, 0x7C, 0x83, 0x82, 0x8A, 0x84, 0x75, 0x7A, 0x75,
    0x76, 0x7E, 0x6D, 0x70, 0x89, 0x8A, 0x93, 0x89, 0x89, 0x91, 0x84, 0x7D,
    0x84, 0x81, 0x7A, 0x93, 0x9E, 0xA3, 0xC3, 0xAD, 0xAD, 0xAD, 0xA8, 0xA8,
    0xBE, 0xB2, 0x9E, 0x91, 0x93, 0x9E, 0x97, 0xA3, 0xA3, 0x9A, 0xAD, 0xDE,
    0xEB, 0xE2, 0xED, 0xEB, 0xE5, 0xEC, 0xED, 0xE2, 0xE2, 0xEF, 0xED, 0xEB,
    0xF3, 0xF7, 0xF3, 0xF7, 0x9A, 0xC3, 0xDA, 0xCC, 0xC7, 0xC3, 0xD1, 0xDA,
    0xB2, 0xB2, 0xC3, 0xBE, 0xB9, 0xD1, 0xE5, 0xE2, 0xEF, 0xF3, 0xEC, 0xE5,
    0xE5, 0xE5, 0xE2, 0xE2, 0xE2, 0xDA, 0xD6, 0xD6, 0xBE, 0xC7, 0xC3, 0xA3,
    0x97, 0x9E, 0xAD, 0x93, 0x89, 0x75, 0x69, 0x5B, 0x56, 0x5B, 0x66, 0x71,
    0x89, 0x93, 0x9E, 0xBE, 0xAB, 0x99, 0x91, 0x89, 0x83, 0x9B, 0x92, 0x97,
    0x9E, 0x98, 0xB3, 0xD0, 0xB9, 0x9B, 0x98, 0x8C, 0x7C, 0x7D, 0x72, 0x69,
    0x5B, 0x53, 0x4B, 0x4E, 0x53, 0x4E, 0x4C, 0x4C, 0x4B, 0x4A, 0x46, 0x46,
    0x43, 0x38, 0x38, 0x36, 0x34, 0x3D, 0x38, 0x34, 0x38, 0x37, 0x34, 0x38,
    0x40, 0x43, 0x46, 0x41, 0x40, 0x39, 0x38, 0x38, 0x39, 0x34, 0x37, 0x39,
    0x39, 0x36, 0x31, 0x30, 0x32, 0x2D, 0x21, 0x1D, 0x1D, 0x1A, 0x16, 0x12,
    0x0D, 0x09, 0x05, 0x03, 0x02, 0x01, 0x01, 0x02, 0x04, 0x08, 0x0F, 0x16,
    0x20, 0xB5, 0xB6, 0xB5, 0xB5, 0xB5, 0xB5, 0xB5, 0xB5, 0xB5, 0xB5, 0xB5,
    0xB5, 0xB5, 0x67, 0x67, 0x67, 0x67, 0x67, 0x67, 0x64, 0x64, 0x64, 0x64,
    0x64, 0x63, 0x63, 0x63, 0x63, 0x63, 0x62, 0x62, 0x62, 0x35, 0x28, 0x1C,
    0x13, 0x0E, 0x09, 0x05, 0x05, 0x05, 0x05, 0x09, 0x13, 0x18, 0x28, 0x35,
    0x63, 0x62, 0x64, 0x64, 0x64, 0x64, 0x64, 0x64, 0x64, 0x64, 0x64, 0x64,
    0x64, 0x64, 0x64, 0x64, 0x64, 0x64, 0x64, 0x67, 0x4D, 0x33, 0x23, 0x1D,
    0x19, 0x17, 0x17, 0x16, 0x16, 0x16, 0x16, 0x16, 0x14, 0x12, 0x10, 0x0D,
    0x0A, 0x08, 0x05, 0x03, 0x02, 0x01, 0x01, 0x01, 0x01, 0x01, 0x03, 0x06,
    0x0A, 0x11, 0x16, 0x1B, 0x20, 0x2A, 0x34, 0x38, 0x46, 0x4B, 0x4B, 0x46,
    0x51, 0x51, 0x51, 0x53, 0x49, 0x4B, 0x53, 0x5A, 0x68, 0x6C, 0x6C, 0x65,
    0x57, 0x4E, 0x4A, 0x4E, 0x4C, 0x4E, 0x49, 0x43, 0x4B, 0x4E, 0x55, 0x5A,
    0x5C, 0x65, 0x5C, 0x5B, 0x65, 0x60, 0x53, 0x60, 0x76, 0x75, 0x81, 0x97,
    0xBB, 0xC0, 0xAD, 0xA3, 0x97, 0x97, 0x9A, 0x9E, 0xA4, 0x8B, 0x8B, 0x9D,
    0xB3, 0xCC, 0xC3, 0x9E, 0x9A, 0x97, 0x96, 0x93, 0x9E, 0x8D, 0x86, 0x7D,
    0x7A, 0x75, 0x81, 0x97, 0xB9, 0xBE, 0xD6, 0xE2, 0xEC, 0xEC, 0xEB, 0xDE,
    0xDE, 0xEF, 0xEF, 0xEF, 0xF2, 0xF3, 0xF3, 0xF3, 0xF3, 0xF7, 0xF3, 0xEF,
    0xE2, 0xEB, 0xEC, 0xE5, 0xE5, 0xEB, 0xED, 0xE5, 0xD6, 0xDE, 0xD6, 0xD6,
    0xE2, 0xE5, 0xD6, 0xDA, 0xEC, 0xED, 0xED, 0xE5, 0xED, 0xF2, 0xEF, 0xDE,
    0xD1, 0xD1, 0xBE, 0x9E, 0x9E, 0xBE, 0xBE, 0xBE, 0xBE, 0xBE, 0xAD, 0xA8,
    0x97, 0x93, 0x86, 0x7D, 0x84, 0x84, 0x71, 0x5C, 0x60, 0x5B, 0x66, 0x71,
    0x6D, 0x6B, 0x66, 0x6B, 0x7C, 0x8C, 0x8C, 0x7A, 0x75, 0x7C, 0x85, 0x7C,
    0x70, 0x75, 0x75, 0x83, 0x85, 0x87, 0x82, 0x85, 0x91, 0x81, 0x72, 0x76,
    0x70, 0x5C, 0x65, 0x65, 0x5A, 0x55, 0x57, 0x5A, 0x55, 0x55, 0x4E, 0x46,
    0x4B, 0x4A, 0x3D, 0x40, 0x41, 0x39, 0x40, 0x4A, 0x42, 0x4C, 0x57, 0x51,
    0x4B, 0x46, 0x3D, 0x39, 0x39, 0x37, 0x3D, 0x43, 0x43, 0x45, 0x46, 0x40,
    0x37, 0x29, 0x1F, 0x1B, 0x16, 0x11, 0x0C, 0x08, 0x07, 0x05, 0x02, 0x01,
    0x01, 0x01, 0x01, 0x03, 0x06, 0x0C, 0x15, 0x1A, 0x50, 0xB6, 0xB5, 0xB5,
    0xB5, 0xB5, 0xB5, 0xB5, 0xB5, 0xB5, 0xB5, 0xB5, 0xB5, 0xB5, 0x67, 0x67,
    0x67, 0x67, 0x67, 0x67, 0x64, 0x64, 0x64, 0x64, 0x64, 0x63, 0x63, 0x63,
    0x63, 0x63, 0x63, 0x62, 0x35, 0x28, 0x1C, 0x13, 0x0E, 0x09, 0x05, 0x02,
    0x01, 0x01, 0x01, 0x03, 0x09, 0x13, 0x1C, 0x35, 0x62, 0x62, 0x64, 0x64,
    0x64, 0x64, 0x64, 0x64, 0x64, 0x64, 0x64, 0x64, 0x64, 0x64, 0x64, 0x64,
    0x64, 0x64, 0x64, 0x64, 0x50, 0x2E, 0x1E, 0x1A, 0x17, 0x15, 0x12, 0x12,
    0x12, 0x12, 0x12, 0x12, 0x12, 0x12, 0x10, 0x0D, 0x0C, 0x0A, 0x07, 0x06,
    0x04, 0x03, 0x02, 0x02, 0x01, 0x01, 0x01, 0x03, 0x06, 0x0A, 0x11, 0x16,
    0x1D, 0x22, 0x32, 0x42, 0x51, 0x5C, 0x5E, 0x6F, 0x6C, 0x68, 0x51, 0x4C,
    0x4B, 0x47, 0x4B, 0x4A, 0x4C, 0x65, 0x6C, 0x76, 0x7C, 0x65, 0x60, 0x65,
    0x5C, 0x65, 0x58, 0x58, 0x58, 0x51, 0x60, 0x65, 0x68, 0x65, 0x6D, 0x7A,
    0x7A, 0x7A, 0x7A, 0x75, 0x7A, 0x89, 0x8D, 0x89, 0x9B, 0x99, 0x9A, 0xA3,
    0x9E, 0x9E, 0xBE, 0xAD, 0x9D, 0x93, 0x8D, 0x92, 0x8B, 0x97, 0x9E, 0xB2,
    0xC3, 0xC3, 0xAD, 0xC7, 0xAD, 0x9E, 0x9E, 0xA3, 0x9E, 0x97, 0x97, 0xA3,
    0x9E, 0x93, 0x97, 0x96, 0x9E, 0xA3, 0xA3, 0xAD, 0xA8, 0xB2, 0xDE, 0xE5,
    0xE2, 0xDE, 0xE5, 0xE5, 0xDE, 0xE5, 0xD6, 0xDA, 0xDE, 0xEC, 0xD6, 0xD6,
    0xE5, 0xE5, 0xEB, 0xEF, 0xF3, 0xEF, 0xEF, 0xEC, 0xEF, 0xEF, 0xED, 0xEB,
    0xDE, 0xDE, 0xEC, 0xE5, 0xDE, 0xCC, 0xCC, 0xC7, 0xC7, 0xB9, 0xA3, 0x96,
    0xA3, 0xB9, 0xB2, 0xA8, 0xA8, 0xC3, 0xC7, 0xB9, 0xA3, 0xAD, 0xA8, 0x9D,
    0xAD, 0xC4, 0xA7, 0xAC, 0xA9, 0xA9, 0x9D, 0x8B, 0x8C, 0x92, 0x83, 0x87,
    0x97, 0x8C, 0x87, 0x84, 0x81, 0x70, 0x6C, 0x68, 0x60, 0x66, 0x69, 0x58,
    0x6B, 0x70, 0x72, 0x78, 0x81, 0x75, 0x82, 0x6C, 0x6B, 0x65, 0x57, 0x4E,
    0x4E, 0x47, 0x47, 0x57, 0x6C, 0x68, 0x6C, 0x5C, 0x60, 0x60, 0x55, 0x4C,
    0x47, 0x43, 0x40, 0x3D, 0x42, 0x45, 0x45, 0x47, 0x4E, 0x45, 0x4C, 0x53,
    0x49, 0x41, 0x40, 0x45, 0x41, 0x38, 0x40, 0x38, 0x2D, 0x1F, 0x1C, 0x18,
    0x13, 0x0C, 0x06, 0x03, 0x02, 0x01, 0x00, 0x00, 0x01, 0x02, 0x03, 0x07,
    0x0D, 0x12, 0x19, 0x23, 0xB5, 0xB6, 0xB6, 0xB6, 0xB5, 0xB5, 0xB5, 0xB5,
    0xB5, 0xB5, 0xB5, 0xB5, 0xB5, 0xB5, 0xB5, 0x67, 0x67, 0x67, 0x67, 0x67,
    0x64, 0x64, 0x64, 0x64, 0x64, 0x63, 0x63, 0x63, 0x63, 0x63, 0x63, 0x62,
    0x35, 0x28, 0x18, 0x13, 0x0E, 0x05, 0x02, 0x00, 0x00, 0x00, 0x00, 0x01,
    0x05, 0x0E, 0x18, 0x28, 0x62, 0x64, 0x64, 0x64, 0x64, 0x64, 0x64, 0x64,
    0x64, 0x64, 0x64, 0x64, 0x64, 0x64, 0x64, 0x64, 0x64, 0x64, 0x64, 0x64,
    0x67, 0x33, 0x1E, 0x1A, 0x17, 0x15, 0x12, 0x12, 0x14, 0x12, 0x14, 0x16,
    0x14, 0x14, 0x12, 0x12, 0x10, 0x0F, 0x0D, 0x0A, 0x08, 0x06, 0x04, 0x03,
    0x02, 0x02, 0x01, 0x02, 0x03, 0x06, 0x0B, 0x15, 0x1B, 0x22, 0x2D, 0x38,
    0x46, 0x60, 0x65, 0x6B, 0x68, 0x5A, 0x6B, 0x6B, 0x57, 0x4B, 0x43, 0x3D,
    0x3D, 0x36, 0x34, 0x34, 0x38, 0x39, 0x41, 0x4A, 0x55, 0x58, 0x5A, 0x5C,
    0x60, 0x5A, 0x5A, 0x5B, 0x70, 0x75, 0x75, 0x89, 0x8A, 0x8C, 0x9A, 0x97,
    0x89, 0x8A, 0x8D, 0x8C, 0x92, 0x8C, 0x8D, 0x8D, 0x8D, 0x8A, 0x89, 0x89,
    0x84, 0x7E, 0x86, 0x84, 0x91, 0x97, 0x9E, 0xAD, 0xB9, 0xBE, 0xB9, 0xC3,
    0xB9, 0xCC, 0xDE, 0xE2, 0xDA, 0xE5, 0xEF, 0xE5, 0xDA, 0xDE, 0xE5, 0xDA,
    0xD1, 0xD6, 0xDA, 0xE2, 0xEC, 0xEF, 0xEF, 0xE2, 0xEB, 0xDA, 0xD6, 0xD1,
    0xD6, 0xDA, 0xDA, 0xDA, 0xF3, 0xEF, 0xEF, 0xF7, 0xF7, 0xEF, 0xEF, 0xEF,
    0xF3, 0xEF, 0xED, 0xEC, 0xEB, 0xEB, 0xE2, 0xD6, 0xCC, 0xCC, 0xC7, 0xBE,
    0xAD, 0xB2, 0xA8, 0x97, 0x9E, 0x96, 0x8A, 0x8D, 0x93, 0x8D, 0xA8, 0xBE,
    0xBE, 0x9A, 0x97, 0xA8, 0x97, 0x8A, 0x8A, 0x86, 0x7B, 0x6D, 0x66, 0x81,
    0x85, 0x76, 0x71, 0x6D, 0x69, 0x75, 0x6D, 0x66, 0x56, 0x54, 0x60, 0x6D,
    0x69, 0x6B, 0x68, 0x6C, 0x6C, 0x70, 0x7C, 0x72, 0x65, 0x6B, 0x68, 0x5C,
    0x5A, 0x58, 0x53, 0x4B, 0x57, 0x53, 0x51, 0x51, 0x4E, 0x47, 0x3D, 0x38,
    0x31, 0x36, 0x36, 0x39, 0x38, 0x38, 0x39, 0x45, 0x42, 0x3D, 0x37, 0x39,
    0x40, 0x47, 0x42, 0x39, 0x46, 0x46, 0x43, 0x42, 0x3D, 0x38, 0x37, 0x39,
    0x34, 0x2A, 0x22, 0x20, 0x1C, 0x18, 0x13, 0x0E, 0x09, 0x05, 0x03, 0x01,
    0x01, 0x01, 0x01, 0x02, 0x03, 0x05, 0x08, 0x0D, 0x14, 0x17, 0x1E, 0x50,
    0xB6, 0xB6, 0xB6, 0xB6, 0xB5, 0xB5, 0xB5, 0xB5, 0xB5, 0xB5, 0xB5, 0xB5,
    0xB5, 0xB5, 0x67, 0x67, 0x67, 0x67, 0x67, 0x67, 0x64, 0x64, 0x64, 0x64,
    0x64, 0x63, 0x63, 0x63, 0x63, 0x63, 0x63, 0x35, 0x35, 0x28, 0x18, 0x13,
    0x09, 0x05, 0x02, 0x00, 0x00, 0x00, 0x00, 0x00, 0x02, 0x09, 0x13, 0x28,
    0x35, 0x64, 0x64, 0x64, 0x64, 0x64, 0x64, 0x64, 0x64, 0x64, 0x64, 0x64,
    0x64, 0x64, 0x64, 0x64, 0x64, 0x64, 0x64, 0x64, 0x67, 0x44, 0x23, 0x1A,
    0x19, 0x17, 0x17, 0x17, 0x17, 0x19, 0x19, 0x19, 0x19, 0x17, 0x17, 0x17,
    0x17, 0x17, 0x16, 0x12, 0x10, 0x0D, 0x0A, 0x08, 0x05, 0x03, 0x02, 0x02,
    0x01, 0x03, 0x07, 0x10, 0x16, 0x1C, 0x22, 0x32, 0x39, 0x46, 0x49, 0x49,
    0x47, 0x41, 0x4A, 0x51, 0x4A, 0x49, 0x4B, 0x45, 0x45, 0x46, 0x4A, 0x4A,
    0x4C, 0x53, 0x53, 0x5A, 0x6C, 0x70, 0x6C, 0x7C, 0x83, 0x82, 0x76, 0x75,
    0x81, 0x82, 0x85, 0x82, 0x80, 0x7C, 0x80, 0x82, 0x82, 0x7A, 0x7D, 0x8D,
    0x8A, 0x86, 0x8A, 0x91, 0x86, 0x7E, 0x7E, 0x7A, 0x71, 0x6D, 0x75, 0x7A,
    0x7E, 0x86, 0x8D, 0x8D, 0xBE, 0xE2, 0xBE, 0x9A, 0xA8, 0xBE, 0xA3, 0x91,
    0x8A, 0x8D, 0x91, 0x81, 0x8A, 0x9A, 0x91, 0x8D, 0x96, 0x9E, 0xBE, 0xC7,
    0x97, 0x9A, 0x97, 0xA8, 0xB9, 0xBE, 0xD1, 0xD1, 0xEB, 0xEF, 0xDA, 0xE2,
    0xEF, 0xEF, 0xF2, 0xF3, 0xF3, 0xF3, 0xF7, 0xF7, 0xF7, 0xF3, 0xF2, 0xEF,
    0xEB, 0xEB, 0xEC, 0xE2, 0xDA, 0xD6, 0xE5, 0xEB, 0xEC, 0xE5, 0xDA, 0xE5,
    0xEF, 0xEC, 0xDA, 0xDE, 0xEB, 0xDE, 0xCC, 0xA8, 0xA3, 0xA3, 0xA3, 0x9E,
    0x97, 0x84, 0x7A, 0x84, 0x81, 0x75, 0x65, 0x75, 0x7C, 0x70, 0x7A, 0x7A,
    0x86, 0x97, 0x97, 0x93, 0x8A, 0x97, 0x97, 0xA2, 0x93, 0x8C, 0x8D, 0x85,
    0x78, 0x73, 0x78, 0x70, 0x68, 0x78, 0x6B, 0x65, 0x70, 0x6C, 0x60, 0x51,
    0x4C, 0x4B, 0x43, 0x41, 0x3D, 0x46, 0x4B, 0x47, 0x47, 0x4C, 0x4B, 0x4C,
    0x51, 0x46, 0x41, 0x40, 0x42, 0x3D, 0x39, 0x40, 0x40, 0x46, 0x41, 0x39,
    0x36, 0x34, 0x3F, 0x38, 0x34, 0x30, 0x34, 0x31, 0x29, 0x21, 0x1D, 0x19,
    0x18, 0x12, 0x0C, 0x07, 0x05, 0x03, 0x02, 0x01, 0x01, 0x02, 0x02, 0x03,
    0x06, 0x0A, 0x10, 0x12, 0x16, 0x33, 0xF7, 0xF4, 0xB6, 0xB6, 0xB6, 0xB6,
    0xB6, 0xB5, 0xB5, 0xB5, 0xB5, 0xB5, 0xB5, 0xB5, 0xB5, 0xB5, 0x67, 0x67,
    0x67, 0x67, 0x67, 0x67, 0x64, 0x64, 0x64, 0x64, 0x64, 0x63, 0x63, 0x63,
    0x63, 0x63, 0x63, 0x35, 0x35, 0x28, 0x18, 0x13, 0x09, 0x05, 0x02, 0x00,
    0x00, 0x00, 0x00, 0x00, 0x03, 0x09, 0x13, 0x28, 0x35, 0x63, 0x64, 0x64,
    0x64, 0x64, 0x64, 0x64, 0x64, 0x64, 0x64, 0x64, 0x64, 0x64, 0x64, 0x64,
    0x64, 0x64, 0x64, 0x64, 0x64, 0x67, 0x3C, 0x27, 0x1E, 0x1A, 0x1A, 0x19,
    0x19, 0x16, 0x14, 0x10, 0x0C, 0x0A, 0x0A, 0x0C, 0x0F, 0x12, 0x14, 0x16,
    0x16, 0x16, 0x12, 0x0F, 0x08, 0x06, 0x03, 0x02, 0x01, 0x01, 0x03, 0x07,
    0x11, 0x18, 0x1F, 0x29, 0x36, 0x3D, 0x42, 0x44, 0x4A, 0x4B, 0x51, 0x4C,
    0x58, 0x60, 0x70, 0x6C, 0x60, 0x68, 0x70, 0x6C, 0x76, 0x78, 0x7C, 0x72,
    0x6C, 0x68, 0x6B, 0x60, 0x60, 0x6C, 0x70, 0x66, 0x75, 0x87, 0x95, 0x8C,
    0x95, 0xAB, 0x9B, 0x8C, 0x95, 0x95, 0x8A, 0x8A, 0x89, 0x8A, 0x96, 0x93,
    0x98, 0xB3, 0xB2, 0xB2, 0xB2, 0xBA, 0xBA, 0xA8, 0x9B, 0xB2, 0xCC, 0xB2,
    0xA3, 0xB9, 0xA8, 0xAD, 0xB2, 0xA8, 0x96, 0x96, 0x9A, 0x93, 0x93, 0x8D,
    0x96, 0x91, 0x9A, 0xA3, 0x9E, 0xC7, 0xDA, 0xEF, 0xEC, 0xEB, 0xEC, 0xEF,
    0xEF, 0xEC, 0xF2, 0xEF, 0xE5, 0xEB, 0xED, 0xEF, 0xEC, 0xE2, 0xF3, 0xF7,
    0xF2, 0xF3, 0xF3, 0xF3, 0xEF, 0xF2, 0xEF, 0xE2, 0xD6, 0xC3, 0xB2, 0xB9,
    0xC3, 0xAD, 0xA8, 0xAD, 0xBE, 0xCC, 0xD1, 0xD6, 0xD1, 0xD1, 0xC7, 0xDA,
    0xD1, 0xB9, 0xB2, 0xBE, 0xB9, 0xA8, 0xD1, 0xDA, 0xDA, 0xD6, 0xCC, 0xD6,
    0xDE, 0xDE, 0xE2, 0xCC, 0xBE, 0xB3, 0xAB, 0x9B, 0x9F, 0x9F, 0x9F, 0x91,
    0x9A, 0x9A, 0x9E, 0x98, 0x8E, 0x84, 0x7C, 0x83, 0x7F, 0x6C, 0x6C, 0x70,
    0x76, 0x78, 0x76, 0x76, 0x72, 0x78, 0x72, 0x70, 0x6B, 0x6B, 0x58, 0x5C,
    0x55, 0x4E, 0x55, 0x58, 0x57, 0x57, 0x5A, 0x6B, 0x80, 0x7C, 0x70, 0x5C,
    0x58, 0x53, 0x51, 0x4E, 0x4A, 0x41, 0x3D, 0x42, 0x45, 0x43, 0x41, 0x37,
    0x34, 0x34, 0x34, 0x29, 0x1F, 0x1B, 0x19, 0x15, 0x11, 0x0B, 0x07, 0x04,
    0x03, 0x01, 0x01, 0x01, 0x02, 0x03, 0x04, 0x07, 0x0D, 0x10, 0x12, 0x1E,
    0x8F, 0xFF, 0xFE, 0xB6, 0xB6, 0xB6, 0xB6, 0xB6, 0xB6, 0xB6, 0xB5, 0xB5,
    0xB5, 0xB5, 0xB5, 0xB5, 0xB5, 0xB5, 0xB5, 0x67, 0x67, 0x67, 0x67, 0x67,
    0x64, 0x64, 0x64, 0x64, 0x64, 0x63, 0x63, 0x63, 0x63, 0x63, 0x63, 0x35,
    0x35, 0x28, 0x18, 0x13, 0x09, 0x05, 0x02, 0x01, 0x00, 0x00, 0x00, 0x01,
    0x05, 0x09, 0x13, 0x28, 0x35, 0x63, 0x64, 0x64, 0x64, 0x64, 0x64, 0x64,
    0x64, 0x64, 0x64, 0x64, 0x64, 0x64, 0x64, 0x64, 0x64, 0x64, 0xB5, 0xB5,
    0xB5, 0x67, 0x33, 0x1E, 0x19, 0x16, 0x12, 0x0D, 0x08, 0x06, 0x04, 0x03,
    0x03, 0x04, 0x04, 0x05, 0x05, 0x04, 0x05, 0x06, 0x06, 0x0A, 0x12, 0x16,
    0x12, 0x0C, 0x08, 0x04, 0x02, 0x02, 0x03, 0x05, 0x0A, 0x15, 0x1B, 0x24,
    0x30, 0x34, 0x34, 0x3A, 0x40, 0x46, 0x47, 0x43, 0x55, 0x60, 0x55, 0x53,
    0x4E, 0x4B, 0x4E, 0x5C, 0x5A, 0x65, 0x6B, 0x78, 0x80, 0x76, 0x7C, 0x82,
    0x6C, 0x6C, 0x5B, 0x6D, 0x7D, 0x83, 0x80, 0x83, 0x87, 0x9B, 0x9B, 0x92,
    0x80, 0x84, 0x7E, 0x6D, 0x6D, 0x75, 0x73, 0x7A, 0x8B, 0x91, 0x8D, 0xA8,
    0x9F, 0x93, 0x94, 0x9D, 0x98, 0xB2, 0x97, 0x9A, 0xB2, 0xB2, 0xAD, 0xC7,
    0xE2, 0xE5, 0xE5, 0xDE, 0xEC, 0xF3, 0xF3, 0xEF, 0xEC, 0xEF, 0xF3, 0xF2,
    0xEF, 0xEF, 0xEF, 0xEF, 0xED, 0xF3, 0xF3, 0xF2, 0xEF, 0xED, 0xDE, 0xEB,
    0xE5, 0xE2, 0xEF, 0xEC, 0xF7, 0xF7, 0xF7, 0xF3, 0xF3, 0xE2, 0xDE, 0xD1,
    0xCC, 0xC3, 0xC7, 0xB9, 0xC3, 0xDA, 0xD6, 0xDE, 0xC7, 0xB9, 0xB9, 0xD1,
    0xB2, 0xA8, 0xAD, 0x9A, 0xB2, 0xC3, 0xA8, 0x9E, 0xA8, 0xA3, 0x9E, 0xB9,
    0xDE, 0xDE, 0xDA, 0xD1, 0xBE, 0xC3, 0xCC, 0xD1, 0xC7, 0xC3, 0xC3, 0xAD,
    0xC3, 0xB9, 0xBA, 0xAB, 0xB2, 0xB2, 0x99, 0x95, 0x95, 0x93, 0x96, 0x89,
    0x89, 0x83, 0x78, 0x82, 0x92, 0x8C, 0x8C, 0x7C, 0x85, 0x95, 0x95, 0x87,
    0x85, 0x82, 0x72, 0x6C, 0x76, 0x70, 0x6B, 0x76, 0x76, 0x68, 0x58, 0x53,
    0x4C, 0x4C, 0x4B, 0x4E, 0x46, 0x46, 0x43, 0x51, 0x57, 0x4E, 0x40, 0x41,
    0x45, 0x40, 0x3D, 0x38, 0x37, 0x36, 0x38, 0x36, 0x34, 0x32, 0x32, 0x29,
    0x1D, 0x18, 0x14, 0x0F, 0x09, 0x05, 0x03, 0x01, 0x01, 0x01, 0x02, 0x02,
    0x04, 0x06, 0x0A, 0x10, 0x12, 0x17, 0x4F, 0xFC, 0xFF, 0xFF, 0xF6, 0xB6,
    0xE7, 0xB6, 0xB6, 0xB6, 0xB6, 0xB6, 0xB5, 0xB5, 0xB5, 0xB5, 0xB5, 0xB5,
    0xB5, 0xB5, 0xB5, 0x67, 0x67, 0x67, 0x67, 0x67, 0x67, 0x64, 0x64, 0x64,
    0x64, 0x63, 0x63, 0x63, 0x63, 0x63, 0x63, 0x35, 0x35, 0x28, 0x18, 0x13,
    0x0E, 0x05, 0x05, 0x02, 0x01, 0x01, 0x01, 0x03, 0x05, 0x0E, 0x13, 0x28,
    0x35, 0x63, 0x64, 0x64, 0x64, 0x64, 0x64, 0x64, 0x64, 0x64, 0x64, 0x64,
    0x64, 0x64, 0x64, 0xB5, 0xB5, 0x67, 0x63, 0x35, 0x28, 0x18, 0x14, 0x0F,
    0x0C, 0x08, 0x08, 0x08, 0x0A, 0x0D, 0x12, 0x15, 0x17, 0x17, 0x19, 0x19,
    0x17, 0x17, 0x16, 0x14, 0x0F, 0x08, 0x06, 0x07, 0x12, 0x15, 0x0D, 0x07,
    0x04, 0x02, 0x02, 0x03, 0x07, 0x11, 0x19, 0x22, 0x34, 0x3D, 0x39, 0x3F,
    0x40, 0x3D, 0x40, 0x40, 0x45, 0x49, 0x4A, 0x55, 0x58, 0x60, 0x58, 0x5C,
    0x65, 0x57, 0x4B, 0x4C, 0x51, 0x4A, 0x4A, 0x55, 0x6C, 0x76, 0x92, 0x8C,
    0x87, 0x8C, 0x82, 0x80, 0x80, 0x70, 0x65, 0x5C, 0x5A, 0x5C, 0x75, 0x7A,
    0x7D, 0x82, 0x7B, 0x86, 0x9E, 0x93, 0x86, 0x8D, 0x89, 0x81, 0x8A, 0x8D,
    0x8D, 0x9A, 0x9E, 0x9E, 0xA3, 0xB9, 0xCC, 0xD6, 0xEC, 0xDE, 0xBE, 0xC3,
    0xDE, 0xEF, 0xEF, 0xEF, 0xEF, 0xEF, 0xF7, 0xF3, 0xEF, 0xE2, 0xE2, 0xEB,
    0xDE, 0xE5, 0xDE, 0xED, 0xEC, 0xE5, 0xEF, 0xEF, 0xED, 0xF3, 0xF3, 0xED,
    0xF2, 0xEF, 0xED, 0xEB, 0xEF, 0xF2, 0xED, 0xE2, 0xDA, 0xE5, 0xEF, 0xEF,
    0xED, 0xED, 0xEF, 0xDE, 0xC3, 0xBE, 0x9A, 0x96, 0x9E, 0x93, 0x8A, 0x9A,
    0xAD, 0xB9, 0xE5, 0xE5, 0xD1, 0xC7, 0xBE, 0xB2, 0xAD, 0xA3, 0x93, 0x9A,
    0x9E, 0x93, 0x91, 0x93, 0x93, 0x96, 0x9E, 0x96, 0x86, 0x89, 0x92, 0x9B,
    0x8C, 0x82, 0x7C, 0x85, 0x8A, 0x8A, 0x8D, 0x8C, 0x95, 0x95, 0x83, 0x7C,
    0x82, 0x95, 0x8C, 0x83, 0x7C, 0x83, 0x8C, 0x7C, 0x7C, 0x82, 0x87, 0x83,
    0x72, 0x6C, 0x68, 0x68, 0x6B, 0x5C, 0x4C, 0x57, 0x65, 0x6B, 0x70, 0x68,
    0x5C, 0x55, 0x57, 0x58, 0x60, 0x58, 0x4E, 0x47, 0x46, 0x4E, 0x55, 0x4A,
    0x55, 0x4B, 0x43, 0x3F, 0x40, 0x32, 0x2B, 0x22, 0x1B, 0x16, 0x11, 0x0B,
    0x07, 0x03, 0x02, 0x01, 0x01, 0x02, 0x03, 0x06, 0x08, 0x0D, 0x10, 0x12,
    0x23, 0xD3, 0xFC, 0xFC, 0xFE, 0xFE, 0xE7, 0xB6, 0xE7, 0xB6, 0xB6, 0xB6,
    0xB6, 0xB6, 0xB6, 0xB5, 0xB5, 0xB5, 0xB5, 0xB5, 0xB5, 0xB5, 0xB5, 0xB5,
    0x67, 0x67, 0x67, 0x67, 0x67, 0x67, 0x64, 0x64, 0x64, 0x63, 0x63, 0x63,
    0x63, 0x63, 0x63, 0x35, 0x35, 0x28, 0x1C, 0x13, 0x0E, 0x09, 0x05, 0x05,
    0x03, 0x03, 0x03, 0x05, 0x09, 0x13, 0x18, 0x28, 0x35, 0x64, 0x64, 0x64,
    0x64, 0x64, 0x64, 0x64, 0x64, 0x64, 0x64, 0x64, 0xB5, 0x67, 0x64, 0x35,
    0x28, 0x1C, 0x16, 0x10, 0x0D, 0x0A, 0x0C, 0x0C, 0x10, 0x16, 0x17, 0x1A,
    0x1E, 0x23, 0x23, 0x27, 0x2E, 0x33, 0x33, 0x33, 0x33, 0x33, 0x33, 0x33,
    0x2E, 0x27, 0x1E, 0x17, 0x0F, 0x15, 0x14, 0x0D, 0x06, 0x03, 0x02, 0x02,
    0x06, 0x0E, 0x18, 0x21, 0x32, 0x3E, 0x46, 0x60, 0x5C, 0x57, 0x57, 0x53,
    0x53, 0x4E, 0x5A, 0x5C, 0x55, 0x55, 0x4C, 0x49, 0x49, 0x53, 0x55, 0x51,
    0x57, 0x5A, 0x5A, 0x6C, 0x6B, 0x6C, 0x6C, 0x72, 0x76, 0x78, 0x87, 0x87,
    0x87, 0x8C, 0x83, 0x83, 0x95, 0x8D, 0x7E, 0x86, 0x85, 0x78, 0x7C, 0x7C,
    0x76, 0x71, 0x7A, 0x75, 0x7A, 0x86, 0x93, 0x93, 0x93, 0x9A, 0x9A, 0x97,
    0x8A, 0x97, 0x9A, 0xB9, 0xD1, 0xC7, 0xBE, 0xAD, 0xA8, 0xAD, 0xC3, 0xD1,
    0xDE, 0xCC, 0xC7, 0xD1, 0xDA, 0xE5, 0xDA, 0xC7, 0xDA, 0xED, 0xED, 0xE5,
    0xED, 0xED, 0xEF, 0xEF, 0xED, 0xEF, 0xF3, 0xF2, 0xF3, 0xEF, 0xEC, 0xED,
    0xEB, 0xE2, 0xE5, 0xE5, 0xDA, 0xDA, 0xD6, 0xD6, 0xD1, 0xE5, 0xE5, 0xD1,
    0xC3, 0xBE, 0xCC, 0xD1, 0xD6, 0xC7, 0xC7, 0xD6, 0xD1, 0xB9, 0xC7, 0xB2,
    0x97, 0x97, 0x96, 0x8D, 0x75, 0x6D, 0x89, 0x9A, 0x9E, 0x9E, 0x97, 0x96,
    0x98, 0x94, 0xA8, 0x9D, 0x91, 0x8D, 0x85, 0x80, 0x74, 0x70, 0x70, 0x6C,
    0x6C, 0x70, 0x80, 0x99, 0x99, 0x92, 0x8C, 0x87, 0x7C, 0x7C, 0x78, 0x6C,
    0x65, 0x6B, 0x68, 0x65, 0x80, 0x87, 0x85, 0x82, 0x7C, 0x80, 0x7C, 0x72,
    0x5C, 0x55, 0x51, 0x53, 0x60, 0x6B, 0x76, 0x6B, 0x6C, 0x6B, 0x6B, 0x58,
    0x57, 0x57, 0x53, 0x4E, 0x57, 0x5A, 0x58, 0x5A, 0x57, 0x55, 0x49, 0x41,
    0x38, 0x2A, 0x20, 0x1B, 0x15, 0x11, 0x08, 0x05, 0x03, 0x01, 0x01, 0x01,
    0x02, 0x04, 0x06, 0x0A, 0x10, 0x12, 0x19, 0x4F, 0xF8, 0xA0, 0x88, 0xFC,
    0xFE, 0xFC, 0xB6, 0xE7, 0xE7, 0xB6, 0xB6, 0xB6, 0xB6, 0xB6, 0xB6, 0xB5,
    0xB5, 0xB5, 0xB5, 0xB5, 0xB5, 0xB5, 0xB5, 0x67, 0x67, 0x67, 0x67, 0x67,
    0x67, 0x67, 0x67, 0x64, 0x64, 0x63, 0x63, 0x63, 0x63, 0x63, 0x63, 0x62,
    0x35, 0x28, 0x1C, 0x18, 0x13, 0x0E, 0x09, 0x09, 0x05, 0x05, 0x07, 0x09,
    0x0E, 0x13, 0x1C, 0x28, 0x35, 0x64, 0x64, 0x64, 0x64, 0x64, 0x64, 0x64,
    0x64, 0x67, 0xB5, 0x67, 0x35, 0x28, 0x1C, 0x14, 0x10, 0x0F, 0x0D, 0x0F,
    0x11, 0x15, 0x19, 0x1D, 0x23, 0x27, 0x2E, 0x33, 0x3C, 0x3C, 0x3C, 0x48,
    0x48, 0x48, 0x48, 0x48, 0x48, 0x48, 0x48, 0x48, 0x48, 0x4D, 0x4D, 0x48,
    0x3C, 0x1E, 0x19, 0x12, 0x0C, 0x06, 0x03, 0x02, 0x05, 0x0B, 0x15, 0x1C,
    0x2D, 0x39, 0x3D, 0x4B, 0x4E, 0x57, 0x58, 0x58, 0x5A, 0x53, 0x51, 0x4C,
    0x4A, 0x55, 0x58, 0x4E, 0x4B, 0x5A, 0x6C, 0x6B, 0x70, 0x6C, 0x65, 0x65,
    0x72, 0x6C, 0x6C, 0x78, 0x6C, 0x6C, 0x6C, 0x70, 0x7C, 0x87, 0x82, 0x78,
    0x85, 0x87, 0x86, 0x7E, 0x7A, 0x7C, 0x82, 0x74, 0x76, 0x86, 0x93, 0xA4,
    0x98, 0x95, 0x9B, 0x96, 0x96, 0x97, 0x84, 0x7D, 0x81, 0x7D, 0x81, 0x96,
    0xA3, 0xB9, 0xB9, 0xC7, 0xC7, 0xB2, 0xB2, 0xC7, 0xC7, 0xC3, 0xC7, 0xBE,
    0xC3, 0xC3, 0xC3, 0xA8, 0xB9, 0xE5, 0xE2, 0xDA, 0xEF, 0xF3, 0xEF, 0xEF,
    0xEF, 0xE5, 0xED, 0xE5, 0xE5, 0xEB, 0xEC, 0xEC, 0xDE, 0xD6, 0xDA, 0xDA,
    0xC7, 0xB2, 0xB2, 0xBE, 0xC3, 0xDA, 0xE2, 0xDA, 0xD6, 0xDE, 0xDE, 0xE2,
    0xDA, 0xD6, 0xC3, 0xED, 0xF3, 0xEF, 0xE5, 0xDA, 0xD1, 0xCC, 0xD6, 0xC7,
    0xA8, 0x96, 0x93, 0x96, 0x8D, 0x96, 0x97, 0x98, 0x91, 0x7F, 0x86, 0x86,
    0x8D, 0x91, 0x82, 0x78, 0x80, 0x8A, 0x7D, 0x84, 0x81, 0x6C, 0x82, 0xA2,
    0x9B, 0x9B, 0xA6, 0x95, 0x87, 0x8C, 0x85, 0x82, 0x80, 0x72, 0x60, 0x5A,
    0x72, 0x65, 0x68, 0x80, 0x7C, 0x6B, 0x6B, 0x60, 0x51, 0x4E, 0x46, 0x40,
    0x36, 0x40, 0x46, 0x43, 0x36, 0x3D, 0x43, 0x49, 0x49, 0x47, 0x42, 0x47,
    0x47, 0x46, 0x41, 0x41, 0x40, 0x40, 0x37, 0x34, 0x2D, 0x21, 0x19, 0x15,
    0x11, 0x09, 0x05, 0x03, 0x02, 0x01, 0x01, 0x03, 0x05, 0x08, 0x0D, 0x12,
    0x16, 0x23, 0x8F, 0xCA, 0x2E, 0x3C, 0xF8, 0xFE, 0xFE, 0xF4, 0xB6, 0xE7,
    0xE7, 0xB6, 0xB6, 0xB6, 0xB6, 0xB6, 0xB6, 0xB6, 0xB5, 0xB5, 0xB5, 0xB5,
    0xB5, 0xB5, 0xB5, 0xB5, 0x67, 0x67, 0x67, 0x67, 0x67, 0x67, 0x67, 0x64,
    0x64, 0x63, 0x63, 0x63, 0x63, 0x63, 0x63, 0x62, 0x35, 0x28, 0x28, 0x18,
    0x13, 0x13, 0x0E, 0x09, 0x09, 0x09, 0x0E, 0x13, 0x13, 0x18, 0x28, 0x35,
    0x63, 0x64, 0x64, 0x64, 0x64, 0x64, 0x67, 0xB5, 0x67, 0x63, 0x28, 0x1C,
    0x15, 0x12, 0x10, 0x10, 0x10, 0x12, 0x17, 0x1A, 0x1E, 0x27, 0x2E, 0x33,
    0x3C, 0x3C, 0x48, 0x48, 0x48, 0x4D, 0x4F, 0x4F, 0x4F, 0x61, 0x61, 0x61,
    0x61, 0x61, 0x61, 0x61, 0x61, 0x61, 0x61, 0x61, 0x79, 0x79, 0x3E, 0x17,
    0x10, 0x08, 0x05, 0x03, 0x03, 0x08, 0x12, 0x19, 0x24, 0x3D, 0x4C, 0x60,
    0x57, 0x5A, 0x65, 0x5C, 0x6B, 0x60, 0x53, 0x53, 0x5A, 0x58, 0x4E, 0x51,
    0x4C, 0x4A, 0x57, 0x5A, 0x65, 0x58, 0x65, 0x65, 0x60, 0x5C, 0x6C, 0x70,
    0x68, 0x65, 0x68, 0x6C, 0x76, 0x72, 0x65, 0x60, 0x65, 0x70, 0x7A, 0x83,
    0x8C, 0x84, 0x8C, 0x99, 0x95, 0x84, 0x95, 0x99, 0x9B, 0xD8, 0xE3, 0xCC,
    0xC3, 0xD1, 0xD1, 0xCC, 0xC3, 0x9A, 0x91, 0x91, 0x97, 0xA3, 0x97, 0xBE,
    0xDA, 0xD6, 0xC7, 0xB9, 0xB9, 0xB2, 0xB9, 0xB9, 0xC3, 0xCC, 0xE2, 0xEB,
    0xEC, 0xE2, 0xD1, 0xDE, 0xEF, 0xEF, 0xEF, 0xF2, 0xF3, 0xF3, 0xEF, 0xEC,
    0xC3, 0xC7, 0xB9, 0xC7, 0xB9, 0xCC, 0xDA, 0xD1, 0xDA, 0xCC, 0xB9, 0xB9,
    0xCC, 0xD6, 0xDA, 0xDE, 0xE2, 0xDE, 0xEB, 0xDE, 0xE2, 0xE5, 0xD1, 0xCC,
    0xD6, 0xD1, 0xCC, 0xCC, 0xB9, 0xBE, 0xCC, 0xD1, 0xB9, 0xA8, 0xAD, 0x9A,
    0x8D, 0x84, 0x7D, 0x77, 0x5C, 0x69, 0x6D, 0x69, 0x89, 0x96, 0x82, 0x83,
    0x83, 0x77, 0x77, 0x7A, 0x70, 0x6C, 0x57, 0x55, 0x65, 0x6C, 0x7C, 0x82,
    0x85, 0x80, 0x72, 0x72, 0x70, 0x65, 0x68, 0x55, 0x57, 0x58, 0x57, 0x70,
    0x68, 0x55, 0x58, 0x4C, 0x4A, 0x4C, 0x46, 0x41, 0x43, 0x4B, 0x5A, 0x58,
    0x47, 0x46, 0x43, 0x46, 0x40, 0x3D, 0x34, 0x37, 0x34, 0x2D, 0x34, 0x34,
    0x34, 0x2D, 0x22, 0x24, 0x1D, 0x18, 0x14, 0x0F, 0x08, 0x05, 0x02, 0x01,
    0x02, 0x02, 0x03, 0x06, 0x08, 0x0F, 0x12, 0x19, 0x33, 0x88, 0x4F, 0x15,
    0x27, 0xF8, 0xFC, 0xFE, 0xFE, 0xE7, 0xE7, 0xE7, 0xE7, 0xE7, 0xB6, 0xB6,
    0xB6, 0xB6, 0xB6, 0xB6, 0xB5, 0xB5, 0xB5, 0xB5, 0xB5, 0xB5, 0xB5, 0xB5,
    0x67, 0x67, 0x67, 0x67, 0x67, 0x67, 0x67, 0x64, 0x64, 0x63, 0x63, 0x63,
    0x63, 0x63, 0x63, 0x63, 0x35, 0x35, 0x28, 0x1C, 0x18, 0x13, 0x13, 0x13,
    0x13, 0x13, 0x13, 0x13, 0x18, 0x1C, 0x28, 0x35, 0x64, 0x64, 0x64, 0x64,
    0x67, 0x67, 0x63, 0x28, 0x1C, 0x15, 0x12, 0x12, 0x12, 0x12, 0x14, 0x17,
    0x1A, 0x1E, 0x27, 0x33, 0x3C, 0x3C, 0x3C, 0x48, 0x48, 0x4F, 0x4F, 0x61,
    0x61, 0x79, 0x79, 0x88, 0x88, 0x88, 0x8F, 0x8F, 0x8F, 0x8F, 0x8F, 0x8F,
    0x8F, 0x8F, 0x8F, 0x9C, 0x8F, 0x8F, 0xA0, 0x2E, 0x14, 0x0F, 0x07, 0x03,
    0x02, 0x05, 0x0E, 0x16, 0x1D, 0x2A, 0x42, 0x55, 0x4A, 0x4A, 0x46, 0x46,
    0x53, 0x51, 0x4A, 0x4C, 0x58, 0x4C, 0x4E, 0x4C, 0x55, 0x4E, 0x53, 0x4C,
    0x4E, 0x53, 0x57, 0x4E, 0x46, 0x51, 0x53, 0x53, 0x55, 0x4C, 0x57, 0x6C,
    0x6C, 0x6C, 0x6C, 0x6B, 0x6C, 0x84, 0x7D, 0x7A, 0x8C, 0x92, 0x99, 0xA2,
    0x9A, 0x91, 0x92, 0x87, 0x8C, 0xA2, 0x9B, 0x97, 0x9E, 0xC3, 0xAD, 0xA8,
    0xBE, 0xA3, 0x9E, 0xAD, 0xA8, 0x96, 0x8D, 0x97, 0xA3, 0x97, 0x8A, 0x93,
    0x97, 0xB9, 0xCC, 0xCC, 0xDA, 0xE5, 0xEB, 0xDE, 0xD6, 0xCC, 0xC3, 0xA8,
    0xB2, 0xC3, 0xB2, 0xC3, 0xDE, 0xEF, 0xEF, 0xEB, 0x9E, 0x97, 0xA3, 0xA3,
    0x9E, 0xB2, 0xC3, 0xB2, 0xAD, 0xAD, 0x9A, 0xB2, 0xD1, 0xCC, 0xD1, 0xEB,
    0xF2, 0xF2, 0xEC, 0xD1, 0xCC, 0xDE, 0xE2, 0xDA, 0xE2, 0xEC, 0xE5, 0xCC,
    0xDA, 0xD1, 0xC3, 0xD1, 0xCC, 0xB9, 0xB9, 0xBE, 0xA3, 0x91, 0x84, 0x7D,
    0x6D, 0x66, 0x75, 0x7A, 0x7A, 0x7A, 0x75, 0x6D, 0x59, 0x5B, 0x71, 0x66,
    0x5B, 0x5C, 0x5C, 0x53, 0x55, 0x53, 0x57, 0x5C, 0x68, 0x60, 0x60, 0x55,
    0x58, 0x65, 0x6C, 0x5C, 0x58, 0x5A, 0x6C, 0x68, 0x60, 0x60, 0x60, 0x57,
    0x53, 0x5A, 0x58, 0x4E, 0x51, 0x57, 0x68, 0x58, 0x49, 0x40, 0x40, 0x37,
    0x34, 0x30, 0x34, 0x34, 0x36, 0x3F, 0x40, 0x3D, 0x3D, 0x34, 0x22, 0x1D,
    0x19, 0x15, 0x0F, 0x0A, 0x05, 0x02, 0x01, 0x02, 0x02, 0x04, 0x06, 0x0A,
    0x10, 0x14, 0x1E, 0x48, 0x4F, 0x2E, 0x0C, 0x26, 0xF0, 0xF8, 0xFC, 0xFE,
    0xFC, 0xE7, 0xE7, 0xE7, 0xE7, 0xE7, 0xE7, 0xB6, 0xB6, 0xB6, 0xB6, 0xB6,
    0xB6, 0xB5, 0xB5, 0xB5, 0xB5, 0xB5, 0xB5, 0xB5, 0x67, 0x67, 0x67, 0x67,
    0x67, 0x67, 0x64, 0x64, 0x64, 0x63, 0x63, 0x63, 0x63, 0x63, 0x63, 0x63,
    0x63, 0x35, 0x35, 0x28, 0x1C, 0x18, 0x18, 0x13, 0x13, 0x13, 0x18, 0x1C,
    0x1C, 0x28, 0x35, 0x63, 0x64, 0x67, 0x67, 0x64, 0x35, 0x1C, 0x18, 0x14,
    0x12, 0x12, 0x12, 0x15, 0x17, 0x1A, 0x1E, 0x26, 0x33, 0x3C, 0x3C, 0x48,
    0x48, 0x4D, 0x4F, 0x4F, 0x61, 0x79, 0x88, 0x88, 0x8F, 0x8F, 0xA0, 0xCA,
    0xCA, 0xCF, 0xD3, 0xDF, 0xDF, 0xE0, 0xE6, 0xE0, 0xE0, 0xE0, 0xD3, 0xD3,
    0xD3, 0xD3, 0xE6, 0x88, 0x19, 0x12, 0x08, 0x05, 0x03, 0x05, 0x0B, 0x16,
    0x20, 0x32, 0x49, 0x6B, 0x58, 0x57, 0x58, 0x53, 0x51, 0x4A, 0x51, 0x58,
    0x53, 0x68, 0x5C, 0x53, 0x57, 0x57, 0x55, 0x4A, 0x49, 0x43, 0x42, 0x41,
    0x3D, 0x3D, 0x46, 0x43, 0x43, 0x45, 0x45, 0x49, 0x49, 0x4B, 0x53, 0x4C,
    0x53, 0x6B, 0x6C, 0x85, 0x8C, 0x8C, 0x9B, 0xAB, 0x97, 0x97, 0x9B, 0xA6,
    0xBB, 0xC9, 0xDC, 0xD6, 0xD1, 0xD1, 0xC3, 0xCC, 0xC7, 0xC3, 0xB9, 0xB2,
    0xAD, 0x9A, 0x9E, 0x96, 0x8D, 0x86, 0x7D, 0x7D, 0x86, 0x8A, 0x97, 0x96,
    0x96, 0x9A, 0xA3, 0xA3, 0xA3, 0xAD, 0xB2, 0xAD, 0xB2, 0xAD, 0xBE, 0xC3,
    0xDA, 0xE2, 0xE5, 0xD1, 0xC3, 0xA8, 0xAD, 0xBE, 0xA8, 0xB2, 0xC3, 0xC7,
    0xCC, 0xCC, 0xCC, 0xC3, 0xD6, 0xD6, 0xB2, 0xB9, 0xB2, 0xD6, 0xD6, 0xCC,
    0xBE, 0xC7, 0xDA, 0xDA, 0xD6, 0xCC, 0xD1, 0xC3, 0xB2, 0xB2, 0x97, 0x97,
    0x91, 0x93, 0xA3, 0xAD, 0xBE, 0xB9, 0xA8, 0x9A, 0xA3, 0x8D, 0x91, 0x93,
    0x8D, 0x86, 0x86, 0x86, 0x86, 0x86, 0x84, 0x7D, 0x75, 0x6C, 0x6B, 0x72,
    0x6C, 0x5D, 0x5A, 0x58, 0x6B, 0x76, 0x7C, 0x7C, 0x70, 0x72, 0x83, 0x78,
    0x80, 0x7C, 0x80, 0x6C, 0x68, 0x6B, 0x65, 0x5C, 0x58, 0x60, 0x5A, 0x58,
    0x57, 0x51, 0x57, 0x53, 0x45, 0x40, 0x41, 0x37, 0x34, 0x36, 0x3D, 0x40,
    0x45, 0x40, 0x38, 0x3D, 0x34, 0x2A, 0x20, 0x19, 0x15, 0x11, 0x08, 0x04,
    0x02, 0x01, 0x01, 0x02, 0x04, 0x07, 0x0D, 0x12, 0x16, 0x3C, 0x79, 0x3C,
    0x1A, 0x0C, 0x23, 0x9C, 0xDF, 0xF0, 0xFC, 0xFE, 0xFD, 0xB6, 0xE7, 0xE7,
    0xE7, 0xE7, 0xE7, 0xE7, 0xB6, 0xB6, 0xB6, 0xB6, 0xB6, 0xB5, 0xB5, 0xB5,
    0xB5, 0xB5, 0xB5, 0xB5, 0x67, 0x67, 0x67, 0x67, 0x67, 0x67, 0x64, 0x64,
    0x64, 0x63, 0x63, 0x63, 0x63, 0x63, 0x63, 0x63, 0x63, 0x35, 0x35, 0x28,
    0x28, 0x28, 0x1C, 0x1C, 0x1C, 0x1C, 0x1C, 0x28, 0x28, 0x35, 0x63, 0x64,
    0x67, 0x35, 0x28, 0x18, 0x12, 0x12, 0x16, 0x15, 0x14, 0x16, 0x19, 0x1D,
    0x23, 0x2E, 0x3C, 0x3C, 0x48, 0x48, 0x4D, 0x4F, 0x61, 0x79, 0x79, 0x88,
    0x8F, 0x8F, 0xA0, 0xCA, 0xCF, 0xD3, 0xE6, 0xF0, 0xF0, 0xF0, 0xF8, 0xF8,
    0xF8, 0xF8, 0xF8, 0xF8, 0xF8, 0xF8, 0xF8, 0xF8, 0xF8, 0xF8, 0xF8, 0xF8,
    0x2E, 0x15, 0x0D, 0x06, 0x03, 0x04, 0x09, 0x15, 0x1D, 0x2D, 0x42, 0x55,
    0x4C, 0x49, 0x4C, 0x4A, 0x4B, 0x55, 0x58, 0x53, 0x4C, 0x55, 0x51, 0x51,
    0x4E, 0x4B, 0x4B, 0x4C, 0x4C, 0x46, 0x46, 0x4A, 0x4A, 0x4C, 0x4B, 0x49,
    0x4A, 0x4C, 0x4A, 0x4C, 0x55, 0x60, 0x6C, 0x6C, 0x6C, 0x80, 0x8C, 0x83,
    0x7C, 0x82, 0x8C, 0x8C, 0x8C, 0x82, 0x82, 0x95, 0xA2, 0xA6, 0xB9, 0xA8,
    0x96, 0x9E, 0x96, 0x91, 0x89, 0x89, 0x89, 0x89, 0xB2, 0xB2, 0xB9, 0xBE,
    0xC3, 0xBE, 0xBE, 0xBE, 0xC7, 0xBE, 0xBE, 0xA8, 0xBE, 0xDA, 0xDA, 0xC7,
    0xB2, 0xB2, 0xCC, 0xD1, 0xDA, 0xDA, 0xDE, 0xC7, 0xEB, 0xEF, 0xEF, 0xEF,
    0xED, 0xEB, 0xE2, 0xE2, 0xE5, 0xE2, 0xE2, 0xEF, 0xEF, 0xEC, 0xEF, 0xEB,
    0xE2, 0xD6, 0xC3, 0xDA, 0xD1, 0xBE, 0xC7, 0xB2, 0xC7, 0xDA, 0xD1, 0xD6,
    0xD6, 0xC3, 0xC3, 0xC7, 0xDA, 0xCC, 0xA8, 0xC7, 0xB9, 0xA3, 0xB9, 0xBE,
    0xBE, 0xA8, 0x9F, 0xA8, 0xA8, 0x9E, 0xA3, 0xA3, 0x93, 0x81, 0x7A, 0x7A,
    0x77, 0x7A, 0x89, 0x8A, 0x83, 0x7C, 0x78, 0x78, 0x68, 0x5A, 0x4C, 0x49,
    0x43, 0x42, 0x47, 0x51, 0x4C, 0x4A, 0x45, 0x4C, 0x57, 0x58, 0x55, 0x51,
    0x57, 0x4B, 0x53, 0x58, 0x53, 0x58, 0x70, 0x6C, 0x70, 0x6C, 0x70, 0x68,
    0x57, 0x53, 0x51, 0x46, 0x42, 0x3D, 0x38, 0x40, 0x42, 0x34, 0x2D, 0x25,
    0x22, 0x1C, 0x18, 0x13, 0x0B, 0x06, 0x03, 0x02, 0x01, 0x01, 0x03, 0x04,
    0x08, 0x0F, 0x12, 0x1A, 0x61, 0x88, 0x33, 0x15, 0x09, 0x1E, 0x5F, 0x79,
    0xAF, 0xF0, 0xFC, 0xFE, 0xF4, 0xE8, 0xE7, 0xE8, 0xE8, 0xE7, 0xE7, 0xE7,
    0xB6, 0xB6, 0xB6, 0xB6, 0xB6, 0xB5, 0xB5, 0xB5, 0xB5, 0xB5, 0xB5, 0xB5,
    0x67, 0x67, 0x67, 0x67, 0x67, 0x67, 0x64, 0x64, 0x64, 0x63, 0x63, 0x63,
    0x63, 0x63, 0x63, 0x63, 0x63, 0x63, 0x35, 0x35, 0x35, 0x28, 0x28, 0x28,
    0x28, 0x28, 0x28, 0x35, 0x35, 0x63, 0x35, 0x28, 0x1C, 0x15, 0x14, 0x14,
    0x15, 0x15, 0x16, 0x17, 0x1A, 0x23, 0x27, 0x33, 0x3C, 0x48, 0x4D, 0x4D,
    0x4F, 0x61, 0x79, 0x88, 0x88, 0x8F, 0xA0, 0xCA, 0xCF, 0xD3, 0xE6, 0xF0,
    0xF0, 0xF8, 0xF8, 0xF8, 0xFC, 0xFC, 0xFC, 0xFC, 0xFC, 0xFE, 0xFE, 0xFE,
    0xFE, 0xFE, 0xFE, 0xFE, 0xFE, 0xFC, 0xFC, 0xFE, 0x61, 0x17, 0x12, 0x08,
    0x04, 0x04, 0x07, 0x0F, 0x18, 0x1C, 0x25, 0x31, 0x36, 0x42, 0x40, 0x42,
    0x43, 0x4A, 0x49, 0x47, 0x47, 0x49, 0x4B, 0x4C, 0x5C, 0x68, 0x5A, 0x6C,
    0x6C, 0x70, 0x78, 0x70, 0x72, 0x72, 0x6C, 0x60, 0x68, 0x68, 0x6B, 0x6C,
    0x7C, 0x83, 0x85, 0x87, 0x85, 0x82, 0x85, 0x76, 0x6C, 0x83, 0x83, 0x85,
    0x7C, 0x87, 0x8C, 0x9B, 0x92, 0x95, 0x99, 0x9A, 0x97, 0x96, 0x97, 0x97,
    0x9A, 0xAD, 0xA3, 0x9E, 0xA8, 0xA3, 0xB9, 0xC7, 0xDA, 0xDA, 0xC3, 0xC3,
    0xDA, 0xBE, 0xB2, 0xAD, 0xA3, 0xC3, 0xDA, 0xC3, 0xC7, 0xC7, 0xC7, 0xC7,
    0xC3, 0xA8, 0x97, 0x96, 0x8A, 0x96, 0xA3, 0xB2, 0xF3, 0xF7, 0xF3, 0xEF,
    0xDE, 0xE2, 0xEB, 0xDE, 0xE2, 0xEB, 0xED, 0xED, 0xEC, 0xE5, 0xEB, 0xED,
    0xDE, 0xC3, 0xAD, 0xB2, 0xA8, 0xB2, 0xBE, 0xB2, 0xA8, 0xCC, 0xD6, 0xB9,
    0xC7, 0xB9, 0x9A, 0xA3, 0xA8, 0x9E, 0x93, 0xA8, 0xAD, 0xAD, 0xA4, 0xA4,
    0xA8, 0x9E, 0xA3, 0x96, 0x81, 0x81, 0x82, 0x82, 0x77, 0x7A, 0x97, 0x96,
    0x91, 0x83, 0x85, 0x83, 0x78, 0x6C, 0x65, 0x58, 0x65, 0x6C, 0x80, 0x82,
    0x95, 0x95, 0x8C, 0x87, 0x87, 0x78, 0x70, 0x72, 0x72, 0x6C, 0x72, 0x87,
    0x76, 0x6C, 0x6C, 0x60, 0x57, 0x55, 0x57, 0x4E, 0x46, 0x40, 0x45, 0x42,
    0x40, 0x41, 0x40, 0x42, 0x41, 0x3D, 0x39, 0x34, 0x2B, 0x1F, 0x19, 0x12,
    0x09, 0x05, 0x02, 0x02, 0x01, 0x03, 0x05, 0x08, 0x10, 0x10, 0x1E, 0xA0,
    0x8F, 0x2E, 0x12, 0x06, 0x1D, 0x3C, 0x48, 0x61, 0xA0, 0xF0, 0xFC, 0xFE,
    0xF5, 0xE8, 0xE8, 0xE8, 0xE8, 0xE8, 0xE7, 0xE7, 0xB6, 0xB6, 0xB6, 0xB6,
    0xB6, 0xB6, 0xB5, 0xB5, 0xB5, 0xB5, 0xB5, 0xB5, 0x67, 0x67, 0x67, 0x67,
    0x67, 0x67, 0x67, 0x67, 0x63, 0x63, 0x63, 0x63, 0x63, 0x63, 0x63, 0x63,
    0x63, 0x63, 0x63, 0x35, 0x35, 0x35, 0x35, 0x35, 0x35, 0x35, 0x35, 0x35,
    0x35, 0x1C, 0x16, 0x12, 0x12, 0x12, 0x14, 0x15, 0x17, 0x19, 0x1E, 0x27,
    0x33, 0x3C, 0x48, 0x4D, 0x4F, 0x4F, 0x61, 0x79, 0x88, 0x88, 0x8F, 0xA0,
    0xCA, 0xD3, 0xE0, 0xF0, 0xF0, 0xF0, 0xF8, 0xF8, 0xFC, 0xFC, 0xFC, 0xFC,
    0xFE, 0xFE, 0xFE, 0xFE, 0xFE, 0xFE, 0xFE, 0xFE, 0xFE, 0xFE, 0xFE, 0xFE,
    0xFE, 0xFE, 0xFE, 0xFF, 0xD3, 0x19, 0x14, 0x0A, 0x05, 0x04, 0x07, 0x11,
    0x19, 0x21, 0x2B, 0x38, 0x3A, 0x47, 0x45, 0x45, 0x46, 0x47, 0x57, 0x5E,
    0x57, 0x53, 0x58, 0x4B, 0x51, 0x51, 0x4E, 0x58, 0x5A, 0x6B, 0x70, 0x72,
    0x82, 0x85, 0x83, 0x8C, 0x82, 0x6C, 0x7C, 0x83, 0x70, 0x6C, 0x72, 0x7C,
    0x82, 0x83, 0x7D, 0x84, 0x8C, 0x87, 0x80, 0x6C, 0x70, 0x82, 0x83, 0x85,
    0x8C, 0x95, 0xA2, 0xA3, 0xA3, 0x9E, 0x9E, 0xA3, 0xA8, 0xA3, 0xAD, 0xA8,
    0x97, 0x9A, 0xB9, 0xBE, 0xC3, 0xC7, 0xD1, 0xDA, 0xC7, 0xB9, 0xAD, 0xBE,
    0xC3, 0xC3, 0xC3, 0xD1, 0xEF, 0xEF, 0xEB, 0xE5, 0xE2, 0xE2, 0xDE, 0xDA,
    0xC3, 0xBE, 0xC7, 0xEB, 0xE2, 0xCC, 0xD6, 0xD1, 0xAD, 0xBE, 0xC7, 0xAD,
    0xAD, 0xA8, 0x8D, 0x93, 0x91, 0x93, 0x91, 0x86, 0x86, 0x89, 0x8A, 0x8A,
    0x91, 0x9E, 0xBE, 0xA3, 0x91, 0x96, 0xA8, 0xA3, 0xA8, 0x9E, 0x8A, 0x89,
    0x91, 0x93, 0x97, 0x97, 0x8D, 0x8A, 0x8A, 0x86, 0x8D, 0x8D, 0x93, 0x84,
    0x84, 0xA3, 0xBA, 0x99, 0x97, 0x9A, 0x97, 0x93, 0x8C, 0x85, 0x78, 0x78,
    0x7C, 0x70, 0x83, 0x7C, 0x76, 0x83, 0x7C, 0x60, 0x60, 0x65, 0x68, 0x6C,
    0x68, 0x55, 0x4C, 0x58, 0x6C, 0x70, 0x6C, 0x5A, 0x5C, 0x57, 0x4C, 0x4E,
    0x4A, 0x43, 0x51, 0x51, 0x47, 0x53, 0x57, 0x57, 0x51, 0x4A, 0x4B, 0x42,
    0x39, 0x34, 0x24, 0x1F, 0x1C, 0x18, 0x13, 0x09, 0x05, 0x02, 0x01, 0x02,
    0x03, 0x06, 0x08, 0x10, 0x12, 0x27, 0xE6, 0xA0, 0x33, 0x12, 0x04, 0x1D,
    0x3C, 0x3C, 0x48, 0x61, 0xAF, 0xF0, 0xFC, 0xFC, 0xF5, 0xE8, 0xE8, 0xE8,
    0xE8, 0xE8, 0xE7, 0xE7, 0xE7, 0xB6, 0xB6, 0xB6, 0xB6, 0xB6, 0xB6, 0xB5,
    0xB5, 0xB5, 0xB5, 0xB5, 0xB5, 0x67, 0x67, 0x67, 0x67, 0x67, 0x67, 0x67,
    0x63, 0x63, 0x63, 0x63, 0x63, 0x63, 0x63, 0x63, 0x63, 0x63, 0x63, 0x63,
    0x63, 0x35, 0x35, 0x35, 0x35, 0x35, 0x28, 0x18, 0x14, 0x10, 0x12, 0x12,
    0x14, 0x14, 0x17, 0x1A, 0x1E, 0x2E, 0x3C, 0x48, 0x48, 0x4F, 0x4F, 0x61,
    0x79, 0x88, 0x8F, 0xA0, 0xCA, 0xCA, 0xD3, 0xE6, 0xF0, 0xF0, 0xF8, 0xF8,
    0xFC, 0xFC, 0xFC, 0xFC, 0xFE, 0xFE, 0xFE, 0xFE, 0xFF, 0xFF, 0xFF, 0xFF,
    0xFF, 0xFF, 0xFF, 0xFE, 0xFE, 0xFE, 0xFE, 0xFE, 0xFE, 0xFE, 0xFE, 0xFF,
    0xF8, 0x1D, 0x16, 0x0D, 0x06, 0x04, 0x06, 0x0B, 0x15, 0x1B, 0x1F, 0x2A,
    0x2C, 0x30, 0x36, 0x37, 0x39, 0x47, 0x51, 0x51, 0x4B, 0x4C, 0x55, 0x51,
    0x4E, 0x57, 0x5A, 0x58, 0x5A, 0x55, 0x53, 0x58, 0x5C, 0x53, 0x4C, 0x5C,
    0x53, 0x51, 0x51, 0x58, 0x58, 0x4B, 0x46, 0x43, 0x43, 0x49, 0x49, 0x49,
    0x4B, 0x51, 0x58, 0x65, 0x6C, 0x7C, 0x8C, 0x85, 0x80, 0x87, 0x97, 0x92,
    0x8D, 0x89, 0x7D, 0x84, 0x93, 0x86, 0x89, 0x8A, 0x89, 0x89, 0x96, 0xA3,
    0xAD, 0x9A, 0xA3, 0xAD, 0xC3, 0xDA, 0xE2, 0xE5, 0xEB, 0xEF, 0xEF, 0xEC,
    0xE5, 0xE2, 0xDA, 0xE5, 0xED, 0xDE, 0xCC, 0xD6, 0xED, 0xE5, 0xED, 0xED,
    0xEB, 0xED, 0xDA, 0xD6, 0xD6, 0xDA, 0xEC, 0xEF, 0xF2, 0xEF, 0xED, 0xEF,
    0xEF, 0xEF, 0xEC, 0xEF, 0xEC, 0xDA, 0xE5, 0xDE, 0xD1, 0xDE, 0xDA, 0xC7,
    0xD1, 0xC7, 0xB2, 0xBE, 0xB9, 0xAD, 0x96, 0x8D, 0x89, 0x7D, 0x7A, 0x81,
    0x7A, 0x71, 0x6D, 0x7E, 0x93, 0x91, 0x93, 0x97, 0x9A, 0x9E, 0x99, 0x8C,
    0x89, 0x7A, 0x6D, 0x71, 0x7A, 0x82, 0x83, 0x8C, 0x85, 0x80, 0x8C, 0x8C,
    0x7C, 0x60, 0x5A, 0x4C, 0x4A, 0x51, 0x53, 0x4C, 0x53, 0x4A, 0x47, 0x49,
    0x46, 0x47, 0x4A, 0x45, 0x45, 0x4B, 0x46, 0x41, 0x42, 0x49, 0x4A, 0x51,
    0x51, 0x53, 0x45, 0x40, 0x42, 0x40, 0x3D, 0x3D, 0x36, 0x2C, 0x25, 0x1F,
    0x19, 0x14, 0x0B, 0x05, 0x02, 0x01, 0x02, 0x03, 0x06, 0x08, 0x12, 0x12,
    0x33, 0xF8, 0xA0, 0x3C, 0x14, 0x02, 0x19, 0x3C, 0x3C, 0x48, 0x4F, 0x88,
    0xCF, 0xF8, 0xFE, 0xFC, 0xE8, 0xF5, 0xF5, 0xE8, 0xE8, 0xE8, 0xE8, 0xE7,
    0xE7, 0xE7, 0xE7, 0xB6, 0xB6, 0xB6, 0xB6, 0xB5, 0xB5, 0xB5, 0xB5, 0xB5,
    0xB5, 0x67, 0x67, 0x67, 0x67, 0x67, 0x67, 0x67, 0x64, 0x63, 0x63, 0x63,
    0x63, 0x63, 0x63, 0x63, 0x63, 0x63, 0x63, 0x63, 0x64, 0x64, 0x63, 0x35,
    0x1C, 0x15, 0x10, 0x10, 0x10, 0x10, 0x11, 0x14, 0x17, 0x1D, 0x23, 0x33,
    0x3C, 0x48, 0x4D, 0x4F, 0x61, 0x79, 0x88, 0x8F, 0xA0, 0xCA, 0xCF, 0xD3,
    0xE6, 0xF0, 0xF0, 0xF8, 0xF8, 0xFC, 0xFC, 0xFC, 0xFE, 0xFE, 0xFE, 0xFE,
    0xFE, 0xFE, 0xFE, 0xFE, 0xFE, 0xFE, 0xFE, 0xFE, 0xFE, 0xFE, 0xFE, 0xFE,
    0xFE, 0xFE, 0xFE, 0xFE, 0xFE, 0xFE, 0xFE, 0xFF, 0xFC, 0x23, 0x17, 0x0F,
    0x06, 0x04, 0x06, 0x0B, 0x15, 0x1B, 0x21, 0x37, 0x3D, 0x43, 0x42, 0x41,
    0x39, 0x42, 0x46, 0x3F, 0x38, 0x39, 0x37, 0x39, 0x40, 0x51, 0x4E, 0x51,
    0x57, 0x55, 0x57, 0x60, 0x5C, 0x5C, 0x60, 0x6B, 0x65, 0x65, 0x6C, 0x6C,
    0x7C, 0x91, 0x8C, 0x85, 0x8A, 0x83, 0x85, 0x85, 0x92, 0x85, 0x95, 0x8C,
    0x87, 0x99, 0xAE, 0xAB, 0x95, 0x95, 0xA4, 0x97, 0x96, 0x97, 0x89, 0x7A,
    0x7A, 0x8A, 0x8A, 0x86, 0x93, 0x93, 0x7A, 0x7D, 0xA8, 0xD6, 0xBE, 0xA8,
    0xB2, 0xDA, 0xEF, 0xEC, 0xDA, 0xDA, 0xAD, 0xA8, 0xC3, 0xC3, 0xC3, 0xDE,
    0xED, 0xEC, 0xE5, 0xED, 0xEF, 0xEC, 0xE2, 0xD6, 0xEB, 0xEF, 0xF2, 0xF2,
    0xEF, 0xEC, 0xED, 0xEC, 0xEB, 0xEB, 0xEB, 0xEB, 0xEF, 0xEF, 0xEF, 0xED,
    0xEB, 0xDE, 0xDE, 0xDA, 0xCC, 0xBE, 0xAD, 0x97, 0x9A, 0x9E, 0x91, 0x86,
    0x86, 0x89, 0x86, 0x89, 0x8D, 0x8D, 0x97, 0xBE, 0xA3, 0xA7, 0x97, 0x91,
    0x9A, 0x97, 0x97, 0x93, 0x96, 0x93, 0x91, 0x8D, 0x91, 0x8D, 0x93, 0x89,
    0x89, 0x8C, 0x87, 0x83, 0x76, 0x85, 0x82, 0x80, 0x80, 0x6C, 0x70, 0x76,
    0x65, 0x53, 0x58, 0x57, 0x55, 0x55, 0x55, 0x4B, 0x4E, 0x60, 0x60, 0x57,
    0x53, 0x6B, 0x72, 0x65, 0x68, 0x58, 0x49, 0x4A, 0x42, 0x41, 0x42, 0x43,
    0x46, 0x3D, 0x34, 0x38, 0x39, 0x31, 0x1F, 0x18, 0x16, 0x10, 0x08, 0x03,
    0x01, 0x02, 0x02, 0x06, 0x08, 0x10, 0x12, 0x3C, 0xFC, 0xA0, 0x3C, 0x16,
    0x01, 0x14, 0x33, 0x3C, 0x48, 0x4F, 0x79, 0x9C, 0xE6, 0xF8, 0xFE, 0xFD,
    0xE8, 0xF5, 0xF5, 0xF5, 0xE8, 0xE8, 0xE8, 0xE8, 0xE8, 0xE7, 0xE7, 0xB6,
    0xB6, 0xB6, 0xB6, 0xB5, 0xB5, 0xB5, 0xB5, 0xB5, 0xB5, 0x67, 0x67, 0x67,
    0x67, 0x67, 0x67, 0x67, 0x64, 0x64, 0x64, 0x63, 0x63, 0x63, 0x63, 0x63,
    0x63, 0x64, 0x64, 0x63, 0x35, 0x28, 0x18, 0x13, 0x0F, 0x0D, 0x0C, 0x0C,
    0x0F, 0x12, 0x17, 0x1E, 0x27, 0x3C, 0x48, 0x4D, 0x4F, 0x61, 0x79, 0x88,
    0x8F, 0xA0, 0xA0, 0xCF, 0xDF, 0xF0, 0xF0, 0xF8, 0xF8, 0xF8, 0xFC, 0xFC,
    0xFC, 0xFE, 0xFE, 0xFE, 0xFE, 0xFE, 0xFE, 0xFE, 0xFC, 0xFC, 0xF8, 0xF0,
    0xF0, 0xF0, 0xF8, 0xF8, 0xFC, 0xFE, 0xFC, 0xFC, 0xFE, 0xFE, 0xFF, 0xFE,
    0xFE, 0xFE, 0xFE, 0xFF, 0xFC, 0x27, 0x19, 0x10, 0x08, 0x05, 0x06, 0x0E,
    0x18, 0x1C, 0x24, 0x34, 0x31, 0x30, 0x31, 0x30, 0x25, 0x22, 0x25, 0x25,
    0x22, 0x30, 0x31, 0x34, 0x38, 0x38, 0x39, 0x3D, 0x3D, 0x39, 0x40, 0x47,
    0x49, 0x57, 0x76, 0x82, 0x80, 0x7C, 0x80, 0x80, 0x87, 0x7A, 0x7A, 0x7A,
    0x7D, 0x85, 0x95, 0x95, 0x8C, 0x95, 0x95, 0x95, 0x83, 0x82, 0x84, 0x75,
    0x75, 0x73, 0x7B, 0x84, 0x7A, 0x6D, 0x75, 0x7D, 0x7A, 0x7D, 0x84, 0x93,
    0xB2, 0xB9, 0xC3, 0xB2, 0xC3, 0xD6, 0xCC, 0xDE, 0xC7, 0xD1, 0xD6, 0xDA,
    0xDE, 0xCC, 0xDE, 0xEB, 0xEF, 0xEF, 0xED, 0xED, 0xED, 0xEF, 0xEC, 0xEF,
    0xEF, 0xE5, 0xDA, 0xEB, 0xEB, 0xE2, 0xDA, 0xC7, 0xD1, 0xDA, 0xD6, 0xC3,
    0xD1, 0xCC, 0xE5, 0xEF, 0xEF, 0xEC, 0xEC, 0xEF, 0xEB, 0xEB, 0xEB, 0xEB,
    0xC7, 0xA8, 0xA8, 0xA3, 0xA3, 0x9E, 0x97, 0x93, 0xB2, 0xB9, 0xA8, 0xBE,
    0xB9, 0xB2, 0xA3, 0x9A, 0x96, 0x98, 0x91, 0x8A, 0x7D, 0x81, 0x7D, 0x7D,
    0x84, 0x84, 0x7F, 0x84, 0x81, 0x75, 0x8A, 0x86, 0x81, 0x72, 0x85, 0x83,
    0x80, 0x8C, 0x80, 0x82, 0x87, 0x85, 0x80, 0x76, 0x6C, 0x6C, 0x7C, 0x6C,
    0x6B, 0x6B, 0x4B, 0x49, 0x4B, 0x53, 0x6C, 0x65, 0x55, 0x5C, 0x53, 0x5C,
    0x57, 0x55, 0x51, 0x4A, 0x47, 0x60, 0x60, 0x70, 0x80, 0x6C, 0x65, 0x4E,
    0x45, 0x34, 0x20, 0x19, 0x11, 0x09, 0x05, 0x02, 0x01, 0x02, 0x05, 0x08,
    0x10, 0x12, 0x3C, 0xFC, 0xCA, 0x3C, 0x19, 0x02, 0x0B, 0x2E, 0x3C, 0x48,
    0x5F, 0x79, 0xA0, 0xDD, 0xF0, 0xFC, 0xFE, 0xFD, 0xF5, 0xF5, 0xF5, 0xF5,
    0xF5, 0xF5, 0xE8, 0xE8, 0xE8, 0xE7, 0xE7, 0xB6, 0xB6, 0xB6, 0xB6, 0xB6,
    0xB5, 0xB5, 0xB5, 0xB5, 0xB5, 0x67, 0x67, 0x67, 0x67, 0x67, 0x67, 0x67,
    0x64, 0x64, 0x64, 0x63, 0x63, 0x63, 0x63, 0x64, 0x64, 0x63, 0x35, 0x1C,
    0x14, 0x0F, 0x0D, 0x0C, 0x0A, 0x08, 0x0C, 0x12, 0x19, 0x1E, 0x2E, 0x3C,
    0x4D, 0x4F, 0x61, 0x79, 0x88, 0x8F, 0x9C, 0xA0, 0xCF, 0xE0, 0xF0, 0xF0,
    0xF8, 0xF8, 0xFC, 0xFC, 0xFC, 0xFE, 0xFE, 0xFE, 0xFE, 0xFE, 0xFD, 0xF4,
    0xE7, 0xF6, 0xFE, 0xF8, 0xF0, 0xCF, 0xCA, 0xA0, 0xA0, 0xA0, 0xCA, 0xD3,
    0xF0, 0xFC, 0xF0, 0xAF, 0xF8, 0xFC, 0xFE, 0xFF, 0xFE, 0xFE, 0xFE, 0xFF,
    0xFC, 0x2E, 0x1A, 0x12, 0x08, 0x06, 0x07, 0x10, 0x18, 0x1D, 0x2A, 0x37,
    0x34, 0x2D, 0x30, 0x30, 0x2D, 0x30, 0x34, 0x36, 0x36, 0x39, 0x43, 0x42,
    0x42, 0x45, 0x4C, 0x55, 0x57, 0x58, 0x55, 0x58, 0x58, 0x5A, 0x6C, 0x6C,
    0x57, 0x5A, 0x65, 0x65, 0x5A, 0x60, 0x69, 0x71, 0x8A, 0x84, 0x8C, 0x95,
    0x9B, 0x9B, 0x95, 0x8C, 0x87, 0x85, 0x84, 0x7A, 0x7D, 0x7C, 0x78, 0x7D,
    0x86, 0x96, 0x9E, 0xA8, 0xB2, 0xB2, 0xB9, 0xAD, 0xA8, 0xA8, 0xB2, 0xA3,
    0x9E, 0x9E, 0xA3, 0xB2, 0xA8, 0xB9, 0xC3, 0xBE, 0xC7, 0xCC, 0xCC, 0xD6,
    0xE2, 0xDA, 0xC7, 0xDA, 0xED, 0xED, 0xE5, 0xED, 0xEF, 0xEF, 0xEF, 0xEF,
    0xBE, 0xC3, 0xDA, 0xEC, 0xEB, 0xEF, 0xED, 0xEB, 0xF3, 0xF2, 0xE5, 0xC7,
    0xCC, 0xC3, 0xD1, 0xDA, 0xDE, 0xC3, 0xD6, 0xE2, 0xC7, 0xCC, 0xCC, 0xA3,
    0xA3, 0xBE, 0xB9, 0xB2, 0xBE, 0xB9, 0xA8, 0x97, 0x93, 0x93, 0x8D, 0x84,
    0x7A, 0x75, 0x73, 0x71, 0x59, 0x5C, 0x6D, 0x75, 0x7A, 0x71, 0x7F, 0x82,
    0x80, 0x87, 0x8C, 0x7D, 0x70, 0x85, 0x91, 0x8C, 0x85, 0x7C, 0x78, 0x82,
    0x80, 0x72, 0x76, 0x6B, 0x5A, 0x5C, 0x68, 0x60, 0x60, 0x65, 0x68, 0x5A,
    0x5C, 0x5C, 0x5A, 0x4B, 0x49, 0x46, 0x3D, 0x46, 0x41, 0x45, 0x43, 0x46,
    0x45, 0x3D, 0x39, 0x36, 0x31, 0x31, 0x34, 0x2D, 0x29, 0x1F, 0x19, 0x14,
    0x0B, 0x05, 0x02, 0x01, 0x02, 0x05, 0x08, 0x10, 0x12, 0x2E, 0xFC, 0xE0,
    0x4D, 0x1A, 0x06, 0x05, 0x23, 0x3C, 0x48, 0x61, 0x88, 0xAF, 0xE6, 0xF8,
    0xFC, 0xFE, 0xFF, 0xFB, 0xF5, 0xF5, 0xF5, 0xF5, 0xF5, 0xF5, 0xE8, 0xE8,
    0xE8, 0xE7, 0xE7, 0xB6, 0xB6, 0xB6, 0xB6, 0xB6, 0xB5, 0xB5, 0xB5, 0xB5,
    0xB5, 0xB5, 0x67, 0x67, 0x67, 0x67, 0x67, 0x67, 0x67, 0x64, 0x63, 0x63,
    0x63, 0x64, 0x63, 0x63, 0x28, 0x18, 0x11, 0x0D, 0x0D, 0x0A, 0x06, 0x06,
    0x0B, 0x12, 0x1A, 0x23, 0x33, 0x48, 0x4F, 0x61, 0x79, 0x88, 0x8F, 0xA0,
    0xCA, 0xCF, 0xE4, 0xF0, 0xF0, 0xF8, 0xF8, 0xFC, 0xFC, 0xFC, 0xFE, 0xFE,
    0xFE, 0xFE, 0xFC, 0xF6, 0xE7, 0xB6, 0xB5, 0xB5, 0xB5, 0xE7, 0xF8, 0xE0,
    0xA0, 0x88, 0x61, 0x4F, 0x4F, 0x61, 0x79, 0x8F, 0xCF, 0xF8, 0xCF, 0x8F,
    0xE6, 0xF8, 0xFC, 0xFE, 0xFE, 0xFE, 0xFE, 0xFF, 0xFC, 0x2E, 0x1A, 0x12,
    0x08, 0x06, 0x06, 0x0E, 0x16, 0x1C, 0x22, 0x37, 0x3F, 0x40, 0x42, 0x41,
    0x40, 0x41, 0x3D, 0x47, 0x45, 0x43, 0x45, 0x3D, 0x42, 0x4A, 0x4C, 0x4C,
    0x51, 0x51, 0x51, 0x4C, 0x51, 0x53, 0x4C, 0x5C, 0x65, 0x6C, 0x78, 0x70,
    0x70, 0x81, 0x89, 0x86, 0x7A, 0x6B, 0x6C, 0x76, 0x72, 0x80, 0x82, 0x82,
    0x85, 0x92, 0x92, 0x93, 0x8A, 0x80, 0x7E, 0x93, 0x96, 0x86, 0x91, 0x93,
    0x96, 0x96, 0x97, 0x9A, 0x91, 0x8D, 0x93, 0x93, 0x81, 0x7A, 0x89, 0x91,
    0x97, 0x97, 0x9E, 0xB2, 0xB9, 0xC3, 0xC7, 0xC3, 0xBE, 0xC3, 0xDA, 0xEB,
    0xE2, 0xE5, 0xE5, 0xEC, 0xEF, 0xEF, 0xEC, 0xE5, 0xF3, 0xEF, 0xF2, 0xF7,
    0xF2, 0xEC, 0xED, 0xF2, 0xED, 0xEF, 0xF7, 0xF3, 0xF7, 0xF3, 0xEC, 0xEB,
    0xDA, 0xD6, 0xD1, 0xC7, 0xAD, 0xAD, 0xA8, 0x96, 0x93, 0xA3, 0x96, 0x9E,
    0xBE, 0xB2, 0x9A, 0xA3, 0x91, 0x84, 0x86, 0x89, 0x7D, 0x86, 0x84, 0x7D,
    0x7E, 0x7A, 0x86, 0x93, 0x91, 0x89, 0x8C, 0x85, 0x8C, 0x8C, 0x8C, 0x92,
    0x85, 0x8A, 0xA3, 0xA6, 0x8C, 0x85, 0x87, 0x78, 0x6C, 0x80, 0x78, 0x78,
    0x70, 0x70, 0x76, 0x76, 0x78, 0x6C, 0x6B, 0x65, 0x5C, 0x60, 0x58, 0x57,
    0x51, 0x4B, 0x49, 0x4A, 0x4A, 0x47, 0x43, 0x38, 0x37, 0x36, 0x36, 0x36,
    0x36, 0x36, 0x36, 0x2D, 0x24, 0x1D, 0x18, 0x11, 0x08, 0x04, 0x02, 0x02,
    0x03, 0x08, 0x0D, 0x12, 0x1E, 0xFC, 0xF8, 0x4F, 0x1E, 0x0A, 0x03, 0x19,
    0x3C, 0x3E, 0x61, 0x88, 0xAF, 0xE6, 0xF8, 0xFC, 0xFE, 0xFF, 0xFF, 0xFB,
    0xF5, 0xF5, 0xF5, 0xF5, 0xF5, 0xF5, 0xF5, 0xE8, 0xE8, 0xE8, 0xE7, 0xE7,
    0xB6, 0xB6, 0xB6, 0xB6, 0xB6, 0xB5, 0xB5, 0xB5, 0xB5, 0xB5, 0x67, 0x67,
    0x67, 0x67, 0x67, 0x67, 0x67, 0x64, 0x64, 0x64, 0x63, 0x35, 0x28, 0x15,
    0x0F, 0x0D, 0x0C, 0x07, 0x05, 0x06, 0x0A, 0x14, 0x1A, 0x23, 0x3C, 0x48,
    0x4F, 0x61, 0x88, 0x88, 0x8F, 0xA0, 0xCA, 0xD3, 0xF0, 0xF0, 0xF8, 0xF8,
    0xFC, 0xFC, 0xFC, 0xFE, 0xFE, 0xFE, 0xFE, 0xFC, 0xF6, 0xE7, 0xB5, 0xB5,
    0xB5, 0xB6, 0xB6, 0xB6, 0xB5, 0xE7, 0xE6, 0x8F, 0x61, 0x4D, 0x3C, 0x3C,
    0x3C, 0x3C, 0x48, 0x61, 0x8F, 0xD3, 0x88, 0x8E, 0xCF, 0xF0, 0xF8, 0xFE,
    0xFF, 0xFE, 0xFE, 0xFF, 0xF8, 0x2E, 0x1A, 0x12, 0x08, 0x06, 0x07, 0x0F,
    0x19, 0x20, 0x32, 0x47, 0x41, 0x42, 0x47, 0x43, 0x3D, 0x45, 0x4A, 0x4B,
    0x4B, 0x4B, 0x45, 0x4A, 0x51, 0x4E, 0x47, 0x40, 0x41, 0x3D, 0x45, 0x4C,
    0x57, 0x6C, 0x70, 0x72, 0x70, 0x8C, 0x8C, 0x80, 0x80, 0x84, 0x7A, 0x91,
    0xA3, 0x97, 0x9B, 0xA2, 0x8C, 0x87, 0x87, 0x95, 0x8C, 0x82, 0x76, 0x75,
    0x76, 0x77, 0x80, 0x81, 0x75, 0x8D, 0x9A, 0x93, 0x8D, 0x93, 0x96, 0x9A,
    0x93, 0x93, 0x93, 0x97, 0x97, 0xA3, 0xA8, 0x9E, 0xC7, 0xE2, 0xCC, 0xCC,
    0xD6, 0xC7, 0xD6, 0xD6, 0xDA, 0xE2, 0xE2, 0xEC, 0xF2, 0xEF, 0xED, 0xDE,
    0xEB, 0xE2, 0xDA, 0xEF, 0xEF, 0xDA, 0xCC, 0xE5, 0xEB, 0xEC, 0xEB, 0xE2,
    0xDE, 0xE5, 0xE5, 0xD6, 0xDE, 0xDE, 0xBE, 0xA8, 0xA3, 0xB9, 0xBE, 0xB2,
    0xB2, 0xB2, 0x9A, 0xA8, 0xA3, 0x89, 0x81, 0x7D, 0x7D, 0x7D, 0x84, 0x84,
    0x89, 0x86, 0x8D, 0x96, 0x9E, 0x97, 0x81, 0x7D, 0x75, 0x75, 0x6D, 0x60,
    0x59, 0x5B, 0x60, 0x68, 0x6C, 0x76, 0x80, 0x85, 0x85, 0x81, 0x71, 0x65,
    0x58, 0x58, 0x58, 0x5C, 0x6B, 0x68, 0x60, 0x65, 0x5C, 0x5C, 0x58, 0x57,
    0x4C, 0x4A, 0x4A, 0x4A, 0x51, 0x53, 0x47, 0x47, 0x51, 0x51, 0x51, 0x53,
    0x4B, 0x40, 0x43, 0x43, 0x40, 0x39, 0x37, 0x37, 0x3D, 0x3D, 0x34, 0x22,
    0x1F, 0x18, 0x11, 0x09, 0x04, 0x02, 0x01, 0x03, 0x06, 0x0C, 0x12, 0x1A,
    0xF8, 0xFC, 0x79, 0x2E, 0x10, 0x02, 0x11, 0x33, 0x3E, 0x4F, 0x88, 0xCA,
    0xF0, 0xF8, 0xFC, 0xFE, 0xFF, 0xFF, 0xFE, 0xF9, 0xF9, 0xF9, 0xF5, 0xF5,
    0xF5, 0xF5, 0xF5, 0xE8, 0xE8, 0xE8, 0xE7, 0xE7, 0xB6, 0xB6, 0xB6, 0xB6,
    0xB6, 0xB5, 0xB5, 0xB5, 0xB5, 0xB5, 0x67, 0x67, 0x67, 0x67, 0x67, 0x64,
    0x67, 0x67, 0x63, 0x35, 0x1C, 0x14, 0x0D, 0x0C, 0x0A, 0x06, 0x03, 0x06,
    0x0C, 0x16, 0x1A, 0x27, 0x3E, 0x4F, 0x61, 0x79, 0x88, 0x8F, 0xA0, 0xCA,
    0xD3, 0xE6, 0xF0, 0xF8, 0xF8, 0xF8, 0xFC, 0xFC, 0xFE, 0xFE, 0xFE, 0xFE,
    0xFC, 0xF6, 0xE7, 0xB6, 0xB5, 0xB5, 0xB6, 0xB6, 0xB6, 0xB6, 0xB6, 0xB6,
    0xB6, 0xE7, 0xAF, 0x61, 0x48, 0x33, 0x23, 0x23, 0x23, 0x27, 0x33, 0x48,
    0x79, 0x8F, 0x71, 0x8E, 0xCA, 0xEE, 0xF8, 0xFC, 0xFE, 0xFE, 0xFE, 0xFF,
    0xE6, 0x27, 0x1A, 0x12, 0x08, 0x06, 0x06, 0x0B, 0x14, 0x1B, 0x21, 0x2A,
    0x22, 0x29, 0x2A, 0x2C, 0x2D, 0x30, 0x38, 0x39, 0x45, 0x46, 0x42, 0x40,
    0x36, 0x3D, 0x41, 0x40, 0x40, 0x40, 0x4B, 0x57, 0x51, 0x58, 0x5A, 0x5C,
    0x5C, 0x6C, 0x6C, 0x60, 0x65, 0x69, 0x6B, 0x6D, 0x69, 0x6B, 0x76, 0x6C,
    0x6C, 0x72, 0x78, 0x76, 0x7C, 0x78, 0x76, 0x71, 0x7E, 0x77, 0x75, 0x7A,
    0x75, 0x71, 0x75, 0x71, 0x75, 0x89, 0x9A, 0x9E, 0x97, 0xA3, 0xA8, 0x9E,
    0x93, 0x97, 0x93, 0x91, 0x89, 0x89, 0x89, 0x89, 0x8D, 0x97, 0xA8, 0xB9,
    0xC3, 0xDA, 0xD1, 0xC7, 0xC3, 0xC7, 0xB9, 0xC3, 0xD6, 0xC3, 0xC7, 0xC3,
    0xD1, 0xDA, 0xE5, 0xEF, 0xEF, 0xF3, 0xF3, 0xEF, 0xF3, 0xF3, 0xEF, 0xEF,
    0xE2, 0xE5, 0xE5, 0xDA, 0xDA, 0xDA, 0xBE, 0xB2, 0xAD, 0xD1, 0xBE, 0xBE,
    0xAD, 0xAD, 0xAD, 0xAD, 0xBE, 0xA8, 0xA3, 0x9A, 0xA8, 0xC3, 0xB2, 0xA7,
    0x9B, 0x95, 0x83, 0x9B, 0xA6, 0xAE, 0x9F, 0x97, 0x95, 0x8C, 0x83, 0x7A,
    0x7D, 0x75, 0x7A, 0x71, 0x7D, 0x86, 0x84, 0x78, 0x70, 0x7C, 0x83, 0x85,
    0x85, 0x78, 0x7C, 0x82, 0x7C, 0x72, 0x70, 0x6C, 0x5A, 0x5C, 0x6C, 0x68,
    0x5C, 0x5A, 0x57, 0x57, 0x58, 0x4E, 0x45, 0x40, 0x40, 0x42, 0x45, 0x40,
    0x40, 0x41, 0x41, 0x43, 0x42, 0x34, 0x2D, 0x2A, 0x1F, 0x18, 0x11, 0x08,
    0x04, 0x02, 0x02, 0x04, 0x08, 0x12, 0x16, 0x8F, 0xFE, 0xA0, 0x3C, 0x17,
    0x06, 0x06, 0x26, 0x3E, 0x4F, 0x88, 0xAF, 0xF0, 0xF8, 0xFC, 0xFF, 0xFF,
    0xFE, 0xFE, 0xFE, 0xF9, 0xF9, 0xF9, 0xF5, 0xF5, 0xF5, 0xF5, 0xF5, 0xF5,
    0xE8, 0xE8, 0xE8, 0xE7, 0xE7, 0xB6, 0xB6, 0xB6, 0xB6, 0xB5, 0xB5, 0xB5,
    0xB5, 0xB5, 0x67, 0x67, 0x67, 0x67, 0x67, 0x67, 0x63, 0x28, 0x18, 0x12,
    0x0F, 0x0D, 0x08, 0x05, 0x03, 0x05, 0x0C, 0x17, 0x1E, 0x33, 0x48, 0x61,
    0x79, 0x88, 0x8F, 0xA0, 0xCA, 0xD3, 0xE6, 0xF0, 0xF0, 0xF8, 0xFC, 0xFC,
    0xFC, 0xFE, 0xFE, 0xFE, 0xFE, 0xFE, 0xFD, 0xF4, 0xB5, 0xB5, 0xB6, 0xB6,
    0xB6, 0xB6, 0xB6, 0xB6, 0xB6, 0xB6, 0xB6, 0xB6, 0xB6, 0xB6, 0x8B, 0x48,
    0x33, 0x1E, 0x1A, 0x1A, 0x1A, 0x1E, 0x27, 0x3C, 0x61, 0x79, 0x69, 0x8F,
    0xCF, 0xF0, 0xF8, 0xFC, 0xFE, 0xFE, 0xFE, 0xFF, 0x8F, 0x27, 0x1A, 0x12,
    0x08, 0x06, 0x09, 0x11, 0x19, 0x21, 0x2D, 0x40, 0x36, 0x31, 0x34, 0x36,
    0x3D, 0x40, 0x41, 0x3D, 0x43, 0x42, 0x43, 0x46, 0x43, 0x45, 0x4E, 0x53,
    0x49, 0x4C, 0x4E, 0x4B, 0x4E, 0x49, 0x4C, 0x4C, 0x4E, 0x68, 0x72, 0x6C,
    0x82, 0x91, 0x93, 0x95, 0x87, 0x87, 0x92, 0x8C, 0x80, 0x82, 0x83, 0x85,
    0x83, 0x7C, 0x82, 0x82, 0x95, 0x92, 0x8C, 0x86, 0x91, 0xA3, 0xA3, 0x9E,
    0x97, 0xA8, 0x9E, 0xAD, 0xA8, 0x9A, 0xB9, 0xB2, 0xA8, 0xCC, 0xE2, 0xDE,
    0xD1, 0xDA, 0xC7, 0xC3, 0xBE, 0xAD, 0xB9, 0xC3, 0xD1, 0xDA, 0xE5, 0xEB,
    0xEF, 0xEC, 0xEB, 0xEF, 0xEF, 0xED, 0xED, 0xEF, 0xF3, 0xF3, 0xF3, 0xEF,
    0xED, 0xE5, 0xEF, 0xEF, 0xED, 0xDE, 0xDE, 0xDA, 0xB9, 0xAD, 0x97, 0x8D,
    0x89, 0x86, 0x8D, 0x96, 0x9A, 0x9E, 0x9E, 0xA8, 0x9A, 0x97, 0x91, 0x89,
    0x81, 0x8D, 0x89, 0x7D, 0x86, 0x91, 0x9A, 0x99, 0x8C, 0x92, 0x85, 0x87,
    0x92, 0x82, 0x7A, 0x84, 0x92, 0x85, 0x7D, 0x7A, 0x7D, 0x84, 0x8A, 0x7A,
    0x81, 0x84, 0x85, 0x83, 0x80, 0x7C, 0x70, 0x60, 0x6B, 0x6C, 0x6B, 0x65,
    0x58, 0x51, 0x57, 0x6B, 0x65, 0x5A, 0x4B, 0x45, 0x47, 0x45, 0x40, 0x3D,
    0x39, 0x37, 0x34, 0x31, 0x34, 0x34, 0x38, 0x36, 0x38, 0x42, 0x42, 0x46,
    0x41, 0x38, 0x32, 0x25, 0x1F, 0x16, 0x0E, 0x07, 0x03, 0x02, 0x04, 0x08,
    0x10, 0x14, 0x3C, 0xFE, 0xE6, 0x4F, 0x1E, 0x0C, 0x03, 0x19, 0x3E, 0x4D,
    0x79, 0xA0, 0xF0, 0xF8, 0xFE, 0xFF, 0xFE, 0xFC, 0xFC, 0xFC, 0xFC, 0xF9,
    0xF9, 0xF9, 0xF9, 0xF9, 0xF5, 0xF5, 0xF5, 0xF5, 0xF5, 0xE8, 0xE8, 0xE7,
    0xE7, 0xB6, 0xB6, 0xB6, 0xB6, 0xB5, 0xB5, 0xB5, 0xB5, 0xB5, 0x67, 0xB5,
    0xB5, 0x67, 0x35, 0x28, 0x16, 0x10, 0x0F, 0x0C, 0x07, 0x05, 0x03, 0x07,
    0x10, 0x17, 0x1E, 0x3C, 0x4D, 0x61, 0x88, 0x8F, 0xA0, 0xCA, 0xCF, 0xE0,
    0xF0, 0xF0, 0xF8, 0xF8, 0xFC, 0xFC, 0xFE, 0xFE, 0xFE, 0xFF, 0xFE, 0xFC,
    0xF4, 0xB6, 0xB5, 0xB5, 0xB6, 0xB6, 0xB6, 0xB6, 0xB6, 0xB6, 0xB6, 0xB6,
    0xB6, 0xB6, 0xB6, 0xB6, 0xB6, 0xB6, 0x75, 0x3C, 0x23, 0x1A, 0x17, 0x17,
    0x19, 0x1A, 0x23, 0x3C, 0x61, 0x56, 0x61, 0xA0, 0xCF, 0xF0, 0xF8, 0xFC,
    0xFE, 0xFE, 0xFE, 0xFE, 0x61, 0x23, 0x19, 0x10, 0x08, 0x06, 0x09, 0x11,
    0x18, 0x1C, 0x29, 0x31, 0x2D, 0x36, 0x43, 0x40, 0x3D, 0x42, 0x41, 0x40,
    0x39, 0x34, 0x36, 0x31, 0x31, 0x36, 0x3D, 0x47, 0x57, 0x60, 0x60, 0x60,
    0x6B, 0x78, 0x80, 0x76, 0x6C, 0x6C, 0x6C, 0x6C, 0x72, 0x75, 0x75, 0x70,
    0x72, 0x76, 0x76, 0x68, 0x5C, 0x58, 0x51, 0x58, 0x60, 0x65, 0x6C, 0x70,
    0x70, 0x7C, 0x83, 0x71, 0x6D, 0x7A, 0x86, 0x7A, 0x7A, 0x7D, 0x89, 0xAD,
    0xAD, 0x96, 0x9E, 0x9A, 0x97, 0xA3, 0xC3, 0xC3, 0xB9, 0xBE, 0xBE, 0xAD,
    0xB2, 0xC3, 0xB2, 0xB9, 0xC3, 0xCC, 0xE2, 0xEB, 0xED, 0xEC, 0xE5, 0xDE,
    0xCC, 0xD6, 0xD6, 0xD1, 0xF7, 0xF7, 0xF7, 0xF3, 0xEF, 0xED, 0xEF, 0xEC,
    0xDA, 0xEC, 0xEB, 0xDA, 0xDA, 0xD1, 0xBE, 0xBE, 0xD1, 0xDA, 0xCC, 0xC7,
    0xCC, 0xDA, 0xDA, 0xD6, 0xD1, 0xD1, 0xC3, 0xB9, 0xAD, 0xAD, 0x97, 0x84,
    0x7D, 0x97, 0xBE, 0xB3, 0xB3, 0xB3, 0x9B, 0xA2, 0x8D, 0x7C, 0x7A, 0x7A,
    0x82, 0x80, 0x89, 0x93, 0xA3, 0x93, 0x96, 0x9E, 0x93, 0x86, 0x81, 0x6B,
    0x70, 0x65, 0x57, 0x60, 0x65, 0x5C, 0x5C, 0x55, 0x58, 0x5A, 0x55, 0x5A,
    0x68, 0x5A, 0x55, 0x5A, 0x55, 0x51, 0x58, 0x53, 0x4E, 0x47, 0x53, 0x58,
    0x53, 0x4C, 0x47, 0x4B, 0x43, 0x40, 0x40, 0x40, 0x41, 0x37, 0x2D, 0x20,
    0x19, 0x13, 0x0A, 0x05, 0x02, 0x03, 0x06, 0x0C, 0x12, 0x1A, 0xFC, 0xFC,
    0x88, 0x33, 0x12, 0x04, 0x0A, 0x33, 0x48, 0x79, 0xAF, 0xF0, 0xFC, 0xFE,
    0xFF, 0xFE, 0xF0, 0xF0, 0xF0, 0xF8, 0xF7, 0xF9, 0xF9, 0xF9, 0xF9, 0xF9,
    0xF5, 0xF5, 0xF5, 0xF5, 0xF5, 0xE8, 0xE8, 0xE7, 0xE7, 0xE7, 0xB6, 0xB6,
    0xB6, 0xB6, 0xB5, 0xB5, 0xB5, 0xB5, 0xB5, 0x67, 0x28, 0x1C, 0x14, 0x10,
    0x0F, 0x0A, 0x06, 0x04, 0x04, 0x08, 0x12, 0x19, 0x23, 0x3C, 0x4F, 0x79,
    0x88, 0x8F, 0xA0, 0xCF, 0xE0, 0xF0, 0xF0, 0xF8, 0xF8, 0xFC, 0xFC, 0xFC,
    0xFE, 0xFE, 0xFF, 0xFE, 0xFC, 0xF4, 0xE7, 0xB5, 0xB5, 0xB6, 0xB6, 0xB6,
    0xB6, 0xB6, 0xB6, 0xB6, 0xB6, 0xB6, 0xB6, 0xB6, 0xB6, 0xB6, 0xB6, 0xB6,
    0xB6, 0xB6, 0x5E, 0x33, 0x1E, 0x19, 0x16, 0x16, 0x17, 0x1A, 0x23, 0x4D,
    0x56, 0x48, 0x88, 0xAF, 0xD3, 0xF0, 0xF8, 0xFE, 0xFE, 0xFE, 0xFF, 0xFC,
    0x48, 0x23, 0x17, 0x0F, 0x08, 0x07, 0x0C, 0x14, 0x1B, 0x29, 0x3D, 0x45,
    0x40, 0x46, 0x4B, 0x53, 0x4C, 0x4C, 0x4B, 0x4B, 0x42, 0x40, 0x40, 0x49,
    0x4A, 0x47, 0x42, 0x4A, 0x51, 0x55, 0x51, 0x53, 0x57, 0x5A, 0x7C, 0x80,
    0x80, 0x80, 0x78, 0x7A, 0x7C, 0x75, 0x71, 0x76, 0x80, 0x78, 0x72, 0x72,
    0x83, 0x83, 0x8C, 0x92, 0x8C, 0x95, 0xA2, 0x9B, 0xA6, 0xA2, 0x93, 0xA7,
    0x93, 0x8A, 0x97, 0x93, 0x84, 0x81, 0x75, 0x93, 0xC3, 0xC3, 0xC3, 0xB9,
    0xB2, 0x9E, 0x93, 0x9A, 0x9E, 0xA8, 0xCC, 0xBE, 0xDE, 0xEF, 0xEF, 0xF2,
    0xEC, 0xDE, 0xCC, 0xB2, 0xC7, 0xC7, 0xB9, 0xBE, 0xCC, 0xD1, 0xD1, 0xE2,
    0xCC, 0xD6, 0xD1, 0xD6, 0xDA, 0xD6, 0xC7, 0xB9, 0xA3, 0xC7, 0xDE, 0xB9,
    0xC7, 0xC7, 0xCC, 0xD1, 0xD1, 0xC7, 0xBE, 0xCC, 0xD6, 0xBE, 0xC3, 0xBE,
    0xAD, 0xC3, 0xBE, 0xA8, 0xA8, 0x97, 0x8D, 0x91, 0x96, 0x96, 0x93, 0x83,
    0x87, 0x85, 0x8C, 0x89, 0x8A, 0x81, 0x82, 0x83, 0x85, 0x83, 0x84, 0x86,
    0x81, 0x6D, 0x6D, 0x7A, 0x7D, 0x75, 0x71, 0x6C, 0x6C, 0x65, 0x5A, 0x55,
    0x55, 0x4A, 0x4C, 0x55, 0x5A, 0x68, 0x70, 0x6C, 0x68, 0x6B, 0x5C, 0x5A,
    0x57, 0x51, 0x4C, 0x4B, 0x4C, 0x51, 0x58, 0x58, 0x55, 0x4C, 0x4C, 0x51,
    0x4A, 0x4A, 0x45, 0x3D, 0x36, 0x38, 0x32, 0x20, 0x18, 0x11, 0x08, 0x03,
    0x03, 0x04, 0x08, 0x12, 0x15, 0x88, 0xFE, 0xD3, 0x4D, 0x1A, 0x0C, 0x02,
    0x1B, 0x45, 0x61, 0x9C, 0xE6, 0xFC, 0xFE, 0xFF, 0xFC, 0xD3, 0xCA, 0xCA,
    0xCA, 0xD3, 0xF6, 0xF9, 0xF9, 0xF9, 0xF9, 0xF9, 0xF5, 0xF5, 0xF5, 0xF5,
    0xF5, 0xE8, 0xE8, 0xE7, 0xE7, 0xB6, 0xB6, 0xB6, 0xB6, 0xB6, 0xB6, 0xB6,
    0xB5, 0x63, 0x28, 0x18, 0x12, 0x10, 0x0D, 0x08, 0x06, 0x03, 0x05, 0x0B,
    0x14, 0x1A, 0x27, 0x48, 0x61, 0x88, 0x8F, 0xA0, 0xCA, 0xD3, 0xE6, 0xF0,
    0xF8, 0xF8, 0xFC, 0xFC, 0xFC, 0xFE, 0xFE, 0xFF, 0xFF, 0xFE, 0xFD, 0xE7,
    0xB5, 0xB5, 0xB6, 0xB6, 0xB6, 0xB6, 0xB6, 0xB6, 0xB6, 0xB6, 0xB6, 0xB6,
    0xB6, 0xB6, 0xB6, 0xB6, 0xB6, 0xB6, 0xB6, 0xB6, 0xB6, 0xB6, 0x58, 0x2E,
    0x1D, 0x17, 0x16, 0x16, 0x19, 0x1D, 0x3C, 0x5F, 0x39, 0x61, 0x8F, 0xA0,
    0xE0, 0xF8, 0xFC, 0xFE, 0xFE, 0xFE, 0xFF, 0xD3, 0x3C, 0x1E, 0x17, 0x0D,
    0x07, 0x07, 0x0C, 0x15, 0x1B, 0x21, 0x2A, 0x39, 0x39, 0x36, 0x31, 0x39,
    0x3D, 0x3D, 0x3D, 0x3D, 0x3D, 0x40, 0x41, 0x4E, 0x4B, 0x45, 0x45, 0x47,
    0x47, 0x49, 0x42, 0x40, 0x42, 0x40, 0x4B, 0x4C, 0x53, 0x58, 0x60, 0x68,
    0x58, 0x54, 0x53, 0x69, 0x6D, 0x5B, 0x57, 0x65, 0x6C, 0x78, 0x7C, 0x7C,
    0x92, 0x87, 0x87, 0x8C, 0x99, 0x95, 0x91, 0x92, 0x8C, 0x95, 0x95, 0x96,
    0x8D, 0x8D, 0x93, 0x93, 0x97, 0x96, 0xA8, 0x9A, 0x9E, 0xA3, 0xA3, 0x9E,
    0x9E, 0xA8, 0xB2, 0xB2, 0xB2, 0xB2, 0xB9, 0xB9, 0xAD, 0xAD, 0xB9, 0xBE,
    0xBE, 0xBE, 0xBE, 0xB9, 0xB2, 0xB9, 0xC3, 0xC7, 0xEF, 0xED, 0xE5, 0xD6,
    0xC3, 0xDA, 0xDE, 0xC7, 0xB9, 0xAD, 0xC7, 0xCC, 0xCC, 0xD1, 0xDA, 0xCC,
    0xDA, 0xD1, 0xC3, 0xC7, 0xDE, 0xEB, 0xE5, 0xE2, 0xE2, 0xE2, 0xEC, 0xD1,
    0xD6, 0xBE, 0x9E, 0xC3, 0xB2, 0xA8, 0x9E, 0x8C, 0x8C, 0x92, 0x99, 0x89,
    0x8E, 0x91, 0x92, 0x83, 0x83, 0x83, 0x7A, 0x75, 0x75, 0x60, 0x59, 0x5B,
    0x59, 0x5B, 0x60, 0x6C, 0x6B, 0x5C, 0x5C, 0x57, 0x5A, 0x65, 0x58, 0x51,
    0x65, 0x65, 0x68, 0x6C, 0x68, 0x65, 0x65, 0x68, 0x68, 0x5A, 0x58, 0x58,
    0x5C, 0x5A, 0x53, 0x58, 0x53, 0x55, 0x4E, 0x4E, 0x51, 0x53, 0x49, 0x45,
    0x39, 0x2D, 0x24, 0x1C, 0x16, 0x0E, 0x05, 0x03, 0x03, 0x06, 0x0D, 0x15,
    0x1E, 0xFE, 0xF8, 0x88, 0x2E, 0x14, 0x06, 0x08, 0x33, 0x56, 0x88, 0xE6,
    0xF8, 0xFE, 0xFF, 0xF8, 0xCA, 0x8F, 0x79, 0x79, 0x79, 0x8F, 0xE9, 0xFA,
    0xF9, 0xF9, 0xF9, 0xF9, 0xF9, 0xF5, 0xF5, 0xF5, 0xF5, 0xF5, 0xE8, 0xE7,
    0xE7, 0xE7, 0xB6, 0xB6, 0xB6, 0xB6, 0x6E, 0x35, 0x1C, 0x16, 0x12, 0x10,
    0x0C, 0x07, 0x04, 0x03, 0x06, 0x0D, 0x16, 0x1E, 0x33, 0x48, 0x79, 0x8F,
    0xA0, 0xCA, 0xD3, 0xE6, 0xF0, 0xF8, 0xF8, 0xFC, 0xFC, 0xFC, 0xFE, 0xFE,
    0xFE, 0xFF, 0xFE, 0xFC, 0xF4, 0xB6, 0xB5, 0xB5, 0xB6, 0xB6, 0xB6, 0xB6,
    0xB6, 0xB6, 0xB6, 0xB6, 0xB6, 0xB6, 0xB6, 0xB6, 0xB6, 0xB6, 0xB6, 0xB6,
    0xB6, 0xB6, 0xB6, 0xB6, 0xB6, 0xB6, 0x5D, 0x2E, 0x1E, 0x19, 0x17, 0x19,
    0x1A, 0x33, 0x6D, 0x33, 0x4D, 0x8F, 0xA0, 0xCA, 0xE6, 0xF8, 0xFC, 0xFE,
    0xFE, 0xFF, 0xFE, 0x61, 0x33, 0x1A, 0x14, 0x0A, 0x07, 0x08, 0x11, 0x18,
    0x1D, 0x26, 0x32, 0x38, 0x34, 0x37, 0x37, 0x37, 0x3D, 0x45, 0x45, 0x4B,
    0x51, 0x4B, 0x49, 0x4C, 0x57, 0x4C, 0x53, 0x57, 0x57, 0x53, 0x4B, 0x57,
    0x58, 0x57, 0x58, 0x58, 0x57, 0x5A, 0x57, 0x60, 0x60, 0x5B, 0x59, 0x5B,
    0x6D, 0x69, 0x65, 0x70, 0x7C, 0x8C, 0x8C, 0x78, 0x85, 0xAB, 0xB7, 0xBA,
    0xAB, 0x99, 0x96, 0xA2, 0xAB, 0xA6, 0x99, 0x91, 0x97, 0xAD, 0xB9, 0xBE,
    0xAD, 0xA3, 0xBE, 0xAD, 0xA3, 0x9E, 0xBE, 0xDA, 0xD6, 0xC3, 0xAD, 0xB2,
    0xB2, 0xA8, 0x9E, 0x9E, 0x8A, 0x96, 0xAD, 0xAD, 0xAD, 0xC7, 0xC3, 0xC3,
    0xC3, 0xC3, 0xC7, 0xD1, 0xEF, 0xEF, 0xF3, 0xF2, 0xEF, 0xEF, 0xEF, 0xE5,
    0xD6, 0xE2, 0xEB, 0xF2, 0xEF, 0xF3, 0xEF, 0xE2, 0xE2, 0xDE, 0xCC, 0xB2,
    0xBE, 0xC3, 0xAD, 0xAD, 0xA3, 0xA8, 0xA3, 0x96, 0x97, 0x93, 0x91, 0x8A,
    0x86, 0x84, 0x84, 0x89, 0x86, 0x7E, 0x7E, 0x86, 0x8A, 0x7E, 0x85, 0x8C,
    0x95, 0x95, 0x8A, 0x85, 0x7D, 0x6C, 0x6C, 0x70, 0x6B, 0x5C, 0x60, 0x68,
    0x6B, 0x6C, 0x6C, 0x68, 0x57, 0x4A, 0x45, 0x43, 0x46, 0x43, 0x42, 0x41,
    0x3D, 0x40, 0x47, 0x4B, 0x43, 0x40, 0x46, 0x42, 0x40, 0x43, 0x41, 0x46,
    0x46, 0x42, 0x46, 0x43, 0x43, 0x40, 0x46, 0x4A, 0x40, 0x31, 0x24, 0x1B,
    0x13, 0x09, 0x05, 0x03, 0x04, 0x08, 0x12, 0x16, 0x88, 0xFE, 0xD3, 0x61,
    0x1E, 0x0D, 0x02, 0x16, 0x48, 0x79, 0xCF, 0xF8, 0xFE, 0xFF, 0xF8, 0xA0,
    0x88, 0x4F, 0x48, 0x48, 0x4D, 0x61, 0xD4, 0xFA, 0xF9, 0xFA, 0xF9, 0xF9,
    0xF9, 0xF9, 0xF5, 0xF5, 0xF5, 0xF5, 0xF5, 0xE7, 0xE7, 0xE8, 0xE8, 0xB6,
    0x6A, 0x28, 0x19, 0x15, 0x12, 0x0F, 0x0A, 0x06, 0x04, 0x04, 0x08, 0x12,
    0x19, 0x1E, 0x3C, 0x4F, 0x88, 0x9C, 0xCA, 0xCF, 0xDF, 0xF0, 0xF0, 0xF8,
    0xF8, 0xFC, 0xFC, 0xFE, 0xFE, 0xFE, 0xFF, 0xFF, 0xFE, 0xF6, 0xE7, 0xB5,
    0xB5, 0xB5, 0xB6, 0xB6, 0xB6, 0xB6, 0xB6, 0xB6, 0xB6, 0xB6, 0xB6, 0xB6,
    0xB6, 0xB6, 0xB6, 0xB6, 0xB6, 0xB6, 0xB6, 0xB6, 0xB6, 0xB6, 0xB6, 0xB6,
    0xB6, 0xE8, 0x5D, 0x33, 0x1E, 0x1A, 0x1A, 0x1A, 0x2E, 0x61, 0x34, 0x48,
    0x88, 0x8F, 0xA0, 0xD3, 0xF0, 0xFC, 0xFE, 0xFE, 0xFE, 0xFF, 0xF8, 0x48,
    0x27, 0x1A, 0x12, 0x08, 0x08, 0x0A, 0x12, 0x19, 0x1D, 0x24, 0x2D, 0x36,
    0x31, 0x30, 0x2D, 0x2D, 0x30, 0x30, 0x2D, 0x31, 0x3B, 0x45, 0x40, 0x40,
    0x43, 0x41, 0x42, 0x46, 0x43, 0x40, 0x4C, 0x58, 0x65, 0x5A, 0x65, 0x78,
    0x80, 0x76, 0x72, 0x6C, 0x65, 0x6D, 0x5C, 0x75, 0x81, 0x83, 0x8C, 0x95,
    0x87, 0x85, 0x92, 0x8C, 0x76, 0x78, 0x83, 0x87, 0x7C, 0x76, 0x86, 0x87,
    0x8C, 0x95, 0x82, 0x84, 0x89, 0x89, 0x8A, 0x91, 0xA3, 0xAD, 0x96, 0x8D,
    0x93, 0x96, 0xA8, 0xCC, 0xCC, 0xBE, 0xD1, 0xD1, 0xBE, 0xBE, 0x9E, 0x9E,
    0xB2, 0xAD, 0xB2, 0xAD, 0xC3, 0xD6, 0xEB, 0xE5, 0xDA, 0xD1, 0xC7, 0xBE,
    0xDE, 0xE2, 0xE2, 0xEF, 0xF2, 0xED, 0xF3, 0xF7, 0xF3, 0xF7, 0xF3, 0xEF,
    0xE5, 0xED, 0xD6, 0xC7, 0xD6, 0xC3, 0xC3, 0xE2, 0xE2, 0xDE, 0xDA, 0xBE,
    0xBE, 0xAD, 0x9E, 0xA8, 0x9A, 0x8D, 0x8A, 0x89, 0x7A, 0x81, 0x86, 0x81,
    0x75, 0x77, 0x75, 0x7E, 0x89, 0x86, 0x75, 0x65, 0x82, 0x8C, 0x82, 0x6C,
    0x70, 0x68, 0x6B, 0x6C, 0x65, 0x57, 0x65, 0x6C, 0x6C, 0x82, 0x80, 0x82,
    0x80, 0x72, 0x58, 0x55, 0x4E, 0x49, 0x4E, 0x4A, 0x41, 0x4B, 0x53, 0x57,
    0x57, 0x4E, 0x4A, 0x47, 0x40, 0x3D, 0x42, 0x3D, 0x36, 0x2D, 0x2D, 0x34,
    0x38, 0x40, 0x39, 0x36, 0x31, 0x25, 0x1D, 0x18, 0x0E, 0x07, 0x04, 0x03,
    0x06, 0x0C, 0x14, 0x1D, 0xFC, 0xFC, 0xA0, 0x48, 0x19, 0x0A, 0x02, 0x1E,
    0x4F, 0x9C, 0xF0, 0xFE, 0xFF, 0xF8, 0xA0, 0x79, 0x48, 0x3C, 0x33, 0x33,
    0x3C, 0x4D, 0xD4, 0xFA, 0xF9, 0xF9, 0xF9, 0xF9, 0xF9, 0xF9, 0xF9, 0xF5,
    0xF5, 0xF5, 0xF5, 0xF5, 0xE7, 0xB5, 0x50, 0x1F, 0x18, 0x14, 0x12, 0x0D,
    0x08, 0x05, 0x04, 0x06, 0x0C, 0x15, 0x1A, 0x23, 0x3C, 0x61, 0x88, 0xA0,
    0xCA, 0xD3, 0xE6, 0xF0, 0xF8, 0xF8, 0xFC, 0xFC, 0xFE, 0xFE, 0xFE, 0xFF,
    0xFF, 0xFE, 0xFC, 0xF4, 0xB6, 0xB5, 0xB5, 0xB6, 0xB6, 0xB6, 0xB6, 0xB6,
    0xB6, 0xB6, 0xB6, 0xB6, 0xB6, 0xB6, 0xB6, 0xB6, 0xB6, 0xB6, 0xB6, 0xB6,
    0xB6, 0xB6, 0xB6, 0xE8, 0xE8, 0xE7, 0xE7, 0xB6, 0xB6, 0xE8, 0x73, 0x3C,
    0x27, 0x1E, 0x1D, 0x33, 0x61, 0x33, 0x48, 0x88, 0x88, 0x8F, 0xCA, 0xF0,
    0xFC, 0xFE, 0xFE, 0xFE, 0xFF, 0xFE, 0x88, 0x3C, 0x23, 0x17, 0x0F, 0x08,
    0x07, 0x0A, 0x11, 0x18, 0x1D, 0x24, 0x2A, 0x2D, 0x30, 0x34, 0x36, 0x36,
    0x30, 0x31, 0x31, 0x34, 0x2F, 0x36, 0x36, 0x36, 0x41, 0x40, 0x4B, 0x49,
    0x45, 0x43, 0x47, 0x4E, 0x55, 0x4E, 0x4C, 0x53, 0x58, 0x72, 0x78, 0x76,
    0x87, 0x92, 0x80, 0x83, 0x92, 0x95, 0x85, 0x82, 0x78, 0x7C, 0x76, 0x82,
    0x83, 0x76, 0x8C, 0x95, 0x95, 0x87, 0x87, 0x8C, 0x8C, 0x8C, 0x85, 0x8A,
    0x81, 0x7D, 0x8A, 0x93, 0x96, 0x96, 0x8D, 0x86, 0x96, 0xB2, 0xB2, 0x9E,
    0x96, 0x93, 0xA3, 0xBE, 0xA8, 0x9A, 0x93, 0x97, 0xB2, 0xBE, 0xA8, 0xA8,
    0x97, 0xC7, 0xEB, 0xEC, 0xE2, 0xDE, 0xE2, 0xD6, 0xD6, 0xC3, 0xBE, 0xD1,
    0xE5, 0xE2, 0xDA, 0xDA, 0xD6, 0xD6, 0xDE, 0xCC, 0xD1, 0xD6, 0xD1, 0xBE,
    0xC3, 0xD6, 0xD1, 0xC3, 0xB9, 0xC7, 0xD6, 0xD6, 0xD6, 0xC7, 0xAD, 0xA8,
    0xBE, 0xD1, 0xAD, 0x9A, 0xA3, 0x9E, 0x9A, 0x98, 0x8B, 0x94, 0x8D, 0x89,
    0x86, 0x9F, 0xA6, 0x99, 0x9B, 0x8C, 0x9B, 0x95, 0x8C, 0x8C, 0x80, 0x76,
    0x70, 0x70, 0x82, 0x85, 0x87, 0x99, 0x9B, 0x99, 0x83, 0x76, 0x78, 0x68,
    0x5C, 0x55, 0x57, 0x51, 0x51, 0x5A, 0x6B, 0x6C, 0x7C, 0x76, 0x78, 0x80,
    0x70, 0x5A, 0x53, 0x49, 0x40, 0x43, 0x39, 0x36, 0x39, 0x36, 0x39, 0x40,
    0x31, 0x29, 0x1D, 0x16, 0x0E, 0x07, 0x03, 0x04, 0x06, 0x10, 0x16, 0x48,
    0xFE, 0xF0, 0x88, 0x33, 0x16, 0x08, 0x05, 0x2E, 0x79, 0xDF, 0xFC, 0xFF,
    0xF8, 0xA0, 0x79, 0x48, 0x33, 0x23, 0x1E, 0x23, 0x2E, 0x48, 0xB0, 0xFB,
    0xFA, 0xFA, 0xFA, 0xFA, 0xF9, 0xF9, 0xF9, 0xF9, 0xF9, 0xF9, 0xE7, 0x6A,
    0x2C, 0x19, 0x14, 0x12, 0x10, 0x0A, 0x06, 0x03, 0x05, 0x08, 0x10, 0x17,
    0x1E, 0x2E, 0x48, 0x61, 0x8F, 0xCA, 0xD3, 0xE6, 0xF0, 0xF0, 0xF8, 0xFC,
    0xFC, 0xFC, 0xFE, 0xFE, 0xFE, 0xFF, 0xFF, 0xFE, 0xF6, 0xE7, 0xB5, 0xB5,
    0xB5, 0xB6, 0xB6, 0xB6, 0xB6, 0xB6, 0xB6, 0xB6, 0xB6, 0xB6, 0xB6, 0xB6,
    0xE8, 0xB6, 0xB6, 0xB6, 0xB6, 0xB6, 0xB6, 0xB6, 0xB6, 0xE8, 0xE8, 0xE8,
    0xE8, 0xE7, 0xE7, 0xE7, 0xE7, 0xE7, 0x82, 0x48, 0x33, 0x27, 0x3E, 0x5F,
    0x33, 0x48, 0x88, 0x88, 0x88, 0xCA, 0xE0, 0xF8, 0xFE, 0xFE, 0xFE, 0xFE,
    0xFF, 0xF0, 0x4F, 0x33, 0x1A, 0x14, 0x0C, 0x07, 0x08, 0x0C, 0x15, 0x1B,
    0x1F, 0x29, 0x30, 0x34, 0x3D, 0x43, 0x42, 0x47, 0x4E, 0x4C, 0x57, 0x5C,
    0x55, 0x4B, 0x4A, 0x4A, 0x4B, 0x4E, 0x4A, 0x43, 0x42, 0x43, 0x45, 0x46,
    0x46, 0x45, 0x41, 0x40, 0x40, 0x4C, 0x58, 0x5A, 0x5A, 0x6B, 0x6C, 0x6C,
    0x6C, 0x72, 0x78, 0x72, 0x6C, 0x70, 0x70, 0x7C, 0x87, 0x85, 0x8C, 0x92,
    0x95, 0x92, 0x95, 0x9B, 0x9B, 0x92, 0x9B, 0xB9, 0xAD, 0x9E, 0x9E, 0x9E,
    0x8A, 0x8D, 0x8A, 0x91, 0x97, 0xC3, 0xCC, 0xE5, 0xEC, 0xDE, 0xDA, 0xE2,
    0xD1, 0xCC, 0xC7, 0xE2, 0xD6, 0xEC, 0xEF, 0xEB, 0xEF, 0xF3, 0xF3, 0xF3,
    0xEF, 0xEB, 0xEB, 0xE2, 0xDA, 0xE2, 0xE2, 0xDE, 0xEB, 0xE5, 0xDA, 0xD6,
    0xC7, 0xB9, 0xA3, 0xA8, 0xBE, 0xB9, 0xB9, 0xAD, 0xC3, 0xC7, 0xB2, 0xAD,
    0xC3, 0xBE, 0xD1, 0xC3, 0x9A, 0xA3, 0xA3, 0x9E, 0x93, 0x95, 0x93, 0x89,
    0x8D, 0x9F, 0x93, 0x85, 0x85, 0x98, 0x9D, 0x8C, 0x91, 0x99, 0xA6, 0x8C,
    0x83, 0x80, 0x8C, 0x83, 0x87, 0x8C, 0x92, 0x95, 0x92, 0x85, 0x85, 0x85,
    0x85, 0x82, 0x72, 0x68, 0x65, 0x55, 0x53, 0x53, 0x51, 0x58, 0x57, 0x53,
    0x58, 0x4B, 0x49, 0x42, 0x3D, 0x36, 0x34, 0x41, 0x40, 0x3D, 0x3D, 0x41,
    0x41, 0x46, 0x49, 0x40, 0x3D, 0x40, 0x3D, 0x3D, 0x3E, 0x30, 0x1D, 0x18,
    0x10, 0x07, 0x04, 0x05, 0x08, 0x14, 0x17, 0xA0, 0xFE, 0xD3, 0x61, 0x27,
    0x15, 0x06, 0x08, 0x3E, 0x9C, 0xF8, 0xFE, 0xFC, 0xCA, 0x79, 0x48, 0x33,
    0x1E, 0x1A, 0x1A, 0x1D, 0x23, 0x3C, 0x90, 0xFB, 0xFA, 0xFA, 0xFA, 0xFA,
    0xF9, 0xFA, 0xFB, 0xF9, 0xE7, 0x50, 0x1F, 0x17, 0x15, 0x12, 0x0D, 0x07,
    0x04, 0x04, 0x06, 0x0C, 0x15, 0x1A, 0x23, 0x3C, 0x4F, 0x88, 0xA0, 0xCF,
    0xD3, 0xF0, 0xF0, 0xF8, 0xFC, 0xFC, 0xFC, 0xFE, 0xFE, 0xFE, 0xFF, 0xFF,
    0xFE, 0xFC, 0xF4, 0xB5, 0xB5, 0xB5, 0xB5, 0xB5, 0xB5, 0xB6, 0xB6, 0xB6,
    0xB6, 0xB6, 0xB6, 0xB6, 0xB6, 0xB6, 0xB6, 0xB6, 0xE8, 0xE8, 0xE8, 0xE8,
    0xE8, 0xE8, 0xE8, 0xE8, 0xE8, 0xE8, 0xE8, 0xE8, 0xE8, 0xE8, 0xE8, 0xE7,
    0xE7, 0xE7, 0x92, 0x4F, 0x48, 0x4F, 0x4F, 0x33, 0x56, 0x88, 0x79, 0x88,
    0xA0, 0xD3, 0xF8, 0xFC, 0xFE, 0xFE, 0xFE, 0xFF, 0xFE, 0x88, 0x48, 0x23,
    0x19, 0x12, 0x0A, 0x07, 0x0A, 0x12, 0x19, 0x21, 0x2A, 0x37, 0x3D, 0x40,
    0x40, 0x39, 0x36, 0x39, 0x39, 0x45, 0x42, 0x4C, 0x51, 0x47, 0x43, 0x40,
    0x43, 0x49, 0x4B, 0x47, 0x41, 0x43, 0x47, 0x49, 0x4B, 0x46, 0x4A, 0x4E,
    0x57, 0x58, 0x5C, 0x58, 0x5A, 0x55, 0x55, 0x5A, 0x57, 0x58, 0x65, 0x70,
    0x76, 0x75, 0x7D, 0x70, 0x80, 0x83, 0x8C, 0x87, 0x82, 0x82, 0x80, 0x82,
    0x82, 0x76, 0x83, 0x8A, 0x92, 0x97, 0x93, 0x96, 0x96, 0x96, 0x9E, 0xA3,
    0x96, 0x9E, 0xC3, 0xDE, 0xD6, 0xCC, 0xC7, 0xD1, 0xC7, 0xDE, 0xE5, 0xEF,
    0xEF, 0xEF, 0xEF, 0xE5, 0xDA, 0xD6, 0xD6, 0xD1, 0xD1, 0xDE, 0xC3, 0xC3,
    0xEF, 0xEB, 0xEC, 0xEF, 0xEF, 0xE5, 0xDE, 0xDA, 0xCC, 0xDA, 0xC7, 0xC7,
    0xBE, 0xC7, 0xB9, 0x9E, 0x93, 0x9A, 0x96, 0x96, 0xBE, 0xC7, 0xA8, 0xAD,
    0xB2, 0xAD, 0xB2, 0xB2, 0xA2, 0x87, 0x87, 0x99, 0x92, 0xA2, 0x9B, 0xAE,
    0xA9, 0xA8, 0xB8, 0xA2, 0x9B, 0xA6, 0xAB, 0x92, 0x92, 0x99, 0x99, 0x92,
    0x85, 0x72, 0x60, 0x70, 0x7C, 0x76, 0x7C, 0x6C, 0x68, 0x6B, 0x6C, 0x65,
    0x58, 0x51, 0x4E, 0x57, 0x5A, 0x68, 0x6C, 0x68, 0x6B, 0x6C, 0x6B, 0x5A,
    0x51, 0x4A, 0x4B, 0x46, 0x43, 0x46, 0x43, 0x43, 0x43, 0x40, 0x40, 0x39,
    0x40, 0x42, 0x38, 0x31, 0x25, 0x1F, 0x1B, 0x14, 0x0D, 0x06, 0x04, 0x06,
    0x0C, 0x16, 0x1D, 0xF8, 0xFC, 0xCA, 0x61, 0x27, 0x16, 0x06, 0x08, 0x48,
    0xCF, 0xFC, 0xFE, 0xD3, 0x88, 0x4D, 0x33, 0x23, 0x1A, 0x19, 0x19, 0x1A,
    0x23, 0x3C, 0x82, 0xFB, 0xFA, 0xFA, 0xFB, 0xFB, 0xFB, 0xE7, 0x6A, 0x28,
    0x19, 0x16, 0x14, 0x10, 0x0A, 0x06, 0x04, 0x05, 0x0A, 0x12, 0x17, 0x1E,
    0x27, 0x3E, 0x61, 0x8F, 0xCA, 0xD3, 0xE6, 0xF0, 0xF8, 0xF8, 0xFC, 0xFC,
    0xFE, 0xFE, 0xFE, 0xFF, 0xFF, 0xFF, 0xFE, 0xF6, 0xE7, 0xB5, 0x64, 0xB5,
    0xB5, 0xB5, 0xB5, 0xB5, 0xB6, 0xB6, 0xB6, 0xB6, 0xB6, 0xB6, 0xB6, 0xE8,
    0xE8, 0xE8, 0xE8, 0xE8, 0xE8, 0xE8, 0xE8, 0xE8, 0xE8, 0xE8, 0xE8, 0xE8,
    0xE8, 0xE8, 0xE8, 0xE8, 0xE8, 0xE8, 0xE8, 0xE8, 0xE8, 0xE7, 0xB2, 0x88,
    0x79, 0x48, 0x33, 0x61, 0x88, 0x79, 0x88, 0x9C, 0xCF, 0xF0, 0xFC, 0xFE,
    0xFF, 0xFE, 0xFE, 0xFE, 0xCF, 0x4F, 0x33, 0x1D, 0x16, 0x0D, 0x08, 0x08,
    0x0C, 0x15, 0x1B, 0x25, 0x39, 0x43, 0x53, 0x5A, 0x55, 0x4C, 0x45, 0x41,
    0x46, 0x43, 0x41, 0x43, 0x43, 0x47, 0x4A, 0x57, 0x6C, 0x5A, 0x53, 0x53,
    0x57, 0x58, 0x55, 0x57, 0x5C, 0x51, 0x4E, 0x57, 0x6C, 0x6C, 0x68, 0x5C,
    0x57, 0x55, 0x5C, 0x65, 0x60, 0x58, 0x5A, 0x72, 0x6D, 0x60, 0x65, 0x6D,
    0x78, 0x7C, 0x8C, 0x8C, 0x85, 0x8C, 0x87, 0x82, 0x95, 0x97, 0x89, 0x82,
    0x99, 0x9E, 0x96, 0x9A, 0xB2, 0xAD, 0xB9, 0xC7, 0xBE, 0xC3, 0xD1, 0xD6,
    0xB9, 0xBE, 0xDA, 0xCC, 0xCC, 0xD1, 0xC3, 0xB9, 0xD6, 0xDE, 0xD1, 0xB9,
    0xB9, 0xAD, 0xB9, 0xDA, 0xE2, 0xDA, 0xE2, 0xEC, 0xED, 0xEB, 0xDE, 0xD6,
    0xCC, 0xC7, 0xAD, 0xB9, 0xB2, 0xC7, 0xDE, 0xEC, 0xEC, 0xEF, 0xEC, 0xE5,
    0xDA, 0xCC, 0xBE, 0xBE, 0xBE, 0xC3, 0xC3, 0xB2, 0xC3, 0xCC, 0xC3, 0xB9,
    0xAE, 0xA2, 0x95, 0xA2, 0xA2, 0xBB, 0xB7, 0x97, 0x83, 0x84, 0x91, 0x8A,
    0x92, 0x83, 0x80, 0x83, 0x87, 0x95, 0x8C, 0x85, 0x92, 0x83, 0x6C, 0x71,
    0x72, 0x60, 0x5C, 0x57, 0x51, 0x53, 0x57, 0x55, 0x53, 0x5A, 0x58, 0x57,
    0x58, 0x4E, 0x4C, 0x4E, 0x49, 0x46, 0x4B, 0x4B, 0x4E, 0x57, 0x4C, 0x4A,
    0x51, 0x4C, 0x43, 0x41, 0x45, 0x42, 0x41, 0x3D, 0x36, 0x3D, 0x3D, 0x34,
    0x29, 0x1D, 0x18, 0x11, 0x09, 0x05, 0x04, 0x06, 0x0F, 0x17, 0x27, 0xFE,
    0xFC, 0xA0, 0x4F, 0x2E, 0x17, 0x06, 0x06, 0x48, 0xF0, 0xFE, 0xF8, 0xA0,
    0x61, 0x3C, 0x23, 0x1A, 0x19, 0x17, 0x17, 0x1A, 0x23, 0x3C, 0x82, 0xFB,
    0xFB, 0xFB, 0xE7, 0x6E, 0x2C, 0x1B, 0x17, 0x14, 0x10, 0x0C, 0x06, 0x04,
    0x05, 0x07, 0x0F, 0x16, 0x1A, 0x23, 0x3C, 0x48, 0x79, 0xA0, 0xCF, 0xE6,
    0xF0, 0xF0, 0xF8, 0xFC, 0xFC, 0xFC, 0xFE, 0xFE, 0xFE, 0xFF, 0xFF, 0xFF,
    0xFC, 0xF4, 0xB5, 0x67, 0x67, 0xB5, 0xB5, 0xB5, 0xB5, 0xB5, 0xB5, 0xB5,
    0xB6, 0xB6, 0xB6, 0xB6, 0xB6, 0xB6, 0xB6, 0xE8, 0xE8, 0xE8, 0xE8, 0xE8,
    0xE8, 0xE8, 0xE8, 0xE8, 0xE8, 0xE8, 0xE8, 0xE8, 0xE8, 0xE8, 0xE8, 0xE8,
    0xE8, 0xE8, 0xE8, 0xE7, 0xE8, 0xE7, 0xEB, 0x79, 0x3E, 0x3E, 0x79, 0x88,
    0x88, 0x88, 0x8F, 0xCA, 0xF0, 0xFC, 0xFE, 0xFE, 0xFE, 0xFF, 0xFF, 0xF8,
    0x61, 0x48, 0x23, 0x19, 0x12, 0x0A, 0x07, 0x08, 0x10, 0x16, 0x19, 0x1D,
    0x2D, 0x38, 0x42, 0x45, 0x43, 0x46, 0x42, 0x42, 0x42, 0x45, 0x41, 0x41,
    0x45, 0x47, 0x49, 0x5C, 0x65, 0x60, 0x60, 0x5C, 0x60, 0x68, 0x6B, 0x60,
    0x58, 0x58, 0x51, 0x4E, 0x51, 0x4E, 0x4A, 0x4B, 0x53, 0x5A, 0x5A, 0x72,
    0x7C, 0x82, 0x83, 0x8C, 0x81, 0x75, 0x7A, 0x7A, 0x7C, 0x85, 0x8C, 0x85,
    0x8C, 0x95, 0xA6, 0xA2, 0x95, 0x96, 0x97, 0xAE, 0xAB, 0x9E, 0x96, 0x9E,
    0xA3, 0x96, 0xA8, 0xA3, 0xB9, 0xB2, 0xA3, 0xC3, 0xBE, 0xB9, 0xC3, 0xB9,
    0xC3, 0xC7, 0xC7, 0xBE, 0xBE, 0xBE, 0x9E, 0x9A, 0xA3, 0x9E, 0xA3, 0x9E,
    0xB9, 0xCC, 0xE2, 0xEB, 0xEF, 0xEF, 0xEF, 0xEC, 0xDA, 0xC3, 0xC3, 0xAD,
    0xA8, 0xB2, 0xB9, 0xCC, 0xC7, 0xD6, 0xEB, 0xEB, 0xE2, 0xD1, 0xBE, 0xAD,
    0x96, 0x91, 0x9A, 0xA8, 0xC3, 0xD6, 0xCC, 0xBE, 0xC9, 0xD0, 0xC0, 0xA6,
    0x9B, 0x9B, 0x92, 0x8C, 0x80, 0x8A, 0x86, 0x8A, 0x81, 0x7D, 0x75, 0x7E,
    0x76, 0x78, 0x75, 0x7A, 0x83, 0x72, 0x60, 0x5B, 0x5C, 0x5C, 0x60, 0x5A,
    0x5A, 0x57, 0x60, 0x6B, 0x5A, 0x55, 0x4B, 0x43, 0x47, 0x4B, 0x4E, 0x4A,
    0x51, 0x5C, 0x5C, 0x68, 0x6B, 0x65, 0x53, 0x58, 0x55, 0x45, 0x38, 0x3D,
    0x3D, 0x3D, 0x40, 0x3D, 0x3D, 0x38, 0x3D, 0x38, 0x2B, 0x20, 0x18, 0x11,
    0x08, 0x05, 0x04, 0x07, 0x10, 0x19, 0x3C, 0xFE, 0xF8, 0xA0, 0x61, 0x33,
    0x19, 0x08, 0x03, 0x33, 0xF8, 0xFC, 0xD3, 0x88, 0x4D, 0x33, 0x1E, 0x1A,
    0x19, 0x17, 0x19, 0x1D, 0x2E, 0x48, 0x92, 0xF4, 0x6E, 0x2F, 0x1C, 0x17,
    0x12, 0x10, 0x0C, 0x07, 0x04, 0x03, 0x06, 0x0C, 0x12, 0x19, 0x1E, 0x2E,
    0x48, 0x61, 0x88, 0xCA, 0xD3, 0xF0, 0xF0, 0xF8, 0xF8, 0xFC, 0xFC, 0xFE,
    0xFE, 0xFE, 0xFE, 0xFF, 0xFF, 0xFE, 0xFC, 0xE1, 0x67, 0x64, 0x64, 0xB5,
    0xB5, 0xB5, 0xB5, 0xB5, 0xB5, 0xB5, 0xB5, 0xB6, 0xB6, 0xB6, 0xB6, 0xB6,
    0xE8, 0xE8, 0xE8, 0xE8, 0xE8, 0xE8, 0xE8, 0xE8, 0xE8, 0xE8, 0xE8, 0xE8,
    0xE8, 0xE8, 0xE8, 0xE8, 0xE8, 0xE8, 0xE8, 0xE8, 0xE8, 0xE8, 0xE8, 0xE7,
    0xE8, 0xE7, 0x95, 0x46, 0x5F, 0x8F, 0x88, 0x88, 0x88, 0x8F, 0xCA, 0xF0,
    0xFC, 0xFE, 0xFF, 0xFE, 0xFE, 0xFF, 0xFC, 0x8F, 0x4F, 0x33, 0x1A, 0x16,
    0x0F, 0x08, 0x07, 0x0B, 0x14, 0x1B, 0x22, 0x2D, 0x32, 0x40, 0x42, 0x40,
    0x40, 0x3D, 0x3D, 0x40, 0x43, 0x45, 0x4C, 0x4C, 0x49, 0x4A, 0x49, 0x53,
    0x4B, 0x45, 0x40, 0x40, 0x46, 0x42, 0x46, 0x49, 0x53, 0x58, 0x68, 0x5C,
    0x5A, 0x5C, 0x51, 0x53, 0x47, 0x4B, 0x57, 0x65, 0x5C, 0x6B, 0x7A, 0x89,
    0x8C, 0x8C, 0x83, 0x78, 0x72, 0x76, 0x6C, 0x6C, 0x6C, 0x7A, 0x8A, 0xAE,
    0xA3, 0x95, 0xAE, 0xB7, 0xA2, 0x9B, 0x93, 0x86, 0x96, 0x9E, 0x97, 0x97,
    0x96, 0x93, 0x93, 0x96, 0xA8, 0xA8, 0xA3, 0xA8, 0xB2, 0xBE, 0xB2, 0xB2,
    0xAD, 0xAD, 0xA8, 0xAD, 0xA3, 0xAD, 0xD1, 0xCC, 0xCC, 0xDA, 0xD1, 0xC3,
    0xEF, 0xF2, 0xEF, 0xF2, 0xF2, 0xED, 0xEF, 0xEF, 0xEF, 0xEF, 0xEB, 0xED,
    0xE5, 0xE2, 0xED, 0xEC, 0xEB, 0xEC, 0xE5, 0xBE, 0xAD, 0xA3, 0x97, 0x89,
    0x89, 0x89, 0x97, 0x9A, 0x99, 0xAB, 0xAB, 0xAE, 0xA6, 0xA6, 0x92, 0x80,
    0x65, 0x70, 0x6D, 0x75, 0x84, 0x7E, 0x7A, 0x7E, 0x92, 0x8C, 0x91, 0x89,
    0x72, 0x74, 0x75, 0x75, 0x71, 0x6C, 0x58, 0x4C, 0x4E, 0x4E, 0x53, 0x51,
    0x4A, 0x49, 0x49, 0x46, 0x49, 0x4A, 0x46, 0x41, 0x43, 0x41, 0x40, 0x42,
    0x38, 0x3D, 0x40, 0x40, 0x40, 0x38, 0x39, 0x40, 0x41, 0x40, 0x49, 0x49,
    0x46, 0x45, 0x39, 0x34, 0x34, 0x25, 0x1B, 0x14, 0x08, 0x05, 0x05, 0x08,
    0x12, 0x19, 0x4F, 0xFE, 0xF8, 0xA0, 0x61, 0x3C, 0x1A, 0x0C, 0x02, 0x16,
    0xF0, 0xFC, 0xCA, 0x79, 0x48, 0x27, 0x1E, 0x1A, 0x19, 0x1A, 0x1D, 0x23,
    0x2E, 0x33, 0x27, 0x1B, 0x16, 0x12, 0x0F, 0x0A, 0x06, 0x04, 0x04, 0x06,
    0x0A, 0x12, 0x17, 0x1A, 0x23, 0x3C, 0x4D, 0x79, 0xA0, 0xD3, 0xE6, 0xF0,
    0xF8, 0xF8, 0xFC, 0xFC, 0xFE, 0xFE, 0xFE, 0xFE, 0xFE, 0xFF, 0xFF, 0xFE,
    0xF6, 0xE7, 0x67, 0x64, 0x64, 0xB5, 0xB5, 0xB5, 0xB5, 0xB5, 0xB5, 0xB5,
    0xB5, 0xB5, 0xB6, 0xB6, 0xB6, 0xB6, 0xB6, 0xB6, 0xE8, 0xE8, 0xE8, 0xE8,
    0xE8, 0xE8, 0xE8, 0xE8, 0xE8, 0xE8, 0xE8, 0xE8, 0xE8, 0xE8, 0xE8, 0xE8,
    0xE8, 0xE8, 0xE8, 0xE8, 0xE8, 0xE8, 0xE8, 0xE7, 0xE8, 0xE7, 0x8B, 0x94,
    0x9C, 0x8F, 0x8F, 0x8F, 0x8F, 0xCA, 0xF0, 0xFC, 0xFE, 0xFE, 0xFF, 0xFE,
    0xFF, 0xFE, 0xCA, 0x61, 0x3C, 0x1E, 0x19, 0x12, 0x0A, 0x08, 0x0A, 0x0F,
    0x15, 0x19, 0x1D, 0x25, 0x29, 0x2D, 0x2D, 0x2B, 0x2D, 0x2D, 0x2C, 0x2C,
    0x37, 0x3D, 0x3D, 0x39, 0x39, 0x39, 0x3D, 0x3D, 0x43, 0x42, 0x47, 0x45,
    0x42, 0x40, 0x43, 0x46, 0x51, 0x58, 0x55, 0x5C, 0x6B, 0x78, 0x70, 0x7C,
    0x7C, 0x72, 0x82, 0x82, 0x6C, 0x78, 0x7D, 0x7D, 0x83, 0x82, 0x87, 0x87,
    0x7C, 0x76, 0x6C, 0x6C, 0x60, 0x71, 0x75, 0x84, 0x96, 0x8C, 0x8C, 0x92,
    0x95, 0x99, 0x86, 0x84, 0x81, 0x84, 0x7D, 0x8A, 0x96, 0x97, 0x93, 0x9E,
    0xBE, 0xD1, 0xB9, 0xB9, 0xB9, 0xB2, 0xCC, 0xB9, 0xAD, 0x97, 0x96, 0xA8,
    0xA3, 0x9A, 0x9E, 0xA3, 0xB9, 0xCC, 0xDE, 0xC7, 0xF3, 0xF7, 0xF7, 0xF7,
    0xF3, 0xF3, 0xEF, 0xF3, 0xEF, 0xEF, 0xED, 0xE2, 0xCC, 0xC7, 0xC7, 0xB9,
    0xC7, 0xC3, 0xB2, 0xAD, 0xBE, 0xC7, 0xD1, 0xC7, 0xB9, 0xB2, 0xBE, 0xAD,
    0xA8, 0xB3, 0xAB, 0xA6, 0xBA, 0xBB, 0xBA, 0xAB, 0x97, 0x84, 0x81, 0x7D,
    0x83, 0x86, 0x7A, 0x7A, 0x78, 0x6C, 0x7A, 0x84, 0x7A, 0x75, 0x84, 0x84,
    0x8C, 0x95, 0x80, 0x73, 0x74, 0x72, 0x78, 0x76, 0x6C, 0x70, 0x82, 0x7C,
    0x76, 0x78, 0x85, 0x85, 0x83, 0x6C, 0x5A, 0x4E, 0x4E, 0x4E, 0x49, 0x41,
    0x39, 0x3D, 0x37, 0x39, 0x43, 0x41, 0x3D, 0x43, 0x41, 0x40, 0x36, 0x31,
    0x2A, 0x20, 0x19, 0x12, 0x08, 0x05, 0x06, 0x0A, 0x15, 0x1A, 0x4F, 0xFE,
    0xF8, 0xCA, 0x79, 0x48, 0x23, 0x10, 0x04, 0x06, 0x23, 0xF0, 0xD3, 0x88,
    0x4D, 0x33, 0x23, 0x1E, 0x1E, 0x1D, 0x1D, 0x1A, 0x19, 0x16, 0x12, 0x0D,
    0x08, 0x06, 0x04, 0x04, 0x06, 0x0A, 0x10, 0x16, 0x1A, 0x1E, 0x2E, 0x48,
    0x61, 0x8F, 0xCA, 0xE6, 0xF0, 0xF8, 0xF8, 0xFC, 0xFC, 0xFE, 0xFE, 0xFE,
    0xFE, 0xFE, 0xFF, 0xFF, 0xFE, 0xFC, 0xF4, 0xB5, 0x67, 0x67, 0x67, 0xB5,
    0xB5, 0xB5, 0xB5, 0xB5, 0xB5, 0xB5, 0xB5, 0xB5, 0xB5, 0xB5, 0xB6, 0xB6,
    0xB6, 0xB6, 0xB6, 0xE8, 0xE8, 0xE8, 0xE8, 0xE8, 0xE8, 0xE8, 0xE8, 0xE8,
    0xE8, 0xE8, 0xE8, 0xE8, 0xE8, 0xE8, 0xE8, 0xE8, 0xE8, 0xE8, 0xE8, 0xE8,
    0xE8, 0xE8, 0xE8, 0xE8, 0xE8, 0xF4, 0xF0, 0xCB, 0xA0, 0x8F, 0x9C, 0xA0,
    0xCA, 0xF0, 0xFC, 0xFE, 0xFE, 0xFE, 0xFE, 0xFF, 0xFE, 0xD3, 0x79, 0x48,
    0x27, 0x1A, 0x14, 0x0D, 0x08, 0x0A, 0x0F, 0x15, 0x18, 0x1B, 0x21, 0x32,
    0x36, 0x3D, 0x38, 0x37, 0x39, 0x38, 0x3F, 0x40, 0x43, 0x45, 0x40, 0x3B,
    0x39, 0x41, 0x49, 0x47, 0x4E, 0x5A, 0x65, 0x58, 0x57, 0x58, 0x57, 0x53,
    0x4C, 0x5A, 0x5C, 0x6C, 0x76, 0x72, 0x76, 0x78, 0x83, 0x87, 0x87, 0x8C,
    0x76, 0x70, 0x6D, 0x70, 0x70, 0x6C, 0x76, 0x6C, 0x6C, 0x7C, 0x83, 0x8C,
    0x92, 0x8A, 0x86, 0x8A, 0x93, 0x9B, 0x95, 0x99, 0xA2, 0xAB, 0xA3, 0xB2,
    0xAD, 0x9A, 0x9E, 0x97, 0x9A, 0x9A, 0xA3, 0x9E, 0xA8, 0xA8, 0xA3, 0xAD,
    0xC7, 0xC7, 0xC3, 0xC7, 0xD1, 0xDA, 0xE5, 0xEF, 0xE5, 0xEB, 0xEC, 0xD6,
    0xE5, 0xF3, 0xF2, 0xEF, 0xF7, 0xF3, 0xF3, 0xF3, 0xF2, 0xEC, 0xE5, 0xE5,
    0xEB, 0xDE, 0xD1, 0xDE, 0xE2, 0xEB, 0xEB, 0xEF, 0xF7, 0xF2, 0xEC, 0xD1,
    0xD6, 0xDE, 0xDA, 0xD6, 0xD6, 0xD1, 0xC7, 0xD1, 0xE5, 0xD6, 0xD6, 0xD2,
    0xCC, 0xDA, 0xC3, 0xA3, 0x96, 0x89, 0x7D, 0x75, 0x70, 0x75, 0x71, 0x84,
    0x8C, 0x85, 0x89, 0x84, 0x89, 0x7A, 0x89, 0x86, 0x8C, 0x8C, 0x7C, 0x70,
    0x65, 0x60, 0x6B, 0x72, 0x6C, 0x68, 0x6B, 0x6C, 0x68, 0x5C, 0x60, 0x65,
    0x65, 0x55, 0x53, 0x4E, 0x51, 0x53, 0x4B, 0x49, 0x4B, 0x4C, 0x47, 0x46,
    0x42, 0x3D, 0x37, 0x3D, 0x36, 0x37, 0x39, 0x3D, 0x34, 0x24, 0x1B, 0x14,
    0x0A, 0x05, 0x06, 0x0A, 0x16, 0x1A, 0x61, 0xFE, 0xF8, 0xD3, 0x88, 0x4F,
    0x3C, 0x19, 0x0A, 0x03, 0x07, 0x1D, 0x48, 0x3C, 0x2E, 0x1E, 0x1E, 0x1A,
    0x19, 0x17, 0x16, 0x12, 0x0D, 0x08, 0x06, 0x04, 0x04, 0x06, 0x0A, 0x10,
    0x16, 0x19, 0x1E, 0x27, 0x3C, 0x4D, 0x79, 0xA0, 0xD3, 0xE6, 0xF0, 0xF8,
    0xF8, 0xFC, 0xFC, 0xFE, 0xFE, 0xFE, 0xFE, 0xFE, 0xFF, 0xFF, 0xFE, 0xF6,
    0xE7, 0xB5, 0xB5, 0xB5, 0xB5, 0xB5, 0xB5, 0xB5, 0xB5, 0xB5, 0xB5, 0xB5,
    0xB5, 0xB5, 0xB5, 0xB5, 0xB5, 0xB6, 0xB6, 0xB6, 0xB6, 0xB6, 0xB6, 0xE8,
    0xE8, 0xE8, 0xE8, 0xE8, 0xE8, 0xE8, 0xE8, 0xE8, 0xE8, 0xE8, 0xE8, 0xE8,
    0xE8, 0xE8, 0xE8, 0xE8, 0xE8, 0xE8, 0xE8, 0xE8, 0xE8, 0xE8, 0xE8, 0xF5,
    0xE8, 0xF4, 0xF0, 0xCF, 0xCA, 0xA0, 0xCA, 0xCF, 0xF0, 0xFC, 0xFE, 0xFE,
    0xFE, 0xFE, 0xFF, 0xFE, 0xE6, 0x88, 0x4D, 0x2E, 0x1D, 0x17, 0x10, 0x0A,
    0x08, 0x0B, 0x11, 0x16, 0x1B, 0x22, 0x2A, 0x2F, 0x30, 0x2D, 0x31, 0x31,
    0x30, 0x2F, 0x36, 0x3D, 0x36, 0x36, 0x43, 0x43, 0x3F, 0x4A, 0x53, 0x4E,
    0x53, 0x53, 0x4A, 0x49, 0x4A, 0x49, 0x55, 0x53, 0x55, 0x6B, 0x65, 0x6B,
    0x6B, 0x6C, 0x70, 0x65, 0x5A, 0x68, 0x7C, 0x72, 0x76, 0x7A, 0x86, 0x86,
    0x8C, 0x95, 0x95, 0x80, 0x8C, 0x95, 0x95, 0x99, 0x92, 0x8C, 0x9B, 0x95,
    0x9B, 0xBA, 0xBB, 0xBB, 0xC6, 0xA6, 0x9D, 0x97, 0x9E, 0x91, 0x8A, 0x8A,
    0x8D, 0x93, 0x9E, 0xA8, 0xB2, 0xC7, 0xDA, 0xE2, 0xE5, 0xE2, 0xCC, 0xC7,
    0xDA, 0xE2, 0xDE, 0xD1, 0xD1, 0xEB, 0xDE, 0xD6, 0xE2, 0xE2, 0xED, 0xEC,
    0xEF, 0xEF, 0xED, 0xEF, 0xEF, 0xED, 0xDE, 0xDA, 0xDA, 0xC7, 0xDA, 0xC3,
    0xDE, 0xE5, 0xE2, 0xE2, 0xEB, 0xE5, 0xC7, 0xAD, 0x9A, 0x96, 0x9E, 0x96,
    0x97, 0xB2, 0x9E, 0x97, 0xC3, 0xAD, 0xA8, 0x9E, 0x8D, 0x93, 0x9E, 0xAD,
    0xAD, 0x93, 0x84, 0x70, 0x78, 0x75, 0x75, 0x7D, 0x78, 0x78, 0x7D, 0x97,
    0x93, 0x86, 0x7A, 0x6D, 0x6D, 0x82, 0x7C, 0x82, 0x7C, 0x6C, 0x72, 0x87,
    0x80, 0x65, 0x53, 0x4C, 0x4C, 0x57, 0x55, 0x5A, 0x5A, 0x53, 0x51, 0x4C,
    0x53, 0x4E, 0x4C, 0x4E, 0x4A, 0x49, 0x58, 0x57, 0x4A, 0x4B, 0x4B, 0x43,
    0x3D, 0x37, 0x36, 0x31, 0x2B, 0x1F, 0x18, 0x13, 0x08, 0x05, 0x06, 0x0C,
    0x16, 0x1D, 0x4F, 0xFE, 0xFC, 0xF0, 0xA0, 0x79, 0x4F, 0x2E, 0x19, 0x08,
    0x03, 0x05, 0x08, 0x0C, 0x0D, 0x10, 0x12, 0x10, 0x0D, 0x0A, 0x06, 0x04,
    0x04, 0x06, 0x08, 0x0D, 0x12, 0x17, 0x1A, 0x1E, 0x27, 0x3C, 0x48, 0x61,
    0x8F, 0xCA, 0xE6, 0xF0, 0xF8, 0xF8, 0xFC, 0xFC, 0xFE, 0xFE, 0xFE, 0xFE,
    0xFE, 0xFF, 0xFF, 0xFF, 0xFC, 0xF6, 0xB6, 0xB5, 0xB5, 0xB5, 0xB5, 0xB5,
    0xB5, 0xB5, 0xB5, 0xB5, 0xB5, 0xB5, 0xB5, 0xB5, 0xB5, 0xB5, 0xB5, 0xB6,
    0xB6, 0xB6, 0xB6, 0xB6, 0xB6, 0xB6, 0xE8, 0xE8, 0xE8, 0xE8, 0xE8, 0xE8,
    0xE8, 0xE8, 0xE8, 0xE8, 0xF5, 0xF5, 0xE8, 0xE8, 0xE8, 0xE8, 0xF5, 0xF5,
    0xF5, 0xF5, 0xF5, 0xF5, 0xF5, 0xF5, 0xF5, 0xF5, 0xE7, 0xF6, 0xF8, 0xDF,
    0xCA, 0xCA, 0xD3, 0xF0, 0xFC, 0xFE, 0xFE, 0xFE, 0xFE, 0xFE, 0xFE, 0xE6,
    0x88, 0x4F, 0x33, 0x1E, 0x17, 0x12, 0x0B, 0x0A, 0x0A, 0x0F, 0x15, 0x18,
    0x1B, 0x20, 0x25, 0x30, 0x30, 0x2D, 0x2D, 0x30, 0x34, 0x36, 0x36, 0x34,
    0x39, 0x3D, 0x4B, 0x55, 0x52, 0x4A, 0x51, 0x51, 0x45, 0x40, 0x46, 0x3D,
    0x36, 0x3D, 0x45, 0x43, 0x51, 0x58, 0x5C, 0x60, 0x6B, 0x6C, 0x6C, 0x65,
    0x58, 0x5C, 0x68, 0x6C, 0x6B, 0x6B, 0x86, 0x83, 0x85, 0x87, 0x80, 0x72,
    0x6C, 0x6B, 0x6B, 0x76, 0x76, 0x6C, 0x78, 0x85, 0x85, 0x95, 0xA6, 0x95,
    0x92, 0x89, 0x86, 0x93, 0xB9, 0xAD, 0x97, 0x9A, 0x8D, 0x93, 0x97, 0x9A,
    0xBE, 0xA3, 0xA8, 0xC3, 0xDA, 0xDA, 0xD1, 0xD1, 0xC7, 0xD6, 0xEC, 0xDE,
    0xE2, 0xE5, 0xEC, 0xEB, 0xEC, 0xEC, 0xEB, 0xDE, 0xE2, 0xE5, 0xEF, 0xEF,
    0xEC, 0xE2, 0xED, 0xED, 0xEC, 0xED, 0xE5, 0xDE, 0xEB, 0xEF, 0xE2, 0xEC,
    0xEF, 0xED, 0xDE, 0xDA, 0xD1, 0xB9, 0xC7, 0xC7, 0xBE, 0xAD, 0xD1, 0xEB,
    0xE2, 0xDE, 0xBE, 0xA8, 0xA8, 0xA3, 0xB2, 0xD6, 0xD8, 0xB3, 0xD0, 0xC0,
    0xB9, 0xAB, 0x96, 0x8A, 0x83, 0x82, 0x7D, 0x75, 0x75, 0x75, 0x76, 0x76,
    0x6C, 0x5A, 0x5A, 0x60, 0x55, 0x4A, 0x4B, 0x58, 0x60, 0x6B, 0x6B, 0x5C,
    0x6C, 0x7C, 0x6C, 0x6C, 0x72, 0x6B, 0x65, 0x6B, 0x68, 0x68, 0x53, 0x4B,
    0x4B, 0x49, 0x53, 0x4C, 0x4A, 0x49, 0x49, 0x53, 0x55, 0x4B, 0x42, 0x39,
    0x36, 0x22, 0x1B, 0x15, 0x0B, 0x06, 0x06, 0x0D, 0x16, 0x1E, 0x4D, 0xFE,
    0xFC, 0xF0, 0xCF, 0x8F, 0x79, 0x4F, 0x3C, 0x1D, 0x12, 0x08, 0x03, 0x03,
    0x04, 0x04, 0x04, 0x03, 0x03, 0x04, 0x06, 0x0C, 0x12, 0x16, 0x19, 0x1D,
    0x1E, 0x2E, 0x3C, 0x48, 0x61, 0x88, 0xCA, 0xD3, 0xF0, 0xF8, 0xF8, 0xFC,
    0xFC, 0xFE, 0xFE, 0xFE, 0xFE, 0xFE, 0xFF, 0xFF, 0xFF, 0xFE, 0xFC, 0xF4,
    0xB6, 0xB5, 0xB5, 0xB5, 0xB5, 0xB5, 0xB5, 0xB5, 0xB5, 0xB5, 0xB5, 0xB5,
    0xB5, 0xB5, 0xB5, 0xB5, 0xB5, 0xB5, 0xB6, 0xB6, 0xB6, 0xB6, 0xB6, 0xB6,
    0xB6, 0xE8, 0xE8, 0xE8, 0xE8, 0xE8, 0xE8, 0xE8, 0xE8, 0xE8, 0xE8, 0xE8,
    0xF5, 0xF5, 0xF5, 0xF5, 0xF5, 0xF5, 0xF5, 0xF5, 0xF5, 0xF5, 0xF5, 0xF5,
    0xF5, 0xF5, 0xF5, 0xF5, 0xF5, 0xF7, 0xF8, 0xE6, 0xD3, 0xE0, 0xF0, 0xFC,
    0xFE, 0xFE, 0xFE, 0xFE, 0xFF, 0xFE, 0xF0, 0x88, 0x4F, 0x3C, 0x1E, 0x19,
    0x12, 0x0D, 0x09, 0x0A, 0x0F, 0x16, 0x19, 0x1F, 0x22, 0x2D, 0x37, 0x40,
    0x40, 0x38, 0x34, 0x40, 0x45, 0x43, 0x47, 0x46, 0x46, 0x4C, 0x4A, 0x4A,
    0x4B, 0x47, 0x47, 0x45, 0x45, 0x49, 0x4B, 0x4A, 0x46, 0x46, 0x51, 0x55,
    0x4E, 0x4B, 0x51, 0x6B, 0x6C, 0x6B, 0x60, 0x53, 0x5C, 0x6C, 0x68, 0x65,
    0x6B, 0x6C, 0x76, 0x83, 0x9B, 0xAB, 0x95, 0x99, 0x95, 0x8A, 0x99, 0x92,
    0x8C, 0x92, 0x8C, 0x99, 0xB9, 0xC6, 0xC6, 0xAB, 0xA2, 0xB9, 0xA8, 0xB2,
    0xDA, 0xDE, 0xDA, 0xC7, 0xC7, 0xD6, 0xCC, 0xB9, 0xB9, 0xAD, 0x9E, 0x9A,
    0xB2, 0xC3, 0xB2, 0xB9, 0xB2, 0xC7, 0xD1, 0xBE, 0x9A, 0xAD, 0xA8, 0x9E,
    0xD6, 0xF2, 0xED, 0xEB, 0xB9, 0xBE, 0xD1, 0xD6, 0xCC, 0xC3, 0xB9, 0xDA,
    0xC7, 0xDE, 0xDE, 0xCC, 0xD6, 0xDA, 0xCC, 0xD6, 0xD6, 0xC7, 0xB9, 0xAD,
    0xB2, 0xB2, 0xBE, 0xB9, 0xB2, 0xA3, 0xA3, 0x96, 0x9A, 0xA8, 0x9A, 0x96,
    0x92, 0x9E, 0xA8, 0xAB, 0xA6, 0x99, 0x98, 0xB3, 0x9F, 0x99, 0x95, 0x9B,
    0x95, 0x8C, 0x87, 0x82, 0x7A, 0x7A, 0x7A, 0x80, 0x7C, 0x68, 0x6C, 0x7C,
    0x80, 0x7C, 0x8C, 0x87, 0x82, 0x7C, 0x82, 0x72, 0x76, 0x6C, 0x78, 0x76,
    0x65, 0x68, 0x60, 0x57, 0x55, 0x55, 0x55, 0x51, 0x5A, 0x53, 0x4C, 0x53,
    0x53, 0x4B, 0x42, 0x45, 0x3F, 0x40, 0x41, 0x3D, 0x34, 0x22, 0x1C, 0x15,
    0x0B, 0x07, 0x06, 0x0C, 0x16, 0x1E, 0x3C, 0xFE, 0xFE, 0xF8, 0xF0, 0xCA,
    0x8F, 0x79, 0x61, 0x4D, 0x3C, 0x23, 0x19, 0x12, 0x0D, 0x0C, 0x0C, 0x10,
    0x15, 0x17, 0x1A, 0x1E, 0x23, 0x27, 0x33, 0x48, 0x4D, 0x61, 0x88, 0xA0,
    0xCF, 0xF0, 0xF0, 0xF8, 0xF8, 0xFC, 0xFC, 0xFE, 0xFE, 0xFE, 0xFE, 0xFE,
    0xFF, 0xFF, 0xFF, 0xFC, 0xF6, 0xE7, 0xB6, 0xB6, 0xB6, 0xB6, 0xB5, 0xB5,
    0xB5, 0xB5, 0xB5, 0xB5, 0xB5, 0xB5, 0xB5, 0xB5, 0xB5, 0xB5, 0xB5, 0xB5,
    0xB5, 0xB6, 0xB6, 0xB6, 0xB6, 0xB6, 0xB6, 0xB6, 0xE8, 0xE8, 0xE8, 0xE8,
    0xE8, 0xE8, 0xE8, 0xE8, 0xE8, 0xE8, 0xE8, 0xE8, 0xF5, 0xF5, 0xF5, 0xF5,
    0xF5, 0xF5, 0xF5, 0xF5, 0xF5, 0xF5, 0xF5, 0xF5, 0xF5, 0xF5, 0xF5, 0xF5,
    0xF5, 0xFC, 0xF8, 0xF0, 0xF0, 0xF8, 0xFC, 0xFE, 0xFE, 0xFE, 0xFE, 0xFF,
    0xFE, 0xE6, 0x8F, 0x4F, 0x3C, 0x23, 0x1A, 0x15, 0x0D, 0x0B, 0x0A, 0x0D,
    0x12, 0x18, 0x1D, 0x2B, 0x34, 0x37, 0x37, 0x39, 0x3D, 0x38, 0x36, 0x39,
    0x31, 0x31, 0x38, 0x41, 0x42, 0x45, 0x46, 0x42, 0x41, 0x46, 0x40, 0x3D,
    0x43, 0x42, 0x40, 0x45, 0x47, 0x4A, 0x4C, 0x4A, 0x45, 0x46, 0x47, 0x45,
    0x4E, 0x4C, 0x4A, 0x4C, 0x55, 0x51, 0x5A, 0x58, 0x6C, 0x6C, 0x70, 0x85,
    0x8C, 0x87, 0x80, 0x78, 0x71, 0x75, 0x75, 0x75, 0x81, 0x80, 0x81, 0x89,
    0x84, 0x8A, 0x86, 0x8D, 0x93, 0x93, 0x9E, 0xBE, 0xCC, 0xCC, 0xA8, 0xAD,
    0xB9, 0xB2, 0xC7, 0xB2, 0xC7, 0xE2, 0xDA, 0xDA, 0xC3, 0xC7, 0xC3, 0xC3,
    0xC3, 0xC7, 0xC7, 0xB2, 0xCC, 0xF2, 0xEF, 0xEF, 0xF3, 0xF7, 0xF3, 0xF7,
    0xED, 0xE5, 0xDE, 0xEB, 0xEB, 0xDA, 0xC3, 0xB9, 0xAD, 0x9E, 0x93, 0x8A,
    0x86, 0x8D, 0x97, 0x97, 0x9A, 0x9A, 0xA8, 0xBE, 0xAD, 0xAD, 0xAD, 0xAD,
    0xB9, 0xBE, 0x9A, 0x9A, 0x93, 0x96, 0x91, 0x89, 0x7A, 0x93, 0xA8, 0x92,
    0x99, 0x9B, 0x8B, 0x89, 0x86, 0x81, 0x76, 0x72, 0x72, 0x6C, 0x6C, 0x72,
    0x75, 0x75, 0x7D, 0x82, 0x72, 0x7C, 0x6C, 0x6C, 0x68, 0x6C, 0x70, 0x5C,
    0x57, 0x65, 0x6C, 0x6C, 0x76, 0x6C, 0x65, 0x58, 0x5A, 0x6B, 0x68, 0x4E,
    0x49, 0x49, 0x53, 0x58, 0x47, 0x45, 0x45, 0x49, 0x51, 0x4E, 0x43, 0x45,
    0x41, 0x42, 0x40, 0x36, 0x2C, 0x22, 0x1B, 0x15, 0x0C, 0x07, 0x07, 0x0C,
    0x14, 0x1E, 0x33, 0xFC, 0xFE, 0xFC, 0xF8, 0xF0, 0xCF, 0xA0, 0x8F, 0x88,
    0x79, 0x61, 0x4F, 0x4D, 0x48, 0x3C, 0x3C, 0x3C, 0x3E, 0x48, 0x4D, 0x4F,
    0x61, 0x79, 0x88, 0x8F, 0xA0, 0xD3, 0xE6, 0xF0, 0xF8, 0xF8, 0xFC, 0xFC,
    0xFE, 0xFE, 0xFE, 0xFE, 0xFE, 0xFF, 0xFF, 0xFF, 0xFE, 0xFC, 0xF4, 0xE7,
    0xB6, 0xB6, 0xB6, 0xB6, 0xB6, 0xB6, 0xB6, 0xB5, 0xB5, 0xB5, 0xB5, 0xB5,
    0xB5, 0xB5, 0xB5, 0xB5, 0xB5, 0xB5, 0xB5, 0xB5, 0xB6, 0xB6, 0xB6, 0xB6,
    0xB6, 0xB6, 0xB6, 0xE8, 0xE8, 0xE8, 0xE8, 0xE8, 0xE8, 0xE8, 0xE8, 0xE8,
    0xE8, 0xE8, 0xF5, 0xF5, 0xF5, 0xF5, 0xF5, 0xF5, 0xF5, 0xF5, 0xF5, 0xF5,
    0xF5, 0xF5, 0xF5, 0xF5, 0xF5, 0xF5, 0xF5, 0xF5, 0xF4, 0xFC, 0xF8, 0xF8,
    0xF8, 0xFE, 0xFE, 0xFE, 0xFE, 0xFE, 0xFF, 0xFE, 0xD3, 0x88, 0x4F, 0x3C,
    0x23, 0x1A, 0x16, 0x0F, 0x0A, 0x0A, 0x0C, 0x11, 0x16, 0x19, 0x1C, 0x20,
    0x29, 0x2D, 0x29, 0x2C, 0x2D, 0x34, 0x38, 0x36, 0x34, 0x36, 0x34, 0x3D,
    0x38, 0x36, 0x3D, 0x42, 0x41, 0x40, 0x45, 0x4E, 0x49, 0x4A, 0x4E, 0x55,
    0x5C, 0x5C, 0x5C, 0x65, 0x65, 0x5C, 0x51, 0x49, 0x4B, 0x4E, 0x53, 0x4B,
    0x46, 0x46, 0x43, 0x47, 0x49, 0x42, 0x47, 0x57, 0x58, 0x5C, 0x58, 0x58,
    0x71, 0x60, 0x60, 0x75, 0x7A, 0x83, 0x8A, 0x8A, 0x8A, 0x8D, 0x8A, 0x8D,
    0x8D, 0x89, 0x89, 0x9A, 0xAD, 0xC3, 0xB9, 0xCC, 0xCC, 0xA8, 0xAD, 0xA3,
    0x97, 0x9A, 0x9A, 0x93, 0x97, 0xAD, 0xBE, 0xB9, 0xDA, 0xD6, 0xBE, 0xCC,
    0xCC, 0xCC, 0xBE, 0xC7, 0xCC, 0xD1, 0xEF, 0xF2, 0xDA, 0xD1, 0xD1, 0xDE,
    0xDE, 0xEF, 0xEF, 0xEB, 0xE5, 0xE5, 0xED, 0xEB, 0xED, 0xE2, 0xE2, 0xD1,
    0xD1, 0xE5, 0xDE, 0xD6, 0xDE, 0xE5, 0xD6, 0xD1, 0xC7, 0xD1, 0xC7, 0xCC,
    0xD1, 0xDA, 0xDA, 0xD1, 0xC9, 0xBA, 0x92, 0x82, 0x82, 0x7C, 0x7C, 0x81,
    0x7A, 0x71, 0x66, 0x66, 0x6B, 0x71, 0x71, 0x70, 0x7A, 0x76, 0x7C, 0x76,
    0x70, 0x6C, 0x6C, 0x65, 0x5C, 0x6B, 0x6C, 0x57, 0x53, 0x65, 0x65, 0x5A,
    0x58, 0x51, 0x57, 0x53, 0x4C, 0x5A, 0x60, 0x5A, 0x5C, 0x6B, 0x72, 0x5A,
    0x4C, 0x51, 0x49, 0x47, 0x46, 0x45, 0x49, 0x51, 0x57, 0x4A, 0x47, 0x46,
    0x39, 0x2A, 0x1C, 0x16, 0x0E, 0x07, 0x06, 0x0A, 0x12, 0x1D, 0x2E, 0xD3,
    0xFF, 0xFE, 0xFC, 0xF8, 0xF0, 0xE0, 0xCF, 0xA0, 0x8F, 0x8F, 0x8F, 0x8F,
    0x8F, 0x8F, 0x8F, 0x8F, 0x8F, 0x8F, 0xA0, 0xA0, 0xCA, 0xCF, 0xD3, 0xE6,
    0xF0, 0xF8, 0xF8, 0xFC, 0xFC, 0xFC, 0xFE, 0xFE, 0xFE, 0xFE, 0xFE, 0xFF,
    0xFF, 0xFE, 0xFC, 0xFD, 0xF5, 0xE7, 0xE8, 0xE8, 0xE7, 0xB6, 0xB6, 0xB6,
    0xB6, 0xB6, 0xB6, 0xB6, 0xB5, 0xB5, 0xB5, 0xB5, 0xB5, 0xB5, 0xB5, 0xB5,
    0xB5, 0xB5, 0xB6, 0xB6, 0xB6, 0xB6, 0xB6, 0xB6, 0xB6, 0xB6, 0xB6, 0xE8,
    0xE8, 0xE8, 0xE8, 0xE8, 0xE8, 0xE8, 0xE8, 0xE8, 0xF5, 0xF5, 0xF5, 0xF5,
    0xF5, 0xF5, 0xF5, 0xF5, 0xF5, 0xF5, 0xF5, 0xF5, 0xF5, 0xF5, 0xF5, 0xF5,
    0xF5, 0xF5, 0xF5, 0xF5, 0xF6, 0xFC, 0xFC, 0xFC, 0xFE, 0xFE, 0xFF, 0xFE,
    0xFF, 0xFF, 0xFC, 0xCF, 0x88, 0x4F, 0x3C, 0x23, 0x1A, 0x16, 0x10, 0x0C,
    0x0A, 0x0B, 0x0F, 0x14, 0x18, 0x1C, 0x20, 0x25, 0x2B, 0x2A, 0x34, 0x2D,
    0x2B, 0x30, 0x34, 0x32, 0x30, 0x31, 0x34, 0x36, 0x34, 0x34, 0x2D, 0x34,
    0x39, 0x41, 0x41, 0x46, 0x47, 0x49, 0x45, 0x46, 0x47, 0x45, 0x46, 0x41,
    0x41, 0x43, 0x49, 0x41, 0x46, 0x53, 0x65, 0x5C, 0x65, 0x6C, 0x6C, 0x6C,
    0x78, 0x76, 0x78, 0x78, 0x72, 0x78, 0x82, 0x80, 0x8C, 0x83, 0x99, 0x99,
    0x95, 0xA2, 0xBE, 0xAE, 0xAE, 0xC7, 0xCC, 0xC7, 0xD6, 0xD1, 0xD1, 0x93,
    0x8A, 0x93, 0x8D, 0x84, 0x89, 0x93, 0x8D, 0x93, 0x93, 0x9A, 0xA3, 0x9E,
    0xAD, 0x9E, 0xAD, 0xB9, 0xB9, 0xB9, 0xC3, 0xDE, 0xD6, 0xD1, 0xD1, 0xD1,
    0xE2, 0xDA, 0xE5, 0xEF, 0xD1, 0xC7, 0xC3, 0xBE, 0xD6, 0xE2, 0xE5, 0xE2,
    0xDE, 0xD6, 0xDA, 0xEF, 0xEB, 0xDE, 0xD1, 0xD1, 0xB9, 0xAD, 0xCC, 0xC3,
    0xC3, 0xC7, 0xDA, 0xDA, 0xC3, 0xAD, 0x9E, 0x9A, 0x96, 0x8D, 0x93, 0x86,
    0x7D, 0x87, 0x99, 0x8C, 0x72, 0x76, 0x6B, 0x6D, 0x71, 0x60, 0x59, 0x5B,
    0x56, 0x59, 0x66, 0x5B, 0x70, 0x72, 0x78, 0x85, 0x85, 0x80, 0x70, 0x7C,
    0x78, 0x76, 0x70, 0x6B, 0x68, 0x6C, 0x6C, 0x6C, 0x5C, 0x68, 0x5C, 0x6C,
    0x60, 0x5A, 0x58, 0x58, 0x58, 0x4C, 0x4A, 0x45, 0x41, 0x46, 0x40, 0x39,
    0x37, 0x42, 0x45, 0x45, 0x52, 0x4B, 0x4B, 0x46, 0x3D, 0x2D, 0x20, 0x19,
    0x13, 0x09, 0x06, 0x0A, 0x12, 0x1A, 0x27, 0x61, 0xFE, 0xFE, 0xFE, 0xFC,
    0xF8, 0xF8, 0xF0, 0xE6, 0xDF, 0xCF, 0xCF, 0xCA, 0xCA, 0xCA, 0xCA, 0xCF,
    0xCF, 0xD3, 0xDF, 0xE6, 0xF0, 0xF0, 0xF0, 0xF8, 0xF8, 0xFC, 0xFC, 0xFE,
    0xFE, 0xFE, 0xFE, 0xFE, 0xFE, 0xFF, 0xFF, 0xFE, 0xFD, 0xFB, 0xF5, 0xE8,
    0xE8, 0xE7, 0xE7, 0xE8, 0xE8, 0xB6, 0xB6, 0xB6, 0xB6, 0xB6, 0xB6, 0xB6,
    0xB6, 0xB6, 0xB6, 0xB5, 0xB5, 0xB5, 0xB5, 0xB5, 0xB6, 0xB6, 0xB6, 0xB6,
    0xB6, 0xB6, 0xB6, 0xB6, 0xB6, 0xB6, 0xE8, 0xE8, 0xE8, 0xE8, 0xE8, 0xE8,
    0xE8, 0xE8, 0xE8, 0xF5, 0xF5, 0xF5, 0xF5, 0xF5, 0xF5, 0xF5, 0xF5, 0xF5,
    0xF5, 0xF5, 0xF5, 0xF5, 0xF5, 0xF5, 0xF5, 0xF5, 0xF5, 0xF5, 0xF5, 0xF5,
    0xFC, 0xFE, 0xFE, 0xFE, 0xFF, 0xFF, 0xFE, 0xFF, 0xFE, 0xF8, 0xCA, 0x88,
    0x4F, 0x3C, 0x23, 0x1A, 0x16, 0x10, 0x0B, 0x0A, 0x0C, 0x11, 0x15, 0x19,
    0x1D, 0x25, 0x32, 0x32, 0x3D, 0x38, 0x32, 0x34, 0x37, 0x34, 0x3D, 0x38,
    0x38, 0x40, 0x45, 0x43, 0x41, 0x42, 0x40, 0x40, 0x40, 0x42, 0x43, 0x46,
    0x4B, 0x47, 0x45, 0x46, 0x45, 0x49, 0x4C, 0x4A, 0x42, 0x43, 0x49, 0x4E,
    0x4B, 0x4E, 0x53, 0x53, 0x5A, 0x5C, 0x5A, 0x65, 0x70, 0x6C, 0x7C, 0x82,
    0x6B, 0x5C, 0x6B, 0x6B, 0x70, 0x7C, 0x83, 0x85, 0x85, 0x8A, 0x86, 0x85,
    0x7C, 0x84, 0x7A, 0x75, 0x75, 0x84, 0x9A, 0xA8, 0x8D, 0x89, 0x81, 0x7A,
    0x86, 0x86, 0x86, 0x8D, 0x96, 0x91, 0x93, 0x9A, 0x97, 0xAD, 0xA8, 0xB9,
    0xB9, 0xC3, 0xE5, 0xEF, 0xE5, 0xDA, 0xEC, 0xEB, 0xEC, 0xEF, 0xF2, 0xED,
    0xEF, 0xEF, 0xED, 0xEF, 0xEF, 0xEF, 0xEC, 0xE5, 0xDE, 0xE2, 0xE2, 0xE2,
    0xDA, 0xDE, 0xDE, 0xD1, 0xB9, 0xB9, 0xB9, 0xA8, 0x97, 0x91, 0x9E, 0xAD,
    0xAD, 0xC7, 0xC3, 0xB2, 0xA3, 0xB2, 0xB9, 0x93, 0x89, 0xAE, 0xA6, 0x95,
    0x95, 0x82, 0x80, 0x7A, 0x71, 0x75, 0x66, 0x66, 0x66, 0x69, 0x6D, 0x7A,
    0x75, 0x6C, 0x5C, 0x5A, 0x68, 0x6B, 0x58, 0x58, 0x4E, 0x4A, 0x46, 0x4A,
    0x49, 0x46, 0x47, 0x43, 0x41, 0x46, 0x4B, 0x42, 0x42, 0x39, 0x3D, 0x36,
    0x34, 0x30, 0x2C, 0x25, 0x30, 0x2D, 0x30, 0x31, 0x31, 0x34, 0x31, 0x34,
    0x31, 0x2A, 0x34, 0x31, 0x2A, 0x29, 0x21, 0x1B, 0x14, 0x0C, 0x07, 0x08,
    0x10, 0x19, 0x23, 0x48, 0xFC, 0xFF, 0xFE, 0xFE, 0xFC, 0xFC, 0xF8, 0xF8,
    0xF8, 0xF0, 0xF0, 0xF0, 0xF0, 0xF0, 0xF0, 0xF0, 0xF0, 0xF0, 0xF8, 0xF8,
    0xF8, 0xFC, 0xFC, 0xFC, 0xFE, 0xFE, 0xFE, 0xFE, 0xFE, 0xFF, 0xFF, 0xFF,
    0xFE, 0xFC, 0xFD, 0xFB, 0xF5, 0xF5, 0xF5, 0xF5, 0xE8, 0xE8, 0xE7, 0xE7,
    0xE7, 0xB6, 0xB6, 0xB6, 0xB6, 0xB6, 0xB6, 0xB6, 0xB6, 0xB6, 0xB6, 0xB6,
    0xB6, 0xB6, 0xB6, 0xB6, 0xB6, 0xB6, 0xB6, 0xB6, 0xB6, 0xB6, 0xB6, 0xB6,
    0xE8, 0xE8, 0xE8, 0xE8, 0xE8, 0xE8, 0xE8, 0xE8, 0xE8, 0xE8, 0xF5, 0xF5,
    0xF5, 0xF5, 0xF5, 0xF5, 0xF5, 0xF5, 0xF5, 0xF5, 0xF5, 0xF5, 0xF5, 0xF5,
    0xF5, 0xF5, 0xF5, 0xF5, 0xF5, 0xF5, 0xF5, 0xF5, 0xFC, 0xFE, 0xFE, 0xFF,
    0xFE, 0xFE, 0xFF, 0xFE, 0xF0, 0xA0, 0x79, 0x4D, 0x33, 0x23, 0x1A, 0x16,
    0x10, 0x0C, 0x0A, 0x0C, 0x11, 0x16, 0x19, 0x1D, 0x21, 0x2D, 0x34, 0x30,
    0x31, 0x34, 0x34, 0x39, 0x40, 0x34, 0x37, 0x34, 0x34, 0x30, 0x30, 0x2F,
    0x29, 0x2C, 0x2A, 0x31, 0x37, 0x36, 0x40, 0x45, 0x45, 0x41, 0x43, 0x3D,
    0x3D, 0x42, 0x42, 0x46, 0x53, 0x65, 0x5A, 0x65, 0x6B, 0x70, 0x76, 0x68,
    0x60, 0x5A, 0x5C, 0x5C, 0x6B, 0x78, 0x72, 0x70, 0x70, 0x6B, 0x70, 0x6B,
    0x65, 0x65, 0x6C, 0x6C, 0x84, 0x86, 0x8A, 0xA2, 0xA6, 0x96, 0x96, 0x91,
    0x84, 0x75, 0x81, 0x9E, 0x96, 0x89, 0x89, 0x81, 0x8A, 0x8B, 0x91, 0x93,
    0x91, 0x9E, 0xAD, 0xAD, 0xB9, 0xB2, 0x9A, 0x97, 0xB2, 0xCC, 0xCC, 0xBE,
    0xA8, 0x9A, 0xAD, 0xC7, 0xA8, 0xA8, 0xB9, 0xB2, 0xEC, 0xE5, 0xEC, 0xDE,
    0xC7, 0xCC, 0xC7, 0xCC, 0xC7, 0xD1, 0xD1, 0xC3, 0xD1, 0xDA, 0xD1, 0xB9,
    0xAD, 0xB9, 0xB2, 0x9E, 0x93, 0x97, 0x97, 0x9E, 0x97, 0x96, 0x96, 0x91,
    0x9E, 0xA3, 0x9A, 0x8A, 0x7A, 0x84, 0x8A, 0x85, 0x7F, 0x7D, 0x86, 0x81,
    0x87, 0x8D, 0x93, 0xA7, 0x97, 0x97, 0x96, 0x91, 0x8C, 0x82, 0x6C, 0x6C,
    0x6B, 0x6C, 0x68, 0x65, 0x5A, 0x58, 0x5A, 0x5A, 0x57, 0x51, 0x49, 0x49,
    0x45, 0x43, 0x45, 0x3D, 0x3D, 0x40, 0x43, 0x47, 0x45, 0x4B, 0x51, 0x4C,
    0x4A, 0x46, 0x51, 0x4C, 0x4B, 0x4C, 0x4E, 0x4E, 0x53, 0x49, 0x40, 0x37,
    0x37, 0x31, 0x25, 0x1B, 0x14, 0x0D, 0x08, 0x08, 0x0D, 0x17, 0x1E, 0x3C,
    0x88, 0xFE, 0xFF, 0xFE, 0xFE, 0xFE, 0xFE, 0xFC, 0xFC, 0xFC, 0xFC, 0xF8,
    0xF8, 0xF8, 0xF8, 0xF8, 0xFC, 0xFC, 0xFC, 0xFC, 0xFC, 0xFE, 0xFE, 0xFE,
    0xFE, 0xFE, 0xFE, 0xFF, 0xFE, 0xFE, 0xFC, 0xFD, 0xFB, 0xF9, 0xF9, 0xF9,
    0xF9, 0xF5, 0xF5, 0xF5, 0xF5, 0xE8, 0xE8, 0xE8, 0xE8, 0xE7, 0xB6, 0xB6,
    0xB6, 0xB6, 0xB6, 0xB6, 0xB6, 0xB6, 0xB6, 0xB6, 0xB6, 0xB6, 0xB6, 0xB6,
    0xB6, 0xB6, 0xB6, 0xB6, 0xB6, 0xB6, 0xB6, 0xE8, 0xE8, 0xE8, 0xE8, 0xE8,
    0xE8, 0xE8, 0xE8, 0xE8, 0xE8, 0xF5, 0xF5, 0xF5, 0xF5, 0xF5, 0xF5, 0xF5,
    0xF5, 0xF5, 0xF5, 0xF5, 0xF5, 0xF5, 0xF5, 0xF5, 0xF5, 0xF5, 0xF5, 0xF5,
    0xF5, 0xF5, 0xF5, 0xF4, 0xFE, 0xFE, 0xFE, 0xFE, 0xFF, 0xFF, 0xFC, 0xE6,
    0x8F, 0x61, 0x48, 0x33, 0x1E, 0x1A, 0x16, 0x10, 0x0C, 0x0A, 0x0B, 0x10,
    0x14, 0x18, 0x1B, 0x1F, 0x22, 0x2A, 0x2D, 0x2B, 0x32, 0x34, 0x30, 0x2B,
    0x34, 0x2D, 0x2A, 0x2D, 0x30, 0x2F, 0x36, 0x39, 0x34, 0x37, 0x37, 0x38,
    0x40, 0x41, 0x4B, 0x4E, 0x57, 0x57, 0x4B, 0x4C, 0x58, 0x53, 0x4A, 0x49,
    0x53, 0x55, 0x4B, 0x47, 0x4E, 0x4C, 0x4B, 0x4B, 0x4B, 0x4A, 0x51, 0x58,
    0x57, 0x57, 0x6B, 0x6C, 0x65, 0x58, 0x5C, 0x5A, 0x65, 0x60, 0x66, 0x6D,
    0x7A, 0x84, 0x84, 0x85, 0x85, 0x89, 0x8A, 0x84, 0x86, 0x81, 0x7A, 0x84,
    0x95, 0x91, 0x97, 0xA3, 0x93, 0xA9, 0xC3, 0xBE, 0xC3, 0xD1, 0xD1, 0xDA,
    0xDA, 0xCC, 0xB9, 0xB2, 0xA3, 0xA8, 0xB2, 0x9E, 0x9A, 0xAD, 0xC7, 0xD6,
    0xDA, 0xDE, 0xD6, 0xCC, 0xF2, 0xF3, 0xF3, 0xEF, 0xEB, 0xE5, 0xD6, 0xE2,
    0xEC, 0xDE, 0xCC, 0xD1, 0xE5, 0xE2, 0xD6, 0xC7, 0xBE, 0xA8, 0xA3, 0x97,
    0x9E, 0xAD, 0xAD, 0xAD, 0xB9, 0x9A, 0x96, 0x9E, 0x9A, 0x97, 0x97, 0x86,
    0x84, 0x89, 0x96, 0x85, 0x76, 0x71, 0x6D, 0x75, 0x74, 0x75, 0x77, 0x7E,
    0x81, 0x7A, 0x7A, 0x86, 0x85, 0x8C, 0x95, 0x85, 0x80, 0x82, 0x83, 0x83,
    0x82, 0x78, 0x82, 0x82, 0x80, 0x80, 0x72, 0x72, 0x70, 0x6C, 0x80, 0x82,
    0x6C, 0x5C, 0x6B, 0x60, 0x57, 0x51, 0x47, 0x40, 0x36, 0x31, 0x2D, 0x30,
    0x36, 0x3D, 0x36, 0x38, 0x3D, 0x36, 0x31, 0x31, 0x2C, 0x25, 0x1F, 0x19,
    0x15, 0x0E, 0x08, 0x07, 0x0C, 0x14, 0x1A, 0x2E, 0x48, 0xF0, 0xFF, 0xFE,
    0xFE, 0xFF, 0xFE, 0xFE, 0xFE, 0xFE, 0xFE, 0xFE, 0xFE, 0xFE, 0xFC, 0xFE,
    0xFE, 0xFE, 0xFE, 0xFE, 0xFE, 0xFE, 0xFE, 0xFF, 0xFF, 0xFF, 0xFE, 0xFC,
    0xFD, 0xFB, 0xF9, 0xFA, 0xFA, 0xFA, 0xF9, 0xF9, 0xF9, 0xF5, 0xF5, 0xF5,
    0xF5, 0xE8, 0xE8, 0xE8, 0xE8, 0xE7, 0xE7, 0xB6, 0xB6, 0xB6, 0xB6, 0xB6,
    0xB6, 0xB6, 0xB6, 0xB6, 0xB6, 0xB6, 0xB6, 0xB6, 0xB6, 0xB6, 0xB6, 0xB6,
    0xB6, 0xB6, 0xE8, 0xE8, 0xE8, 0xE8, 0xE8, 0xE8, 0xE8, 0xE8, 0xE8, 0xE8,
    0xE8, 0xF5, 0xF5, 0xF5, 0xF5, 0xF5, 0xF5, 0xF5, 0xF5, 0xF5, 0xF5, 0xF5,
    0xF5, 0xF5, 0xF5, 0xFB, 0xFB, 0xFB, 0xF5, 0xF5, 0xF5, 0xF5, 0xF5, 0xFD,
    0xFF, 0xFE, 0xFE, 0xFF, 0xFE, 0xF8, 0xCF, 0x88, 0x4F, 0x3C, 0x2E, 0x1E,
    0x19, 0x15, 0x0F, 0x0B, 0x0A, 0x0B, 0x0F, 0x12, 0x16, 0x19, 0x1D, 0x22,
    0x2B, 0x34, 0x37, 0x39, 0x3D, 0x36, 0x37, 0x34, 0x37, 0x32, 0x2D, 0x30,
    0x31, 0x31, 0x34, 0x30, 0x34, 0x31, 0x36, 0x31, 0x2D, 0x36, 0x3D, 0x43,
    0x43, 0x43, 0x45, 0x49, 0x51, 0x53, 0x60, 0x65, 0x6B, 0x65, 0x6B, 0x6B,
    0x6C, 0x60, 0x6B, 0x68, 0x60, 0x60, 0x65, 0x6B, 0x6C, 0x6C, 0x70, 0x68,
    0x68, 0x5C, 0x65, 0x60, 0x65, 0x65, 0x6B, 0x75, 0x89, 0x96, 0x87, 0x87,
    0x87, 0x84, 0x7D, 0x7D, 0x7A, 0x7D, 0x7A, 0x7D, 0x85, 0x95, 0x91, 0x8A,
    0x7A, 0x86, 0x9A, 0x9E, 0x96, 0x9E, 0xAD, 0xBE, 0xD6, 0xE5, 0xD6, 0xDA,
    0xE2, 0xEC, 0xEF, 0xEF, 0xEF, 0xEF, 0xE5, 0xED, 0xF3, 0xEF, 0xEF, 0xF3,
    0xBE, 0xC3, 0xCC, 0xB9, 0xBE, 0xDA, 0xE2, 0xE5, 0xEB, 0xED, 0xD6, 0xCC,
    0xDE, 0xD6, 0xDA, 0xC7, 0xBE, 0xB9, 0xCC, 0xDA, 0xE5, 0xED, 0xDE, 0xD6,
    0xDE, 0xC7, 0xCC, 0xC7, 0xA3, 0x96, 0x89, 0x81, 0x89, 0x9B, 0x99, 0x7A,
    0x70, 0x75, 0x75, 0x6B, 0x66, 0x6D, 0x75, 0x7E, 0x7D, 0x76, 0x70, 0x71,
    0x66, 0x60, 0x66, 0x68, 0x6C, 0x6C, 0x5C, 0x5A, 0x65, 0x68, 0x6B, 0x5C,
    0x5A, 0x65, 0x53, 0x4E, 0x4E, 0x55, 0x4E, 0x53, 0x4A, 0x45, 0x47, 0x42,
    0x43, 0x42, 0x42, 0x4B, 0x46, 0x45, 0x47, 0x47, 0x45, 0x42, 0x3D, 0x40,
    0x42, 0x38, 0x34, 0x30, 0x2A, 0x29, 0x21, 0x1B, 0x18, 0x11, 0x08, 0x07,
    0x08, 0x10, 0x17, 0x23, 0x3C, 0x61, 0xF0, 0xFE, 0xFF, 0xFE, 0xFE, 0xFE,
    0xFE, 0xFE, 0xFE, 0xFE, 0xFE, 0xFE, 0xFE, 0xFE, 0xFE, 0xFE, 0xFE, 0xFE,
    0xFF, 0xFF, 0xFF, 0xFE, 0xFE, 0xFE, 0xFB, 0xFA, 0xFA, 0xFA, 0xFA, 0xFA,
    0xFA, 0xFA, 0xF9, 0xF9, 0xF9, 0xF9, 0xF5, 0xF5, 0xF5, 0xF5, 0xE8, 0xE8,
    0xE8, 0xE8, 0xE7, 0xE8, 0xB6, 0xB6, 0xB6, 0xB6, 0xB6, 0xB6, 0xB6, 0xB6,
    0xB6, 0xB6, 0xB6, 0xB6, 0xB6, 0xB6, 0xB6, 0xB6, 0xB6, 0xE8, 0xE8, 0xE8,
    0xE8, 0xE8, 0xE8, 0xE8, 0xE8, 0xE8, 0xE8, 0xF5, 0xF5, 0xF5, 0xF5, 0xF5,
    0xF5, 0xF5, 0xF5, 0xF5, 0xF5, 0xF5, 0xF5, 0xF5, 0xF5, 0xF5, 0xF5, 0xFB,
    0xFB, 0xFB, 0xFB, 0xF5, 0xF5, 0xF5, 0xF5, 0xFE, 0xFE, 0xFE, 0xFF, 0xFE,
    0xF0, 0xA0, 0x88, 0x4F, 0x3C, 0x27, 0x1D, 0x19, 0x14, 0x10, 0x0C, 0x09,
    0x0A, 0x0E, 0x12, 0x16, 0x19, 0x1B, 0x1D, 0x22, 0x25, 0x2D, 0x2D, 0x2D,
    0x2B, 0x29, 0x2B, 0x2A, 0x24, 0x25, 0x25, 0x2A, 0x2D, 0x30, 0x39, 0x38,
    0x36, 0x39, 0x38, 0x34, 0x31, 0x34, 0x36, 0x34, 0x31, 0x37, 0x39, 0x38,
    0x3D, 0x3D, 0x40, 0x3D, 0x46, 0x4E, 0x47, 0x47, 0x49, 0x47, 0x4C, 0x55,
    0x55, 0x60, 0x76, 0x70, 0x6C, 0x78, 0x85, 0x83, 0x70, 0x70, 0x6C, 0x68,
    0x78, 0x8C, 0x95, 0x96, 0x93, 0x93, 0x91, 0x89, 0x8C, 0x85, 0x7A, 0x76,
    0x7B, 0x75, 0x75, 0x89, 0x91, 0x89, 0x8A, 0x8C, 0x91, 0x9A, 0xB9, 0xA8,
    0x9F, 0xA3, 0x9E, 0xA3, 0x96, 0x97, 0xA8, 0xB2, 0xD6, 0xDE, 0xCC, 0xC3,
    0xCC, 0xDE, 0xD1, 0xC3, 0xBE, 0xCC, 0xC7, 0xCC, 0xF7, 0xF7, 0xF3, 0xF2,
    0xEB, 0xED, 0xEF, 0xEF, 0xF2, 0xEF, 0xD6, 0xDA, 0xD6, 0xB2, 0xB9, 0xA8,
    0xA8, 0x9E, 0x91, 0x97, 0xA3, 0x9E, 0xAD, 0x9E, 0x9A, 0xA3, 0x91, 0x8D,
    0x91, 0x86, 0x84, 0x81, 0x81, 0x99, 0x99, 0x8A, 0x89, 0x81, 0x6C, 0x71,
    0x84, 0x7A, 0x75, 0x7A, 0x6C, 0x7C, 0x8C, 0x82, 0x7A, 0x6D, 0x7A, 0x7C,
    0x7C, 0x78, 0x6B, 0x57, 0x58, 0x6C, 0x6B, 0x65, 0x55, 0x51, 0x4B, 0x45,
    0x41, 0x42, 0x3D, 0x34, 0x36, 0x34, 0x31, 0x2A, 0x2D, 0x31, 0x31, 0x3D,
    0x38, 0x36, 0x37, 0x3D, 0x34, 0x30, 0x31, 0x2D, 0x2D, 0x37, 0x3D, 0x40,
    0x42, 0x43, 0x3E, 0x29, 0x1B, 0x14, 0x0E, 0x08, 0x08, 0x0D, 0x15, 0x1A,
    0x27, 0x48, 0x79, 0xF0, 0xFE, 0xFE, 0xFF, 0xFF, 0xFE, 0xFE, 0xFE, 0xFE,
    0xFE, 0xFE, 0xFE, 0xFE, 0xFF, 0xFF, 0xFE, 0xFE, 0xFE, 0xFE, 0xFC, 0xFC,
    0xFC, 0xFE, 0xFB, 0xFA, 0xFA, 0xFA, 0xFA, 0xFA, 0xFA, 0xFA, 0xFA, 0xF9,
    0xF9, 0xF9, 0xF5, 0xF5, 0xF5, 0xF5, 0xE8, 0xE8, 0xE8, 0xE8, 0xE8, 0xE8,
    0xE8, 0xB6, 0xB6, 0xB6, 0xB6, 0xB6, 0xB6, 0xB6, 0xB6, 0xB6, 0xB6, 0xB6,
    0xB6, 0xB6, 0xB6, 0xB6, 0xB6, 0xE8, 0xE8, 0xE8, 0xE8, 0xE8, 0xE8, 0xE8,
    0xE8, 0xE8, 0xF5, 0xF5, 0xF5, 0xF5, 0xF5, 0xF5, 0xF5, 0xF5, 0xF5, 0xF5,
    0xF9, 0xF9, 0xF9, 0xF9, 0xF9, 0xF9, 0xF9, 0xF9, 0xF9, 0xFB, 0xFB, 0xF9,
    0xF9, 0xF5, 0xFD, 0xFE, 0xFF, 0xFE, 0xF8, 0xD3, 0x8F, 0x61, 0x48, 0x33,
    0x23, 0x1A, 0x17, 0x12, 0x0D, 0x0A, 0x0B, 0x0C, 0x11, 0x16, 0x19, 0x1D,
    0x21, 0x24, 0x25, 0x25, 0x29, 0x24, 0x2B, 0x29, 0x25, 0x2B, 0x2D, 0x2A,
    0x2B, 0x2D, 0x25, 0x2B, 0x2D, 0x29, 0x25, 0x22, 0x29, 0x2B, 0x34, 0x3D,
    0x38, 0x40, 0x47, 0x40, 0x37, 0x40, 0x40, 0x40, 0x47, 0x51, 0x4C, 0x55,
    0x68, 0x70, 0x70, 0x78, 0x68, 0x55, 0x5C, 0x65, 0x6C, 0x70, 0x70, 0x6B,
    0x5A, 0x72, 0x65, 0x57, 0x65, 0x60, 0x5C, 0x65, 0x60, 0x65, 0x71, 0x75,
    0x75, 0x69, 0x69, 0x75, 0x75, 0x78, 0x78, 0x71, 0x7B, 0x95, 0x95, 0x95,
    0x93, 0x84, 0x83, 0x87, 0x8B, 0x98, 0xA8, 0xA8, 0xC3, 0xAD, 0xC3, 0xC7,
    0xC3, 0xB9, 0xB9, 0xBE, 0xD1, 0xD6, 0xD6, 0xC3, 0xC3, 0xD1, 0xDA, 0xC7,
    0xBE, 0xC3, 0xAD, 0xA8, 0xCC, 0xD1, 0xCC, 0xE5, 0xCC, 0xC7, 0xBE, 0xA3,
    0xA3, 0xA3, 0xA3, 0xA3, 0x9A, 0xAD, 0xD6, 0xDE, 0xDE, 0xDE, 0xC7, 0xAD,
    0xB9, 0xBE, 0xB9, 0x9E, 0x96, 0x8D, 0x93, 0x9A, 0x9A, 0xA3, 0x91, 0x91,
    0x8A, 0x76, 0x76, 0x7A, 0x71, 0x69, 0x5B, 0x5C, 0x56, 0x54, 0x65, 0x5B,
    0x4C, 0x58, 0x83, 0x7C, 0x7A, 0x75, 0x60, 0x6C, 0x76, 0x6C, 0x60, 0x68,
    0x70, 0x70, 0x6C, 0x76, 0x70, 0x70, 0x6C, 0x6C, 0x55, 0x57, 0x53, 0x4B,
    0x4B, 0x47, 0x43, 0x38, 0x41, 0x42, 0x43, 0x41, 0x3D, 0x36, 0x37, 0x34,
    0x31, 0x29, 0x25, 0x21, 0x21, 0x24, 0x29, 0x25, 0x22, 0x25, 0x24, 0x1D,
    0x19, 0x15, 0x11, 0x0A, 0x08, 0x0A, 0x10, 0x17, 0x1E, 0x33, 0x4D, 0x79,
    0xCA, 0xF0, 0xFC, 0xFE, 0xFE, 0xFE, 0xFE, 0xFE, 0xFE, 0xFE, 0xFE, 0xFE,
    0xFE, 0xFC, 0xF8, 0xF8, 0xF0, 0xF0, 0xF0, 0xF0, 0xF0, 0xFC, 0xFD, 0xFA,
    0xFA, 0xFA, 0xFA, 0xFA, 0xFA, 0xFA, 0xFA, 0xF9, 0xF9, 0xF9, 0xF5, 0xF5,
    0xF5, 0xF5, 0xF5, 0xF5, 0xE8, 0xE8, 0xE8, 0xE8, 0xE8, 0xE8, 0xB6, 0xE8,
    0xB6, 0xB6, 0xB6, 0xB6, 0xB6, 0xB6, 0xB6, 0xB6, 0xB6, 0xB6, 0xE8, 0xE8,
    0xE8, 0xE8, 0xE8, 0xE8, 0xE8, 0xE8, 0xE8, 0xE8, 0xE8, 0xF5, 0xF5, 0xF5,
    0xF5, 0xF5, 0xF5, 0xF5, 0xF5, 0xF5, 0xF9, 0xF9, 0xFB, 0xFB, 0xFB, 0xFB,
    0xFB, 0xFB, 0xFB, 0xFB, 0xFB, 0xFB, 0xFB, 0xFB, 0xFB, 0xF5, 0xFC, 0xFF,
    0xFC, 0xF0, 0xCA, 0x88, 0x4F, 0x3C, 0x2E, 0x1E, 0x1A, 0x16, 0x12, 0x0D,
    0x0A, 0x0A, 0x0B, 0x0D, 0x11, 0x15, 0x18, 0x1B, 0x1D, 0x20, 0x24, 0x29,
    0x29, 0x29, 0x29, 0x29, 0x26, 0x26, 0x29, 0x30, 0x30, 0x31, 0x31, 0x31,
    0x32, 0x34, 0x31, 0x2B, 0x29, 0x2D, 0x32, 0x34, 0x37, 0x3D, 0x3D, 0x38,
    0x39, 0x36, 0x36, 0x36, 0x37, 0x38, 0x36, 0x36, 0x3D, 0x42, 0x46, 0x4A,
    0x4E, 0x4C, 0x51, 0x53, 0x51, 0x4A, 0x55, 0x53, 0x4C, 0x51, 0x4E, 0x55,
    0x72, 0x78, 0x7C, 0x72, 0x6C, 0x6B, 0x71, 0x76, 0x75, 0x66, 0x5B, 0x75,
    0x7A, 0x83, 0x95, 0x91, 0x7B, 0x7F, 0x83, 0x83, 0x89, 0x81, 0x74, 0x75,
    0x75, 0x75, 0x7A, 0x89, 0x8A, 0x89, 0x91, 0xB9, 0xC7, 0xC7, 0xA8, 0x9E,
    0xB2, 0xBE, 0xCC, 0xCC, 0xC7, 0xD6, 0xDE, 0xE5, 0xEF, 0xEF, 0xED, 0xEF,
    0xD1, 0xDE, 0xDA, 0xD1, 0xC7, 0xD1, 0xEB, 0xE5, 0xDA, 0xD6, 0xE2, 0xE2,
    0xE2, 0xDA, 0xD1, 0xDA, 0xDA, 0xE5, 0xE2, 0xE2, 0xE5, 0xE2, 0xDA, 0xC3,
    0xA8, 0x9A, 0x91, 0x91, 0x8D, 0x89, 0x97, 0xA8, 0xBE, 0xA2, 0xA2, 0x95,
    0x85, 0x7D, 0x71, 0x75, 0x6D, 0x65, 0x5B, 0x57, 0x4C, 0x5A, 0x60, 0x54,
    0x4C, 0x4E, 0x5B, 0x6C, 0x6C, 0x65, 0x65, 0x6B, 0x65, 0x5C, 0x57, 0x57,
    0x4E, 0x4E, 0x55, 0x57, 0x5C, 0x72, 0x6B, 0x6C, 0x80, 0x6C, 0x65, 0x57,
    0x58, 0x53, 0x4C, 0x45, 0x43, 0x42, 0x3D, 0x41, 0x40, 0x37, 0x34, 0x36,
    0x34, 0x2D, 0x2D, 0x29, 0x2A, 0x2A, 0x2A, 0x22, 0x20, 0x1B, 0x15, 0x0F,
    0x08, 0x08, 0x0C, 0x14, 0x19, 0x1E, 0x33, 0x48, 0x61, 0x88, 0xA0, 0xD3,
    0xF0, 0xF8, 0xF8, 0xF8, 0xF8, 0xF0, 0xF0, 0xF0, 0xD3, 0xCF, 0xCA, 0xA0,
    0x8F, 0x8F, 0x88, 0x8F, 0xCA, 0xE6, 0xF6, 0xFB, 0xFA, 0xFA, 0xFA, 0xFA,
    0xFA, 0xFA, 0xFA, 0xF9, 0xF9, 0xF9, 0xF9, 0xF5, 0xF5, 0xF5, 0xF5, 0xF5,
    0xE8, 0xE8, 0xE8, 0xE8, 0xE8, 0xE8, 0xE8, 0xE8, 0xE8, 0xB6, 0xE8, 0xE8,
    0xB6, 0xB6, 0xB6, 0xB6, 0xE8, 0xE8, 0xE8, 0xE8, 0xE8, 0xE8, 0xE8, 0xE8,
    0xE8, 0xE8, 0xE8, 0xE8, 0xF5, 0xF5, 0xF5, 0xF5, 0xF5, 0xF5, 0xF5, 0xF5,
    0xF5, 0xF9, 0xF9, 0xF9, 0xF9, 0xF9, 0xFB, 0xFB, 0xFB, 0xFB, 0xFB, 0xFB,
    0xFB, 0xFB, 0xFB, 0xFB, 0xFB, 0xFB, 0xFC, 0xF8, 0xD3, 0xA0, 0x61, 0x48,
    0x3C, 0x23, 0x1D, 0x19, 0x15, 0x10, 0x0D, 0x0B, 0x0B, 0x0C, 0x0F, 0x14,
    0x15, 0x18, 0x1B, 0x1C, 0x21, 0x2B, 0x2B, 0x2E, 0x2D, 0x2D, 0x2B, 0x2B,
    0x2B, 0x2B, 0x2D, 0x32, 0x38, 0x40, 0x46, 0x47, 0x43, 0x42, 0x3D, 0x37,
    0x34, 0x34, 0x36, 0x37, 0x37, 0x39, 0x45, 0x46, 0x4B, 0x55, 0x49, 0x46,
    0x47, 0x49, 0x42, 0x45, 0x49, 0x40, 0x46, 0x4A, 0x4A, 0x4B, 0x58, 0x68,
    0x53, 0x53, 0x60, 0x55, 0x6B, 0x70, 0x78, 0x78, 0x80, 0x7C, 0x82, 0x7C,
    0x83, 0x83, 0x92, 0x87, 0x7E, 0x84, 0x7D, 0x84, 0x89, 0x85, 0x91, 0x8C,
    0xA9, 0xA4, 0xB3, 0xB9, 0x9E, 0x97, 0x8D, 0x84, 0x86, 0x7D, 0x81, 0x7A,
    0x7D, 0x7A, 0x7A, 0x89, 0x91, 0x8D, 0x97, 0xA3, 0xA3, 0xAD, 0xD6, 0xE2,
    0xC3, 0xD1, 0xDA, 0xD1, 0xC3, 0xD1, 0xD1, 0xD6, 0xD6, 0xDA, 0xEC, 0xE2,
    0xDE, 0xEF, 0xEF, 0xEB, 0xEF, 0xEF, 0xE2, 0xD6, 0xC3, 0xC3, 0xC3, 0xBE,
    0xC7, 0xC3, 0xB9, 0xBE, 0xC3, 0xB2, 0xA8, 0x9E, 0x9E, 0x97, 0x96, 0x89,
    0x93, 0x9E, 0x9A, 0xA3, 0xA3, 0x8C, 0x99, 0xAE, 0x95, 0x9B, 0x9A, 0x85,
    0x99, 0xA6, 0x95, 0x92, 0x8C, 0x85, 0x81, 0x7A, 0x75, 0x81, 0x75, 0x78,
    0x78, 0x72, 0x6B, 0x68, 0x68, 0x60, 0x4C, 0x53, 0x55, 0x47, 0x4C, 0x4C,
    0x51, 0x57, 0x53, 0x55, 0x53, 0x60, 0x5C, 0x47, 0x46, 0x4A, 0x43, 0x37,
    0x34, 0x36, 0x2D, 0x37, 0x46, 0x41, 0x42, 0x42, 0x40, 0x38, 0x34, 0x31,
    0x34, 0x2A, 0x22, 0x21, 0x1F, 0x1C, 0x18, 0x12, 0x0C, 0x0A, 0x0B, 0x0F,
    0x15, 0x19, 0x1E, 0x2E, 0x3C, 0x4F, 0x61, 0x88, 0x88, 0x8F, 0x8F, 0xA0,
    0xA0, 0x8F, 0x8F, 0x88, 0x88, 0x79, 0x61, 0x4F, 0x4F, 0x4D, 0x4D, 0x4F,
    0x61, 0x8F, 0xEA, 0xFB, 0xFA, 0xFA, 0xFA, 0xFA, 0xFA, 0xFA, 0xFA, 0xF9,
    0xF9, 0xF9, 0xF9, 0xF9, 0xF5, 0xF5, 0xF5, 0xF5, 0xE8, 0xE8, 0xE8, 0xE8,
    0xE8, 0xE8, 0xE8, 0xE8, 0xE8, 0xE8, 0xE8, 0xE8, 0xE8, 0xE8, 0xE8, 0xE8,
    0xE8, 0xE8, 0xE8, 0xE8, 0xE8, 0xE8, 0xE8, 0xE8, 0xE8, 0xE8, 0xE8, 0xF5,
    0xF5, 0xF5, 0xF5, 0xF5, 0xF5, 0xF5, 0xF5, 0xF5, 0xF9, 0xF9, 0xF9, 0xF9,
    0xFB, 0xF9, 0xFB, 0xFB, 0xFB, 0xFB, 0xFB, 0xFB, 0xFB, 0xFB, 0xFB, 0xFB,
    0xFB, 0xFD, 0xF8, 0xCA, 0x88, 0x4F, 0x48, 0x2E, 0x1E, 0x1A, 0x17, 0x12,
    0x0F, 0x0C, 0x0B, 0x0C, 0x0D, 0x11, 0x14, 0x18, 0x19, 0x1B, 0x1C, 0x1C,
    0x20, 0x25, 0x2D, 0x2B, 0x2E, 0x2D, 0x32, 0x32, 0x2D, 0x2D, 0x2B, 0x29,
    0x34, 0x3D, 0x37, 0x40, 0x40, 0x3D, 0x42, 0x45, 0x38, 0x36, 0x31, 0x30,
    0x2D, 0x30, 0x2D, 0x29, 0x29, 0x31, 0x39, 0x41, 0x3D, 0x45, 0x4A, 0x43,
    0x41, 0x40, 0x41, 0x49, 0x4E, 0x55, 0x55, 0x68, 0x6C, 0x83, 0x7C, 0x72,
    0x6C, 0x6C, 0x76, 0x76, 0x70, 0x6B, 0x76, 0x76, 0x78, 0x78, 0x80, 0x7C,
    0x78, 0x7A, 0x7A, 0x75, 0x75, 0x81, 0x89, 0x8C, 0x95, 0x95, 0x9B, 0xAE,
    0xA3, 0xBE, 0xBE, 0xA8, 0xA4, 0xB2, 0xDE, 0xCC, 0xD1, 0xB9, 0xB9, 0xA8,
    0xB9, 0xE2, 0xEB, 0xDA, 0xCC, 0xDE, 0xDE, 0xDE, 0xC7, 0xBE, 0xBE, 0xC3,
    0xB9, 0xC7, 0xD1, 0xD1, 0xE2, 0xE5, 0xF3, 0xF2, 0xEC, 0xEC, 0xD6, 0xE5,
    0xED, 0xEB, 0xE2, 0xDE, 0xCC, 0xDE, 0xE2, 0xD1, 0xC3, 0xA8, 0xA8, 0xBE,
    0xB2, 0x97, 0x91, 0x8A, 0x8D, 0x8A, 0x89, 0x7D, 0x7D, 0x7A, 0x8A, 0xAD,
    0x9E, 0x87, 0x83, 0x85, 0x82, 0x85, 0x7A, 0x60, 0x60, 0x68, 0x6B, 0x68,
    0x68, 0x55, 0x5B, 0x5B, 0x56, 0x69, 0x66, 0x51, 0x4B, 0x4B, 0x4A, 0x4E,
    0x53, 0x4C, 0x4E, 0x58, 0x5C, 0x60, 0x5C, 0x5C, 0x5A, 0x51, 0x4A, 0x40,
    0x40, 0x41, 0x3D, 0x36, 0x41, 0x43, 0x40, 0x37, 0x34, 0x30, 0x2D, 0x2D,
    0x29, 0x25, 0x29, 0x29, 0x25, 0x22, 0x29, 0x29, 0x22, 0x22, 0x21, 0x1D,
    0x21, 0x1D, 0x18, 0x14, 0x0F, 0x0B, 0x0A, 0x0A, 0x0F, 0x16, 0x19, 0x1D,
    0x23, 0x33, 0x3C, 0x48, 0x4D, 0x4F, 0x4F, 0x4F, 0x4F, 0x4F, 0x4F, 0x4D,
    0x48, 0x3C, 0x3C, 0x33, 0x33, 0x2E, 0x2E, 0x3C, 0x48, 0x4F, 0x8F, 0xE9,
    0xFA, 0xFA, 0xFA, 0xFA, 0xFA, 0xFA, 0xFA, 0xFA, 0xF9, 0xF9, 0xF9, 0xF9,
    0xF9, 0xF5, 0xF5, 0xF5, 0xF5, 0xF5, 0xF5, 0xE8, 0xE8, 0xE8, 0xE8, 0xE8,
    0xE8, 0xE8, 0xE8, 0xE8, 0xE8, 0xE8, 0xE8, 0xE8, 0xE8, 0xE8, 0xE8, 0xE8,
    0xE8, 0xE8, 0xE8, 0xE8, 0xF5, 0xE8, 0xF5, 0xF5, 0xF5, 0xF5, 0xF5, 0xF5,
    0xF5, 0xF5, 0xF5, 0xF9, 0xF9, 0xF9, 0xFB, 0xFB, 0xFB, 0xFB, 0xFB, 0xFB,
    0xFB, 0xFB, 0xFB, 0xFB, 0xFB, 0xFB, 0xFB, 0xFB, 0xFB, 0xF1, 0xD3, 0x88,
    0x4F, 0x3C, 0x27, 0x1E, 0x19, 0x16, 0x12, 0x0D, 0x0A, 0x08, 0x0A, 0x0D,
    0x0F, 0x13, 0x15, 0x18, 0x19, 0x1B, 0x1D, 0x1C, 0x1D, 0x20, 0x24, 0x25,
    0x29, 0x29, 0x2D, 0x2D, 0x29, 0x24, 0x29, 0x2D, 0x2D, 0x34, 0x31, 0x30,
    0x30, 0x2D, 0x2D, 0x2D, 0x2D, 0x30, 0x2D, 0x2A, 0x2D, 0x36, 0x36, 0x38,
    0x3D, 0x3D, 0x43, 0x49, 0x41, 0x43, 0x43, 0x51, 0x55, 0x57, 0x53, 0x58,
    0x70, 0x70, 0x65, 0x6C, 0x6C, 0x72, 0x78, 0x6B, 0x65, 0x6B, 0x6C, 0x7C,
    0x76, 0x72, 0x68, 0x6B, 0x76, 0x76, 0x6B, 0x65, 0x5A, 0x5B, 0x66, 0x6D,
    0x75, 0x7D, 0x84, 0x9B, 0xAB, 0xA6, 0x99, 0x89, 0x8D, 0x9A, 0x91, 0x81,
    0x7A, 0x7A, 0x81, 0x81, 0x89, 0x8A, 0x81, 0x89, 0x97, 0x9A, 0x9E, 0x93,
    0x8A, 0x89, 0x89, 0x91, 0x9E, 0xB2, 0xBE, 0xBE, 0xD1, 0xDA, 0xD1, 0xC7,
    0xDA, 0xD6, 0xDA, 0xEC, 0xEF, 0xEF, 0xEC, 0xEF, 0xEF, 0xEF, 0xEF, 0xEB,
    0xD6, 0xD6, 0xCC, 0xAD, 0xAD, 0xB2, 0xBE, 0xDE, 0xCC, 0xCC, 0xC7, 0xC3,
    0xD1, 0xDE, 0xC3, 0xBE, 0xD1, 0xB2, 0xAD, 0x9A, 0x8D, 0x8A, 0x93, 0x86,
    0x7A, 0x80, 0x83, 0x81, 0x6D, 0x60, 0x65, 0x78, 0x6C, 0x65, 0x69, 0x6D,
    0x81, 0x8C, 0x95, 0x92, 0x8C, 0x95, 0xA2, 0x95, 0x85, 0x85, 0x8C, 0x7C,
    0x60, 0x5A, 0x58, 0x5A, 0x5C, 0x51, 0x4B, 0x4E, 0x5A, 0x55, 0x49, 0x4A,
    0x41, 0x37, 0x36, 0x30, 0x2A, 0x29, 0x31, 0x31, 0x36, 0x40, 0x39, 0x3D,
    0x3D, 0x36, 0x31, 0x30, 0x2A, 0x29, 0x2A, 0x22, 0x24, 0x1F, 0x1B, 0x18,
    0x12, 0x0D, 0x0B, 0x0A, 0x0C, 0x0F, 0x12, 0x17, 0x1A, 0x1D, 0x1E, 0x27,
    0x2E, 0x33, 0x33, 0x33, 0x33, 0x33, 0x2E, 0x2E, 0x27, 0x23, 0x23, 0x1E,
    0x1D, 0x1D, 0x1E, 0x1E, 0x27, 0x3C, 0x4F, 0xA7, 0xFB, 0xFA, 0xFA, 0xFA,
    0xFA, 0xFA, 0xFA, 0xF9, 0xF9, 0xF9, 0xF9, 0xF9, 0xF9, 0xF5, 0xF5, 0xF5,
    0xF5, 0xF5, 0xF5, 0xF5, 0xE8, 0xE8, 0xE8, 0xE8, 0xE8, 0xE8, 0xE8, 0xE8,
    0xE8, 0xE8, 0xE8, 0xE8, 0xE8, 0xE8, 0xE8, 0xE8, 0xE8, 0xE8, 0xE8, 0xF5,
    0xF5, 0xF5, 0xF5, 0xF5, 0xF5, 0xF5, 0xF5, 0xF5, 0xF9, 0xF9, 0xF9, 0xF9,
    0xFB, 0xFB, 0xFB, 0xFB, 0xFB, 0xFB, 0xFB, 0xFB, 0xFB, 0xFB, 0xFB, 0xFB,
    0xFB, 0xFB, 0xFB, 0xFB, 0xF4, 0xD3, 0x88, 0x4D, 0x33, 0x23, 0x1A, 0x17,
    0x12, 0x0F, 0x0C, 0x0A, 0x0B, 0x0C, 0x0F, 0x13, 0x16, 0x18, 0x1B, 0x1C,
    0x1C, 0x1D, 0x20, 0x24, 0x25, 0x25, 0x25, 0x29, 0x25, 0x24, 0x29, 0x2A,
    0x2B, 0x2B, 0x30, 0x2D, 0x30, 0x34, 0x30, 0x2D, 0x30, 0x2D, 0x2C, 0x30,
    0x40, 0x41, 0x3B, 0x40, 0x3D, 0x40, 0x43, 0x4A, 0x4A, 0x4A, 0x49, 0x4E,
    0x4B, 0x46, 0x46, 0x40, 0x42, 0x45, 0x4B, 0x57, 0x60, 0x65, 0x76, 0x7C,
    0x82, 0x80, 0x76, 0x6C, 0x6C, 0x6B, 0x68, 0x60, 0x68, 0x76, 0x80, 0x72,
    0x8C, 0x99, 0x92, 0x92, 0x99, 0x92, 0x8D, 0x95, 0x99, 0xAB, 0xA6, 0x97,
    0x97, 0x99, 0x92, 0x92, 0x95, 0x92, 0x95, 0x99, 0x96, 0x91, 0x8D, 0x8A,
    0x93, 0x97, 0x9A, 0xA8, 0x9E, 0xBE, 0xDA, 0xE2, 0xEC, 0xEF, 0xEB, 0xEC,
    0xEF, 0xED, 0xEF, 0xEF, 0xE5, 0xE2, 0xEB, 0xEF, 0xEF, 0xF3, 0xF3, 0xF3,
    0xF7, 0xF3, 0xF2, 0xEC, 0xC3, 0xDE, 0xEB, 0xC7, 0xA3, 0xB9, 0xDA, 0xB2,
    0xB9, 0xD6, 0xCC, 0xB2, 0xA8, 0x9E, 0x8D, 0x8A, 0x91, 0x96, 0x91, 0x91,
    0x96, 0x97, 0x97, 0x8A, 0x89, 0x93, 0x96, 0x9D, 0xAD, 0xA2, 0xA2, 0x9B,
    0xA7, 0x99, 0x8C, 0x85, 0x85, 0x82, 0x7D, 0x84, 0x83, 0x83, 0x80, 0x76,
    0x6C, 0x65, 0x57, 0x4E, 0x53, 0x4C, 0x46, 0x4C, 0x51, 0x4A, 0x4E, 0x55,
    0x58, 0x55, 0x53, 0x58, 0x55, 0x53, 0x4C, 0x4A, 0x43, 0x41, 0x41, 0x45,
    0x42, 0x39, 0x39, 0x39, 0x41, 0x40, 0x31, 0x31, 0x34, 0x36, 0x34, 0x34,
    0x31, 0x34, 0x31, 0x29, 0x29, 0x21, 0x1D, 0x1B, 0x18, 0x14, 0x0E, 0x0C,
    0x0B, 0x0B, 0x0D, 0x10, 0x14, 0x17, 0x19, 0x1A, 0x1A, 0x1D, 0x1E, 0x1E,
    0x1E, 0x1E, 0x1E, 0x1A, 0x1A, 0x1A, 0x19, 0x17, 0x17, 0x17, 0x17, 0x19,
    0x1E, 0x27, 0x48, 0x79, 0xF4, 0xFA, 0xFA, 0xFA, 0xFA, 0xFA, 0xFA, 0xFA,
    0xF9, 0xF9, 0xF9, 0xF9, 0xF9, 0xF5, 0xF5, 0xF5, 0xF5, 0xF5, 0xF5, 0xF5,
    0xE8, 0xF5, 0xE8, 0xE8, 0xE8, 0xE8, 0xE8, 0xE8, 0xE8, 0xE8, 0xE8, 0xE8,
    0xE8, 0xE8, 0xE8, 0xE8, 0xE8, 0xE8, 0xE8, 0xF5, 0xF5, 0xF5, 0xF5, 0xF5,
    0xF5, 0xF5, 0xF5, 0xF5, 0xF9, 0xF9, 0xF9, 0xF9, 0xFB, 0xFB, 0xFB, 0xFB,
    0xFB, 0xFB, 0xFB, 0xFB, 0xFB, 0xFB, 0xFB, 0xFB, 0xFB, 0xFB, 0xFB, 0xFB,
    0xE9, 0x88, 0x4F, 0x33, 0x23, 0x1A, 0x16, 0x12, 0x0D, 0x0B, 0x0C, 0x0C,
    0x0C, 0x10, 0x14, 0x16, 0x18, 0x19, 0x1B, 0x20, 0x21, 0x24, 0x29, 0x2B,
    0x25, 0x29, 0x2A, 0x2D, 0x2A, 0x24, 0x29, 0x29, 0x2A, 0x32, 0x36, 0x40,
    0x40, 0x3D, 0x39, 0x41, 0x3D, 0x34, 0x36, 0x36, 0x37, 0x38, 0x3B, 0x3F,
    0x40, 0x4C, 0x4B, 0x4B, 0x45, 0x49, 0x49, 0x47, 0x49, 0x41, 0x41, 0x41,
    0x42, 0x47, 0x58, 0x6C, 0x72, 0x80, 0x85, 0x78, 0x72, 0x5C, 0x58, 0x51,
    0x51, 0x57, 0x57, 0x60, 0x5A, 0x65, 0x78, 0x78, 0x76, 0x6B, 0x6C, 0x6C,
    0x6F, 0x6C, 0x6C, 0x68, 0x77, 0x82, 0x78, 0x7B, 0x86, 0x8C, 0x95, 0x9B,
    0xAE, 0xC0, 0xD0, 0xC0, 0xC7, 0xC7, 0xC7, 0xC3, 0xCC, 0xD1, 0xBE, 0xC3,
    0xD1, 0xD6, 0xDE, 0xD1, 0xDA, 0xCC, 0xA8, 0x9A, 0xA8, 0xA3, 0xA3, 0xA3,
    0xA8, 0xC7, 0xE5, 0xEB, 0xEB, 0xDA, 0xE2, 0xE2, 0xEC, 0xED, 0xEB, 0xBE,
    0xD6, 0xE5, 0xE2, 0xD6, 0xBE, 0xCC, 0xDA, 0xD1, 0xAD, 0x9A, 0x91, 0x8D,
    0x81, 0x8A, 0x8A, 0x81, 0x9A, 0xAD, 0xA3, 0xA3, 0xA3, 0xA8, 0x91, 0x91,
    0x9D, 0xA3, 0xA8, 0x98, 0x98, 0x8C, 0x80, 0x75, 0x89, 0x8C, 0x78, 0x6C,
    0x6C, 0x68, 0x69, 0x71, 0x76, 0x6B, 0x6B, 0x6C, 0x78, 0x72, 0x6B, 0x6C,
    0x6C, 0x80, 0x82, 0x72, 0x72, 0x6B, 0x68, 0x6B, 0x5A, 0x60, 0x70, 0x60,
    0x55, 0x5C, 0x5C, 0x57, 0x58, 0x53, 0x40, 0x45, 0x46, 0x3D, 0x40, 0x41,
    0x45, 0x47, 0x45, 0x40, 0x38, 0x34, 0x3D, 0x34, 0x37, 0x37, 0x31, 0x30,
    0x34, 0x30, 0x29, 0x21, 0x1C, 0x18, 0x15, 0x12, 0x0F, 0x0A, 0x0A, 0x0C,
    0x0D, 0x0F, 0x12, 0x12, 0x16, 0x17, 0x17, 0x17, 0x17, 0x17, 0x17, 0x16,
    0x16, 0x14, 0x12, 0x12, 0x10, 0x10, 0x12, 0x16, 0x19, 0x1E, 0x33, 0x4F,
    0x9C, 0xFB, 0xFA, 0xFA, 0xFA, 0xFA, 0xFA, 0xFA, 0xFA, 0xF9, 0xF9, 0xF9,
    0xF9, 0xF9, 0xF5, 0xF5, 0xF5, 0xF5, 0xF5, 0xF5, 0xE8, 0xF5, 0xE8, 0xE8,
    0xE8, 0xE8, 0xE8, 0xE8, 0xE8, 0xE8, 0xE8, 0xE8, 0xE8, 0xE8, 0xE8, 0xE8,
    0xF5, 0xF5, 0xF5, 0xF5, 0xF5, 0xF5, 0xF5, 0xF5, 0xF5, 0xF5, 0xF5, 0xF5,
    0xF9, 0xFB, 0xFB, 0xFB, 0xFB, 0xFB, 0xFB, 0xFB, 0xFB, 0xFB, 0xFB, 0xFB,
    0xFB, 0xFB, 0xFB, 0xFB, 0xFB, 0xFB, 0xFB, 0xF4, 0xA0, 0x4F, 0x3C, 0x1E,
    0x19, 0x15, 0x10, 0x0C, 0x0A, 0x0A, 0x0C, 0x0F, 0x11, 0x15, 0x19, 0x1B,
    0x1D, 0x1D, 0x20, 0x24, 0x25, 0x2A, 0x2D, 0x2D, 0x2B, 0x32, 0x39, 0x3E,
    0x32, 0x32, 0x34, 0x2D, 0x32, 0x37, 0x34, 0x3F, 0x39, 0x37, 0x38, 0x38,
    0x36, 0x3F, 0x41, 0x41, 0x3D, 0x39, 0x3B, 0x3B, 0x39, 0x34, 0x34, 0x38,
    0x38, 0x34, 0x36, 0x3D, 0x40, 0x41, 0x45, 0x47, 0x49, 0x4A, 0x4E, 0x4A,
    0x4E, 0x5A, 0x5C, 0x60, 0x60, 0x55, 0x58, 0x6C, 0x68, 0x70, 0x6C, 0x76,
    0x72, 0x68, 0x5C, 0x5A, 0x58, 0x53, 0x55, 0x58, 0x5A, 0x65, 0x83, 0x8C,
    0x83, 0x8C, 0x87, 0x81, 0x7E, 0x85, 0x83, 0x8C, 0xA6, 0x9B, 0x95, 0x83,
    0x86, 0x97, 0x9E, 0xA8, 0x9E, 0x97, 0x9E, 0xA8, 0xBE, 0xB9, 0xB9, 0xB9,
    0xD6, 0xE2, 0xE2, 0xE2, 0xDA, 0xE2, 0xEC, 0xEB, 0xDA, 0xEC, 0xEF, 0xED,
    0xEF, 0xEC, 0xE5, 0xEB, 0xE5, 0xE5, 0xDA, 0xD6, 0xEC, 0xED, 0xEB, 0xDA,
    0xB9, 0xCC, 0xC7, 0xC3, 0xB2, 0xA8, 0xB9, 0xAD, 0x9E, 0xD1, 0xDE, 0xCC,
    0xCC, 0xC7, 0xA8, 0xAD, 0xAD, 0x8A, 0x81, 0x7F, 0x7B, 0x69, 0x7A, 0x8A,
    0x8D, 0x89, 0x8A, 0x8C, 0x8A, 0x91, 0x87, 0x85, 0x85, 0x83, 0x75, 0x6D,
    0x6C, 0x68, 0x5C, 0x58, 0x5C, 0x53, 0x68, 0x76, 0x7C, 0x85, 0x7C, 0x6C,
    0x6B, 0x65, 0x58, 0x5C, 0x4B, 0x4A, 0x45, 0x45, 0x53, 0x65, 0x60, 0x55,
    0x53, 0x53, 0x53, 0x4B, 0x47, 0x43, 0x47, 0x42, 0x49, 0x4A, 0x43, 0x43,
    0x4A, 0x41, 0x3D, 0x3D, 0x42, 0x3B, 0x36, 0x38, 0x3D, 0x39, 0x34, 0x29,
    0x21, 0x1D, 0x19, 0x17, 0x12, 0x0E, 0x09, 0x08, 0x07, 0x08, 0x0A, 0x0A,
    0x0D, 0x0F, 0x10, 0x12, 0x12, 0x12, 0x12, 0x10, 0x10, 0x0F, 0x0D, 0x0D,
    0x0C, 0x0D, 0x0D, 0x12, 0x16, 0x1A, 0x27, 0x48, 0x88, 0xF6, 0xFA, 0xFA,
    0xFA, 0xFA, 0xFA, 0xFA, 0xFA, 0xFA, 0xF9, 0xF9, 0xF9, 0xF9, 0xF9, 0xF9,
    0xF5, 0xF5, 0xF5, 0xF5, 0xF5, 0xF5, 0xF5, 0xF5, 0xF5, 0xE8, 0xE8, 0xE8,
    0xE8, 0xE8, 0xE8, 0xE8, 0xE8, 0xE8, 0xE8, 0xE8, 0xF5, 0xF5, 0xF5, 0xF5,
    0xF5, 0xF5, 0xF5, 0xF5, 0xF5, 0xF5, 0xF9, 0xF9, 0xF9, 0xF9, 0xF9, 0xFB,
    0xFB, 0xFB, 0xFB, 0xFB, 0xFB, 0xFB, 0xFB, 0xFB, 0xFB, 0xFB, 0xFB, 0xFB,
    0xFB, 0xFB, 0xFB, 0xE9, 0x61, 0x3C, 0x23, 0x1A, 0x14, 0x0F, 0x0B, 0x0A,
    0x0B, 0x0E, 0x11, 0x15, 0x18, 0x19, 0x1B, 0x1F, 0x21, 0x29, 0x29, 0x2A,
    0x29, 0x2D, 0x2B, 0x2A, 0x2D, 0x32, 0x39, 0x37, 0x32, 0x37, 0x3D, 0x3E,
    0x3E, 0x34, 0x34, 0x38, 0x38, 0x34, 0x32, 0x2D, 0x30, 0x31, 0x38, 0x43,
    0x3D, 0x45, 0x47, 0x41, 0x40, 0x43, 0x4A, 0x41, 0x38, 0x3D, 0x41, 0x4A,
    0x57, 0x51, 0x47, 0x49, 0x58, 0x5A, 0x55, 0x53, 0x57, 0x53, 0x4B, 0x4C,
    0x65, 0x68, 0x68, 0x70, 0x5C, 0x70, 0x80, 0x83, 0x76, 0x6B, 0x65, 0x70,
    0x76, 0x76, 0x82, 0x83, 0x8C, 0x87, 0x87, 0x87, 0x87, 0x82, 0x7C, 0x70,
    0x68, 0x69, 0x7D, 0x91, 0x95, 0x95, 0xA8, 0xAD, 0x9D, 0xA7, 0xA3, 0xAD,
    0xB9, 0xAD, 0xAD, 0xA8, 0xA8, 0x9E, 0x9A, 0x9A, 0x9A, 0xB2, 0xC3, 0xC7,
    0xE2, 0xEC, 0xEB, 0xEB, 0xEB, 0xD6, 0xEB, 0xDE, 0xEB, 0xEC, 0xEC, 0xEC,
    0xE5, 0xDE, 0xDA, 0xD1, 0xC3, 0xC7, 0xC7, 0xB2, 0xB9, 0xDE, 0xDA, 0xC7,
    0xD6, 0xE2, 0xDA, 0xBE, 0xB9, 0xC7, 0xDA, 0xDA, 0xDE, 0xD6, 0xC7, 0xD1,
    0xC7, 0xC3, 0xBA, 0x9D, 0x91, 0x84, 0x7A, 0x7D, 0x7A, 0x86, 0x84, 0x89,
    0x8D, 0x7D, 0x7C, 0x76, 0x70, 0x6B, 0x66, 0x66, 0x58, 0x5A, 0x6C, 0x68,
    0x5C, 0x5C, 0x70, 0x80, 0x76, 0x7C, 0x78, 0x6C, 0x5C, 0x58, 0x65, 0x58,
    0x55, 0x51, 0x47, 0x4A, 0x55, 0x5A, 0x51, 0x51, 0x4E, 0x53, 0x51, 0x45,
    0x41, 0x40, 0x39, 0x34, 0x31, 0x29, 0x25, 0x29, 0x25, 0x2A, 0x2A, 0x30,
    0x34, 0x2D, 0x29, 0x29, 0x2A, 0x29, 0x22, 0x20, 0x20, 0x1B, 0x19, 0x19,
    0x16, 0x11, 0x0A, 0x07, 0x06, 0x06, 0x06, 0x06, 0x08, 0x08, 0x0A, 0x0C,
    0x0D, 0x0F, 0x0F, 0x0F, 0x0F, 0x0D, 0x0D, 0x0C, 0x0C, 0x0C, 0x0D, 0x10,
    0x16, 0x1A, 0x23, 0x3C, 0x79, 0xDD, 0xFB, 0xFA, 0xFA, 0xFA, 0xFA, 0xFA,
    0xFA, 0xFA, 0xFA, 0xF9, 0xF9, 0xF9, 0xF9, 0xF9, 0xF9, 0xF5, 0xF5, 0xF5,
    0xF5, 0xF5, 0xF5, 0xF5, 0xF5, 0xF5, 0xF5, 0xF5, 0xF5, 0xF5, 0xF5, 0xF5,
    0xF5, 0xF5, 0xF5, 0xF5, 0xF5, 0xF5, 0xF5, 0xF5, 0xF5, 0xF5, 0xF5, 0xF5,
    0xF5, 0xF9, 0xF9, 0xF9, 0xFB, 0xFB, 0xFB, 0xFB, 0xFB, 0xFB, 0xFB, 0xFB,
    0xFB, 0xFB, 0xFB, 0xFB, 0xFB, 0xFB, 0xFB, 0xFB, 0xFB, 0xFB, 0xF4, 0x88,
    0x48, 0x27, 0x1A, 0x16, 0x0F, 0x0A, 0x08, 0x0A, 0x0C, 0x11, 0x14, 0x16,
    0x18, 0x18, 0x18, 0x19, 0x1D, 0x1D, 0x1C, 0x1F, 0x21, 0x24, 0x22, 0x22,
    0x22, 0x24, 0x24, 0x24, 0x2A, 0x29, 0x2B, 0x2D, 0x37, 0x34, 0x37, 0x39,
    0x34, 0x34, 0x37, 0x3D, 0x39, 0x36, 0x38, 0x40, 0x41, 0x46, 0x46, 0x40,
    0x40, 0x47, 0x47, 0x40, 0x40, 0x40, 0x43, 0x51, 0x4C, 0x47, 0x4B, 0x4A,
    0x49, 0x51, 0x57, 0x53, 0x5A, 0x51, 0x53, 0x58, 0x65, 0x57, 0x51, 0x51,
    0x57, 0x58, 0x6C, 0x8C, 0x78, 0x72, 0x83, 0x83, 0x85, 0x80, 0x80, 0x83,
    0x92, 0xAB, 0xAE, 0xA6, 0x99, 0x99, 0x99, 0xA4, 0x99, 0x97, 0x96, 0x92,
    0x82, 0x80, 0x84, 0x89, 0x8B, 0x8D, 0x86, 0x84, 0x9A, 0xB2, 0xB9, 0xAD,
    0x97, 0x9A, 0xA3, 0xB2, 0xAD, 0xA3, 0x97, 0x9E, 0xD6, 0xDE, 0xED, 0xED,
    0xEF, 0xEF, 0xEC, 0xE2, 0xB9, 0xA3, 0xAD, 0xBE, 0xBE, 0xAD, 0xC3, 0xCC,
    0xC7, 0xD1, 0xC7, 0xC7, 0xD6, 0xD6, 0xCC, 0xCC, 0xEB, 0xE5, 0xC7, 0xC7,
    0xC3, 0xA3, 0xC7, 0xB2, 0x9E, 0xAD, 0xB2, 0xB2, 0x9A, 0xA3, 0xBD, 0xAD,
    0x9D, 0x91, 0x86, 0x7D, 0x7D, 0x7D, 0x6B, 0x65, 0x53, 0x51, 0x5A, 0x5A,
    0x66, 0x70, 0x6D, 0x69, 0x66, 0x6B, 0x6B, 0x5A, 0x55, 0x4B, 0x49, 0x45,
    0x43, 0x43, 0x45, 0x4E, 0x4E, 0x4E, 0x65, 0x5A, 0x4E, 0x47, 0x4C, 0x42,
    0x38, 0x38, 0x34, 0x36, 0x40, 0x41, 0x45, 0x43, 0x40, 0x3D, 0x41, 0x37,
    0x31, 0x31, 0x31, 0x31, 0x30, 0x30, 0x30, 0x2C, 0x30, 0x29, 0x25, 0x22,
    0x22, 0x25, 0x21, 0x1F, 0x1F, 0x1F, 0x1B, 0x19, 0x16, 0x12, 0x0B, 0x06,
    0x03, 0x03, 0x03, 0x03, 0x05, 0x06, 0x08, 0x0A, 0x0D, 0x0F, 0x10, 0x12,
    0x12, 0x10, 0x10, 0x10, 0x0F, 0x10, 0x12, 0x14, 0x17, 0x1A, 0x23, 0x3C,
    0x61, 0xCA, 0xF7, 0xFA, 0xFA, 0xFA, 0xFA, 0xFA, 0xFA, 0xFA, 0xFA, 0xFA,
    0xFA, 0xF9, 0xF9, 0xF9, 0xF9, 0xF9, 0xF5, 0xF5, 0xF5, 0xF5, 0xF5, 0xF5,
    0xF5, 0xF5, 0xF5, 0xF5, 0xF5, 0xF5, 0xF5, 0xF5, 0xF5, 0xF5, 0xF5, 0xF5,
    0xF5, 0xF5, 0xF5, 0xF5, 0xF5, 0xF5, 0xF5, 0xF9, 0xF9, 0xF9, 0xF9, 0xF9,
    0xFB, 0xFB, 0xFB, 0xFB, 0xFB, 0xFB, 0xFB, 0xFB, 0xFB, 0xFB, 0xFB, 0xFB,
    0xFB, 0xFB, 0xFB, 0xFB, 0xFB, 0xFB, 0xBC, 0x4F, 0x33, 0x1E, 0x17, 0x10,
    0x0A, 0x08, 0x08, 0x0B, 0x0E, 0x14, 0x16, 0x19, 0x19, 0x1C, 0x1D, 0x1F,
    0x20, 0x20, 0x20, 0x20, 0x24, 0x21, 0x21, 0x21, 0x20, 0x21, 0x20, 0x25,
    0x29, 0x24, 0x29, 0x25, 0x25, 0x2D, 0x34, 0x2D, 0x2D, 0x36, 0x36, 0x3D,
    0x38, 0x34, 0x2F, 0x31, 0x36, 0x34, 0x34, 0x36, 0x38, 0x40, 0x3D, 0x40,
    0x47, 0x42, 0x42, 0x3F, 0x38, 0x3B, 0x40, 0x42, 0x3D, 0x3D, 0x40, 0x43,
    0x46, 0x42, 0x4A, 0x4C, 0x49, 0x55, 0x55, 0x4C, 0x4A, 0x53, 0x5C, 0x65,
    0x6B, 0x6C, 0x7C, 0x76, 0x7A, 0x85, 0x76, 0x6C, 0x72, 0x80, 0x83, 0x82,
    0x8C, 0x95, 0x92, 0x98, 0xA9, 0x9B, 0x8A, 0x99, 0x91, 0x8C, 0x84, 0x6C,
    0x68, 0x71, 0x76, 0x84, 0x86, 0x93, 0xA8, 0x97, 0x97, 0x96, 0x96, 0x93,
    0x93, 0x8A, 0x86, 0x96, 0x97, 0x8D, 0xA3, 0xD6, 0xD1, 0xCC, 0xD6, 0xCC,
    0xD1, 0xB2, 0xA3, 0xC3, 0xA3, 0xAD, 0xB9, 0xAD, 0xAD, 0xB9, 0xC3, 0xC3,
    0xCC, 0xDA, 0xC3, 0xD1, 0xEB, 0xE5, 0xDA, 0xC7, 0xB9, 0xBE, 0xD6, 0xC3,
    0xC3, 0xD1, 0xBE, 0xA8, 0xA8, 0x97, 0x93, 0x97, 0x91, 0x86, 0x9E, 0xB3,
    0xA6, 0x99, 0x92, 0x85, 0x7C, 0x80, 0x6C, 0x65, 0x71, 0x6D, 0x65, 0x6D,
    0x6C, 0x6B, 0x68, 0x65, 0x5A, 0x57, 0x55, 0x46, 0x49, 0x47, 0x41, 0x47,
    0x55, 0x5C, 0x65, 0x60, 0x4E, 0x4E, 0x5C, 0x53, 0x4B, 0x4E, 0x51, 0x49,
    0x4E, 0x4E, 0x45, 0x38, 0x3D, 0x40, 0x40, 0x46, 0x43, 0x3F, 0x40, 0x42,
    0x40, 0x39, 0x36, 0x2D, 0x2A, 0x25, 0x2B, 0x31, 0x2D, 0x30, 0x2D, 0x2B,
    0x29, 0x25, 0x21, 0x1D, 0x19, 0x15, 0x0F, 0x07, 0x03, 0x02, 0x02, 0x03,
    0x04, 0x06, 0x0A, 0x0D, 0x0A, 0x0D, 0x12, 0x10, 0x12, 0x12, 0x12, 0x12,
    0x12, 0x12, 0x14, 0x16, 0x19, 0x1E, 0x27, 0x48, 0x79, 0xD3, 0xFC, 0xFD,
    0xFA, 0xFA, 0xFA, 0xFA, 0xFA, 0xFA, 0xFA, 0xFA, 0xFA, 0xF9, 0xF9, 0xF9,
    0xF9, 0xF9, 0xF5, 0xF5, 0xF5, 0xF5, 0xF5, 0xF5, 0xF5, 0xF5, 0xF5, 0xF5,
    0xF5, 0xF5, 0xF5, 0xF5, 0xF5, 0xF5, 0xF5, 0xF5, 0xF5, 0xF5, 0xF5, 0xF5,
    0xF5, 0xF9, 0xF9, 0xF9, 0xF9, 0xF9, 0xF9, 0xF9, 0xFB, 0xFB, 0xFB, 0xFB,
    0xFB, 0xFB, 0xFB, 0xFB, 0xFB, 0xFB, 0xFB, 0xFB, 0xFB, 0xFB, 0xFB, 0xFB,
    0xFB, 0xF4, 0x79, 0x48, 0x23, 0x1A, 0x12, 0x0C, 0x08, 0x08, 0x0C, 0x11,
    0x13, 0x18, 0x19, 0x1C, 0x20, 0x22, 0x24, 0x29, 0x29, 0x29, 0x25, 0x24,
    0x21, 0x1F, 0x1F, 0x21, 0x21, 0x29, 0x29, 0x2D, 0x2D, 0x2D, 0x2D, 0x2D,
    0x2D, 0x34, 0x37, 0x3D, 0x40, 0x40, 0x3F, 0x42, 0x46, 0x36, 0x37, 0x39,
    0x36, 0x38, 0x3D, 0x36, 0x39, 0x40, 0x3F, 0x3B, 0x3D, 0x41, 0x42, 0x46,
    0x42, 0x3D, 0x40, 0x43, 0x40, 0x41, 0x3D, 0x3D, 0x41, 0x43, 0x41, 0x41,
    0x46, 0x4A, 0x46, 0x4E, 0x57, 0x57, 0x5A, 0x5C, 0x60, 0x68, 0x83, 0x87,
    0x86, 0x81, 0x81, 0x8C, 0x92, 0x99, 0x99, 0x92, 0x8C, 0x95, 0x87, 0x87,
    0x85, 0x7C, 0x76, 0x99, 0xBE, 0xA6, 0x9B, 0x9B, 0x95, 0x87, 0x92, 0xA6,
    0x99, 0x8D, 0x91, 0x91, 0x97, 0x9A, 0x9A, 0xA3, 0x93, 0x96, 0xA8, 0xBE,
    0xA8, 0xB2, 0xAD, 0xB2, 0xB2, 0xD1, 0xD6, 0xE2, 0xF3, 0xF2, 0xCC, 0xCC,
    0xB2, 0xB9, 0xB9, 0xA3, 0xA8, 0xAD, 0xB9, 0x9E, 0xB9, 0xC3, 0xA3, 0xAD,
    0xBE, 0xAD, 0xB9, 0x9A, 0x8D, 0x9A, 0x97, 0x8D, 0x86, 0x93, 0x8D, 0x7A,
    0x81, 0x7A, 0x75, 0x71, 0x6D, 0x75, 0x7D, 0x78, 0x80, 0x85, 0x80, 0x78,
    0x92, 0x87, 0x78, 0x7C, 0x84, 0x75, 0x86, 0x96, 0x9B, 0xA2, 0x95, 0x87,
    0x85, 0x83, 0x83, 0x82, 0x6C, 0x5A, 0x51, 0x5A, 0x65, 0x60, 0x6C, 0x6C,
    0x65, 0x5A, 0x6C, 0x60, 0x51, 0x4C, 0x57, 0x51, 0x4C, 0x55, 0x4C, 0x47,
    0x49, 0x45, 0x3B, 0x41, 0x43, 0x38, 0x3D, 0x39, 0x38, 0x43, 0x40, 0x39,
    0x37, 0x31, 0x34, 0x30, 0x30, 0x31, 0x29, 0x29, 0x2A, 0x2B, 0x22, 0x1D,
    0x19, 0x14, 0x0C, 0x06, 0x02, 0x01, 0x02, 0x03, 0x06, 0x0A, 0x0C, 0x10,
    0x33, 0x88, 0x88, 0x61, 0x61, 0x48, 0x48, 0x48, 0x48, 0x48, 0x4F, 0x4F,
    0x79, 0x8F, 0xCA, 0xD3, 0xF0, 0xF8, 0xFC, 0xFC, 0xFB, 0xFA, 0xFA, 0xFA,
    0xFA, 0xFA, 0xFA, 0xFA, 0xFA, 0xF9, 0xF9, 0xF9, 0xF9, 0xF9, 0xF9, 0xF9,
    0xF9, 0xF5, 0xF5, 0xF5, 0xF5, 0xF5, 0xF5, 0xF5, 0xF5, 0xF5, 0xF5, 0xF5,
    0xF5, 0xF5, 0xF5, 0xF5, 0xF5, 0xF5, 0xF9, 0xF9, 0xF9, 0xF9, 0xF9, 0xF9,
    0xF9, 0xF9, 0xFB, 0xFB, 0xFB, 0xFB, 0xFB, 0xFB, 0xFB, 0xFB, 0xFB, 0xFB,
    0xFB, 0xFB, 0xFB, 0xFB, 0xFB, 0xFB, 0xFB, 0xFB, 0xF6, 0x9C, 0x4F, 0x2E,
    0x1A, 0x16, 0x0D, 0x08, 0x07, 0x0A, 0x11, 0x15, 0x18, 0x1B, 0x1D, 0x1F,
    0x20, 0x21, 0x21, 0x22, 0x24, 0x24, 0x2B, 0x2B, 0x29, 0x25, 0x25, 0x2A,
    0x2B, 0x25, 0x2A, 0x22, 0x21, 0x29, 0x2D, 0x2A, 0x29, 0x2A, 0x2A, 0x2D,
    0x2D, 0x26, 0x2A, 0x2B, 0x2D, 0x29, 0x31, 0x36, 0x34, 0x36, 0x38, 0x3D,
    0x40, 0x3F, 0x3F, 0x41, 0x42, 0x4A, 0x4A, 0x4A, 0x46, 0x41, 0x45, 0x4C,
    0x53, 0x4C, 0x4B, 0x51, 0x4A, 0x4C, 0x47, 0x4A, 0x4E, 0x4B, 0x4A, 0x4C,
    0x4E, 0x51, 0x4E, 0x55, 0x57, 0x57, 0x5C, 0x58, 0x58, 0x56, 0x66, 0x65,
    0x6C, 0x70, 0x6C, 0x74, 0x70, 0x6C, 0x6C, 0x58, 0x5A, 0x5C, 0x68, 0x7D,
    0x8A, 0x91, 0x8C, 0x87, 0x8C, 0x92, 0xA6, 0xC0, 0xAE, 0xA8, 0xA8, 0xC3,
    0xEC, 0xEF, 0xF2, 0xEF, 0xED, 0xEC, 0xE2, 0xDE, 0xE5, 0xE2, 0xCC, 0xCC,
    0xCC, 0xC3, 0xE2, 0xEF, 0xE2, 0xD6, 0xBE, 0xA8, 0xAD, 0xB9, 0xA8, 0xA8,
    0xAD, 0xB2, 0x97, 0x8D, 0x96, 0x8D, 0x93, 0x97, 0x8D, 0x91, 0x9A, 0xAD,
    0xB9, 0xB2, 0xAD, 0xA3, 0x97, 0x8D, 0x86, 0x8D, 0x8D, 0x8C, 0x84, 0x84,
    0x81, 0x81, 0x75, 0x6D, 0x6D, 0x66, 0x69, 0x70, 0x83, 0x83, 0x82, 0x80,
    0x81, 0x83, 0x83, 0x83, 0x7A, 0x69, 0x6B, 0x6C, 0x6C, 0x70, 0x78, 0x76,
    0x76, 0x8C, 0x78, 0x6C, 0x76, 0x68, 0x55, 0x55, 0x55, 0x4C, 0x55, 0x58,
    0x47, 0x41, 0x49, 0x4E, 0x47, 0x43, 0x45, 0x41, 0x40, 0x40, 0x40, 0x31,
    0x36, 0x37, 0x34, 0x39, 0x47, 0x42, 0x3D, 0x37, 0x31, 0x34, 0x31, 0x2B,
    0x29, 0x22, 0x1F, 0x1F, 0x20, 0x22, 0x21, 0x1C, 0x18, 0x14, 0x0C, 0x06,
    0x02, 0x01, 0x02, 0x04, 0x08, 0x0D, 0x16, 0xA0, 0xFE, 0xFC, 0xF0, 0xF0,
    0xD3, 0xD3, 0xCA, 0xCA, 0xCA, 0xA0, 0xA0, 0xA0, 0xA0, 0xA0, 0x8F, 0x8F,
    0x8F, 0xA0, 0xCA, 0xF0, 0xF7, 0xFA, 0xFA, 0xFA, 0xFA, 0xFA, 0xFA, 0xFA,
    0xFA, 0xFA, 0xFA, 0xF9, 0xF9, 0xF9, 0xF9, 0xF9, 0xF5, 0xF5, 0xF5, 0xF5,
    0xF5, 0xF5, 0xF5, 0xF5, 0xF5, 0xF5, 0xF5, 0xF5, 0xF5, 0xF5, 0xF5, 0xF5,
    0xF5, 0xF9, 0xF9, 0xF9, 0xF9, 0xF9, 0xF9, 0xF9, 0xF9, 0xFB, 0xFB, 0xFB,
    0xFB, 0xFB, 0xFB, 0xFB, 0xFB, 0xFB, 0xFB, 0xFB, 0xFB, 0xFB, 0xFB, 0xFB,
    0xFB, 0xFB, 0xFB, 0xFB, 0xC9, 0x61, 0x3C, 0x23, 0x17, 0x10, 0x0A, 0x07,
    0x08, 0x0B, 0x13, 0x16, 0x1B, 0x1C, 0x1F, 0x20, 0x1F, 0x1F, 0x20, 0x20,
    0x21, 0x2D, 0x32, 0x29, 0x24, 0x24, 0x25, 0x25, 0x22, 0x21, 0x21, 0x1F,
    0x20, 0x21, 0x25, 0x25, 0x24, 0x21, 0x24, 0x29, 0x25, 0x21, 0x21, 0x21,
    0x21, 0x1F, 0x22, 0x29, 0x2A, 0x2D, 0x32, 0x34, 0x30, 0x34, 0x31, 0x34,
    0x42, 0x49, 0x45, 0x45, 0x4B, 0x4B, 0x47, 0x42, 0x40, 0x41, 0x40, 0x40,
    0x40, 0x41, 0x3D, 0x40, 0x40, 0x40, 0x40, 0x49, 0x47, 0x43, 0x46, 0x4C,
    0x4E, 0x4C, 0x46, 0x4C, 0x5B, 0x75, 0x83, 0x85, 0x83, 0x80, 0x81, 0x83,
    0x7A, 0x7D, 0x7D, 0x71, 0x6D, 0x7A, 0x83, 0x7B, 0x76, 0x7A, 0x85, 0x82,
    0x91, 0x9E, 0xA3, 0xA8, 0xA8, 0xB2, 0xC3, 0xCC, 0xBE, 0xBE, 0xBE, 0xA8,
    0xAD, 0xC7, 0xC3, 0xDA, 0xE5, 0xE2, 0xED, 0xEF, 0xEF, 0xED, 0xEB, 0xEB,
    0xE5, 0xEC, 0xEB, 0xEB, 0xE2, 0xDA, 0xEC, 0xF2, 0xEF, 0xF3, 0xED, 0xEB,
    0xED, 0xEF, 0xEC, 0xEB, 0xEC, 0xEC, 0xE5, 0xD1, 0xC3, 0xD1, 0xB9, 0xB2,
    0xBE, 0xAD, 0x9E, 0x8A, 0x83, 0x7C, 0x78, 0x75, 0x75, 0x7A, 0x66, 0x6D,
    0x6D, 0x77, 0x7A, 0x75, 0x70, 0x7C, 0x80, 0x78, 0x83, 0x7C, 0x76, 0x6C,
    0x6C, 0x69, 0x6B, 0x5A, 0x57, 0x6C, 0x6B, 0x5C, 0x5C, 0x6C, 0x78, 0x70,
    0x68, 0x57, 0x4E, 0x49, 0x40, 0x40, 0x3D, 0x3D, 0x39, 0x37, 0x36, 0x39,
    0x3D, 0x40, 0x40, 0x36, 0x31, 0x31, 0x36, 0x36, 0x31, 0x34, 0x3D, 0x38,
    0x38, 0x30, 0x2C, 0x29, 0x2A, 0x2A, 0x25, 0x2B, 0x29, 0x24, 0x25, 0x25,
    0x25, 0x24, 0x22, 0x1F, 0x19, 0x16, 0x0E, 0x06, 0x02, 0x02, 0x03, 0x06,
    0x0D, 0x10, 0x8F, 0xFE, 0xE6, 0xCA, 0x8F, 0x88, 0x61, 0x4F, 0x4D, 0x48,
    0x48, 0x3C, 0x3C, 0x3C, 0x33, 0x2E, 0x2E, 0x27, 0x27, 0x2E, 0x3C, 0x61,
    0xD3, 0xF6, 0xFA, 0xFA, 0xFA, 0xFA, 0xFA, 0xFA, 0xFA, 0xFA, 0xFA, 0xF9,
    0xF9, 0xF9, 0xF9, 0xF9, 0xF9, 0xF9, 0xF9, 0xF9, 0xF9, 0xF9, 0xF5, 0xF5,
    0xF5, 0xF5, 0xF5, 0xF5, 0xF5, 0xF5, 0xF9, 0xF9, 0xF9, 0xF9, 0xF9, 0xF9,
    0xF9, 0xF9, 0xF9, 0xFB, 0xFB, 0xFB, 0xFB, 0xFB, 0xFB, 0xFB, 0xFB, 0xFB,
    0xFB, 0xFB, 0xFB, 0xFB, 0xFB, 0xFB, 0xFB, 0xFB, 0xFB, 0xFB, 0xFB, 0xE9,
    0x88, 0x48, 0x27, 0x1A, 0x14, 0x0D, 0x08, 0x06, 0x08, 0x0E, 0x13, 0x18,
    0x18, 0x19, 0x1B, 0x1D, 0x1F, 0x1F, 0x20, 0x21, 0x21, 0x22, 0x21, 0x20,
    0x1D, 0x20, 0x21, 0x21, 0x25, 0x2A, 0x25, 0x24, 0x25, 0x25, 0x2B, 0x29,
    0x2A, 0x2B, 0x2B, 0x2B, 0x29, 0x29, 0x21, 0x21, 0x2D, 0x30, 0x2D, 0x2B,
    0x22, 0x21, 0x25, 0x29, 0x22, 0x25, 0x29, 0x25, 0x2D, 0x30, 0x32, 0x34,
    0x37, 0x31, 0x37, 0x40, 0x49, 0x47, 0x4B, 0x53, 0x55, 0x55, 0x57, 0x55,
    0x5C, 0x60, 0x76, 0x80, 0x78, 0x82, 0x95, 0x9B, 0x9B, 0x95, 0x93, 0x86,
    0x81, 0x7D, 0x84, 0x82, 0x80, 0x83, 0x92, 0x8A, 0x81, 0x7A, 0x7D, 0x66,
    0x5F, 0x6D, 0x71, 0x65, 0x75, 0x76, 0x78, 0x81, 0x7E, 0x97, 0xA3, 0xA7,
    0xA3, 0x9A, 0xA8, 0xA8, 0x9A, 0x9E, 0xA3, 0x93, 0x97, 0xCC, 0xC3, 0xDA,
    0xD6, 0xC3, 0xD6, 0xE2, 0xDA, 0xC7, 0xBE, 0xB2, 0xEF, 0xEB, 0xE5, 0xEC,
    0xEB, 0xE5, 0xEB, 0xDE, 0xC7, 0xD6, 0xD1, 0xD6, 0xE5, 0xDE, 0xB9, 0xBE,
    0xCC, 0xB2, 0x9E, 0xA3, 0x9A, 0x93, 0x93, 0x8D, 0x96, 0xA3, 0x96, 0x84,
    0x81, 0x8C, 0x91, 0x93, 0x96, 0x96, 0x91, 0xB8, 0x9F, 0x9A, 0xA8, 0x99,
    0x8C, 0x87, 0x8C, 0x95, 0x87, 0x83, 0x92, 0x87, 0x81, 0x89, 0x82, 0x80,
    0x8C, 0x80, 0x83, 0x8C, 0x8C, 0x83, 0x80, 0x78, 0x6C, 0x65, 0x68, 0x68,
    0x58, 0x57, 0x65, 0x65, 0x60, 0x65, 0x5A, 0x58, 0x55, 0x55, 0x4E, 0x57,
    0x57, 0x51, 0x53, 0x4B, 0x51, 0x4B, 0x45, 0x3D, 0x34, 0x31, 0x2D, 0x31,
    0x34, 0x2D, 0x2D, 0x2D, 0x2D, 0x29, 0x25, 0x24, 0x24, 0x24, 0x21, 0x1F,
    0x1B, 0x16, 0x0E, 0x06, 0x03, 0x03, 0x05, 0x0A, 0x0D, 0x2E, 0xFC, 0xD3,
    0x8F, 0x61, 0x3C, 0x2E, 0x1E, 0x1A, 0x17, 0x16, 0x12, 0x10, 0x0E, 0x0C,
    0x0B, 0x0B, 0x0B, 0x0C, 0x10, 0x14, 0x19, 0x27, 0x79, 0xF8, 0xFD, 0xFA,
    0xFA, 0xFA, 0xFA, 0xFA, 0xFA, 0xFA, 0xFA, 0xFA, 0xFA, 0xF9, 0xF9, 0xF9,
    0xF9, 0xF9, 0xF9, 0xF9, 0xF9, 0xF9, 0xF9, 0xF9, 0xF9, 0xF9, 0xF9, 0xF9,
    0xF9, 0xF9, 0xF9, 0xF9, 0xF9, 0xF9, 0xF9, 0xF9, 0xF9, 0xFB, 0xFB, 0xFB,
    0xFB, 0xFB, 0xFB, 0xFB, 0xFB, 0xFB, 0xFB, 0xFB, 0xFB, 0xFB, 0xFB, 0xFB,
    0xFB, 0xFB, 0xFB, 0xFB, 0xFB, 0xFB, 0xF6, 0x8F, 0x4F, 0x33, 0x1E, 0x17,
    0x10, 0x0A, 0x08, 0x09, 0x0F, 0x15, 0x19, 0x1B, 0x1F, 0x24, 0x25, 0x2A,
    0x2B, 0x2B, 0x29, 0x25, 0x24, 0x21, 0x20, 0x20, 0x21, 0x25, 0x29, 0x29,
    0x2B, 0x2B, 0x29, 0x29, 0x24, 0x29, 0x2A, 0x2A, 0x2B, 0x32, 0x34, 0x32,
    0x2D, 0x2D, 0x2B, 0x2B, 0x32, 0x31, 0x32, 0x32, 0x30, 0x2A, 0x2B, 0x2D,
    0x2D, 0x34, 0x31, 0x34, 0x39, 0x37, 0x34, 0x37, 0x37, 0x31, 0x34, 0x39,
    0x45, 0x4A, 0x53, 0x4C, 0x4C, 0x5A, 0x65, 0x58, 0x58, 0x58, 0x55, 0x57,
    0x60, 0x70, 0x70, 0x68, 0x6C, 0x75, 0x6D, 0x75, 0x7A, 0x75, 0x71, 0x68,
    0x5A, 0x6B, 0x83, 0x7D, 0x6D, 0x71, 0x86, 0x89, 0x89, 0x93, 0x9A, 0x93,
    0x9A, 0x96, 0xAE, 0xC0, 0xA7, 0x9A, 0xAD, 0xC3, 0xB9, 0xCC, 0xD1, 0xE2,
    0xE5, 0xDE, 0xE2, 0xE5, 0xE2, 0xEC, 0xDA, 0xD6, 0xEB, 0xEF, 0xED, 0xEF,
    0xEF, 0xEB, 0xEF, 0xEF, 0xEF, 0xEF, 0xEB, 0xE2, 0xE2, 0xB9, 0xBE, 0xD1,
    0xE2, 0xEF, 0xEF, 0xE5, 0xF2, 0xEC, 0xDE, 0xD6, 0xCC, 0xBE, 0xAD, 0x97,
    0x8D, 0x7D, 0x7A, 0x84, 0x7A, 0x75, 0x6D, 0x71, 0x69, 0x6D, 0x7A, 0x70,
    0x6C, 0x65, 0x70, 0x84, 0x71, 0x69, 0x6D, 0x6D, 0x6D, 0x6B, 0x6C, 0x6C,
    0x70, 0x6C, 0x66, 0x6D, 0x71, 0x75, 0x7D, 0x7C, 0x70, 0x68, 0x68, 0x70,
    0x65, 0x68, 0x4E, 0x4C, 0x55, 0x4E, 0x58, 0x60, 0x55, 0x53, 0x55, 0x57,
    0x57, 0x4E, 0x45, 0x45, 0x41, 0x42, 0x37, 0x36, 0x34, 0x38, 0x34, 0x34,
    0x36, 0x30, 0x2D, 0x30, 0x30, 0x2D, 0x2D, 0x30, 0x2D, 0x29, 0x29, 0x29,
    0x2D, 0x2D, 0x29, 0x25, 0x25, 0x29, 0x25, 0x20, 0x1B, 0x16, 0x0E, 0x06,
    0x03, 0x03, 0x06, 0x0F, 0x12, 0x8F, 0xFC, 0xA0, 0x61, 0x3C, 0x1E, 0x19,
    0x12, 0x0A, 0x05, 0x02, 0x00, 0x00, 0x00, 0x01, 0x02, 0x04, 0x07, 0x0A,
    0x0F, 0x12, 0x16, 0x1E, 0x4F, 0xF0, 0xFC, 0xFB, 0xFA, 0xFA, 0xFA, 0xFA,
    0xFA, 0xFA, 0xFA, 0xFA, 0xFA, 0xF9, 0xF9, 0xF9, 0xF9, 0xF9, 0xF9, 0xF9,
    0xF9, 0xF9, 0xF9, 0xF9, 0xF9, 0xF9, 0xF9, 0xF9, 0xF9, 0xF9, 0xF9, 0xF9,
    0xF9, 0xF9, 0xF9, 0xF9, 0xFB, 0xFB, 0xFB, 0xFB, 0xFB, 0xFB, 0xFB, 0xFB,
    0xFB, 0xFB, 0xFB, 0xFB, 0xFB, 0xFB, 0xFB, 0xFB, 0xFB, 0xFB, 0xFB, 0xFB,
    0xFB, 0xF6, 0xA0, 0x61, 0x3C, 0x23, 0x19, 0x12, 0x0C, 0x08, 0x08, 0x0C,
    0x11, 0x15, 0x19, 0x1B, 0x1F, 0x1F, 0x1D, 0x20, 0x21, 0x1F, 0x1F, 0x1F,
    0x1F, 0x1F, 0x20, 0x21, 0x22, 0x24, 0x24, 0x24, 0x25, 0x29, 0x25, 0x24,
    0x24, 0x24, 0x2B, 0x2D, 0x2B, 0x2B, 0x2B, 0x32, 0x2D, 0x2A, 0x29, 0x2B,
    0x29, 0x2A, 0x2D, 0x2D, 0x30, 0x37, 0x39, 0x36, 0x36, 0x36, 0x38, 0x38,
    0x37, 0x34, 0x36, 0x31, 0x31, 0x34, 0x3D, 0x4A, 0x43, 0x4C, 0x51, 0x53,
    0x4E, 0x58, 0x55, 0x4B, 0x53, 0x5C, 0x5C, 0x76, 0x7C, 0x72, 0x7C, 0x68,
    0x68, 0x72, 0x71, 0x69, 0x60, 0x5A, 0x5C, 0x55, 0x54, 0x57, 0x58, 0x53,
    0x59, 0x66, 0x6D, 0x6C, 0x78, 0x77, 0x6D, 0x77, 0x75, 0x83, 0x87, 0x82,
    0x7D, 0x7D, 0x89, 0x7E, 0x86, 0x96, 0x97, 0x91, 0x9E, 0xB9, 0xB9, 0xBE,
    0xD6, 0xC3, 0xC3, 0xB2, 0xC3, 0xB9, 0xBE, 0xB9, 0xAD, 0xA8, 0xC3, 0xC7,
    0xE2, 0xEC, 0xE2, 0xE5, 0xEB, 0xEF, 0xED, 0xEF, 0xDE, 0xE5, 0xED, 0xDA,
    0xDE, 0xEF, 0xEB, 0xD6, 0xC7, 0xCC, 0xBE, 0xAD, 0xBE, 0xB2, 0xB9, 0xB2,
    0x9E, 0xA8, 0x97, 0x89, 0x86, 0x7A, 0x70, 0x65, 0x60, 0x60, 0x6B, 0x6B,
    0x65, 0x71, 0x6D, 0x66, 0x7A, 0x7A, 0x68, 0x6B, 0x70, 0x5C, 0x66, 0x75,
    0x71, 0x6D, 0x71, 0x76, 0x72, 0x6B, 0x65, 0x55, 0x4E, 0x4B, 0x46, 0x43,
    0x46, 0x40, 0x41, 0x42, 0x40, 0x45, 0x42, 0x40, 0x40, 0x36, 0x37, 0x37,
    0x36, 0x34, 0x31, 0x37, 0x39, 0x40, 0x40, 0x39, 0x36, 0x37, 0x36, 0x36,
    0x36, 0x31, 0x31, 0x39, 0x3D, 0x39, 0x34, 0x31, 0x31, 0x31, 0x32, 0x2B,
    0x25, 0x29, 0x2B, 0x20, 0x1B, 0x16, 0x0C, 0x06, 0x03, 0x05, 0x08, 0x12,
    0x19, 0xF0, 0xF8, 0xA0, 0x79, 0x4D, 0x2E, 0x1E, 0x1A, 0x17, 0x14, 0x12,
    0x11, 0x0F, 0x11, 0x12, 0x16, 0x17, 0x1A, 0x1B, 0x1E, 0x23, 0x23, 0x2E,
    0x4F, 0xCF, 0xFC, 0xFC, 0xFB, 0xFA, 0xFA, 0xFA, 0xFA, 0xFA, 0xFA, 0xFA,
    0xFA, 0xFA, 0xF9, 0xF9, 0xF9, 0xF9, 0xF9, 0xF9, 0xF9, 0xF9, 0xF9, 0xF9,
    0xF9, 0xF9, 0xF9, 0xF9, 0xF9, 0xF9, 0xF9, 0xF9, 0xF9, 0xF9, 0xF9, 0xFB,
    0xFB, 0xFB, 0xFB, 0xFB, 0xFB, 0xFB, 0xFB, 0xFB, 0xFB, 0xFB, 0xFB, 0xFB,
    0xFB, 0xFB, 0xFB, 0xFB, 0xFB, 0xFB, 0xFB, 0xFB, 0xFD, 0xCD, 0x79, 0x48,
    0x27, 0x1A, 0x14, 0x0D, 0x08, 0x07, 0x06, 0x07, 0x0E, 0x13, 0x18, 0x19,
    0x19, 0x1D, 0x1F, 0x1D, 0x1F, 0x1F, 0x1F, 0x21, 0x21, 0x24, 0x25, 0x25,
    0x2B, 0x2B, 0x2B, 0x2B, 0x2A, 0x2D, 0x2B, 0x2A, 0x2A, 0x25, 0x2B, 0x37,
    0x34, 0x32, 0x32, 0x2D, 0x2B, 0x2A, 0x25, 0x2D, 0x2D, 0x2A, 0x2D, 0x39,
    0x45, 0x3D, 0x3D, 0x40, 0x39, 0x36, 0x31, 0x34, 0x34, 0x31, 0x36, 0x3D,
    0x3D, 0x3D, 0x42, 0x3D, 0x43, 0x45, 0x47, 0x4A, 0x55, 0x57, 0x5C, 0x60,
    0x6B, 0x6C, 0x68, 0x70, 0x7C, 0x6C, 0x6C, 0x76, 0x80, 0x7C, 0x72, 0x76,
    0x80, 0x70, 0x80, 0x80, 0x76, 0x70, 0x6B, 0x71, 0x69, 0x66, 0x71, 0x6C,
    0x65, 0x66, 0x66, 0x60, 0x76, 0x7F, 0x78, 0x76, 0x7D, 0x84, 0x8A, 0x7E,
    0x84, 0x96, 0x9A, 0x96, 0x91, 0xB2, 0xAD, 0xBE, 0xCC, 0xD6, 0xD1, 0xCC,
    0xB9, 0xB2, 0xB2, 0x9A, 0x96, 0xA3, 0x96, 0x96, 0xEB, 0xE2, 0xDA, 0xCC,
    0xD6, 0xD1, 0xBE, 0xC3, 0xC7, 0xC7, 0xC3, 0xC3, 0xA8, 0xBE, 0xC7, 0xB9,
    0xBE, 0xB9, 0xBE, 0xE5, 0xE2, 0xD6, 0xD1, 0xE5, 0xE5, 0xDE, 0xD2, 0xC2,
    0xC4, 0xB9, 0xA2, 0xA2, 0xA2, 0xAB, 0xAE, 0x97, 0x7A, 0x76, 0x7D, 0x84,
    0x7D, 0x81, 0x78, 0x68, 0x5C, 0x58, 0x60, 0x5B, 0x53, 0x4E, 0x4B, 0x4A,
    0x55, 0x58, 0x51, 0x51, 0x53, 0x57, 0x4E, 0x49, 0x49, 0x4C, 0x4A, 0x57,
    0x5C, 0x6B, 0x6C, 0x70, 0x72, 0x7C, 0x60, 0x5C, 0x57, 0x55, 0x49, 0x41,
    0x43, 0x45, 0x45, 0x46, 0x4B, 0x40, 0x3D, 0x3D, 0x40, 0x34, 0x2C, 0x25,
    0x25, 0x25, 0x22, 0x29, 0x29, 0x29, 0x2D, 0x2B, 0x29, 0x25, 0x21, 0x1D,
    0x19, 0x16, 0x0B, 0x06, 0x04, 0x06, 0x0C, 0x14, 0x1D, 0xF8, 0xF8, 0xCF,
    0x8F, 0x79, 0x4F, 0x4D, 0x48, 0x3C, 0x33, 0x2E, 0x27, 0x23, 0x27, 0x27,
    0x2E, 0x2E, 0x33, 0x33, 0x3C, 0x3C, 0x3C, 0x3C, 0x4F, 0xA0, 0xF0, 0xFC,
    0xFC, 0xFB, 0xFA, 0xFA, 0xFA, 0xFA, 0xFA, 0xFA, 0xFA, 0xFA, 0xFA, 0xF9,
    0xF9, 0xFA, 0xFA, 0xF9, 0xF9, 0xF9, 0xF9, 0xF9, 0xF9, 0xF9, 0xF9, 0xF9,
    0xF9, 0xF9, 0xFA, 0xFA, 0xF9, 0xFA, 0xF9, 0xFB, 0xFB, 0xFB, 0xFB, 0xFB,
    0xFB, 0xFB, 0xFB, 0xFB, 0xFB, 0xFB, 0xFB, 0xFB, 0xFB, 0xFB, 0xFB, 0xFB,
    0xFB, 0xFB, 0xFB, 0xFD, 0xEA, 0x88, 0x48, 0x2E, 0x1D, 0x16, 0x0F, 0x0A,
    0x08, 0x08, 0x1A, 0x27, 0x2E, 0x3C, 0x33, 0x27, 0x3E, 0x26, 0x21, 0x33,
    0x48, 0x25, 0x24, 0x22, 0x21, 0x24, 0x21, 0x1F, 0x1D, 0x1F, 0x21, 0x22,
    0x25, 0x25, 0x25, 0x2A, 0x25, 0x2A, 0x29, 0x2B, 0x2B, 0x2B, 0x25, 0x29,
    0x2A, 0x2D, 0x2B, 0x32, 0x32, 0x2D, 0x32, 0x34, 0x2D, 0x2D, 0x31, 0x34,
    0x39, 0x41, 0x38, 0x45, 0x4C, 0x45, 0x45, 0x46, 0x43, 0x41, 0x40, 0x46,
    0x45, 0x4A, 0x51, 0x4B, 0x4A, 0x47, 0x4A, 0x4E, 0x47, 0x45, 0x4C, 0x4C,
    0x4E, 0x4C, 0x55, 0x58, 0x72, 0x7C, 0x72, 0x76, 0x83, 0x91, 0x99, 0x95,
    0xA2, 0xA6, 0x99, 0x97, 0x9B, 0x9E, 0x97, 0x92, 0x92, 0x89, 0x9A, 0xAD,
    0x98, 0x85, 0x83, 0x92, 0x97, 0x97, 0x91, 0x86, 0x86, 0x9A, 0x9A, 0x91,
    0x8A, 0x89, 0x84, 0x93, 0xA8, 0x9E, 0xAD, 0xB2, 0xA8, 0xB2, 0xC7, 0xC7,
    0xC3, 0xD1, 0xDA, 0xEB, 0xF3, 0xEF, 0xEF, 0xEC, 0xEB, 0xEC, 0xE5, 0xDE,
    0xDA, 0xD6, 0xEF, 0xEF, 0xEF, 0xEF, 0xEB, 0xDE, 0xDE, 0xE2, 0xD1, 0xD6,
    0xC7, 0xC7, 0xCC, 0xD6, 0xCC, 0xBE, 0xA8, 0xA8, 0x9B, 0xA2, 0x95, 0x99,
    0x95, 0x91, 0xAC, 0x96, 0x86, 0x7E, 0x7C, 0x7C, 0x85, 0x8C, 0x92, 0x85,
    0x87, 0x8C, 0x7A, 0x75, 0x6D, 0x71, 0x5C, 0x55, 0x51, 0x4E, 0x4A, 0x55,
    0x65, 0x76, 0x51, 0x4A, 0x4B, 0x4A, 0x49, 0x46, 0x47, 0x43, 0x38, 0x38,
    0x3D, 0x43, 0x42, 0x43, 0x47, 0x51, 0x4A, 0x45, 0x45, 0x40, 0x45, 0x40,
    0x37, 0x38, 0x38, 0x38, 0x37, 0x36, 0x34, 0x34, 0x32, 0x2D, 0x30, 0x2A,
    0x2B, 0x2A, 0x25, 0x21, 0x29, 0x29, 0x25, 0x24, 0x1D, 0x18, 0x0F, 0x07,
    0x04, 0x06, 0x0C, 0x16, 0x1E, 0xF8, 0xFC, 0xF0, 0xCA, 0x8F, 0x88, 0x79,
    0x79, 0x61, 0x61, 0x61, 0x4F, 0x4F, 0x4F, 0x4F, 0x4F, 0x4F, 0x4F, 0x4D,
    0x4D, 0x4F, 0x4D, 0x4F, 0x61, 0xA0, 0xF0, 0xFC, 0xFE, 0xFC, 0xFB, 0xFA,
    0xFA, 0xFA, 0xFA, 0xFA, 0xFA, 0xFA, 0xFA, 0xF9, 0xF9, 0xF9, 0xF9, 0xF9,
    0xF9, 0xF9, 0xF9, 0xF9, 0xF9, 0xF9, 0xF9, 0xF9, 0xF9, 0xF9, 0xFA, 0xFA,
    0xFA, 0xFA, 0xFA, 0xFB, 0xFB, 0xFB, 0xFB, 0xFB, 0xFB, 0xFB, 0xFB, 0xFB,
    0xFB, 0xFB, 0xFB, 0xFB, 0xFB, 0xFB, 0xFB, 0xFB, 0xFB, 0xFB, 0xFD, 0xE3,
    0x88, 0x4D, 0x33, 0x1E, 0x17, 0x12, 0x0A, 0x08, 0x09, 0x04, 0xA0, 0xFF,
    0xFF, 0xFF, 0xFC, 0x8F, 0xFF, 0x9C, 0x19, 0xFF, 0xFF, 0x2D, 0x1F, 0x21,
    0x21, 0x24, 0x29, 0x2B, 0x29, 0x24, 0x25, 0x25, 0x25, 0x29, 0x25, 0x21,
    0x22, 0x2E, 0x34, 0x32, 0x34, 0x36, 0x39, 0x3D, 0x32, 0x2E, 0x2D, 0x2B,
    0x29, 0x29, 0x2D, 0x2B, 0x2B, 0x34, 0x34, 0x34, 0x3D, 0x40, 0x40, 0x3D,
    0x42, 0x45, 0x40, 0x39, 0x43, 0x46, 0x47, 0x4B, 0x4C, 0x51, 0x58, 0x6B,
    0x65, 0x68, 0x6B, 0x70, 0x68, 0x5C, 0x5C, 0x70, 0x6B, 0x80, 0x95, 0x83,
    0x7C, 0x83, 0x8C, 0x83, 0x76, 0x81, 0x91, 0x87, 0x8C, 0x92, 0x87, 0x8C,
    0x95, 0x95, 0x8C, 0x8C, 0x8C, 0x84, 0x96, 0x9A, 0x81, 0x8D, 0x9A, 0x91,
    0x87, 0x87, 0x96, 0xB9, 0xCC, 0xCC, 0xB9, 0xBE, 0xBE, 0xB2, 0xA3, 0x9E,
    0x9A, 0x9A, 0x96, 0xAD, 0xBE, 0xC7, 0xD1, 0xBE, 0xCC, 0xC7, 0xCC, 0xC3,
    0xDA, 0xD6, 0xE5, 0xE2, 0xDE, 0xEC, 0xE5, 0xE5, 0xDE, 0xEF, 0xF3, 0xF2,
    0xEF, 0xEC, 0xE2, 0xDE, 0xB2, 0xCC, 0xB9, 0x9A, 0xA8, 0xA3, 0x9E, 0x9A,
    0x97, 0x97, 0x93, 0x84, 0x8C, 0x92, 0x82, 0x80, 0x74, 0x66, 0x66, 0x5B,
    0x6D, 0x6C, 0x70, 0x82, 0x7C, 0x80, 0x70, 0x78, 0x82, 0x71, 0x69, 0x6D,
    0x66, 0x5B, 0x55, 0x51, 0x58, 0x55, 0x53, 0x55, 0x5C, 0x76, 0x6C, 0x55,
    0x4C, 0x46, 0x40, 0x39, 0x3D, 0x38, 0x31, 0x31, 0x34, 0x31, 0x3D, 0x37,
    0x31, 0x2D, 0x2D, 0x2D, 0x34, 0x36, 0x2D, 0x29, 0x2A, 0x30, 0x37, 0x36,
    0x34, 0x2C, 0x2D, 0x30, 0x2B, 0x2D, 0x2D, 0x24, 0x22, 0x25, 0x2B, 0x29,
    0x29, 0x22, 0x1F, 0x1D, 0x19, 0x14, 0x0B, 0x06, 0x04, 0x06, 0x0C, 0x17,
    0x1E, 0xF0, 0xFE, 0xF8, 0xF0, 0xD3, 0xCA, 0xA0, 0x8F, 0x8F, 0x8F, 0x88,
    0x88, 0x88, 0x88, 0x88, 0x88, 0x88, 0x88, 0x88, 0x88, 0x88, 0x88, 0x88,
    0x8F, 0xD3, 0xF8, 0xFC, 0xFE, 0xFE, 0xFE, 0xFB, 0xFA, 0xFA, 0xFA, 0xFA,
    0xFA, 0xFA, 0xFA, 0xFA, 0xFA, 0xF9, 0xF9, 0xFA, 0xFA, 0xFA, 0xF9, 0xF9,
    0xF9, 0xF9, 0xFA, 0xFA, 0xFA, 0xFA, 0xFA, 0xFA, 0xFB, 0xFB, 0xFB, 0xFB,
    0xFB, 0xFB, 0xFB, 0xFB, 0xFB, 0xFB, 0xFB, 0xFB, 0xFB, 0xFB, 0xFB, 0xFB,
    0xFB, 0xFB, 0xFB, 0xFB, 0xFB, 0xF4, 0xEA, 0x88, 0x4F, 0x33, 0x1E, 0x19,
    0x12, 0x0C, 0x07, 0x07, 0x08, 0x0B, 0x14, 0x1D, 0xFF, 0x4F, 0x18, 0x88,
    0xFF, 0xF8, 0x22, 0xFF, 0xFF, 0x25, 0x1C, 0x21, 0x24, 0x21, 0x21, 0x21,
    0x21, 0x24, 0x25, 0x21, 0x21, 0x21, 0x21, 0x25, 0x2D, 0x2B, 0x2A, 0x26,
    0x25, 0x25, 0x25, 0x25, 0x29, 0x25, 0x29, 0x25, 0x21, 0x25, 0x25, 0x21,
    0x21, 0x22, 0x21, 0x21, 0x29, 0x25, 0x2A, 0x25, 0x2C, 0x36, 0x39, 0x38,
    0x3D, 0x37, 0x45, 0x55, 0x51, 0x4C, 0x47, 0x4C, 0x58, 0x65, 0x70, 0x70,
    0x65, 0x58, 0x70, 0x76, 0x78, 0x76, 0x80, 0x83, 0x6B, 0x60, 0x6C, 0x6C,
    0x75, 0x7A, 0x80, 0x76, 0x78, 0x7C, 0x78, 0x7C, 0x7C, 0x7C, 0x6C, 0x70,
    0x7C, 0x7A, 0x7A, 0x75, 0x71, 0x7D, 0x86, 0x7D, 0x80, 0x85, 0x96, 0x9A,
    0x96, 0x96, 0x9E, 0x9E, 0x97, 0x97, 0x8D, 0x8D, 0x89, 0x91, 0x8A, 0x91,
    0x9E, 0xB2, 0xE2, 0xD6, 0xD1, 0xC3, 0xB9, 0xA8, 0xDA, 0xDA, 0xDE, 0xDA,
    0xE2, 0xED, 0xEC, 0xED, 0xEF, 0xEF, 0xE5, 0xDA, 0xCC, 0xBE, 0xA3, 0xB2,
    0xBE, 0xBE, 0xCC, 0xD1, 0xCC, 0xCC, 0xCC, 0xB9, 0xA3, 0xA8, 0xA8, 0x96,
    0x91, 0x8C, 0x87, 0x85, 0x82, 0x77, 0x75, 0x7A, 0x75, 0x74, 0x87, 0x8C,
    0x83, 0x80, 0x72, 0x70, 0x82, 0x78, 0x7A, 0x7D, 0x6C, 0x70, 0x70, 0x76,
    0x6C, 0x65, 0x60, 0x68, 0x76, 0x6C, 0x68, 0x65, 0x55, 0x4C, 0x4B, 0x51,
    0x55, 0x4B, 0x4E, 0x4C, 0x6B, 0x6C, 0x5C, 0x58, 0x4C, 0x49, 0x42, 0x42,
    0x3D, 0x31, 0x2D, 0x2D, 0x29, 0x22, 0x22, 0x21, 0x29, 0x2B, 0x2A, 0x2A,
    0x2B, 0x2D, 0x2B, 0x24, 0x22, 0x24, 0x2A, 0x25, 0x25, 0x24, 0x1F, 0x1D,
    0x18, 0x15, 0x0C, 0x06, 0x05, 0x06, 0x0D, 0x17, 0x1D, 0x88, 0xFE, 0xFC,
    0xF8, 0xF0, 0xF0, 0xD3, 0xD3, 0xD3, 0xCF, 0xCF, 0xCF, 0xCF, 0xCF, 0xCF,
    0xCF, 0xCF, 0xCF, 0xCF, 0xCF, 0xD3, 0xD3, 0xD3, 0xE6, 0xF0, 0xFC, 0xFE,
    0xFE, 0xFE, 0xFF, 0xFE, 0xFD, 0xFA, 0xFA, 0xFA, 0xFA, 0xFA, 0xFA, 0xFA,
    0xFA, 0xFA, 0xFA, 0xF9, 0xF9, 0xF9, 0xF9, 0xF9, 0xF9, 0xF9, 0xFA, 0xFA,
    0xFB, 0xFB, 0xFB, 0xFB, 0xFB, 0xFB, 0xFB, 0xFB, 0xFB, 0xFB, 0xFB, 0xFB,
    0xFB, 0xFB, 0xFB, 0xFB, 0xFB, 0xFB, 0xFB, 0xFB, 0xFB, 0xFB, 0xFB, 0xFB,
    0xF6, 0xDF, 0x88, 0x4F, 0x3C, 0x23, 0x19, 0x14, 0x0D, 0x08, 0x07, 0x08,
    0x0D, 0x15, 0x18, 0x1B, 0xFF, 0x4F, 0x18, 0xAF, 0xFF, 0xFC, 0x79, 0xFF,
    0xFF, 0x2A, 0x19, 0x1B, 0x1C, 0x1D, 0x1F, 0x1F, 0x20, 0x22, 0x21, 0x21,
    0x20, 0x21, 0x21, 0x24, 0x29, 0x29, 0x25, 0x25, 0x24, 0x24, 0x26, 0x26,
    0x24, 0x24, 0x24, 0x25, 0x2D, 0x2D, 0x2D, 0x2D, 0x32, 0x37, 0x31, 0x34,
    0x37, 0x38, 0x3D, 0x39, 0x36, 0x37, 0x3D, 0x40, 0x46, 0x42, 0x41, 0x47,
    0x4C, 0x4A, 0x49, 0x4A, 0x51, 0x57, 0x60, 0x6B, 0x60, 0x5C, 0x65, 0x6B,
    0x78, 0x6C, 0x5C, 0x5A, 0x5A, 0x60, 0x6C, 0x6C, 0x70, 0x71, 0x85, 0x8C,
    0x82, 0x7C, 0x8C, 0x95, 0x95, 0x8C, 0x7C, 0x87, 0x95, 0x84, 0x81, 0x7A,
    0x7D, 0x91, 0x8C, 0x8A, 0x8A, 0x92, 0x93, 0x86, 0x81, 0x97, 0xA3, 0xB2,
    0xA3, 0x9A, 0xB2, 0xBE, 0xBE, 0xC3, 0xC3, 0xBE, 0xDA, 0xEB, 0xEC, 0xEB,
    0xE2, 0xEC, 0xDA, 0xCC, 0xDE, 0xD6, 0xD6, 0xC7, 0xB2, 0xA3, 0x93, 0x8D,
    0x89, 0x8A, 0x84, 0x86, 0x9A, 0x96, 0x91, 0x9E, 0xCC, 0xC3, 0xAD, 0x9E,
    0xA8, 0xC3, 0xB9, 0xAD, 0xBE, 0xB9, 0xA8, 0x97, 0xA6, 0x9B, 0x99, 0x95,
    0x95, 0xA4, 0x95, 0x8C, 0x80, 0x7C, 0x87, 0x85, 0x8C, 0x99, 0xC9, 0xA2,
    0x95, 0x95, 0x92, 0x9E, 0x92, 0x82, 0x83, 0x76, 0x76, 0x85, 0x83, 0x80,
    0x76, 0x76, 0x6B, 0x68, 0x58, 0x57, 0x4C, 0x49, 0x4E, 0x47, 0x49, 0x46,
    0x47, 0x4C, 0x4C, 0x49, 0x43, 0x40, 0x45, 0x45, 0x3D, 0x40, 0x40, 0x39,
    0x36, 0x34, 0x34, 0x34, 0x29, 0x2D, 0x31, 0x2D, 0x30, 0x2D, 0x29, 0x29,
    0x29, 0x22, 0x24, 0x21, 0x1F, 0x1D, 0x1C, 0x1B, 0x18, 0x15, 0x0E, 0x07,
    0x05, 0x06, 0x0C, 0x16, 0x1E, 0x3C, 0xFC, 0xFE, 0xFC, 0xFC, 0xF8, 0xF8,
    0xF8, 0xF8, 0xF8, 0xF8, 0xF8, 0xF8, 0xF0, 0xF8, 0xF8, 0xF8, 0xF8, 0xF8,
    0xF8, 0xF8, 0xF8, 0xF8, 0xF8, 0xFC, 0xFC, 0xFE, 0xFF, 0xFF, 0xFF, 0xFF,
    0xFF, 0xFD, 0xFA, 0xFB, 0xFA, 0xFA, 0xFA, 0xFA, 0xFA, 0xFA, 0xFA, 0xF9,
    0xF9, 0xF9, 0xFA, 0xFA, 0xFA, 0xFA, 0xFA, 0xFA, 0xFB, 0xFB, 0xFB, 0xFB,
    0xFB, 0xFB, 0xFB, 0xFB, 0xFB, 0xFB, 0xFB, 0xFB, 0xFB, 0xFB, 0xFB, 0xFB,
    0xFB, 0xFB, 0xFB, 0xFB, 0xFB, 0xFB, 0xFB, 0xF6, 0xCF, 0x8F, 0x4F, 0x3C,
    0x23, 0x1A, 0x15, 0x0F, 0x0A, 0x08, 0x08, 0x0C, 0x11, 0x14, 0x18, 0x1C,
    0xFF, 0x54, 0x18, 0xCD, 0xFE, 0xFC, 0xFE, 0xF8, 0xFF, 0x33, 0x1C, 0x20,
    0x20, 0x1F, 0x21, 0x22, 0x24, 0x21, 0x20, 0x22, 0x21, 0x21, 0x21, 0x21,
    0x1F, 0x1F, 0x21, 0x21, 0x20, 0x20, 0x26, 0x27, 0x24, 0x29, 0x29, 0x29,
    0x2D, 0x32, 0x34, 0x3D, 0x4A, 0x4A, 0x4C, 0x57, 0x55, 0x53, 0x51, 0x4B,
    0x49, 0x4E, 0x51, 0x46, 0x42, 0x40, 0x40, 0x42, 0x46, 0x47, 0x43, 0x40,
    0x40, 0x46, 0x40, 0x36, 0x34, 0x36, 0x34, 0x38, 0x4B, 0x4C, 0x4C, 0x55,
    0x5A, 0x6C, 0x6B, 0x6C, 0x6B, 0x70, 0x76, 0x78, 0x8C, 0x87, 0x83, 0x8C,
    0x92, 0x87, 0x87, 0x8C, 0x92, 0x99, 0x91, 0x82, 0x87, 0x99, 0x99, 0x8A,
    0xA3, 0xC3, 0xC3, 0xE5, 0xE2, 0xCC, 0xD6, 0xDE, 0xD6, 0xDA, 0xDA, 0xCC,
    0xDA, 0xDA, 0xEF, 0xEF, 0xEF, 0xEF, 0xEB, 0xDE, 0xDA, 0xCC, 0xC3, 0xD1,
    0xD6, 0xC7, 0xD1, 0xC3, 0xB2, 0xAD, 0xB2, 0xCC, 0xD6, 0xE2, 0xD6, 0xC7,
    0xEB, 0xEF, 0xD6, 0xDA, 0xD6, 0xD1, 0xC7, 0xB9, 0xC3, 0xC3, 0xC7, 0xD6,
    0xC3, 0xA8, 0xA8, 0xB2, 0xAB, 0xB3, 0xAB, 0x8C, 0x85, 0x87, 0x95, 0xB3,
    0xA6, 0x99, 0x8C, 0x87, 0x8C, 0x8C, 0x8C, 0x92, 0x83, 0x87, 0x93, 0x93,
    0x82, 0x80, 0x76, 0x65, 0x65, 0x58, 0x65, 0x72, 0x72, 0x6C, 0x72, 0x8C,
    0x8C, 0x87, 0x82, 0x6C, 0x5A, 0x65, 0x6C, 0x60, 0x58, 0x5A, 0x5C, 0x58,
    0x57, 0x51, 0x55, 0x4E, 0x53, 0x54, 0x51, 0x58, 0x52, 0x46, 0x41, 0x43,
    0x44, 0x3D, 0x34, 0x2D, 0x2D, 0x2A, 0x22, 0x22, 0x22, 0x24, 0x22, 0x25,
    0x29, 0x25, 0x25, 0x24, 0x1C, 0x18, 0x11, 0x0A, 0x06, 0x07, 0x0C, 0x15,
    0x1D, 0x2E, 0x79, 0xFE, 0xFF, 0xFE, 0xFE, 0xFE, 0xFC, 0xFC, 0xFC, 0xFC,
    0xFC, 0xFC, 0xFC, 0xFC, 0xFC, 0xFC, 0xFC, 0xFE, 0xFE, 0xFE, 0xFE, 0xFE,
    0xFE, 0xFE, 0xFE, 0xFF, 0xFF, 0xFE, 0xFE, 0xFE, 0xFE, 0xFE, 0xFD, 0xFB,
    0xFA, 0xFA, 0xFA, 0xFA, 0xFA, 0xFA, 0xFA, 0xFA, 0xFA, 0xFA, 0xFA, 0xFA,
    0xFB, 0xFB, 0xFB, 0xFB, 0xFB, 0xFB, 0xFB, 0xFB, 0xFB, 0xFB, 0xFB, 0xFB,
    0xFB, 0xFB, 0xFB, 0xFB, 0xFB, 0xFB, 0xFB, 0xFB, 0xFB, 0xFB, 0xFB, 0xFB,
    0xFB, 0xFD, 0xF6, 0xCA, 0x88, 0x4F, 0x33, 0x23, 0x1A, 0x16, 0x0F, 0x0A,
    0x08, 0x08, 0x0C, 0x12, 0x16, 0x19, 0x1B, 0x21, 0xFF, 0x5F, 0x19, 0xD3,
    0xFC, 0xF8, 0xFF, 0x9C, 0xFF, 0x3E, 0x22, 0x2A, 0x29, 0x2A, 0x29, 0x25,
    0x24, 0x22, 0x21, 0x21, 0x24, 0x22, 0x22, 0x24, 0x24, 0x25, 0x25, 0x2B,
    0x2B, 0x2B, 0x32, 0x32, 0x32, 0x2E, 0x32, 0x2D, 0x2D, 0x31, 0x36, 0x37,
    0x38, 0x36, 0x42, 0x45, 0x40, 0x3D, 0x41, 0x3D, 0x3D, 0x49, 0x47, 0x41,
    0x41, 0x41, 0x43, 0x49, 0x45, 0x45, 0x40, 0x45, 0x45, 0x46, 0x42, 0x41,
    0x40, 0x47, 0x55, 0x65, 0x6B, 0x68, 0x72, 0x85, 0x8C, 0x8C, 0x7C, 0x78,
    0x82, 0x6C, 0x70, 0x85, 0x83, 0x83, 0x87, 0x85, 0x95, 0x9B, 0x95, 0x82,
    0x83, 0x85, 0x83, 0x8C, 0xAB, 0xBB, 0x9B, 0x95, 0x9B, 0xA8, 0xB9, 0xB9,
    0xC3, 0xC7, 0xC7, 0xD1, 0xDA, 0xE2, 0xDA, 0xC7, 0xCC, 0xCC, 0xCC, 0xCC,
    0xED, 0xF3, 0xEF, 0xED, 0xF3, 0xF7, 0xF8, 0xF3, 0xF3, 0xEF, 0xED, 0xDA,
    0xD1, 0xD1, 0xE2, 0xDA, 0xDA, 0xD1, 0xB9, 0xB9, 0xAD, 0xAD, 0xB2, 0xA3,
    0x9E, 0xA8, 0xA8, 0x9E, 0xAD, 0x9E, 0x97, 0x91, 0x9E, 0x9E, 0x8D, 0x84,
    0x85, 0x8A, 0x8A, 0x89, 0x86, 0x91, 0x91, 0x76, 0x71, 0x60, 0x60, 0x60,
    0x66, 0x66, 0x65, 0x69, 0x72, 0x83, 0x7C, 0x6B, 0x6C, 0x78, 0x8C, 0x8C,
    0x87, 0x80, 0x7C, 0x92, 0x95, 0x92, 0x7C, 0x78, 0x6B, 0x55, 0x58, 0x58,
    0x47, 0x4A, 0x4B, 0x40, 0x41, 0x40, 0x43, 0x45, 0x37, 0x34, 0x31, 0x2D,
    0x31, 0x34, 0x36, 0x2C, 0x36, 0x38, 0x34, 0x34, 0x31, 0x39, 0x36, 0x37,
    0x34, 0x36, 0x37, 0x30, 0x30, 0x32, 0x2D, 0x2D, 0x32, 0x2D, 0x2A, 0x25,
    0x1F, 0x19, 0x13, 0x0C, 0x07, 0x06, 0x0A, 0x12, 0x1A, 0x27, 0x3C, 0x88,
    0xFC, 0xFE, 0xFE, 0xFE, 0xFE, 0xFE, 0xFF, 0xFF, 0xFF, 0xFF, 0xFE, 0xFE,
    0xFE, 0xFE, 0xFE, 0xFE, 0xFE, 0xFE, 0xFE, 0xFE, 0xFC, 0xFC, 0xF8, 0xF8,
    0xF0, 0xF0, 0xF0, 0xE6, 0xF0, 0xF0, 0xF8, 0xF7, 0xF4, 0xFB, 0xFA, 0xFA,
    0xFA, 0xFA, 0xFA, 0xFB, 0xFA, 0xFA, 0xFA, 0xFA, 0xFA, 0xFA, 0xFB, 0xFB,
    0xFB, 0xFB, 0xFB, 0xFB, 0xFB, 0xFB, 0xFB, 0xFB, 0xFB, 0xFB, 0xFB, 0xFB,
    0xFB, 0xFB, 0xFB, 0xFB, 0xFB, 0xFB, 0xFB, 0xFB, 0xF6, 0xED, 0xCA, 0x79,
    0x48, 0x33, 0x23, 0x1A, 0x16, 0x10, 0x0A, 0x08, 0x08, 0x0C, 0x0F, 0x14,
    0x16, 0x18, 0x19, 0x20, 0xFF, 0x4D, 0x13, 0xCF, 0xFC, 0x88, 0xFF, 0x48,
    0xFF, 0x2E, 0x1C, 0x21, 0x21, 0x22, 0x21, 0x24, 0x29, 0x2B, 0x2E, 0x2A,
    0x2A, 0x2B, 0x2B, 0x29, 0x2A, 0x29, 0x2A, 0x2D, 0x2D, 0x2D, 0x2D, 0x32,
    0x2D, 0x2A, 0x29, 0x25, 0x26, 0x24, 0x22, 0x22, 0x25, 0x29, 0x2A, 0x36,
    0x34, 0x31, 0x34, 0x34, 0x34, 0x36, 0x36, 0x36, 0x45, 0x55, 0x5A, 0x5C,
    0x58, 0x5C, 0x5C, 0x58, 0x51, 0x4E, 0x53, 0x55, 0x4A, 0x5A, 0x60, 0x5C,
    0x5C, 0x51, 0x55, 0x58, 0x53, 0x55, 0x57, 0x4E, 0x60, 0x65, 0x6B, 0x75,
    0x69, 0x6D, 0x81, 0x7A, 0x6D, 0x75, 0x75, 0x6D, 0x7D, 0x85, 0x86, 0x85,
    0x78, 0x85, 0x7A, 0x7A, 0x86, 0x84, 0x81, 0x86, 0x91, 0x96, 0x9A, 0xB9,
    0xBE, 0xCC, 0xDA, 0xE2, 0xEF, 0xEF, 0xEB, 0xEB, 0xF3, 0xF7, 0xF2, 0xEF,
    0xED, 0xEB, 0xE5, 0xE5, 0xCC, 0xC7, 0xB9, 0xC3, 0xD1, 0xBE, 0xCC, 0xC7,
    0xAD, 0xB2, 0xBE, 0xB2, 0x9A, 0x8D, 0x93, 0x9E, 0x97, 0xAD, 0xA3, 0x93,
    0x9A, 0x96, 0x96, 0x91, 0x7A, 0x7D, 0x84, 0x75, 0x69, 0x60, 0x60, 0x59,
    0x71, 0x7A, 0x7D, 0x75, 0x69, 0x69, 0x66, 0x69, 0x69, 0x66, 0x65, 0x65,
    0x6C, 0x82, 0x7C, 0x78, 0x6B, 0x6B, 0x6C, 0x70, 0x6C, 0x58, 0x5A, 0x53,
    0x4C, 0x53, 0x4C, 0x4E, 0x49, 0x41, 0x3D, 0x42, 0x4A, 0x47, 0x39, 0x3D,
    0x3D, 0x37, 0x34, 0x2C, 0x29, 0x30, 0x30, 0x34, 0x36, 0x30, 0x36, 0x38,
    0x3D, 0x39, 0x36, 0x36, 0x37, 0x36, 0x34, 0x36, 0x37, 0x38, 0x36, 0x30,
    0x30, 0x30, 0x2A, 0x25, 0x24, 0x24, 0x22, 0x21, 0x1D, 0x18, 0x14, 0x0F,
    0x08, 0x07, 0x08, 0x10, 0x17, 0x1E, 0x33, 0x48, 0x61, 0xCA, 0xE6, 0xF0,
    0xF8, 0xF8, 0xF8, 0xF8, 0xF8, 0xF8, 0xF8, 0xF8, 0xF8, 0xF0, 0xF0, 0xF0,
    0xF0, 0xF0, 0xD3, 0xD3, 0xCF, 0xCA, 0xCA, 0xA0, 0x8F, 0x8F, 0x8F, 0x8F,
    0x8F, 0x8F, 0xA0, 0xD3, 0xF0, 0xF6, 0xFB, 0xFA, 0xFA, 0xFA, 0xFA, 0xFA,
    0xFA, 0xFA, 0xFB, 0xFA, 0xFA, 0xFA, 0xFB, 0xFB, 0xFB, 0xFB, 0xFB, 0xFB,
    0xFB, 0xFB, 0xFB, 0xFB, 0xFB, 0xFB, 0xFB, 0xFB, 0xFB, 0xFB, 0xFB, 0xFB,
    0xFB, 0xFB, 0xFD, 0xF1, 0xD3, 0x8F, 0x61, 0x48, 0x2E, 0x1E, 0x19, 0x15,
    0x10, 0x0A, 0x08, 0x07, 0x0B, 0x0F, 0x11, 0x15, 0x16, 0x19, 0x19, 0x1B,
    0xCF, 0x2B, 0x15, 0x4D, 0x79, 0x33, 0xE6, 0x27, 0xDD, 0x2B, 0x20, 0x20,
    0x22, 0x25, 0x24, 0x24, 0x29, 0x2B, 0x2B, 0x2B, 0x2B, 0x2A, 0x25, 0x24,
    0x29, 0x24, 0x29, 0x25, 0x25, 0x2A, 0x25, 0x2B, 0x29, 0x29, 0x29, 0x2B,
    0x2D, 0x2D, 0x37, 0x36, 0x30, 0x38, 0x38, 0x38, 0x31, 0x2D, 0x2D, 0x31,
    0x31, 0x36, 0x39, 0x37, 0x39, 0x3D, 0x3D, 0x3D, 0x42, 0x3D, 0x36, 0x3D,
    0x41, 0x42, 0x4B, 0x4B, 0x4B, 0x57, 0x55, 0x4A, 0x53, 0x55, 0x53, 0x4C,
    0x4B, 0x4E, 0x4E, 0x5C, 0x65, 0x6B, 0x60, 0x66, 0x71, 0x6D, 0x66, 0x69,
    0x69, 0x60, 0x59, 0x53, 0x56, 0x65, 0x6D, 0x70, 0x7C, 0x83, 0x7D, 0x7A,
    0x7D, 0x81, 0x89, 0x96, 0x89, 0x7A, 0x93, 0xA3, 0x93, 0x9A, 0xA3, 0x9A,
    0xB9, 0xAD, 0x97, 0x96, 0xA3, 0xD1, 0xA8, 0xB9, 0xBE, 0xBE, 0xAD, 0xAD,
    0xDA, 0xD6, 0xEB, 0xDE, 0xEB, 0xE2, 0xDA, 0xDE, 0xDE, 0xE5, 0xDE, 0xC7,
    0xBE, 0xBE, 0xB2, 0xB2, 0xAD, 0xB9, 0xA8, 0x97, 0x93, 0x89, 0x89, 0x96,
    0x96, 0x91, 0xA3, 0x9A, 0x97, 0x93, 0x8D, 0x7D, 0x73, 0x7A, 0x7D, 0x81,
    0x96, 0x93, 0x8A, 0x89, 0x8A, 0x7A, 0x7A, 0x7D, 0x6C, 0x70, 0x76, 0x7C,
    0x7C, 0x80, 0x76, 0x78, 0x7C, 0x78, 0x80, 0x6B, 0x5C, 0x60, 0x55, 0x53,
    0x4E, 0x4B, 0x4E, 0x47, 0x47, 0x53, 0x4B, 0x4C, 0x51, 0x55, 0x55, 0x4A,
    0x4C, 0x5A, 0x57, 0x55, 0x55, 0x53, 0x47, 0x4E, 0x53, 0x46, 0x3D, 0x3D,
    0x41, 0x3D, 0x37, 0x31, 0x37, 0x37, 0x36, 0x31, 0x2D, 0x2A, 0x2A, 0x2B,
    0x25, 0x24, 0x21, 0x22, 0x20, 0x1B, 0x18, 0x11, 0x0A, 0x07, 0x08, 0x0C,
    0x14, 0x19, 0x1E, 0x33, 0x48, 0x61, 0x88, 0x8F, 0xA0, 0xA0, 0xA0, 0xA0,
    0xA0, 0xA0, 0xA0, 0xA0, 0xA0, 0xA0, 0x8F, 0x8F, 0x8F, 0x8F, 0x88, 0x88,
    0x79, 0x61, 0x61, 0x4F, 0x4F, 0x4F, 0x4D, 0x4D, 0x4F, 0x4F, 0x61, 0x79,
    0x8F, 0xCF, 0xEE, 0xF6, 0xFB, 0xFB, 0xFA, 0xFA, 0xFB, 0xFB, 0xFB, 0xFB,
    0xFA, 0xFA, 0xFB, 0xFB, 0xFB, 0xFB, 0xFB, 0xFB, 0xFB, 0xFB, 0xFB, 0xFB,
    0xFB, 0xFB, 0xFB, 0xFB, 0xFB, 0xFB, 0xFB, 0xFB, 0xFD, 0xF6, 0xEA, 0xA0,
    0x88, 0x4D, 0x3C, 0x27, 0x1E, 0x19, 0x15, 0x0F, 0x0A, 0x08, 0x08, 0x0B,
    0x0F, 0x13, 0x18, 0x18, 0x1B, 0x1F, 0x20, 0x22, 0x1C, 0x1F, 0x24, 0x1D,
    0x1F, 0x20, 0x1F, 0x29, 0x20, 0x22, 0x2B, 0x29, 0x24, 0x29, 0x29, 0x25,
    0x29, 0x2B, 0x29, 0x2B, 0x2A, 0x25, 0x2A, 0x2D, 0x2B, 0x2A, 0x2B, 0x25,
    0x25, 0x25, 0x25, 0x29, 0x2B, 0x2B, 0x2D, 0x2E, 0x32, 0x39, 0x3B, 0x36,
    0x34, 0x36, 0x3D, 0x3D, 0x3D, 0x38, 0x3D, 0x3D, 0x42, 0x46, 0x47, 0x49,
    0x4A, 0x5A, 0x55, 0x46, 0x47, 0x47, 0x49, 0x47, 0x47, 0x4E, 0x57, 0x5C,
    0x6C, 0x72, 0x6C, 0x6B, 0x6B, 0x65, 0x57, 0x4E, 0x53, 0x55, 0x57, 0x57,
    0x55, 0x53, 0x5B, 0x65, 0x6D, 0x69, 0x6D, 0x75, 0x84, 0x85, 0x81, 0x81,
    0x75, 0x7D, 0x7A, 0x76, 0x82, 0x8C, 0xA8, 0xA2, 0xA3, 0xB9, 0xB9, 0xB9,
    0xAD, 0x9E, 0xAD, 0x9E, 0xB2, 0xD1, 0xCC, 0xB9, 0xBE, 0xB9, 0xD6, 0xD6,
    0xCC, 0xCC, 0xB9, 0xB2, 0xBE, 0xC7, 0xCC, 0xCC, 0xEB, 0xDA, 0xD6, 0xDA,
    0xC7, 0xC7, 0xC7, 0xB2, 0xB9, 0xC3, 0xA3, 0x97, 0x9E, 0xA8, 0x9E, 0xB2,
    0xB2, 0xB2, 0xCC, 0xD1, 0xB9, 0xA8, 0xAD, 0xB2, 0xBE, 0xCC, 0xBE, 0xB9,
    0xB9, 0xA8, 0xA3, 0x96, 0x91, 0x86, 0x8A, 0x84, 0x86, 0x7D, 0x82, 0x81,
    0x71, 0x6D, 0x68, 0x6B, 0x76, 0x80, 0x78, 0x72, 0x72, 0x80, 0x70, 0x6C,
    0x72, 0x6C, 0x6C, 0x65, 0x5A, 0x5A, 0x58, 0x53, 0x51, 0x51, 0x58, 0x60,
    0x57, 0x55, 0x53, 0x5C, 0x57, 0x55, 0x57, 0x55, 0x4E, 0x47, 0x47, 0x4A,
    0x46, 0x43, 0x39, 0x38, 0x3D, 0x38, 0x34, 0x30, 0x2C, 0x29, 0x2A, 0x2A,
    0x25, 0x21, 0x22, 0x20, 0x21, 0x22, 0x22, 0x21, 0x20, 0x1F, 0x20, 0x21,
    0x1F, 0x1B, 0x18, 0x12, 0x0C, 0x08, 0x08, 0x0A, 0x0F, 0x16, 0x1A, 0x1E,
    0x2E, 0x3C, 0x48, 0x4D, 0x4F, 0x4F, 0x61, 0x61, 0x61, 0x61, 0x61, 0x61,
    0x4F, 0x4F, 0x4F, 0x4F, 0x4D, 0x4D, 0x48, 0x48, 0x3C, 0x3C, 0x3C, 0x33,
    0x33, 0x33, 0x2E, 0x2E, 0x2E, 0x33, 0x3C, 0x48, 0x4F, 0x79, 0x8F, 0xCA,
    0xEE, 0xF6, 0xF4, 0xFB, 0xFA, 0xFA, 0xFB, 0xFB, 0xFA, 0xFA, 0xFB, 0xFB,
    0xFB, 0xFB, 0xFB, 0xFB, 0xFB, 0xFB, 0xFB, 0xFB, 0xFB, 0xFB, 0xFB, 0xFB,
    0xFB, 0xFB, 0xFD, 0xF6, 0xEE, 0xCA, 0x88, 0x61, 0x48, 0x33, 0x23, 0x1A,
    0x17, 0x14, 0x0F, 0x0A, 0x08, 0x0A, 0x0A, 0x0F, 0x15, 0x16, 0x18, 0x1B,
    0x1D, 0x1F, 0x21, 0x24, 0x21, 0x21, 0x21, 0x21, 0x21, 0x20, 0x21, 0x20,
    0x22, 0x21, 0x21, 0x22, 0x21, 0x21, 0x1F, 0x1F, 0x21, 0x1F, 0x1F, 0x1D,
    0x1D, 0x20, 0x1F, 0x21, 0x21, 0x1F, 0x20, 0x21, 0x21, 0x25, 0x24, 0x21,
    0x29, 0x2B, 0x2D, 0x2D, 0x37, 0x43, 0x40, 0x36, 0x37, 0x34, 0x3B, 0x3F,
    0x3F, 0x40, 0x41, 0x41, 0x42, 0x43, 0x3D, 0x3D, 0x42, 0x45, 0x43, 0x4C,
    0x53, 0x4B, 0x4E, 0x49, 0x49, 0x47, 0x47, 0x4B, 0x49, 0x4A, 0x4E, 0x4A,
    0x4E, 0x5A, 0x57, 0x51, 0x5A, 0x6C, 0x6B, 0x6C, 0x7C, 0x7C, 0x7A, 0x75,
    0x71, 0x7A, 0x8C, 0x97, 0x92, 0x95, 0x8C, 0x8C, 0x95, 0x9B, 0x95, 0x82,
    0x87, 0x91, 0x8A, 0x93, 0x91, 0x89, 0x89, 0x8D, 0x9A, 0xB2, 0xAD, 0xAD,
    0xAD, 0xCC, 0xBE, 0xBE, 0xC3, 0xC7, 0xC7, 0xCC, 0xD1, 0xDA, 0xD1, 0xCC,
    0xCC, 0xC3, 0xDA, 0xEB, 0xEF, 0xEB, 0xED, 0xEC, 0xDE, 0xDA, 0xD6, 0xE2,
    0xD6, 0xDA, 0xD6, 0xC7, 0xDA, 0xEB, 0xDE, 0xCC, 0xCC, 0xE2, 0xD1, 0xCC,
    0xC3, 0xB2, 0xBE, 0xB2, 0xAD, 0x9A, 0x93, 0x9A, 0x9A, 0x8E, 0x91, 0x96,
    0x93, 0x93, 0xA3, 0x9A, 0x93, 0x91, 0x87, 0x84, 0x8D, 0x86, 0x74, 0x70,
    0x80, 0x80, 0x8C, 0x83, 0x76, 0x76, 0x78, 0x6C, 0x6C, 0x5C, 0x57, 0x53,
    0x51, 0x53, 0x4E, 0x49, 0x53, 0x51, 0x55, 0x5C, 0x57, 0x4C, 0x4A, 0x53,
    0x49, 0x45, 0x40, 0x39, 0x36, 0x3D, 0x40, 0x40, 0x3D, 0x42, 0x42, 0x40,
    0x36, 0x34, 0x30, 0x29, 0x25, 0x29, 0x29, 0x25, 0x22, 0x29, 0x31, 0x29,
    0x22, 0x22, 0x22, 0x22, 0x24, 0x24, 0x21, 0x24, 0x25, 0x20, 0x1B, 0x18,
    0x12, 0x0D, 0x08, 0x08, 0x0B, 0x10, 0x16, 0x19, 0x1D, 0x23, 0x27, 0x2E,
    0x33, 0x33, 0x3C, 0x3C, 0x3C, 0x3C, 0x3C, 0x3C, 0x33, 0x33, 0x33, 0x2E,
    0x2E, 0x27, 0x27, 0x27, 0x23, 0x23, 0x1E, 0x1E, 0x1E, 0x1D, 0x1A, 0x1A,
    0x1D, 0x1E, 0x1E, 0x27, 0x33, 0x3C, 0x4F, 0x79, 0x8F, 0xCA, 0xE0, 0xF1,
    0xF6, 0xFD, 0xFB, 0xFA, 0xFA, 0xFA, 0xFA, 0xFA, 0xFA, 0xFA, 0xFB, 0xFB,
    0xFB, 0xFB, 0xFB, 0xFB, 0xFB, 0xFB, 0xFB, 0xFD, 0xF6, 0xF2, 0xE6, 0xCA,
    0x8F, 0x61, 0x48, 0x3C, 0x27, 0x1E, 0x1A, 0x17, 0x12, 0x0D, 0x0A, 0x08,
    0x08, 0x0C, 0x0E, 0x13, 0x18, 0x18, 0x19, 0x1B, 0x1C, 0x1C, 0x1B, 0x1C,
    0x1B, 0x1B, 0x1C, 0x1F, 0x20, 0x20, 0x21, 0x25, 0x21, 0x1F, 0x1D, 0x1F,
    0x1F, 0x1D, 0x1D, 0x1D, 0x1F, 0x21, 0x24, 0x24, 0x24, 0x24, 0x20, 0x21,
    0x25, 0x24, 0x21, 0x22, 0x29, 0x32, 0x32, 0x2D, 0x32, 0x2D, 0x2B, 0x34,
    0x37, 0x32, 0x32, 0x2D, 0x2E, 0x34, 0x40, 0x45, 0x4A, 0x49, 0x4B, 0x4E,
    0x4B, 0x49, 0x49, 0x42, 0x43, 0x40, 0x3D, 0x42, 0x45, 0x4A, 0x53, 0x4A,
    0x51, 0x4E, 0x49, 0x4E, 0x53, 0x58, 0x5A, 0x5A, 0x68, 0x78, 0x7C, 0x78,
    0x80, 0x83, 0x83, 0x7C, 0x85, 0x85, 0x7D, 0x71, 0x75, 0x7A, 0x7A, 0x7C,
    0x92, 0x8C, 0x82, 0x87, 0x92, 0xA2, 0xB7, 0xAE, 0xAB, 0x9B, 0x9A, 0xA8,
    0xAD, 0xA3, 0x93, 0x93, 0xB2, 0xAD, 0xB2, 0xC7, 0xAD, 0xAD, 0xC3, 0xBE,
    0xBE, 0xBE, 0x9E, 0x9A, 0xA8, 0xC3, 0xCC, 0xAD, 0xBE, 0xD1, 0xED, 0xEC,
    0xEB, 0xE2, 0xD6, 0xD1, 0xD1, 0xC7, 0xD1, 0xDA, 0xCC, 0xCC, 0xDA, 0xDA,
    0xDE, 0xE5, 0xEB, 0xDE, 0xDE, 0xE2, 0xD6, 0xCC, 0xC7, 0xD1, 0xEB, 0xD1,
    0xC3, 0xAD, 0xB9, 0xD6, 0xDA, 0xC9, 0xAB, 0xCC, 0xBE, 0xAD, 0x9E, 0x8D,
    0x84, 0x85, 0x7D, 0x6C, 0x6D, 0x6C, 0x76, 0x6B, 0x58, 0x5A, 0x57, 0x55,
    0x53, 0x4B, 0x4C, 0x49, 0x4A, 0x4A, 0x4C, 0x53, 0x51, 0x4C, 0x49, 0x45,
    0x43, 0x42, 0x46, 0x40, 0x3D, 0x45, 0x4A, 0x47, 0x49, 0x40, 0x34, 0x3D,
    0x40, 0x36, 0x3D, 0x3D, 0x47, 0x49, 0x43, 0x41, 0x40, 0x42, 0x40, 0x39,
    0x37, 0x36, 0x32, 0x34, 0x2D, 0x32, 0x34, 0x37, 0x34, 0x2A, 0x2D, 0x32,
    0x2B, 0x2B, 0x25, 0x24, 0x21, 0x1D, 0x19, 0x18, 0x12, 0x0E, 0x09, 0x08,
    0x08, 0x0C, 0x10, 0x14, 0x17, 0x19, 0x1A, 0x1D, 0x1E, 0x1E, 0x1E, 0x1E,
    0x1E, 0x1E, 0x1E, 0x1E, 0x1E, 0x1E, 0x1E, 0x1E, 0x1A, 0x1A, 0x1A, 0x1A,
    0x19, 0x19, 0x19, 0x17, 0x17, 0x17, 0x16, 0x16, 0x17, 0x17, 0x19, 0x1A,
    0x1E, 0x23, 0x33, 0x48, 0x4F, 0x61, 0x88, 0xA0, 0xD3, 0xF0, 0xF3, 0xF6,
    0xF6, 0xF6, 0xFD, 0xFD, 0xFB, 0xFB, 0xFB, 0xFB, 0xFD, 0xFD, 0xFD, 0xF6,
    0xF6, 0xF7, 0xF3, 0xE0, 0xCF, 0xA0, 0x88, 0x61, 0x4D, 0x3C, 0x2E, 0x23,
    0x1A, 0x19, 0x15, 0x10, 0x0C, 0x08, 0x07, 0x08, 0x0B, 0x0E, 0x11, 0x13,
    0x18, 0x18, 0x19, 0x1B, 0x1C, 0x1C, 0x19, 0x19, 0x1C, 0x1C, 0x1C, 0x1F,
    0x21, 0x25, 0x29, 0x25, 0x21, 0x21, 0x22, 0x25, 0x22, 0x21, 0x24, 0x24,
    0x21, 0x25, 0x2B, 0x29, 0x2E, 0x2E, 0x2A, 0x2B, 0x2D, 0x2B, 0x29, 0x24,
    0x25, 0x24, 0x21, 0x21, 0x21, 0x21, 0x21, 0x24, 0x29, 0x26, 0x22, 0x21,
    0x22, 0x29, 0x2D, 0x2D, 0x2D, 0x30, 0x32, 0x2D, 0x2D, 0x34, 0x40, 0x41,
    0x42, 0x40, 0x42, 0x43, 0x4A, 0x51, 0x4E, 0x51, 0x4E, 0x4E, 0x4C, 0x49,
    0x60, 0x5C, 0x57, 0x68, 0x6C, 0x80, 0x85, 0x8C, 0x83, 0x7C, 0x87, 0x8C,
    0x83, 0x7C, 0x86, 0x89, 0x84, 0x83, 0x84, 0x85, 0x95, 0x99, 0x97, 0xAB,
    0xB3, 0xB7, 0xB3, 0x92, 0x91, 0x91, 0x83, 0x83, 0x7D, 0x7A, 0x86, 0x93,
    0x8A, 0x91, 0x8D, 0x93, 0x97, 0x96, 0x96, 0x8D, 0x91, 0x91, 0x96, 0x9A,
    0x9A, 0x9E, 0xA8, 0x97, 0xA3, 0xB2, 0xC7, 0xAD, 0xC3, 0xD1, 0xDA, 0xDA,
    0xE5, 0xDA, 0xD6, 0xE2, 0xDE, 0xD1, 0xC7, 0xC3, 0xAD, 0x96, 0x9E, 0xAD,
    0xA3, 0xB9, 0xDA, 0xD1, 0xD1, 0xDE, 0xD1, 0xA3, 0x9A, 0x93, 0x86, 0x91,
    0x97, 0x95, 0xB3, 0xD7, 0xBA, 0xA7, 0x96, 0x91, 0x82, 0x7A, 0x7A, 0x71,
    0x75, 0x76, 0x76, 0x70, 0x72, 0x72, 0x6C, 0x70, 0x78, 0x6C, 0x65, 0x5A,
    0x5C, 0x5A, 0x68, 0x68, 0x60, 0x76, 0x82, 0x85, 0x92, 0x80, 0x70, 0x5C,
    0x60, 0x60, 0x53, 0x42, 0x3D, 0x38, 0x37, 0x39, 0x38, 0x36, 0x34, 0x31,
    0x36, 0x31, 0x2D, 0x2A, 0x2D, 0x37, 0x30, 0x2A, 0x29, 0x24, 0x26, 0x26,
    0x26, 0x22, 0x21, 0x21, 0x25, 0x25, 0x25, 0x29, 0x29, 0x2A, 0x25, 0x25,
    0x25, 0x21, 0x1F, 0x1B, 0x18, 0x14, 0x0E, 0x0A, 0x08, 0x0A, 0x0B, 0x0D,
    0x10, 0x14, 0x15, 0x16, 0x17, 0x17, 0x17, 0x17, 0x17, 0x17, 0x17, 0x17,
    0x17, 0x16, 0x16, 0x16, 0x16, 0x15, 0x15, 0x14, 0x14, 0x12, 0x12, 0x10,
    0x10, 0x10, 0x0F, 0x0F, 0x0F, 0x10, 0x12, 0x15, 0x17, 0x1A, 0x1E, 0x23,
    0x2E, 0x3C, 0x48, 0x4F, 0x79, 0x88, 0xA0, 0xCA, 0xD3, 0xE6, 0xF0, 0xF0,
    0xF3, 0xF3, 0xF3, 0xF3, 0xF3, 0xEE, 0xE6, 0xD3, 0xCA, 0xA0, 0x8F, 0x88,
    0x61, 0x4F, 0x48, 0x3C, 0x2E, 0x23, 0x1D, 0x1A, 0x16, 0x12, 0x0F, 0x0A,
    0x0A, 0x08, 0x0B, 0x0F, 0x14, 0x18, 0x18, 0x19, 0x19, 0x1B, 0x1D, 0x1B,
    0x1B, 0x19, 0x1B, 0x1B, 0x1B, 0x1C, 0x1C, 0x1D, 0x1F, 0x20, 0x1F, 0x1D,
    0x1D, 0x1F, 0x20, 0x1F, 0x1D, 0x1D, 0x1D, 0x1D, 0x1C, 0x1D, 0x1F, 0x20,
    0x22, 0x25, 0x25, 0x25, 0x29, 0x29, 0x29, 0x25, 0x29, 0x2B, 0x2D, 0x2B,
    0x2A, 0x2A, 0x2A, 0x2D, 0x2D, 0x29, 0x22, 0x21, 0x24, 0x2B, 0x2A, 0x30,
    0x31, 0x39, 0x38, 0x40, 0x40, 0x49, 0x51, 0x58, 0x53, 0x47, 0x45, 0x46,
    0x49, 0x46, 0x45, 0x53, 0x53, 0x53, 0x5C, 0x60, 0x58, 0x55, 0x5A, 0x55,
    0x51, 0x4E, 0x51, 0x55, 0x57, 0x65, 0x6C, 0x76, 0x89, 0x84, 0x86, 0x7D,
    0x76, 0x6C, 0x6C, 0x7A, 0x6D, 0x7A, 0x86, 0x8C, 0xAB, 0xB3, 0xAB, 0x95,
    0x91, 0x95, 0x92, 0x84, 0x7D, 0x89, 0x8A, 0x8D, 0x97, 0x97, 0x9A, 0xA3,
    0xBE, 0xD6, 0xBE, 0xB2, 0xC7, 0xD1, 0xCC, 0xDA, 0xCC, 0xC7, 0xE5, 0xF2,
    0xF3, 0xF3, 0xEF, 0xED, 0xE5, 0xDA, 0xEB, 0xEF, 0xF7, 0xF3, 0xEF, 0xEF,
    0xEF, 0xDE, 0xD6, 0xDA, 0xC3, 0xB2, 0xB2, 0xB2, 0xB9, 0xDE, 0xE2, 0xDE,
    0xE2, 0xDA, 0xDA, 0xDA, 0xAD, 0x91, 0x8D, 0x97, 0x95, 0x99, 0xA6, 0xA6,
    0xA2, 0x93, 0x93, 0xA6, 0x8C, 0x91, 0x92, 0x7D, 0x66, 0x65, 0x68, 0x58,
    0x5A, 0x57, 0x60, 0x76, 0x78, 0x70, 0x6C, 0x6C, 0x68, 0x68, 0x70, 0x6C,
    0x60, 0x60, 0x5C, 0x58, 0x5A, 0x60, 0x5C, 0x60, 0x6C, 0x65, 0x58, 0x5C,
    0x5C, 0x53, 0x4C, 0x49, 0x41, 0x41, 0x45, 0x40, 0x36, 0x34, 0x31, 0x31,
    0x31, 0x2D, 0x2C, 0x2C, 0x2A, 0x2A, 0x2F, 0x2D, 0x31, 0x36, 0x2D, 0x2B,
    0x2B, 0x2D, 0x2A, 0x25, 0x29, 0x29, 0x29, 0x25, 0x26, 0x29, 0x29, 0x24,
    0x1D, 0x19, 0x16, 0x12, 0x0F, 0x0D, 0x0D, 0x0D, 0x0F, 0x10, 0x10, 0x10,
    0x12, 0x12, 0x12, 0x12, 0x10, 0x10, 0x10, 0x10, 0x0F, 0x0F, 0x0D, 0x0F,
    0x0D, 0x0D, 0x0D, 0x0D, 0x0F, 0x0D, 0x0D, 0x0D, 0x0C, 0x0C, 0x0B, 0x0B,
    0x0A, 0x0A, 0x0C, 0x0F, 0x10, 0x14, 0x17, 0x19, 0x1D, 0x23, 0x27, 0x33,
    0x3C, 0x48, 0x4F, 0x61, 0x79, 0x88, 0x88, 0x8F, 0x8F, 0x8F, 0xA0, 0x8F,
    0x88, 0x61, 0x4F, 0x4F, 0x48, 0x3C, 0x3C, 0x3C, 0x33, 0x2E, 0x23, 0x23,
    0x1E, 0x1A, 0x17, 0x14, 0x10, 0x0D, 0x0A, 0x08, 0x0A, 0x0B, 0x0E, 0x0E,
    0x14, 0x15, 0x18, 0x18, 0x18, 0x18, 0x1B, 0x1B, 0x1C, 0x1F, 0x1F, 0x20,
    0x21, 0x1D, 0x1F, 0x1F, 0x1D, 0x1D, 0x1D, 0x1D, 0x1F, 0x1D, 0x1D, 0x1F,
    0x1D, 0x1F, 0x20, 0x20, 0x20, 0x22, 0x29, 0x24, 0x22, 0x25, 0x25, 0x29,
    0x2D, 0x2B, 0x2B, 0x2D, 0x2B, 0x2D, 0x32, 0x37, 0x37, 0x33, 0x34, 0x38,
    0x3E, 0x39, 0x34, 0x32, 0x37, 0x38, 0x39, 0x39, 0x39, 0x40, 0x40, 0x41,
    0x4C, 0x4C, 0x53, 0x58, 0x5C, 0x65, 0x5C, 0x53, 0x49, 0x4E, 0x49, 0x4B,
    0x5A, 0x60, 0x68, 0x68, 0x6C, 0x78, 0x6B, 0x57, 0x5A, 0x60, 0x5A, 0x53,
    0x58, 0x68, 0x76, 0x80, 0x86, 0x93, 0x97, 0x91, 0x8A, 0x8C, 0x78, 0x7A,
    0x81, 0x81, 0x7A, 0x8C, 0x9B, 0xA2, 0x92, 0x99, 0xA3, 0xA8, 0xAB, 0x99,
    0x95, 0x89, 0x89, 0x86, 0x89, 0x8A, 0x84, 0x89, 0xAD, 0xC7, 0xC3, 0xB2,
    0xB2, 0xB2, 0xB2, 0xD1, 0xD1, 0xBE, 0xB2, 0xD1, 0xD6, 0xD1, 0xE5, 0xED,
    0xEC, 0xED, 0xEC, 0xE5, 0xEF, 0xEF, 0xDE, 0xDA, 0xD1, 0xCC, 0xC7, 0xD1,
    0xDA, 0xC3, 0xAD, 0xAD, 0xAD, 0xAD, 0xA8, 0xA8, 0xB2, 0x9E, 0xAD, 0xC3,
    0x9A, 0x8D, 0x8A, 0x7A, 0x7A, 0x85, 0x7D, 0x75, 0x81, 0x84, 0x75, 0x7A,
    0x83, 0x96, 0x9A, 0xA2, 0x92, 0x97, 0x9A, 0x93, 0x8A, 0x84, 0x78, 0x68,
    0x6C, 0x6B, 0x5C, 0x5C, 0x55, 0x53, 0x5A, 0x58, 0x51, 0x47, 0x4B, 0x46,
    0x41, 0x43, 0x4B, 0x4B, 0x53, 0x53, 0x47, 0x51, 0x58, 0x4C, 0x45, 0x43,
    0x40, 0x41, 0x45, 0x45, 0x3D, 0x37, 0x34, 0x38, 0x43, 0x40, 0x40, 0x40,
    0x39, 0x42, 0x45, 0x4A, 0x42, 0x3D, 0x36, 0x37, 0x34, 0x37, 0x32, 0x2D,
    0x24, 0x24, 0x25, 0x2A, 0x25, 0x21, 0x21, 0x20, 0x1B, 0x19, 0x18, 0x14,
    0x10, 0x0F, 0x0E, 0x0C, 0x0C, 0x0C, 0x0C, 0x0C, 0x0C, 0x0C, 0x0C, 0x08,
    0x08, 0x08, 0x07, 0x07, 0x06, 0x06, 0x06, 0x06, 0x06, 0x07, 0x07, 0x07,
    0x08, 0x08, 0x0A, 0x0A, 0x0B, 0x0B, 0x08, 0x08, 0x07, 0x07, 0x07, 0x07,
    0x08, 0x0A, 0x0C, 0x10, 0x12, 0x16, 0x17, 0x19, 0x1A, 0x1E, 0x23, 0x2E,
    0x3C, 0x48, 0x48, 0x4F, 0x4F, 0x4D, 0x48, 0x3C, 0x2E, 0x23, 0x1E, 0x1A,
    0x19, 0x19, 0x17, 0x17, 0x17, 0x17, 0x17, 0x17, 0x16, 0x12, 0x10, 0x0D,
    0x0C, 0x0A, 0x08, 0x0A, 0x0B, 0x0D, 0x11, 0x13, 0x14, 0x13, 0x11, 0x11,
    0x0E, 0x0E, 0x0E, 0x11, 0x15, 0x19, 0x1C, 0x1D, 0x1D, 0x1F, 0x20, 0x1F,
    0x20, 0x20, 0x1F, 0x21, 0x21, 0x21, 0x24, 0x24, 0x22, 0x29, 0x2D, 0x2D,
    0x34, 0x32, 0x2E, 0x2B, 0x2E, 0x2E, 0x2B, 0x2B, 0x29, 0x25, 0x25, 0x29,
    0x29, 0x29, 0x2A, 0x2D, 0x32, 0x2D, 0x2B, 0x2A, 0x2D, 0x32, 0x2D, 0x2D,
    0x2D, 0x30, 0x36, 0x31, 0x30, 0x34, 0x3D, 0x36, 0x37, 0x37, 0x34, 0x39,
    0x41, 0x41, 0x43, 0x42, 0x46, 0x49, 0x47, 0x4B, 0x49, 0x51, 0x53, 0x4C,
    0x4E, 0x53, 0x4E, 0x4E, 0x58, 0x60, 0x5A, 0x60, 0x58, 0x5C, 0x6C, 0x72,
    0x70, 0x75, 0x84, 0x8A, 0x76, 0x72, 0x68, 0x69, 0x6B, 0x75, 0x7A, 0x6C,
    0x6C, 0x70, 0x83, 0x7C, 0x6D, 0x76, 0x97, 0x99, 0xA3, 0xA8, 0xAD, 0xC3,
    0xCC, 0xCC, 0xB2, 0xBE, 0xA3, 0x93, 0xA8, 0xB2, 0xA3, 0x9E, 0xAD, 0xBE,
    0xBE, 0xBE, 0xAD, 0xC7, 0xC3, 0xA8, 0xB2, 0xBE, 0xEC, 0xEB, 0xD6, 0xDE,
    0xE2, 0xC3, 0xB2, 0xB2, 0xA3, 0xB2, 0xC3, 0xC3, 0xD6, 0xCC, 0xDA, 0xD1,
    0xD6, 0xDA, 0xE5, 0xD1, 0xBE, 0xD6, 0xD1, 0xD1, 0xCC, 0xAD, 0xBE, 0xAD,
    0xA3, 0x9A, 0xA8, 0xAD, 0xA3, 0x93, 0x8D, 0x8A, 0x84, 0x7A, 0x84, 0x7A,
    0x6F, 0x66, 0x60, 0x65, 0x60, 0x66, 0x60, 0x57, 0x57, 0x57, 0x58, 0x5A,
    0x55, 0x51, 0x58, 0x60, 0x58, 0x5C, 0x5A, 0x57, 0x5A, 0x58, 0x5A, 0x57,
    0x57, 0x57, 0x55, 0x55, 0x51, 0x47, 0x4A, 0x4B, 0x46, 0x4A, 0x43, 0x40,
    0x40, 0x3D, 0x38, 0x31, 0x30, 0x30, 0x2D, 0x2F, 0x30, 0x3A, 0x3F, 0x43,
    0x3D, 0x36, 0x30, 0x30, 0x2D, 0x29, 0x2A, 0x25, 0x2D, 0x32, 0x34, 0x32,
    0x32, 0x32, 0x2B, 0x24, 0x20, 0x1C, 0x1B, 0x18, 0x16, 0x15, 0x14, 0x11,
    0x10, 0x0F, 0x0E, 0x0C, 0x0B, 0x08, 0x07, 0x05, 0x03, 0x03, 0x02, 0x02,
    0x02, 0x01, 0x01, 0x02, 0x02, 0x02, 0x03, 0x03, 0x05, 0x06, 0x07, 0x08,
    0x0A, 0x0A, 0x08, 0x07, 0x05, 0x04, 0x03, 0x03, 0x03, 0x03, 0x04, 0x06,
    0x06, 0x08, 0x08, 0x0A, 0x0D, 0x10, 0x12, 0x17, 0x1A, 0x1E, 0x26, 0x27,
    0x27, 0x23, 0x1D, 0x17, 0x14, 0x0F, 0x0A, 0x07, 0x06, 0x06, 0x06, 0x06,
    0x06, 0x06, 0x08, 0x0A, 0x0A, 0x0A, 0x09, 0x0A, 0x08, 0x0A, 0x0B, 0x0D,
    0x11, 0x13, 0x15, 0x14, 0x11, 0x0E, 0x07, 0x05, 0x03, 0x04, 0x04, 0x06,
    0x0A, 0x11, 0x16, 0x1B, 0x1F, 0x1D, 0x1F, 0x1F, 0x1F, 0x1D, 0x20, 0x21,
    0x1F, 0x20, 0x1F, 0x1F, 0x1F, 0x21, 0x29, 0x2B, 0x32, 0x2B, 0x29, 0x25,
    0x25, 0x25, 0x24, 0x29, 0x2A, 0x2D, 0x37, 0x37, 0x37, 0x34, 0x38, 0x34,
    0x2D, 0x30, 0x2D, 0x2B, 0x29, 0x31, 0x31, 0x30, 0x34, 0x34, 0x36, 0x3D,
    0x39, 0x37, 0x40, 0x40, 0x36, 0x36, 0x34, 0x36, 0x38, 0x40, 0x41, 0x42,
    0x46, 0x46, 0x46, 0x47, 0x4A, 0x51, 0x4B, 0x4B, 0x4E, 0x4C, 0x51, 0x55,
    0x5C, 0x58, 0x65, 0x76, 0x7C, 0x7C, 0x87, 0x87, 0x85, 0x85, 0x95, 0x95,
    0x87, 0x83, 0x83, 0x82, 0x80, 0x89, 0x91, 0x92, 0x8C, 0x8C, 0x9B, 0x8C,
    0x82, 0x7D, 0x91, 0x93, 0x91, 0x89, 0x7A, 0x84, 0x93, 0x91, 0x93, 0x8A,
    0x8D, 0xAD, 0xAD, 0xB2, 0xB2, 0xAD, 0xA8, 0xAD, 0xBE, 0xC3, 0xBE, 0xCC,
    0xCC, 0xD1, 0xD1, 0xCC, 0xF3, 0xF7, 0xF8, 0xF7, 0xEF, 0xED, 0xEB, 0xD6,
    0xB9, 0xAD, 0xAD, 0xA8, 0xAD, 0xCC, 0xC7, 0xCC, 0xBE, 0xB9, 0x9E, 0x9A,
    0x9E, 0x96, 0x93, 0x8A, 0x8D, 0x9E, 0x97, 0x9E, 0xA8, 0x9A, 0xA3, 0xBE,
    0xA3, 0xA3, 0xA3, 0xA3, 0x91, 0x8A, 0x8A, 0x85, 0x8C, 0x81, 0x75, 0x6D,
    0x66, 0x66, 0x60, 0x58, 0x65, 0x60, 0x68, 0x72, 0x76, 0x76, 0x78, 0x82,
    0x82, 0x82, 0x70, 0x6B, 0x60, 0x58, 0x5A, 0x57, 0x55, 0x60, 0x60, 0x5A,
    0x57, 0x4C, 0x57, 0x4E, 0x46, 0x46, 0x46, 0x47, 0x4E, 0x49, 0x3D, 0x3D,
    0x34, 0x39, 0x36, 0x30, 0x30, 0x2F, 0x2C, 0x2F, 0x34, 0x31, 0x31, 0x31,
    0x2B, 0x25, 0x21, 0x22, 0x21, 0x22, 0x21, 0x1F, 0x20, 0x24, 0x2B, 0x29,
    0x25, 0x24, 0x20, 0x1D, 0x1B, 0x19, 0x18, 0x18, 0x15, 0x12, 0x11, 0x0C,
    0x08, 0x05, 0x03, 0x01, 0x01, 0x00, 0x00, 0x00, 0x00, 0x00, 0x00, 0x00,
    0x00, 0x00, 0x00, 0x01, 0x01, 0x02, 0x04, 0x06, 0x07, 0x06, 0x05, 0x03,
    0x02, 0x01, 0x01, 0x01, 0x00, 0x00, 0x00, 0x00, 0x00, 0x01, 0x01, 0x01,
    0x02, 0x03, 0x03, 0x06, 0x0C, 0x12, 0x17, 0x19, 0x17, 0x12, 0x0C, 0x06,
    0x03, 0x02, 0x01, 0x01, 0x01, 0x00, 0x00, 0x01, 0x00, 0x01, 0x01, 0x02,
    0x03, 0x05, 0x07, 0x08, 0x0C, 0x0F, 0x11, 0x14, 0x16, 0x18, 0x16, 0x13,
    0x0A, 0x04, 0x01, 0x01, 0x01, 0x01, 0x00, 0x01, 0x02, 0x05, 0x0C, 0x16,
    0x1B, 0x1F, 0x20, 0x21, 0x24, 0x21, 0x22, 0x20, 0x21, 0x20, 0x1F, 0x20,
    0x1F, 0x20, 0x21, 0x24, 0x25, 0x2A, 0x2B, 0x2A, 0x24, 0x22, 0x20, 0x1F,
    0x21, 0x24, 0x24, 0x25, 0x2A, 0x2B, 0x32, 0x34, 0x34, 0x37, 0x34, 0x32,
    0x34, 0x36, 0x34, 0x37, 0x38, 0x38, 0x39, 0x3D, 0x40, 0x3D, 0x45, 0x40,
    0x37, 0x39, 0x40, 0x39, 0x3D, 0x45, 0x45, 0x55, 0x57, 0x4C, 0x60, 0x70,
    0x6C, 0x68, 0x58, 0x53, 0x55, 0x4A, 0x4B, 0x4A, 0x51, 0x68, 0x70, 0x72,
    0x72, 0x72, 0x72, 0x6B, 0x65, 0x76, 0x70, 0x6C, 0x72, 0x6B, 0x70, 0x83,
    0x8A, 0x93, 0x91, 0x99, 0xA6, 0x95, 0xA2, 0xAB, 0xA2, 0x92, 0x9D, 0x9A,
    0x97, 0x97, 0x9A, 0x97, 0x97, 0x8A, 0x89, 0x9A, 0x91, 0xB2, 0xBE, 0xB2,
    0xCC, 0xCC, 0xD1, 0xE5, 0xEC, 0xEC, 0xEB, 0xEC, 0xEB, 0xE2, 0xDE, 0xDE,
    0xE5, 0xE2, 0xDE, 0xC3, 0xB9, 0xCC, 0xBE, 0xB2, 0xBE, 0xA8, 0x96, 0xA3,
    0xBE, 0xA8, 0x96, 0x97, 0x97, 0xA3, 0xC7, 0xCC, 0xCC, 0xCC, 0xCC, 0xC3,
    0xBE, 0xA3, 0x91, 0x84, 0x7A, 0x81, 0x7D, 0x81, 0x81, 0x8A, 0x7D, 0x83,
    0x8C, 0x87, 0x87, 0x8C, 0x83, 0x6C, 0x72, 0x82, 0x7D, 0x76, 0x7C, 0x95,
    0x99, 0x8C, 0x83, 0x80, 0x8C, 0x92, 0x8C, 0x95, 0x83, 0x83, 0x82, 0x80,
    0x6C, 0x72, 0x72, 0x60, 0x55, 0x6B, 0x65, 0x5A, 0x5A, 0x4E, 0x4B, 0x41,
    0x3D, 0x41, 0x41, 0x41, 0x3D, 0x39, 0x39, 0x3D, 0x38, 0x41, 0x3F, 0x36,
    0x37, 0x36, 0x34, 0x31, 0x34, 0x30, 0x30, 0x30, 0x34, 0x2D, 0x32, 0x2D,
    0x2B, 0x2B, 0x2D, 0x2B, 0x25, 0x25, 0x25, 0x22, 0x24, 0x24, 0x21, 0x1F,
    0x1D, 0x1C, 0x1B, 0x18, 0x18, 0x16, 0x12, 0x08, 0x04, 0x02, 0x00, 0x00,
    0x00, 0x00, 0x00, 0x01, 0x01, 0x02, 0x02, 0x01, 0x01, 0x01, 0x00, 0x00,
    0x00, 0x00, 0x01, 0x02, 0x03, 0x03, 0x01, 0x01, 0x00, 0x00, 0x00, 0x00,
    0x00, 0x00, 0x00, 0x00, 0x00, 0x00, 0x00, 0x00, 0x00, 0x00, 0x00, 0x01,
    0x02, 0x06, 0x0A, 0x0C, 0x08, 0x04, 0x02, 0x00, 0x00, 0x01, 0x01, 0x02,
    0x02, 0x02, 0x02, 0x01, 0x01, 0x01, 0x00, 0x00, 0x01, 0x02, 0x05, 0x0A,
    0x0F, 0x14, 0x18, 0x18, 0x19, 0x18, 0x14, 0x0A, 0x03, 0x01, 0x01, 0x01,
    0x03, 0x04, 0x03, 0x02, 0x01, 0x01, 0x03, 0x09, 0x13, 0x18, 0x1C, 0x1F,
    0x20, 0x1F, 0x20, 0x22, 0x24, 0x25, 0x25, 0x22, 0x20, 0x21, 0x22, 0x24,
    0x29, 0x29, 0x2B, 0x2A, 0x2B, 0x2B, 0x2E, 0x2D, 0x2B, 0x2E, 0x2E, 0x2E,
    0x2B, 0x2B, 0x2B, 0x2D, 0x32, 0x37, 0x34, 0x32, 0x37, 0x40, 0x40, 0x37,
    0x2D, 0x31, 0x34, 0x36, 0x3D, 0x41, 0x40, 0x40, 0x42, 0x46, 0x47, 0x49,
    0x4C, 0x49, 0x43, 0x43, 0x49, 0x47, 0x47, 0x49, 0x43, 0x42, 0x46, 0x46,
    0x4B, 0x4B, 0x4A, 0x47, 0x4A, 0x51, 0x53, 0x57, 0x55, 0x68, 0x6C, 0x6C,
    0x78, 0x83, 0x8D, 0x99, 0x95, 0x92, 0x87, 0x7A, 0x7A, 0x7A, 0x7A, 0x75,
    0x71, 0x76, 0x7C, 0x95, 0x8C, 0x8C, 0x97, 0x9A, 0x9E, 0x93, 0xA8, 0xB2,
    0xB2, 0xB2, 0xB9, 0xC3, 0xDE, 0xEC, 0xED, 0xE5, 0xEF, 0xF2, 0xEF, 0xEF,
    0xEC, 0xED, 0xED, 0xEB, 0xEC, 0xEC, 0xED, 0xF3, 0xE5, 0xE5, 0xDE, 0xCC,
    0xC7, 0xE2, 0xDA, 0xC7, 0xDE, 0xE2, 0xDA, 0xE2, 0xE5, 0xDE, 0xDA, 0xE5,
    0xD1, 0xC3, 0xC3, 0xC3, 0xBE, 0xC7, 0xB9, 0xA8, 0xB2, 0x9A, 0x9E, 0x9E,
    0x97, 0x9E, 0x96, 0x97, 0x97, 0xA3, 0x93, 0x85, 0x8C, 0xA6, 0x99, 0x85,
    0x83, 0x72, 0x72, 0x87, 0x95, 0x92, 0x87, 0x83, 0x95, 0x95, 0x87, 0x78,
    0x6C, 0x68, 0x65, 0x60, 0x65, 0x53, 0x4B, 0x46, 0x41, 0x41, 0x4A, 0x47,
    0x40, 0x39, 0x3D, 0x40, 0x40, 0x38, 0x34, 0x31, 0x34, 0x39, 0x40, 0x40,
    0x38, 0x37, 0x31, 0x31, 0x36, 0x31, 0x31, 0x36, 0x41, 0x3D, 0x36, 0x2D,
    0x2D, 0x2B, 0x29, 0x25, 0x22, 0x21, 0x21, 0x21, 0x25, 0x24, 0x22, 0x21,
    0x24, 0x21, 0x1D, 0x1D, 0x1C, 0x1C, 0x1B, 0x1C, 0x1D, 0x1D, 0x1D, 0x1B,
    0x19, 0x16, 0x0D, 0x06, 0x02, 0x00, 0x01, 0x02, 0x04, 0x07, 0x08, 0x0C,
    0x0D, 0x0D, 0x0D, 0x0D, 0x0A, 0x08, 0x06, 0x05, 0x03, 0x01, 0x01, 0x01,
    0x00, 0x00, 0x00, 0x01, 0x02, 0x03, 0x03, 0x03, 0x03, 0x02, 0x02, 0x02,
    0x02, 0x02, 0x02, 0x02, 0x03, 0x02, 0x02, 0x01, 0x01, 0x01, 0x02, 0x02,
    0x02, 0x00, 0x00, 0x01, 0x03, 0x06, 0x0C, 0x0D, 0x0F, 0x0F, 0x0D, 0x0A,
    0x08, 0x06, 0x03, 0x01, 0x00, 0x00, 0x02, 0x06, 0x0C, 0x14, 0x18, 0x18,
    0x18, 0x13, 0x07, 0x02, 0x00, 0x02, 0x06, 0x0C, 0x0D, 0x0D, 0x10, 0x0C,
    0x05, 0x02, 0x01, 0x03, 0x09, 0x13, 0x19, 0x1D, 0x1F, 0x1F, 0x1F, 0x1D,
    0x1D, 0x1F, 0x1F, 0x20, 0x21, 0x29, 0x25, 0x29, 0x25, 0x25, 0x24, 0x21,
    0x24, 0x21, 0x20, 0x21, 0x21, 0x22, 0x25, 0x25, 0x25, 0x29, 0x29, 0x25,
    0x24, 0x22, 0x22, 0x22, 0x25, 0x2A, 0x30, 0x34, 0x34, 0x36, 0x39, 0x40,
    0x46, 0x43, 0x41, 0x41, 0x4B, 0x4B, 0x4B, 0x4C, 0x4E, 0x49, 0x4E, 0x55,
    0x53, 0x53, 0x4E, 0x55, 0x57, 0x49, 0x53, 0x58, 0x58, 0x58, 0x5A, 0x68,
    0x6C, 0x65, 0x70, 0x78, 0x72, 0x76, 0x6C, 0x70, 0x76, 0x7C, 0x84, 0x7A,
    0x84, 0x8C, 0x8A, 0x89, 0x91, 0x89, 0x8A, 0x93, 0x8D, 0x95, 0x8C, 0xA6,
    0xA2, 0xA2, 0xC3, 0xAE, 0x96, 0x91, 0x9E, 0x97, 0xC3, 0xD1, 0xBE, 0xD1,
    0xE2, 0xF2, 0xEF, 0xE2, 0xCC, 0xC3, 0xB9, 0xB2, 0xAD, 0x91, 0x89, 0x96,
    0x9A, 0x9E, 0xA8, 0xA8, 0xD6, 0xEB, 0xEC, 0xE5, 0xEC, 0xEF, 0xE2, 0xEC,
    0xEB, 0xE2, 0xEC, 0xED, 0xE5, 0xE2, 0xE5, 0xEC, 0xE2, 0xDE, 0xEB, 0xDE,
    0xCC, 0xD6, 0xD6, 0xB9, 0xA3, 0x9A, 0x96, 0x96, 0xA3, 0x9A, 0x96, 0x97,
    0x8D, 0x86, 0x7D, 0x78, 0x76, 0x6C, 0x72, 0x80, 0x8C, 0x82, 0x6C, 0x76,
    0x85, 0x78, 0x72, 0x6C, 0x60, 0x65, 0x70, 0x6B, 0x5A, 0x4E, 0x51, 0x6B,
    0x6C, 0x72, 0x60, 0x58, 0x60, 0x65, 0x6B, 0x68, 0x55, 0x55, 0x5A, 0x4B,
    0x49, 0x51, 0x4B, 0x4B, 0x4E, 0x53, 0x57, 0x58, 0x53, 0x45, 0x3D, 0x49,
    0x47, 0x38, 0x34, 0x36, 0x36, 0x36, 0x34, 0x29, 0x29, 0x29, 0x2D, 0x2D,
    0x2B, 0x25, 0x22, 0x21, 0x20, 0x20, 0x21, 0x1F, 0x1D, 0x20, 0x25, 0x25,
    0x2A, 0x25, 0x20, 0x20, 0x24, 0x22, 0x21, 0x1D, 0x19, 0x12, 0x06, 0x01,
    0x01, 0x03, 0x08, 0x0F, 0x10, 0x0F, 0x0D, 0x0A, 0x0A, 0x08, 0x08, 0x0A,
    0x12, 0x16, 0x15, 0x14, 0x10, 0x0A, 0x06, 0x01, 0x00, 0x00, 0x03, 0x06,
    0x0C, 0x0F, 0x10, 0x10, 0x10, 0x12, 0x12, 0x12, 0x12, 0x12, 0x12, 0x10,
    0x10, 0x10, 0x0A, 0x06, 0x03, 0x01, 0x00, 0x00, 0x00, 0x01, 0x03, 0x0A,
    0x10, 0x10, 0x0A, 0x06, 0x08, 0x16, 0x17, 0x17, 0x16, 0x12, 0x0F, 0x08,
    0x03, 0x01, 0x00, 0x01, 0x05, 0x0E, 0x13, 0x18, 0x18, 0x0E, 0x05, 0x01,
    0x02, 0x08, 0x12, 0x08, 0x01, 0x03, 0x12, 0x14, 0x12, 0x08, 0x02, 0x01,
    0x05, 0x11, 0x1C, 0x24, 0x25, 0x21, 0x1F, 0x21, 0x21, 0x21, 0x21, 0x21,
    0x22, 0x25, 0x24, 0x24, 0x21, 0x21, 0x21, 0x25, 0x24, 0x21, 0x21, 0x21,
    0x21, 0x22, 0x24, 0x22, 0x22, 0x21, 0x21, 0x25, 0x2D, 0x32, 0x2D, 0x32,
    0x38, 0x39, 0x37, 0x34, 0x39, 0x37, 0x36, 0x3D, 0x3D, 0x40, 0x40, 0x40,
    0x42, 0x39, 0x3D, 0x37, 0x36, 0x37, 0x3D, 0x3D, 0x46, 0x4A, 0x53, 0x55,
    0x55, 0x53, 0x5C, 0x68, 0x6C, 0x68, 0x6C, 0x76, 0x80, 0x80, 0x7C, 0x78,
    0x72, 0x7C, 0x76, 0x82, 0x76, 0x78, 0x7A, 0x7D, 0x81, 0x83, 0x85, 0x8A,
    0x89, 0x8C, 0x93, 0x97, 0x97, 0x8C, 0x87, 0x8C, 0x82, 0x84, 0x86, 0x7D,
    0x8A, 0x93, 0x97, 0x9A, 0xB2, 0xB2, 0x96, 0xA3, 0xB9, 0xAD, 0xA8, 0xA3,
    0x9A, 0x97, 0x9E, 0xC7, 0xE5, 0xE5, 0xE2, 0xED, 0xDA, 0xDA, 0xEC, 0xE5,
    0xED, 0xEF, 0xED, 0xEF, 0xEF, 0xEC, 0xF3, 0xF3, 0xF2, 0xF3, 0xF2, 0xF2,
    0xEF, 0xDA, 0xD6, 0xD1, 0xC7, 0xC7, 0xC3, 0xCC, 0xBE, 0xC7, 0xEB, 0xED,
    0xEB, 0xDE, 0xC7, 0xAD, 0xAD, 0x93, 0x86, 0x84, 0x75, 0x7D, 0x91, 0x92,
    0x92, 0x85, 0x82, 0x97, 0x91, 0x81, 0x76, 0x6C, 0x7C, 0x82, 0x6C, 0x6C,
    0x6C, 0x60, 0x53, 0x49, 0x4C, 0x4B, 0x45, 0x43, 0x41, 0x46, 0x49, 0x4B,
    0x43, 0x45, 0x47, 0x41, 0x43, 0x45, 0x40, 0x3D, 0x43, 0x46, 0x42, 0x42,
    0x4E, 0x58, 0x57, 0x57, 0x4E, 0x4A, 0x53, 0x51, 0x45, 0x3D, 0x36, 0x30,
    0x34, 0x38, 0x3D, 0x38, 0x34, 0x30, 0x30, 0x30, 0x2A, 0x25, 0x21, 0x21,
    0x29, 0x29, 0x2B, 0x34, 0x37, 0x32, 0x34, 0x32, 0x29, 0x25, 0x22, 0x21,
    0x21, 0x24, 0x24, 0x1D, 0x18, 0x0A, 0x02, 0x01, 0x05, 0x0F, 0x0F, 0x06,
    0x02, 0x00, 0x00, 0x00, 0x00, 0x00, 0x00, 0x00, 0x05, 0x0D, 0x11, 0x15,
    0x17, 0x12, 0x0D, 0x08, 0x02, 0x02, 0x0A, 0x12, 0x06, 0x05, 0x07, 0x08,
    0x0A, 0x0A, 0x0C, 0x0D, 0x0D, 0x0F, 0x0F, 0x10, 0x10, 0x11, 0x16, 0x10,
    0x08, 0x02, 0x00, 0x00, 0x01, 0x06, 0x10, 0x10, 0x06, 0x00, 0x00, 0x00,
    0x05, 0x0B, 0x15, 0x15, 0x15, 0x16, 0x16, 0x15, 0x0F, 0x06, 0x02, 0x00,
    0x02, 0x07, 0x13, 0x14, 0x0E, 0x05, 0x01, 0x02, 0x08, 0x12, 0x05, 0x00,
    0x00, 0x00, 0x05, 0x13, 0x0E, 0x14, 0x0A, 0x02, 0x01, 0x08, 0x17, 0x1F,
    0x25, 0x29, 0x25, 0x24, 0x29, 0x24, 0x24, 0x25, 0x24, 0x24, 0x24, 0x29,
    0x2B, 0x25, 0x24, 0x25, 0x25, 0x22, 0x22, 0x25, 0x25, 0x29, 0x32, 0x32,
    0x32, 0x3D, 0x37, 0x37, 0x37, 0x34, 0x2D, 0x2A, 0x34, 0x39, 0x39, 0x38,
    0x34, 0x37, 0x32, 0x37, 0x31, 0x30, 0x34, 0x34, 0x36, 0x37, 0x3D, 0x40,
    0x49, 0x4C, 0x53, 0x51, 0x51, 0x53, 0x51, 0x5A, 0x5C, 0x58, 0x5A, 0x65,
    0x78, 0x83, 0x85, 0x87, 0x85, 0x78, 0x72, 0x70, 0x6C, 0x6B, 0x6C, 0x70,
    0x72, 0x72, 0x72, 0x95, 0xAB, 0xB3, 0xBA, 0x99, 0x95, 0x99, 0x92, 0x80,
    0x70, 0x7C, 0x85, 0x8C, 0xB3, 0xBB, 0x9B, 0x92, 0xA3, 0xA8, 0x97, 0x96,
    0x96, 0x97, 0x97, 0x93, 0x91, 0x97, 0x93, 0x8D, 0x89, 0x8D, 0x8D, 0x93,
    0x97, 0x96, 0x93, 0xB2, 0x9A, 0x9E, 0xCC, 0xC3, 0xEB, 0xEB, 0xEC, 0xE5,
    0xC7, 0xBE, 0xB9, 0xB9, 0xE2, 0xEF, 0xD6, 0xE5, 0xEF, 0xEB, 0xD6, 0xD6,
    0xC3, 0xAD, 0xA3, 0xA8, 0x96, 0x8A, 0x9A, 0xC3, 0xB2, 0xA8, 0xA3, 0x9E,
    0x93, 0xAD, 0xAD, 0x96, 0x91, 0x9A, 0xAD, 0xA2, 0x87, 0x87, 0x87, 0x8C,
    0x89, 0x81, 0x80, 0x80, 0x85, 0x87, 0x78, 0x6C, 0x6C, 0x6C, 0x65, 0x53,
    0x55, 0x4B, 0x45, 0x42, 0x4A, 0x4C, 0x42, 0x40, 0x39, 0x40, 0x3D, 0x3D,
    0x42, 0x40, 0x3D, 0x40, 0x42, 0x39, 0x37, 0x36, 0x34, 0x36, 0x43, 0x46,
    0x45, 0x45, 0x43, 0x4A, 0x45, 0x3D, 0x37, 0x31, 0x31, 0x34, 0x31, 0x2D,
    0x2A, 0x2C, 0x30, 0x36, 0x31, 0x2D, 0x2B, 0x25, 0x24, 0x24, 0x22, 0x25,
    0x29, 0x25, 0x2B, 0x2B, 0x2D, 0x2D, 0x2A, 0x2B, 0x29, 0x25, 0x24, 0x1B,
    0x14, 0x05, 0x01, 0x04, 0x12, 0x0A, 0x00, 0x00, 0x00, 0x00, 0x01, 0x02,
    0x02, 0x01, 0x02, 0x03, 0x02, 0x02, 0x02, 0x04, 0x0A, 0x0D, 0x04, 0x10,
    0x08, 0x08, 0x18, 0x0B, 0x00, 0x02, 0x03, 0x05, 0x05, 0x05, 0x05, 0x05,
    0x06, 0x06, 0x07, 0x07, 0x06, 0x0A, 0x13, 0x0E, 0x11, 0x06, 0x01, 0x02,
    0x08, 0x14, 0x08, 0x00, 0x00, 0x03, 0x05, 0x07, 0x07, 0x06, 0x07, 0x0A,
    0x0E, 0x11, 0x14, 0x15, 0x16, 0x14, 0x08, 0x02, 0x00, 0x03, 0x0E, 0x13,
    0x09, 0x02, 0x01, 0x06, 0x16, 0x06, 0x00, 0x01, 0x03, 0x06, 0x0B, 0x11,
    0x0E, 0x0E, 0x16, 0x07, 0x02, 0x03, 0x0E, 0x19, 0x1F, 0x21, 0x22, 0x22,
    0x24, 0x24, 0x22, 0x21, 0x25, 0x25, 0x24, 0x29, 0x2B, 0x2B, 0x29, 0x29,
    0x2A, 0x25, 0x2A, 0x2B, 0x24, 0x29, 0x29, 0x29, 0x2B, 0x32, 0x34, 0x38,
    0x3D, 0x3D, 0x34, 0x36, 0x38, 0x34, 0x37, 0x40, 0x34, 0x32, 0x32, 0x37,
    0x39, 0x3D, 0x42, 0x3D, 0x3D, 0x46, 0x49, 0x49, 0x55, 0x4C, 0x4A, 0x4A,
    0x4B, 0x55, 0x57, 0x57, 0x4E, 0x49, 0x45, 0x43, 0x45, 0x4C, 0x65, 0x65,
    0x6C, 0x70, 0x72, 0x76, 0x70, 0x78, 0x6C, 0x5A, 0x5A, 0x68, 0x6B, 0x70,
    0x7C, 0x78, 0x78, 0x83, 0x8C, 0x9B, 0x95, 0x95, 0xA2, 0xA6, 0xA2, 0x8C,
    0x8C, 0x92, 0x99, 0x99, 0x9E, 0xB2, 0xB2, 0xB9, 0xB9, 0xB2, 0xA3, 0x97,
    0x96, 0x93, 0x93, 0x97, 0x96, 0x96, 0x91, 0x96, 0x91, 0x97, 0x9A, 0x96,
    0x96, 0x9A, 0x96, 0x9E, 0xDE, 0xED, 0xEC, 0xED, 0xEF, 0xE5, 0xD1, 0xD1,
    0xDE, 0xD1, 0xB2, 0xA3, 0xA3, 0xAD, 0xB2, 0xC3, 0xC7, 0xC7, 0xD1, 0xC3,
    0xB2, 0x96, 0x91, 0x97, 0x8D, 0x8A, 0x8A, 0x96, 0x97, 0xA3, 0xD0, 0xD8,
    0xC3, 0xC6, 0xAD, 0xA2, 0x80, 0x82, 0x95, 0x8C, 0x7A, 0x70, 0x71, 0x76,
    0x70, 0x66, 0x57, 0x53, 0x55, 0x4E, 0x55, 0x55, 0x53, 0x5A, 0x6C, 0x6B,
    0x68, 0x6C, 0x6C, 0x68, 0x60, 0x60, 0x53, 0x55, 0x65, 0x5A, 0x57, 0x51,
    0x51, 0x4A, 0x4A, 0x4A, 0x4A, 0x41, 0x43, 0x4C, 0x55, 0x55, 0x4C, 0x47,
    0x42, 0x42, 0x4A, 0x43, 0x40, 0x36, 0x37, 0x34, 0x36, 0x36, 0x31, 0x2C,
    0x2D, 0x32, 0x32, 0x32, 0x2D, 0x2B, 0x2D, 0x32, 0x32, 0x34, 0x39, 0x34,
    0x32, 0x2D, 0x29, 0x2A, 0x2A, 0x25, 0x1F, 0x18, 0x0A, 0x02, 0x03, 0x10,
    0x10, 0x00, 0x00, 0x02, 0x06, 0x0E, 0x13, 0x13, 0x13, 0x13, 0x13, 0x0E,
    0x09, 0x05, 0x03, 0x04, 0x04, 0x0D, 0x04, 0x11, 0x14, 0x0F, 0x3A, 0x13,
    0x02, 0x0E, 0x0B, 0x0B, 0x0B, 0x0B, 0x0B, 0x0E, 0x0B, 0x0B, 0x0E, 0x0E,
    0x0E, 0x09, 0x0F, 0x07, 0x14, 0x0F, 0x04, 0x0A, 0x16, 0x06, 0x00, 0x02,
    0x07, 0x0E, 0x18, 0x28, 0x28, 0x28, 0x1C, 0x13, 0x09, 0x09, 0x0E, 0x13,
    0x15, 0x0D, 0x12, 0x08, 0x02, 0x03, 0x0B, 0x11, 0x07, 0x02, 0x03, 0x12,
    0x12, 0x00, 0x01, 0x0B, 0x15, 0x1C, 0x13, 0x0E, 0x12, 0x0B, 0x13, 0x15,
    0x04, 0x02, 0x08, 0x16, 0x1F, 0x29, 0x2A, 0x2D, 0x2B, 0x24, 0x24, 0x24,
    0x25, 0x22, 0x24, 0x2B, 0x2A, 0x2B, 0x2D, 0x2A, 0x29, 0x2B, 0x32, 0x2E,
    0x2A, 0x2B, 0x2D, 0x32, 0x32, 0x37, 0x42, 0x47, 0x42, 0x39, 0x37, 0x38,
    0x36, 0x34, 0x2D, 0x2B, 0x29, 0x25, 0x2A, 0x31, 0x34, 0x34, 0x31, 0x36,
    0x39, 0x36, 0x31, 0x30, 0x2D, 0x2F, 0x34, 0x38, 0x3D, 0x4A, 0x55, 0x4E,
    0x4E, 0x58, 0x51, 0x47, 0x4A, 0x4A, 0x4A, 0x4A, 0x4C, 0x53, 0x5C, 0x6C,
    0x72, 0x7C, 0x78, 0x83, 0x82, 0x6C, 0x65, 0x6C, 0x6B, 0x65, 0x5C, 0x65,
    0x72, 0x91, 0x92, 0x99, 0xC0, 0xC0, 0xC0, 0xAE, 0xA2, 0x97, 0x99, 0x97,
    0x9E, 0x9E, 0x9A, 0x93, 0x8A, 0x8D, 0x97, 0x97, 0x91, 0x96, 0x97, 0xA3,
    0xBE, 0xB2, 0xB9, 0xCC, 0xC3, 0xD6, 0xDE, 0xEB, 0xED, 0xEB, 0xE5, 0xEC,
    0xC7, 0xC7, 0xC3, 0xB9, 0xA8, 0xC3, 0xC3, 0xC7, 0xE5, 0xEF, 0xDE, 0xC7,
    0xC7, 0xBE, 0xAD, 0xB9, 0xA3, 0x96, 0xA3, 0x8A, 0x8D, 0x8D, 0x8D, 0x97,
    0x97, 0x93, 0x93, 0x8D, 0x8C, 0x83, 0x92, 0xA6, 0xA6, 0xAE, 0xA2, 0x97,
    0x93, 0x87, 0x83, 0x92, 0x95, 0x9B, 0x9E, 0x8D, 0x86, 0x7A, 0x70, 0x76,
    0x72, 0x6B, 0x5A, 0x5C, 0x6B, 0x65, 0x6C, 0x68, 0x65, 0x60, 0x5C, 0x65,
    0x5C, 0x53, 0x55, 0x5C, 0x65, 0x6C, 0x68, 0x5A, 0x4E, 0x4A, 0x41, 0x38,
    0x36, 0x34, 0x36, 0x36, 0x3D, 0x3D, 0x41, 0x3D, 0x37, 0x40, 0x40, 0x3D,
    0x38, 0x3D, 0x39, 0x37, 0x31, 0x30, 0x30, 0x2A, 0x2A, 0x2D, 0x31, 0x32,
    0x30, 0x2D, 0x2D, 0x2B, 0x25, 0x25, 0x25, 0x20, 0x21, 0x21, 0x21, 0x24,
    0x29, 0x25, 0x1D, 0x15, 0x06, 0x02, 0x08, 0x17, 0x05, 0x00, 0x05, 0x1C,
    0xE7, 0xE7, 0xF9, 0xF9, 0xF9, 0xF9, 0xE7, 0xB0, 0x6E, 0x50, 0x28, 0x1C,
    0x13, 0x13, 0x13, 0x20, 0x19, 0x16, 0x6F, 0x50, 0x03, 0x15, 0x6A, 0x6A,
    0x6A, 0x6A, 0x6A, 0x6A, 0x6A, 0x6A, 0x6A, 0x67, 0x67, 0x67, 0x28, 0x13,
    0x29, 0x12, 0x0D, 0x16, 0x06, 0x00, 0x03, 0x09, 0x1C, 0x6E, 0xFA, 0xFB,
    0xFB, 0xFB, 0xFB, 0xE7, 0x50, 0x1C, 0x09, 0x0C, 0x15, 0x0E, 0x07, 0x12,
    0x04, 0x02, 0x06, 0x08, 0x04, 0x02, 0x08, 0x19, 0x04, 0x00, 0x06, 0x15,
    0x35, 0x67, 0x50, 0x13, 0x0F, 0x12, 0x09, 0x17, 0x0C, 0x01, 0x03, 0x0F,
    0x18, 0x1C, 0x1F, 0x21, 0x24, 0x21, 0x20, 0x21, 0x24, 0x29, 0x29, 0x2B,
    0x2D, 0x2A, 0x25, 0x25, 0x25, 0x25, 0x2A, 0x2B, 0x2D, 0x2B, 0x2D, 0x32,
    0x2D, 0x2D, 0x2D, 0x2B, 0x29, 0x25, 0x2B, 0x2B, 0x32, 0x34, 0x34, 0x34,
    0x34, 0x39, 0x31, 0x30, 0x2D, 0x29, 0x29, 0x2A, 0x36, 0x3D, 0x40, 0x4B,
    0x4A, 0x47, 0x4B, 0x43, 0x39, 0x36, 0x37, 0x37, 0x36, 0x38, 0x38, 0x45,
    0x4E, 0x57, 0x68, 0x6C, 0x5A, 0x68, 0x5C, 0x58, 0x60, 0x58, 0x51, 0x4A,
    0x5C, 0x65, 0x65, 0x6B, 0x7C, 0x83, 0x87, 0x7D, 0x7D, 0x81, 0x7A, 0x7A,
    0x95, 0x99, 0xBA, 0xCE, 0xAB, 0x97, 0x8D, 0x97, 0xB2, 0xBE, 0xBE, 0xA3,
    0xAD, 0xAD, 0xA3, 0xBE, 0xBE, 0xB9, 0xC7, 0xC3, 0xC3, 0xB9, 0xBE, 0xD1,
    0xDA, 0xD6, 0xCC, 0xDE, 0xED, 0xEF, 0xEB, 0xE5, 0xEC, 0xE2, 0xE2, 0xE5,
    0xE5, 0xDE, 0xED, 0xE2, 0xD6, 0xDA, 0xD1, 0xBE, 0x9A, 0x96, 0x93, 0x9E,
    0xAD, 0x97, 0xA3, 0x9E, 0xB9, 0xC3, 0xB2, 0xAD, 0xA3, 0x9E, 0x97, 0x97,
    0x8A, 0x8C, 0x95, 0x9B, 0xB3, 0xBA, 0xA6, 0x92, 0x84, 0x75, 0x82, 0x80,
    0x80, 0x81, 0x81, 0x7A, 0x6D, 0x77, 0x77, 0x6B, 0x72, 0x78, 0x6C, 0x65,
    0x6B, 0x6B, 0x65, 0x57, 0x58, 0x57, 0x53, 0x5A, 0x60, 0x6C, 0x6C, 0x76,
    0x6C, 0x70, 0x6C, 0x60, 0x53, 0x4A, 0x49, 0x40, 0x3D, 0x41, 0x3D, 0x37,
    0x36, 0x34, 0x36, 0x38, 0x31, 0x2C, 0x31, 0x37, 0x36, 0x37, 0x37, 0x34,
    0x37, 0x34, 0x31, 0x30, 0x30, 0x2B, 0x2B, 0x30, 0x2D, 0x29, 0x22, 0x21,
    0x20, 0x20, 0x20, 0x1D, 0x1C, 0x1C, 0x20, 0x21, 0x21, 0x22, 0x1C, 0x13,
    0x04, 0x03, 0x14, 0x16, 0x02, 0x03, 0x13, 0xF9, 0xFA, 0xFA, 0xFA, 0xFB,
    0xFB, 0xFB, 0xFB, 0xFB, 0xFB, 0xFB, 0xFB, 0xF9, 0xE7, 0xE7, 0xE7, 0x49,
    0x19, 0x1A, 0xB0, 0x6A, 0x06, 0x15, 0xE7, 0xFB, 0xFA, 0xFB, 0xFB, 0xFB,
    0xFD, 0xFD, 0xFB, 0xFB, 0xFB, 0xFB, 0xFA, 0xF9, 0x38, 0x16, 0x19, 0x0A,
    0x00, 0x02, 0x09, 0x1C, 0xE7, 0xFB, 0xFB, 0xFB, 0xFD, 0xFD, 0xFD, 0xFB,
    0xFB, 0xF9, 0x6A, 0x13, 0x0F, 0x16, 0x03, 0x15, 0x0A, 0x01, 0x02, 0x02,
    0x01, 0x03, 0x15, 0x17, 0x00, 0x01, 0x0E, 0x1C, 0xB0, 0xF6, 0xF4, 0x50,
    0x0B, 0x12, 0x0E, 0x13, 0x16, 0x04, 0x02, 0x09, 0x16, 0x1B, 0x1D, 0x1F,
    0x21, 0x21, 0x1F, 0x20, 0x21, 0x24, 0x29, 0x29, 0x2B, 0x29, 0x2B, 0x2B,
    0x29, 0x29, 0x2A, 0x29, 0x29, 0x29, 0x2A, 0x24, 0x24, 0x25, 0x22, 0x21,
    0x21, 0x24, 0x22, 0x25, 0x2B, 0x2B, 0x32, 0x37, 0x34, 0x31, 0x34, 0x30,
    0x2D, 0x2D, 0x30, 0x37, 0x45, 0x49, 0x53, 0x5E, 0x65, 0x5E, 0x5A, 0x53,
    0x4E, 0x4C, 0x53, 0x51, 0x4C, 0x57, 0x4C, 0x53, 0x57, 0x60, 0x58, 0x58,
    0x53, 0x4C, 0x4A, 0x4B, 0x4A, 0x4A, 0x51, 0x6B, 0x70, 0x6C, 0x82, 0x8C,
    0x83, 0x8C, 0x83, 0x84, 0x7A, 0x75, 0x8D, 0xA6, 0xA6, 0xA2, 0xA2, 0xAD,
    0xA2, 0x8A, 0x89, 0x86, 0x96, 0xA8, 0x9A, 0x93, 0x93, 0x91, 0x93, 0xB2,
    0xBE, 0xA8, 0xAD, 0xBE, 0xC3, 0xCC, 0xD1, 0xD1, 0xC7, 0xCC, 0xC3, 0xDA,
    0xEC, 0xE2, 0xEC, 0xF2, 0xD6, 0xDA, 0xCC, 0xCC, 0xDA, 0xED, 0xEF, 0xEF,
    0xEF, 0xEF, 0xDE, 0xDE, 0xDA, 0xC7, 0xCC, 0xE5, 0xE2, 0xE2, 0xEC, 0xEF,
    0xEF, 0xED, 0xEC, 0xE2, 0xD6, 0xC7, 0xB9, 0x97, 0x95, 0xA6, 0xAE, 0x95,
    0x97, 0xAE, 0xAB, 0x91, 0x83, 0x74, 0x82, 0x6C, 0x6C, 0x6C, 0x6D, 0x75,
    0x76, 0x78, 0x74, 0x6C, 0x76, 0x72, 0x6C, 0x6C, 0x6C, 0x70, 0x6C, 0x6C,
    0x68, 0x6B, 0x60, 0x6B, 0x68, 0x53, 0x4B, 0x46, 0x46, 0x40, 0x40, 0x43,
    0x41, 0x3D, 0x39, 0x3D, 0x42, 0x41, 0x3D, 0x38, 0x3D, 0x40, 0x42, 0x49,
    0x47, 0x41, 0x45, 0x47, 0x43, 0x43, 0x46, 0x40, 0x41, 0x41, 0x3F, 0x3D,
    0x34, 0x30, 0x2A, 0x29, 0x29, 0x22, 0x21, 0x24, 0x22, 0x21, 0x20, 0x20,
    0x1F, 0x20, 0x21, 0x20, 0x21, 0x20, 0x1B, 0x11, 0x04, 0x05, 0x1A, 0x19,
    0x03, 0x07, 0x1C, 0xFB, 0xF9, 0xFD, 0xF6, 0xF6, 0xF6, 0xF1, 0xF1, 0xF6,
    0xF6, 0xF6, 0xF6, 0xFD, 0xFB, 0xFB, 0xF4, 0x33, 0x19, 0x1A, 0xB0, 0x6A,
    0x04, 0x14, 0x28, 0xF4, 0xFD, 0xFB, 0xFB, 0xFB, 0xFB, 0xFB, 0xFB, 0xFB,
    0xF9, 0xF9, 0xF4, 0xB0, 0x27, 0x1D, 0x17, 0x00, 0x00, 0x08, 0x13, 0x6E,
    0xF9, 0xF4, 0xF6, 0xF3, 0xEF, 0xED, 0xF1, 0xF7, 0xF6, 0xFB, 0xFB, 0x6E,
    0x18, 0x0F, 0x13, 0x1D, 0x0C, 0x01, 0x00, 0x00, 0x01, 0x07, 0x1A, 0x0C,
    0x00, 0x07, 0x13, 0x50, 0xFD, 0xFC, 0xF6, 0xFB, 0x1F, 0x0B, 0x12, 0x0E,
    0x1A, 0x0A, 0x02, 0x06, 0x15, 0x1C, 0x1F, 0x20, 0x24, 0x25, 0x29, 0x2A,
    0x29, 0x2B, 0x2E, 0x2B, 0x2B, 0x2B, 0x2B, 0x2E, 0x2D, 0x2B, 0x2B, 0x29,
    0x25, 0x25, 0x29, 0x25, 0x2B, 0x2B, 0x29, 0x29, 0x25, 0x29, 0x2A, 0x2A,
    0x2A, 0x30, 0x30, 0x34, 0x37, 0x37, 0x41, 0x46, 0x40, 0x3D, 0x40, 0x40,
    0x40, 0x41, 0x42, 0x41, 0x40, 0x41, 0x46, 0x47, 0x46, 0x47, 0x4B, 0x45,
    0x43, 0x51, 0x55, 0x60, 0x6C, 0x6C, 0x78, 0x80, 0x7C, 0x7C, 0x70, 0x76,
    0x72, 0x83, 0x80, 0x8C, 0xA2, 0x9B, 0x99, 0xA6, 0xAB, 0xA2, 0x95, 0x97,
    0x8C, 0x85, 0x97, 0x9B, 0x99, 0xA2, 0xAB, 0xAD, 0xA3, 0x91, 0x8A, 0x92,
    0x8D, 0x8A, 0x8A, 0x97, 0x96, 0xA8, 0xA8, 0xA8, 0x9A, 0xA8, 0xA3, 0x9A,
    0xAD, 0xB2, 0xB2, 0xB9, 0xCC, 0xD1, 0xDA, 0xE5, 0xEB, 0xD6, 0xC7, 0xD1,
    0xC7, 0xCC, 0xBE, 0xAD, 0xBE, 0xB9, 0xB9, 0xAD, 0xB9, 0xC3, 0xD6, 0xEC,
    0xE5, 0xE5, 0xE2, 0xD1, 0xE5, 0xDA, 0xD1, 0xC7, 0xAD, 0xB9, 0xDE, 0xE2,
    0xC7, 0xC7, 0xC9, 0xBB, 0xC0, 0xD7, 0xBA, 0x93, 0x89, 0x91, 0x93, 0x7D,
    0x74, 0x6F, 0x71, 0x69, 0x65, 0x4E, 0x60, 0x66, 0x5A, 0x68, 0x58, 0x53,
    0x4C, 0x51, 0x5C, 0x58, 0x60, 0x6B, 0x5C, 0x65, 0x5C, 0x6B, 0x58, 0x51,
    0x4B, 0x4B, 0x4A, 0x46, 0x40, 0x40, 0x42, 0x43, 0x40, 0x3D, 0x40, 0x40,
    0x37, 0x34, 0x31, 0x34, 0x31, 0x31, 0x2C, 0x2D, 0x2A, 0x29, 0x2D, 0x30,
    0x2A, 0x29, 0x25, 0x24, 0x24, 0x29, 0x2D, 0x30, 0x2D, 0x30, 0x31, 0x30,
    0x2A, 0x25, 0x22, 0x22, 0x24, 0x21, 0x20, 0x21, 0x22, 0x24, 0x24, 0x21,
    0x21, 0x21, 0x19, 0x0B, 0x04, 0x08, 0x26, 0x1C, 0x03, 0x0E, 0x1C, 0xFB,
    0xF7, 0xCF, 0x88, 0x61, 0x4F, 0x4F, 0x4F, 0x4F, 0x61, 0x79, 0x8F, 0xBC,
    0xC0, 0xA1, 0x48, 0x1E, 0x16, 0x1A, 0xB0, 0x6A, 0x04, 0x14, 0x16, 0xD8,
    0xF8, 0xEA, 0xEA, 0xD9, 0xD9, 0xD2, 0xCD, 0xD9, 0xC5, 0xAC, 0x75, 0x3C,
    0x1E, 0x1E, 0x06, 0x00, 0x04, 0x0E, 0x28, 0xE7, 0xF4, 0xEA, 0x8F, 0x61,
    0x48, 0x48, 0x4F, 0x61, 0x8F, 0xE3, 0xF4, 0xFA, 0xE7, 0x6A, 0xB0, 0x26,
    0x0C, 0x02, 0x00, 0x00, 0x02, 0x10, 0x1A, 0x02, 0x00, 0x0E, 0x18, 0xE1,
    0xF2, 0xA0, 0xE0, 0xFD, 0xB0, 0x0B, 0x12, 0x0E, 0x18, 0x14, 0x03, 0x03,
    0x0E, 0x18, 0x1B, 0x1B, 0x1B, 0x1B, 0x1C, 0x1D, 0x1F, 0x1F, 0x1F, 0x1F,
    0x1F, 0x1F, 0x1F, 0x22, 0x29, 0x29, 0x25, 0x24, 0x2A, 0x29, 0x29, 0x25,
    0x25, 0x29, 0x25, 0x25, 0x2B, 0x2B, 0x2D, 0x30, 0x30, 0x31, 0x2B, 0x2D,
    0x2D, 0x2D, 0x31, 0x34, 0x31, 0x36, 0x39, 0x34, 0x39, 0x40, 0x38, 0x36,
    0x3D, 0x3D, 0x39, 0x38, 0x38, 0x3D, 0x42, 0x45, 0x40, 0x40, 0x42, 0x49,
    0x4B, 0x4E, 0x53, 0x68, 0x78, 0x78, 0x76, 0x80, 0x83, 0x72, 0x6B, 0x7C,
    0x82, 0x78, 0x87, 0x95, 0x8C, 0x8C, 0x8C, 0x8C, 0x95, 0x9B, 0x95, 0x95,
    0x8C, 0x8C, 0x95, 0x95, 0x81, 0x7A, 0x82, 0x8C, 0x7D, 0x6D, 0x75, 0x86,
    0x89, 0x97, 0x96, 0x89, 0x89, 0x91, 0x9A, 0x9E, 0x9E, 0xAD, 0xB9, 0xB9,
    0xCC, 0xC3, 0xC3, 0xA8, 0xAD, 0xB2, 0xBE, 0xC3, 0xF7, 0xF3, 0xF3, 0xED,
    0xE5, 0xDE, 0xD6, 0xCC, 0xAD, 0xA8, 0xC7, 0xDE, 0xDE, 0xD6, 0xD1, 0xCC,
    0xAD, 0x93, 0x91, 0x8D, 0x8D, 0x86, 0x91, 0x93, 0x8A, 0x97, 0x97, 0xAB,
    0xB9, 0xAB, 0x95, 0x93, 0x91, 0x7D, 0x8D, 0x9E, 0x95, 0x90, 0x85, 0x86,
    0x86, 0x8A, 0x86, 0x75, 0x6C, 0x70, 0x7C, 0x70, 0x60, 0x58, 0x60, 0x58,
    0x4A, 0x4E, 0x4E, 0x55, 0x4C, 0x4B, 0x49, 0x45, 0x42, 0x46, 0x46, 0x45,
    0x42, 0x45, 0x43, 0x41, 0x40, 0x40, 0x42, 0x45, 0x43, 0x45, 0x49, 0x4B,
    0x45, 0x49, 0x4A, 0x45, 0x3D, 0x34, 0x2D, 0x2D, 0x29, 0x2D, 0x30, 0x30,
    0x31, 0x34, 0x2B, 0x29, 0x2A, 0x22, 0x25, 0x25, 0x29, 0x29, 0x21, 0x29,
    0x2B, 0x29, 0x2D, 0x2E, 0x2D, 0x2B, 0x29, 0x25, 0x24, 0x21, 0x1B, 0x0C,
    0x05, 0x0C, 0x37, 0x28, 0x02, 0x11, 0x13, 0xD4, 0xA0, 0x3C, 0x27, 0x1E,
    0x1D, 0x1A, 0x1A, 0x1D, 0x1E, 0x23, 0x27, 0x33, 0x3C, 0x2E, 0x1E, 0x16,
    0x12, 0x1A, 0xB0, 0x6A, 0x06, 0x13, 0x16, 0x79, 0x88, 0x48, 0x3C, 0x3C,
    0x3C, 0x3C, 0x3C, 0x3C, 0x3C, 0x33, 0x27, 0x1D, 0x1E, 0x1D, 0x00, 0x00,
    0x09, 0x13, 0x6A, 0xF4, 0xA0, 0x4D, 0x2E, 0x1E, 0x1A, 0x1A, 0x1A, 0x1E,
    0x2E, 0x4F, 0x8F, 0xE9, 0xF4, 0xF4, 0x5E, 0x1A, 0x0A, 0x01, 0x00, 0x00,
    0x04, 0x19, 0x17, 0x00, 0x04, 0x11, 0x28, 0xE9, 0x61, 0x3C, 0x4F, 0xE9,
    0xFB, 0x1C, 0x0B, 0x0E, 0x13, 0x19, 0x06, 0x02, 0x09, 0x18, 0x1F, 0x24,
    0x24, 0x20, 0x1F, 0x20, 0x1F, 0x20, 0x21, 0x21, 0x22, 0x21, 0x22, 0x20,
    0x21, 0x21, 0x20, 0x21, 0x24, 0x29, 0x2D, 0x2B, 0x2B, 0x34, 0x37, 0x37,
    0x37, 0x37, 0x38, 0x37, 0x34, 0x32, 0x34, 0x40, 0x3D, 0x40, 0x4A, 0x4C,
    0x4E, 0x4E, 0x4B, 0x47, 0x43, 0x40, 0x45, 0x43, 0x40, 0x4A, 0x58, 0x6C,
    0x72, 0x6C, 0x70, 0x65, 0x5C, 0x4E, 0x4A, 0x4C, 0x47, 0x49, 0x4C, 0x57,
    0x6B, 0x6C, 0x6C, 0x6B, 0x6C, 0x68, 0x68, 0x60, 0x53, 0x5A, 0x5A, 0x57,
    0x60, 0x68, 0x6C, 0x76, 0x83, 0x8C, 0x83, 0x80, 0x83, 0x8C, 0x95, 0xA2,
    0x9F, 0xA6, 0xC9, 0xBB, 0xAD, 0xA8, 0xA3, 0x9A, 0x9E, 0x9A, 0x91, 0x8D,
    0x93, 0x8D, 0x91, 0x9E, 0x9A, 0x93, 0x9E, 0x9E, 0xA3, 0x97, 0x93, 0x91,
    0x93, 0x97, 0xB2, 0xC3, 0xD1, 0xBE, 0xB9, 0xB9, 0xA3, 0xB2, 0xA8, 0xB9,
    0xC7, 0xB2, 0xC3, 0xDE, 0xDA, 0xC3, 0xA8, 0xAD, 0xAD, 0xA8, 0xA8, 0x9E,
    0xAD, 0x97, 0x97, 0x9E, 0x9E, 0x9E, 0x97, 0x9B, 0xA3, 0x9E, 0x9B, 0x97,
    0x97, 0x86, 0x8A, 0x89, 0x74, 0x70, 0x6B, 0x6B, 0x6C, 0x71, 0x72, 0x80,
    0x80, 0x76, 0x6B, 0x6B, 0x6C, 0x65, 0x55, 0x55, 0x4C, 0x4B, 0x51, 0x58,
    0x4E, 0x46, 0x42, 0x40, 0x40, 0x42, 0x40, 0x38, 0x38, 0x39, 0x37, 0x3D,
    0x40, 0x40, 0x41, 0x40, 0x3B, 0x40, 0x49, 0x42, 0x41, 0x41, 0x3D, 0x39,
    0x40, 0x42, 0x43, 0x39, 0x3D, 0x37, 0x37, 0x36, 0x34, 0x30, 0x2D, 0x29,
    0x24, 0x25, 0x29, 0x25, 0x21, 0x21, 0x24, 0x24, 0x22, 0x24, 0x21, 0x1F,
    0x1F, 0x21, 0x21, 0x21, 0x24, 0x24, 0x1B, 0x0C, 0x05, 0x0F, 0x44, 0x36,
    0x05, 0x13, 0x09, 0x48, 0x4D, 0x1A, 0x14, 0x10, 0x0F, 0x0D, 0x0D, 0x0D,
    0x0F, 0x10, 0x14, 0x17, 0x17, 0x17, 0x12, 0x0A, 0x0C, 0x19, 0xB0, 0x6A,
    0x04, 0x13, 0x14, 0x48, 0x33, 0x1A, 0x19, 0x19, 0x19, 0x19, 0x19, 0x19,
    0x17, 0x17, 0x15, 0x15, 0x1E, 0x1C, 0x00, 0x02, 0x0F, 0x1C, 0xE1, 0xA0,
    0x3C, 0x1E, 0x15, 0x0D, 0x0A, 0x0A, 0x0C, 0x10, 0x16, 0x1D, 0x33, 0x4F,
    0x6D, 0x4F, 0x2E, 0x16, 0x06, 0x00, 0x00, 0x01, 0x08, 0x1D, 0x0D, 0x00,
    0x09, 0x13, 0x50, 0xA6, 0x27, 0x1D, 0x27, 0x77, 0xFD, 0x50, 0x09, 0x11,
    0x0E, 0x1A, 0x0D, 0x02, 0x06, 0x15, 0x1B, 0x20, 0x24, 0x24, 0x24, 0x29,
    0x25, 0x25, 0x25, 0x25, 0x25, 0x24, 0x25, 0x22, 0x20, 0x24, 0x25, 0x29,
    0x24, 0x24, 0x22, 0x24, 0x29, 0x29, 0x25, 0x29, 0x2B, 0x2D, 0x32, 0x32,
    0x34, 0x38, 0x3E, 0x40, 0x39, 0x40, 0x41, 0x42, 0x42, 0x45, 0x45, 0x40,
    0x3D, 0x36, 0x36, 0x41, 0x41, 0x41, 0x43, 0x45, 0x45, 0x41, 0x40, 0x38,
    0x3D, 0x39, 0x40, 0x40, 0x39, 0x45, 0x4A, 0x51, 0x6B, 0x76, 0x6C, 0x5C,
    0x68, 0x76, 0x72, 0x6C, 0x6C, 0x7C, 0x72, 0x76, 0x80, 0x80, 0x75, 0x75,
    0x86, 0x85, 0x82, 0x7D, 0x86, 0x83, 0x8C, 0x7D, 0x84, 0x85, 0x85, 0x83,
    0x8A, 0x97, 0x91, 0x9E, 0xA8, 0x9A, 0x96, 0x9A, 0x9E, 0x97, 0x93, 0x9A,
    0x9E, 0x93, 0x93, 0xA8, 0x9E, 0x91, 0x91, 0x93, 0x9E, 0xAD, 0xA8, 0xA3,
    0xF3, 0xF3, 0xEF, 0xED, 0xEC, 0xD6, 0xD1, 0xDA, 0xCC, 0xCC, 0xDE, 0xE2,
    0xE5, 0xE5, 0xE5, 0xDE, 0xCC, 0xC7, 0xB2, 0xA8, 0xB9, 0xA8, 0xA3, 0xA3,
    0xA3, 0xCC, 0xD1, 0xC7, 0xDE, 0xDE, 0xC3, 0x9A, 0x93, 0x9A, 0x96, 0x84,
    0x80, 0x7C, 0x6C, 0x68, 0x70, 0x68, 0x60, 0x60, 0x5C, 0x68, 0x68, 0x6B,
    0x76, 0x6C, 0x78, 0x72, 0x78, 0x80, 0x83, 0x7C, 0x70, 0x6C, 0x5C, 0x57,
    0x5A, 0x5A, 0x53, 0x53, 0x55, 0x5A, 0x65, 0x5A, 0x4E, 0x45, 0x47, 0x47,
    0x40, 0x40, 0x41, 0x43, 0x43, 0x45, 0x41, 0x42, 0x42, 0x3D, 0x39, 0x40,
    0x39, 0x30, 0x2C, 0x2D, 0x30, 0x30, 0x31, 0x2A, 0x25, 0x29, 0x2B, 0x2A,
    0x29, 0x24, 0x21, 0x21, 0x20, 0x21, 0x1F, 0x1F, 0x1F, 0x1F, 0x1F, 0x1F,
    0x20, 0x1F, 0x18, 0x0B, 0x05, 0x10, 0x49, 0x6E, 0x0E, 0x14, 0x09, 0x1B,
    0x3C, 0x14, 0x08, 0x06, 0x05, 0x05, 0x05, 0x05, 0x06, 0x06, 0x07, 0x08,
    0x08, 0x07, 0x04, 0x03, 0x08, 0x17, 0xB0, 0x6A, 0x05, 0x13, 0x13, 0x33,
    0x1E, 0x12, 0x0D, 0x0D, 0x0D, 0x0D, 0x0A, 0x0A, 0x08, 0x08, 0x08, 0x0F,
    0x2B, 0x1C, 0x00, 0x07, 0x0E, 0x28, 0xC0, 0x3C, 0x1A, 0x10, 0x06, 0x03,
    0x02, 0x02, 0x02, 0x04, 0x07, 0x0D, 0x17, 0x1E, 0x23, 0x1E, 0x17, 0x0C,
    0x03, 0x00, 0x00, 0x02, 0x12, 0x1E, 0x02, 0x00, 0x0F, 0x18, 0xA1, 0x4D,
    0x19, 0x12, 0x19, 0x48, 0xF4, 0xF4, 0x13, 0x11, 0x0E, 0x19, 0x16, 0x03,
    0x05, 0x11, 0x1B, 0x21, 0x24, 0x21, 0x21, 0x21, 0x25, 0x24, 0x21, 0x21,
    0x24, 0x24, 0x24, 0x22, 0x22, 0x29, 0x2B, 0x2B, 0x2A, 0x25, 0x22, 0x22,
    0x21, 0x22, 0x22, 0x21, 0x21, 0x25, 0x29, 0x2A, 0x2D, 0x2D, 0x32, 0x2D,
    0x2B, 0x2D, 0x34, 0x3D, 0x40, 0x39, 0x3D, 0x45, 0x49, 0x47, 0x43, 0x4B,
    0x57, 0x51, 0x4A, 0x4C, 0x4C, 0x4A, 0x5C, 0x65, 0x5C, 0x55, 0x5A, 0x60,
    0x58, 0x5C, 0x58, 0x60, 0x6C, 0x78, 0x78, 0x80, 0x80, 0x7C, 0x7C, 0x76,
    0x7C, 0x7C, 0x78, 0x7C, 0x78, 0x78, 0x81, 0x96, 0x96, 0x95, 0xA2, 0x9E,
    0x9A, 0x91, 0x99, 0x9B, 0x8C, 0x8C, 0x95, 0x80, 0x84, 0x89, 0x84, 0x86,
    0x8D, 0x8D, 0x8D, 0xAD, 0xC3, 0xCC, 0xDA, 0xDA, 0xDA, 0xE2, 0xEC, 0xE5,
    0xDA, 0xDA, 0xE2, 0xE5, 0xE2, 0xDA, 0xD6, 0xDA, 0xF3, 0xF2, 0xEF, 0xED,
    0xDE, 0xCC, 0xAD, 0xB2, 0xB9, 0xB9, 0xA8, 0x9A, 0x8D, 0x93, 0xB2, 0xBE,
    0xB9, 0x9A, 0x9E, 0xA3, 0x91, 0x91, 0x91, 0x86, 0x86, 0x8A, 0x89, 0x89,
    0x9E, 0xA8, 0x93, 0x91, 0x9E, 0xC7, 0xA3, 0x89, 0x8C, 0x8C, 0x83, 0x7D,
    0x83, 0x87, 0x83, 0x85, 0x80, 0x8C, 0x95, 0x83, 0x82, 0x85, 0x83, 0x72,
    0x6C, 0x65, 0x65, 0x6B, 0x65, 0x72, 0x6C, 0x58, 0x57, 0x5C, 0x60, 0x65,
    0x60, 0x6B, 0x5C, 0x5A, 0x57, 0x5A, 0x5A, 0x4A, 0x42, 0x46, 0x47, 0x3D,
    0x39, 0x41, 0x46, 0x43, 0x47, 0x43, 0x34, 0x34, 0x36, 0x34, 0x36, 0x30,
    0x2D, 0x2D, 0x37, 0x34, 0x32, 0x2D, 0x2B, 0x2B, 0x29, 0x25, 0x24, 0x25,
    0x22, 0x21, 0x21, 0x20, 0x21, 0x21, 0x20, 0x1F, 0x1D, 0x1D, 0x18, 0x0B,
    0x06, 0x10, 0x3E, 0xF4, 0x13, 0x11, 0x11, 0x10, 0x2E, 0x1A, 0x10, 0x0C,
    0x0C, 0x0C, 0x0C, 0x0C, 0x0C, 0x0A, 0x08, 0x07, 0x06, 0x03, 0x01, 0x01,
    0x06, 0x17, 0xB0, 0x6A, 0x04, 0x13, 0x13, 0x3E, 0x27, 0x16, 0x12, 0x10,
    0x10, 0x10, 0x0D, 0x0A, 0x06, 0x04, 0x05, 0x0F, 0x44, 0x1C, 0x00, 0x0C,
    0x0E, 0x44, 0x61, 0x1A, 0x0D, 0x04, 0x01, 0x00, 0x01, 0x01, 0x01, 0x02,
    0x03, 0x06, 0x0C, 0x10, 0x15, 0x14, 0x0D, 0x06, 0x01, 0x00, 0x00, 0x04,
    0x19, 0x19, 0x00, 0x05, 0x11, 0x1C, 0xA9, 0x2E, 0x12, 0x08, 0x10, 0x23,
    0xA1, 0xFD, 0x1C, 0x0A, 0x11, 0x13, 0x1A, 0x06, 0x03, 0x0A, 0x19, 0x21,
    0x22, 0x24, 0x24, 0x1F, 0x1F, 0x21, 0x21, 0x25, 0x24, 0x24, 0x24, 0x2D,
    0x2D, 0x2B, 0x2B, 0x2A, 0x29, 0x29, 0x25, 0x29, 0x29, 0x29, 0x25, 0x24,
    0x25, 0x29, 0x2D, 0x2B, 0x26, 0x25, 0x25, 0x29, 0x29, 0x29, 0x32, 0x34,
    0x34, 0x36, 0x31, 0x36, 0x36, 0x36, 0x41, 0x42, 0x47, 0x58, 0x57, 0x4A,
    0x53, 0x6B, 0x60, 0x58, 0x5C, 0x51, 0x4B, 0x4B, 0x51, 0x53, 0x53, 0x58,
    0x5A, 0x49, 0x47, 0x55, 0x5C, 0x60, 0x5C, 0x65, 0x68, 0x72, 0x78, 0x72,
    0x6C, 0x60, 0x68, 0x76, 0x75, 0x72, 0x83, 0x8C, 0x91, 0x84, 0x95, 0xC0,
    0xAE, 0x9B, 0xA6, 0xAE, 0xA8, 0x91, 0x96, 0x97, 0xA8, 0x9E, 0x9A, 0xB9,
    0xDA, 0xED, 0xE2, 0xE2, 0xDA, 0xC7, 0xD1, 0xC3, 0xAD, 0xC7, 0xD1, 0xDE,
    0xDE, 0xEB, 0xF2, 0xF3, 0xDE, 0xDE, 0xDE, 0xD6, 0xC7, 0xB2, 0x9E, 0xA8,
    0xC3, 0xCC, 0xD1, 0xD6, 0xD6, 0xEB, 0xE5, 0xDE, 0xDA, 0xCC, 0xB9, 0xB2,
    0xB9, 0xB9, 0xB9, 0xC3, 0xA8, 0x9A, 0x93, 0x91, 0x97, 0x9A, 0x96, 0x97,
    0x8A, 0x8D, 0x93, 0x89, 0x7A, 0x75, 0x75, 0x6C, 0x60, 0x6C, 0x78, 0x82,
    0x8C, 0x8C, 0x95, 0x92, 0x8C, 0x95, 0x8C, 0x87, 0x76, 0x6C, 0x6C, 0x6C,
    0x6C, 0x6C, 0x68, 0x68, 0x5C, 0x57, 0x6B, 0x65, 0x53, 0x53, 0x4A, 0x46,
    0x49, 0x46, 0x40, 0x3D, 0x3D, 0x38, 0x49, 0x43, 0x37, 0x38, 0x39, 0x38,
    0x36, 0x34, 0x30, 0x29, 0x22, 0x25, 0x29, 0x2A, 0x2D, 0x2D, 0x2A, 0x2A,
    0x29, 0x29, 0x22, 0x24, 0x25, 0x24, 0x22, 0x24, 0x24, 0x21, 0x21, 0x1F,
    0x20, 0x24, 0x21, 0x21, 0x21, 0x21, 0x1B, 0x0F, 0x06, 0x0F, 0x27, 0xF4,
    0x28, 0x0B, 0x13, 0x11, 0x16, 0x19, 0x12, 0x11, 0x10, 0x11, 0x11, 0x10,
    0x10, 0x12, 0x12, 0x12, 0x0D, 0x06, 0x02, 0x01, 0x06, 0x17, 0xB0, 0x6A,
    0x05, 0x13, 0x14, 0x1B, 0x1A, 0x17, 0x16, 0x15, 0x16, 0x16, 0x16, 0x16,
    0x10, 0x06, 0x07, 0x12, 0x6F, 0x1C, 0x00, 0x0D, 0x11, 0x4D, 0x33, 0x12,
    0x05, 0x01, 0x00, 0x02, 0x03, 0x06, 0x08, 0x0A, 0x0A, 0x0A, 0x0D, 0x10,
    0x12, 0x10, 0x0C, 0x06, 0x02, 0x01, 0x01, 0x08, 0x1E, 0x10, 0x00, 0x0C,
    0x13, 0x2F, 0x88, 0x1A, 0x0A, 0x03, 0x08, 0x1A, 0x59, 0xFD, 0x50, 0x09,
    0x12, 0x0E, 0x1B, 0x0C, 0x02, 0x06, 0x15, 0x1B, 0x1C, 0x1D, 0x1F, 0x1D,
    0x1C, 0x1D, 0x1F, 0x21, 0x24, 0x24, 0x21, 0x24, 0x21, 0x21, 0x21, 0x21,
    0x22, 0x22, 0x22, 0x2B, 0x2E, 0x2E, 0x2D, 0x2A, 0x25, 0x2B, 0x2B, 0x2B,
    0x2E, 0x33, 0x33, 0x2E, 0x2E, 0x2A, 0x2B, 0x31, 0x34, 0x37, 0x37, 0x3D,
    0x40, 0x41, 0x49, 0x45, 0x43, 0x53, 0x4B, 0x46, 0x45, 0x4C, 0x4C, 0x4B,
    0x53, 0x4A, 0x4C, 0x4C, 0x4A, 0x51, 0x60, 0x6C, 0x70, 0x6B, 0x6C, 0x7C,
    0x7C, 0x78, 0x6C, 0x72, 0x78, 0x73, 0x78, 0x8C, 0x8C, 0x86, 0x81, 0x87,
    0x8C, 0x8C, 0x83, 0x87, 0x95, 0x83, 0x8A, 0x7D, 0x8D, 0x93, 0x89, 0x8D,
    0x8D, 0x8A, 0x86, 0x93, 0xA3, 0x9E, 0xB9, 0xBE, 0xCC, 0xDE, 0xDE, 0xE5,
    0xD6, 0xCC, 0xCC, 0xC3, 0xCC, 0xDA, 0xD1, 0xCC, 0xD1, 0xEF, 0xF2, 0xED,
    0xE5, 0xE2, 0xE2, 0xE5, 0xD6, 0xE2, 0xE5, 0xD6, 0xDA, 0xE5, 0xCC, 0xCC,
    0xCC, 0xDA, 0xC3, 0x9A, 0x91, 0x93, 0x8D, 0x84, 0x86, 0x93, 0x9A, 0xA3,
    0xC3, 0xD1, 0xB2, 0xA8, 0xAD, 0xA8, 0xA8, 0x9A, 0x9A, 0x97, 0x8D, 0x89,
    0x91, 0x86, 0x7A, 0x8A, 0x8C, 0x92, 0x8C, 0x8C, 0x92, 0x8C, 0x8C, 0x87,
    0x80, 0x76, 0x83, 0x8C, 0x8C, 0x83, 0x76, 0x70, 0x76, 0x6B, 0x55, 0x4E,
    0x55, 0x46, 0x41, 0x39, 0x3D, 0x3D, 0x42, 0x45, 0x4A, 0x47, 0x49, 0x49,
    0x36, 0x36, 0x41, 0x41, 0x3D, 0x3D, 0x37, 0x41, 0x45, 0x3D, 0x36, 0x31,
    0x30, 0x2D, 0x34, 0x34, 0x39, 0x45, 0x42, 0x40, 0x3F, 0x3D, 0x38, 0x2D,
    0x2A, 0x25, 0x24, 0x21, 0x20, 0x21, 0x1F, 0x21, 0x22, 0x21, 0x20, 0x1F,
    0x20, 0x1D, 0x19, 0x0F, 0x05, 0x0D, 0x1D, 0xD4, 0x6E, 0x09, 0x11, 0x11,
    0x10, 0x08, 0x01, 0x02, 0x01, 0x01, 0x01, 0x01, 0x01, 0x05, 0x0D, 0x10,
    0x14, 0x12, 0x08, 0x03, 0x08, 0x17, 0xB0, 0x6A, 0x05, 0x13, 0x16, 0x13,
    0x14, 0x14, 0x13, 0x11, 0x0E, 0x0E, 0x13, 0x16, 0x0F, 0x10, 0x0C, 0x17,
    0xB0, 0x1C, 0x00, 0x0F, 0x14, 0x48, 0x1D, 0x08, 0x01, 0x00, 0x01, 0x06,
    0x0C, 0x0C, 0x12, 0x14, 0x16, 0x16, 0x17, 0x17, 0x19, 0x19, 0x17, 0x12,
    0x08, 0x03, 0x03, 0x10, 0x23, 0x05, 0x02, 0x12, 0x13, 0x4A, 0x4D, 0x16,
    0x06, 0x01, 0x04, 0x15, 0x3C, 0xF4, 0xB0, 0x0E, 0x12, 0x09, 0x19, 0x14,
    0x03, 0x05, 0x11, 0x1B, 0x1F, 0x24, 0x25, 0x22, 0x21, 0x21, 0x22, 0x25,
    0x24, 0x2B, 0x34, 0x34, 0x32, 0x32, 0x32, 0x2D, 0x29, 0x25, 0x29, 0x29,
    0x2B, 0x25, 0x25, 0x25, 0x2B, 0x29, 0x24, 0x29, 0x24, 0x26, 0x25, 0x25,
    0x25, 0x29, 0x29, 0x29, 0x2B, 0x2D, 0x34, 0x34, 0x3D, 0x42, 0x42, 0x45,
    0x4A, 0x4C, 0x45, 0x46, 0x42, 0x43, 0x47, 0x51, 0x51, 0x57, 0x6B, 0x6C,
    0x65, 0x6C, 0x70, 0x65, 0x65, 0x68, 0x5C, 0x57, 0x55, 0x55, 0x58, 0x53,
    0x51, 0x5D, 0x6C, 0x7C, 0x84, 0x93, 0x93, 0x92, 0x95, 0x85, 0x92, 0x99,
    0x95, 0xAB, 0xA3, 0x8D, 0x9E, 0xBE, 0xA3, 0x96, 0xB2, 0xB9, 0xB2, 0xBE,
    0xC3, 0xC7, 0xDE, 0xDE, 0xD1, 0xC7, 0xC3, 0xD1, 0xE5, 0xEC, 0xE5, 0xD1,
    0xDA, 0xDA, 0xD1, 0xB2, 0xCC, 0xBE, 0xAD, 0xA3, 0xAD, 0xB9, 0xB2, 0xB9,
    0xC7, 0xCC, 0xCC, 0xCC, 0xC7, 0xBE, 0x97, 0x97, 0x9E, 0xB2, 0xB2, 0xB2,
    0xB9, 0xAD, 0xAD, 0xB9, 0xA8, 0x93, 0x89, 0x8A, 0x8A, 0x91, 0x93, 0x91,
    0xA3, 0xA3, 0xB9, 0xCC, 0xAD, 0x9A, 0x84, 0x75, 0x7D, 0x81, 0x7A, 0x7D,
    0x78, 0x87, 0x7C, 0x76, 0x6C, 0x6B, 0x72, 0x78, 0x76, 0x70, 0x6C, 0x70,
    0x6C, 0x70, 0x5A, 0x51, 0x4E, 0x4B, 0x47, 0x47, 0x45, 0x41, 0x45, 0x4B,
    0x49, 0x4C, 0x4C, 0x4A, 0x57, 0x55, 0x53, 0x47, 0x42, 0x4C, 0x53, 0x53,
    0x4C, 0x4C, 0x49, 0x46, 0x43, 0x40, 0x36, 0x34, 0x30, 0x2C, 0x2D, 0x31,
    0x2C, 0x2A, 0x30, 0x29, 0x25, 0x29, 0x2D, 0x2B, 0x2B, 0x2D, 0x29, 0x22,
    0x22, 0x29, 0x25, 0x2B, 0x2A, 0x24, 0x25, 0x29, 0x29, 0x25, 0x20, 0x16,
    0x09, 0x0A, 0x19, 0x4D, 0xF6, 0x28, 0x09, 0x0F, 0x0B, 0x06, 0x05, 0x05,
    0x03, 0x03, 0x03, 0x03, 0x04, 0x05, 0x07, 0x0B, 0x0E, 0x10, 0x15, 0x0A,
    0x0A, 0x19, 0xB0, 0x6A, 0x05, 0x0F, 0x13, 0x12, 0x12, 0x11, 0x11, 0x0E,
    0x0B, 0x09, 0x0E, 0x16, 0x11, 0x16, 0x12, 0x1A, 0xE1, 0x1C, 0x00, 0x0F,
    0x11, 0x3C, 0x17, 0x06, 0x00, 0x01, 0x06, 0x10, 0x06, 0x02, 0x07, 0x0A,
    0x0C, 0x0C, 0x0E, 0x11, 0x12, 0x12, 0x14, 0x16, 0x14, 0x0A, 0x06, 0x17,
    0x1D, 0x00, 0x07, 0x13, 0x15, 0x6D, 0x3C, 0x12, 0x04, 0x02, 0x04, 0x10,
    0x23, 0xA1, 0xF4, 0x13, 0x0D, 0x0E, 0x14, 0x19, 0x06, 0x03, 0x0F, 0x1B,
    0x21, 0x24, 0x29, 0x25, 0x21, 0x20, 0x20, 0x20, 0x20, 0x21, 0x25, 0x25,
    0x25, 0x25, 0x29, 0x2A, 0x29, 0x29, 0x2B, 0x29, 0x25, 0x26, 0x2B, 0x2D,
    0x34, 0x32, 0x34, 0x37, 0x34, 0x36, 0x39, 0x37, 0x37, 0x37, 0x37, 0x38,
    0x38, 0x40, 0x3B, 0x3D, 0x39, 0x38, 0x34, 0x34, 0x36, 0x38, 0x38, 0x38,
    0x31, 0x34, 0x34, 0x36, 0x40, 0x46, 0x4B, 0x5A, 0x55, 0x51, 0x55, 0x57,
    0x55, 0x53, 0x4B, 0x55, 0x60, 0x66, 0x6B, 0x6B, 0x6C, 0x70, 0x72, 0x65,
    0x66, 0x6D, 0x66, 0x71, 0x7A, 0x85, 0x87, 0xA2, 0xAE, 0xAE, 0xAB, 0x95,
    0x8A, 0x89, 0x89, 0x89, 0x8D, 0x93, 0x9E, 0x9E, 0x9A, 0xA8, 0xA3, 0xA3,
    0xAD, 0xB9, 0xB2, 0xB2, 0xB9, 0xD1, 0xC7, 0xA8, 0xA3, 0xA3, 0x9A, 0x9A,
    0xAD, 0xBE, 0xB9, 0xC7, 0xEF, 0xE5, 0xD6, 0xCC, 0xCC, 0xC3, 0xAD, 0xD6,
    0xDA, 0xCC, 0xD1, 0xD6, 0xD6, 0xE5, 0xDE, 0xC7, 0xBE, 0xD1, 0xD1, 0xC7,
    0xD6, 0xE5, 0xDE, 0xC3, 0xB2, 0xCC, 0xB9, 0xC3, 0xB2, 0xAD, 0xBE, 0xC3,
    0xA8, 0xA3, 0x97, 0x8D, 0x7A, 0x75, 0x75, 0x6B, 0x7C, 0x83, 0x7C, 0x87,
    0x85, 0x80, 0x80, 0x83, 0x72, 0x6B, 0x65, 0x5A, 0x4E, 0x51, 0x49, 0x55,
    0x5C, 0x68, 0x6B, 0x76, 0x6B, 0x58, 0x57, 0x55, 0x4B, 0x4A, 0x4A, 0x47,
    0x55, 0x4E, 0x51, 0x5A, 0x6B, 0x6B, 0x58, 0x4B, 0x43, 0x3D, 0x38, 0x39,
    0x31, 0x34, 0x31, 0x2F, 0x2F, 0x37, 0x36, 0x34, 0x2D, 0x29, 0x29, 0x22,
    0x21, 0x20, 0x1F, 0x22, 0x29, 0x2B, 0x2B, 0x2A, 0x2A, 0x32, 0x32, 0x32,
    0x2B, 0x25, 0x29, 0x2E, 0x2D, 0x2B, 0x2B, 0x1B, 0x10, 0x08, 0x12, 0x27,
    0xD4, 0xF4, 0x28, 0x13, 0x0C, 0x0A, 0x09, 0x09, 0x09, 0x09, 0x09, 0x0B,
    0x0B, 0x09, 0x09, 0x0E, 0x11, 0x0B, 0x11, 0x16, 0x10, 0x1A, 0xB0, 0x6A,
    0x06, 0x12, 0x13, 0x13, 0x13, 0x13, 0x13, 0x13, 0x13, 0x13, 0x13, 0x16,
    0x0F, 0x19, 0x17, 0x1D, 0xE1, 0x28, 0x01, 0x11, 0x0C, 0x2E, 0x16, 0x03,
    0x00, 0x01, 0x0C, 0x18, 0x01, 0x06, 0x07, 0x06, 0x07, 0x06, 0x05, 0x05,
    0x05, 0x05, 0x05, 0x09, 0x12, 0x15, 0x0D, 0x1E, 0x19, 0x00, 0x0B, 0x13,
    0x1B, 0x9C, 0x33, 0x16, 0x0C, 0x0A, 0x0C, 0x16, 0x27, 0x9A, 0xFD, 0x1C,
    0x0C, 0x11, 0x0E, 0x1D, 0x0A, 0x02, 0x09, 0x18, 0x1F, 0x21, 0x20, 0x1F,
    0x21, 0x20, 0x24, 0x21, 0x20, 0x21, 0x21, 0x21, 0x24, 0x24, 0x22, 0x20,
    0x1F, 0x21, 0x25, 0x2A, 0x2A, 0x2E, 0x32, 0x38, 0x38, 0x38, 0x36, 0x40,
    0x45, 0x45, 0x49, 0x49, 0x49, 0x49, 0x4B, 0x4B, 0x4C, 0x4E, 0x45, 0x42,
    0x3D, 0x3D, 0x41, 0x43, 0x43, 0x51, 0x51, 0x58, 0x60, 0x60, 0x5C, 0x58,
    0x58, 0x58, 0x4C, 0x4C, 0x4E, 0x53, 0x5A, 0x58, 0x60, 0x68, 0x76, 0x76,
    0x71, 0x7A, 0x80, 0x85, 0x92, 0x8C, 0x92, 0xAB, 0xA8, 0xA7, 0xA7, 0x9A,
    0x97, 0x95, 0xAB, 0xAB, 0xAB, 0xAB, 0x95, 0x9B, 0x9E, 0x92, 0x8A, 0x85,
    0x8D, 0x93, 0xA3, 0xA3, 0xC3, 0xC3, 0xA8, 0xAD, 0xA8, 0x9A, 0x9E, 0x97,
    0x93, 0x93, 0x89, 0xAD, 0xAD, 0xB2, 0xC7, 0xE2, 0xED, 0xEF, 0xEB, 0xCC,
    0xED, 0xEC, 0xE2, 0xE2, 0xED, 0xEC, 0xC7, 0xC3, 0xCC, 0xC7, 0xB9, 0xC7,
    0xC3, 0xB9, 0xB9, 0xD6, 0xDE, 0xD6, 0xEB, 0xE5, 0xCC, 0xD6, 0xEB, 0xD6,
    0xA3, 0x9E, 0xAD, 0xC3, 0xBE, 0xCC, 0xB2, 0xA3, 0x97, 0x97, 0x9A, 0x8D,
    0x8D, 0x9A, 0x96, 0x7D, 0x70, 0x72, 0x72, 0x72, 0x72, 0x82, 0x78, 0x6C,
    0x6F, 0x80, 0x6C, 0x68, 0x6C, 0x58, 0x5C, 0x70, 0x68, 0x60, 0x65, 0x78,
    0x6B, 0x6C, 0x70, 0x70, 0x6C, 0x5A, 0x4B, 0x5A, 0x51, 0x47, 0x4E, 0x4A,
    0x4E, 0x57, 0x60, 0x5A, 0x55, 0x53, 0x4C, 0x51, 0x4C, 0x49, 0x3D, 0x37,
    0x37, 0x37, 0x31, 0x34, 0x31, 0x37, 0x41, 0x40, 0x38, 0x37, 0x32, 0x2D,
    0x29, 0x21, 0x22, 0x24, 0x21, 0x21, 0x25, 0x2A, 0x24, 0x29, 0x2B, 0x24,
    0x22, 0x21, 0x20, 0x1B, 0x12, 0x07, 0x0D, 0x1A, 0x48, 0xE9, 0xFB, 0x6E,
    0x50, 0x50, 0x50, 0x50, 0x50, 0x50, 0x50, 0x50, 0x50, 0x50, 0x2C, 0x13,
    0x0E, 0x13, 0x09, 0x17, 0x19, 0x1A, 0xB0, 0x6A, 0x04, 0x16, 0x6E, 0x6E,
    0x6E, 0x6E, 0xB5, 0xB5, 0xB5, 0xB5, 0x6E, 0x35, 0x1C, 0x1E, 0x17, 0x1E,
    0xE1, 0x2F, 0x05, 0x11, 0x07, 0x23, 0x15, 0x02, 0x00, 0x03, 0x10, 0x52,
    0x0E, 0x01, 0x07, 0x09, 0x09, 0x09, 0x08, 0x06, 0x0B, 0x0D, 0x0B, 0x0B,
    0x0D, 0x1A, 0x16, 0x27, 0x11, 0x01, 0x10, 0x14, 0x19, 0x3E, 0x1E, 0x16,
    0x12, 0x12, 0x12, 0x16, 0x1E, 0x3C, 0xD4, 0x36, 0x09, 0x13, 0x09, 0x1A,
    0x12, 0x03, 0x06, 0x18, 0x20, 0x29, 0x22, 0x21, 0x25, 0x24, 0x24, 0x29,
    0x29, 0x2A, 0x32, 0x37, 0x32, 0x32, 0x2B, 0x29, 0x24, 0x22, 0x22, 0x25,
    0x25, 0x25, 0x2B, 0x2D, 0x2D, 0x34, 0x37, 0x34, 0x34, 0x34, 0x32, 0x31,
    0x39, 0x36, 0x3D, 0x54, 0x5A, 0x5C, 0x65, 0x68, 0x5C, 0x53, 0x4E, 0x49,
    0x47, 0x46, 0x4C, 0x4B, 0x4B, 0x51, 0x51, 0x57, 0x55, 0x58, 0x5A, 0x57,
    0x4E, 0x51, 0x58, 0x5C, 0x65, 0x6C, 0x5C, 0x60, 0x7A, 0x86, 0x82, 0x83,
    0x95, 0x92, 0x92, 0x95, 0x89, 0x8A, 0x8E, 0x8E, 0x96, 0x92, 0x9B, 0xA6,
    0x92, 0x8C, 0x87, 0xA6, 0xB9, 0xAD, 0xB2, 0x97, 0x8A, 0x8A, 0x91, 0x93,
    0x96, 0xA3, 0xB2, 0xC7, 0xC3, 0xD1, 0xD1, 0xB2, 0xAD, 0xAD, 0xB2, 0xB9,
    0xC3, 0xC3, 0xD6, 0xDE, 0xEF, 0xEB, 0xEB, 0xEF, 0xCC, 0xC7, 0xBE, 0xB2,
    0xA3, 0xB2, 0xBE, 0xBE, 0xC3, 0xD1, 0xD6, 0xDE, 0xE2, 0xE2, 0xDA, 0xCC,
    0xB9, 0x9E, 0xB2, 0xB2, 0x93, 0x97, 0x97, 0xA3, 0xA8, 0x9E, 0x96, 0x9E,
    0xCC, 0xCC, 0xBE, 0xBB, 0xA6, 0x9B, 0x92, 0x85, 0x76, 0x71, 0x75, 0x73,
    0x86, 0x8A, 0x8C, 0x8C, 0x7C, 0x80, 0x7A, 0x6C, 0x60, 0x69, 0x69, 0x5C,
    0x66, 0x74, 0x76, 0x70, 0x70, 0x7C, 0x72, 0x7C, 0x68, 0x6B, 0x76, 0x80,
    0x72, 0x76, 0x6C, 0x6C, 0x6B, 0x5C, 0x55, 0x49, 0x47, 0x4A, 0x53, 0x4E,
    0x4C, 0x4A, 0x58, 0x5C, 0x55, 0x51, 0x4B, 0x49, 0x42, 0x42, 0x41, 0x39,
    0x34, 0x36, 0x34, 0x34, 0x37, 0x37, 0x30, 0x2B, 0x2D, 0x2D, 0x2D, 0x2D,
    0x2A, 0x25, 0x24, 0x24, 0x22, 0x24, 0x22, 0x20, 0x21, 0x22, 0x21, 0x1D,
    0x18, 0x0B, 0x07, 0x12, 0x23, 0x4F, 0xE9, 0xFD, 0xFD, 0xFB, 0xFB, 0xFB,
    0xFB, 0xFB, 0xFB, 0xFB, 0xFB, 0xFB, 0xFD, 0x6E, 0x13, 0x13, 0x11, 0x0E,
    0x1E, 0x1E, 0xE1, 0x6E, 0x04, 0x18, 0x6A, 0xE7, 0xE7, 0xF9, 0xFB, 0xFB,
    0xFB, 0xFB, 0xFB, 0xFB, 0x6F, 0x1E, 0x15, 0x1A, 0xE1, 0x50, 0x07, 0x11,
    0x07, 0x1E, 0x16, 0x03, 0x00, 0x03, 0x12, 0x82, 0xE7, 0x35, 0x50, 0x50,
    0x50, 0x50, 0x50, 0x36, 0x11, 0x0E, 0x10, 0x0C, 0x10, 0x23, 0x1A, 0x2E,
    0x07, 0x03, 0x11, 0x14, 0x06, 0x02, 0x03, 0x03, 0x03, 0x03, 0x03, 0x03,
    0x03, 0x00, 0x13, 0x29, 0x0B, 0x15, 0x09, 0x18, 0x17, 0x03, 0x05, 0x14,
    0x20, 0x2A, 0x2B, 0x26, 0x29, 0x2B, 0x29, 0x29, 0x29, 0x29, 0x2A, 0x2D,
    0x2D, 0x32, 0x2D, 0x2B, 0x2D, 0x2E, 0x32, 0x34, 0x30, 0x2D, 0x2D, 0x25,
    0x2B, 0x2E, 0x2D, 0x2D, 0x2D, 0x2A, 0x2D, 0x2D, 0x30, 0x30, 0x30, 0x39,
    0x34, 0x34, 0x38, 0x36, 0x36, 0x37, 0x3D, 0x45, 0x49, 0x4A, 0x49, 0x47,
    0x46, 0x43, 0x42, 0x41, 0x3D, 0x41, 0x46, 0x46, 0x4A, 0x51, 0x58, 0x60,
    0x60, 0x5C, 0x6B, 0x6C, 0x75, 0x72, 0x6B, 0x6C, 0x76, 0x7A, 0x81, 0x84,
    0x77, 0x84, 0x89, 0x75, 0x86, 0x99, 0xA6, 0xBB, 0xC0, 0xA6, 0xAE, 0xBE,
    0xA2, 0x8C, 0x91, 0x91, 0x8D, 0x9E, 0xB9, 0xC3, 0xB9, 0xAD, 0xBE, 0xAD,
    0x9E, 0xA3, 0x9A, 0xA8, 0xA8, 0x97, 0x9E, 0xCC, 0xDE, 0xDA, 0xDE, 0xEB,
    0xEC, 0xEC, 0xEF, 0xF2, 0xEC, 0xE5, 0xEB, 0xE5, 0xD1, 0xC7, 0xCC, 0xC7,
    0xB2, 0xBE, 0xC3, 0xC7, 0xC3, 0xC7, 0xB9, 0xC3, 0xAD, 0x96, 0x9E, 0x9A,
    0x96, 0x97, 0x8A, 0x91, 0x9A, 0x8D, 0x8A, 0x89, 0x86, 0x81, 0x91, 0x8C,
    0x92, 0xA2, 0x95, 0x83, 0x83, 0x89, 0x89, 0x86, 0x89, 0x7F, 0x82, 0x82,
    0x6C, 0x6C, 0x7D, 0x7A, 0x6D, 0x69, 0x5B, 0x60, 0x54, 0x4E, 0x4E, 0x4A,
    0x53, 0x53, 0x5C, 0x6B, 0x65, 0x58, 0x55, 0x58, 0x51, 0x60, 0x55, 0x4E,
    0x5A, 0x68, 0x65, 0x65, 0x65, 0x6B, 0x65, 0x65, 0x55, 0x4C, 0x55, 0x53,
    0x46, 0x41, 0x45, 0x41, 0x45, 0x4A, 0x49, 0x4B, 0x46, 0x4A, 0x42, 0x3D,
    0x43, 0x39, 0x37, 0x32, 0x38, 0x40, 0x40, 0x40, 0x3D, 0x3D, 0x32, 0x2E,
    0x2D, 0x2B, 0x29, 0x29, 0x25, 0x25, 0x25, 0x24, 0x1F, 0x16, 0x09, 0x08,
    0x15, 0x23, 0x4D, 0x8F, 0xE9, 0xE9, 0xF6, 0xF6, 0xF6, 0xF6, 0xF6, 0xF6,
    0xF6, 0xF6, 0xF6, 0xFD, 0x3B, 0x0B, 0x14, 0x09, 0x1E, 0x27, 0xE1, 0x6E,
    0x04, 0x15, 0x18, 0xB7, 0xF7, 0xF1, 0xE9, 0xF1, 0xF1, 0xE9, 0xC0, 0x84,
    0x2E, 0x17, 0x10, 0x1A, 0xB0, 0x6E, 0x09, 0x10, 0x07, 0x19, 0x19, 0x03,
    0x00, 0x03, 0x12, 0x33, 0xFD, 0xFD, 0xFB, 0xFB, 0xFB, 0xFB, 0xFB, 0xFB,
    0x50, 0x07, 0x10, 0x0B, 0x14, 0x33, 0x27, 0x25, 0x00, 0x07, 0x11, 0x13,
    0x0C, 0x0C, 0x0A, 0x0A, 0x08, 0x08, 0x08, 0x07, 0x07, 0x08, 0x06, 0x08,
    0x10, 0x15, 0x0E, 0x11, 0x1A, 0x06, 0x03, 0x0E, 0x1B, 0x24, 0x25, 0x29,
    0x2A, 0x2E, 0x32, 0x32, 0x2E, 0x32, 0x32, 0x32, 0x32, 0x37, 0x32, 0x32,
    0x32, 0x32, 0x3E, 0x3E, 0x3D, 0x40, 0x42, 0x37, 0x3D, 0x38, 0x30, 0x30,
    0x36, 0x3E, 0x3D, 0x38, 0x3D, 0x46, 0x47, 0x45, 0x41, 0x41, 0x41, 0x40,
    0x40, 0x37, 0x40, 0x40, 0x41, 0x46, 0x4A, 0x4B, 0x49, 0x4E, 0x51, 0x58,
    0x58, 0x53, 0x4C, 0x53, 0x55, 0x57, 0x5C, 0x65, 0x5C, 0x60, 0x72, 0x5A,
    0x5C, 0x5C, 0x57, 0x5A, 0x66, 0x66, 0x69, 0x76, 0x71, 0x75, 0x75, 0x75,
    0x71, 0x70, 0x7C, 0x80, 0x82, 0x8A, 0x97, 0x95, 0x9B, 0xAB, 0x9B, 0x99,
    0x9E, 0xA8, 0xAD, 0x9E, 0xBE, 0xAD, 0xA8, 0xB9, 0xAD, 0x9E, 0x93, 0x96,
    0x96, 0x89, 0x97, 0xB2, 0xBE, 0xC3, 0xDE, 0xE2, 0xDE, 0xDE, 0xDE, 0xCC,
    0xE5, 0xDA, 0xD6, 0xC7, 0xC7, 0xD6, 0xC7, 0xA8, 0xA3, 0xB9, 0xBE, 0xE2,
    0xEF, 0xF3, 0xF2, 0xEF, 0xEF, 0xEC, 0xEC, 0xDA, 0xD1, 0xB9, 0x9E, 0xAD,
    0xBE, 0xBE, 0xB2, 0xB9, 0xAD, 0xC3, 0xB2, 0xA2, 0x99, 0x99, 0x95, 0x95,
    0x92, 0x84, 0x84, 0x7A, 0x66, 0x58, 0x55, 0x4E, 0x53, 0x57, 0x6D, 0x75,
    0x7A, 0x81, 0x7D, 0x6D, 0x60, 0x5A, 0x58, 0x53, 0x4E, 0x4B, 0x4E, 0x58,
    0x70, 0x60, 0x5A, 0x55, 0x51, 0x5A, 0x57, 0x4B, 0x45, 0x57, 0x58, 0x55,
    0x51, 0x49, 0x43, 0x46, 0x46, 0x40, 0x36, 0x34, 0x37, 0x36, 0x3B, 0x3B,
    0x36, 0x38, 0x41, 0x39, 0x38, 0x36, 0x31, 0x30, 0x30, 0x2C, 0x2A, 0x2A,
    0x31, 0x34, 0x31, 0x31, 0x31, 0x2D, 0x2A, 0x29, 0x2B, 0x2D, 0x2B, 0x25,
    0x25, 0x24, 0x24, 0x24, 0x1F, 0x18, 0x0B, 0x05, 0x08, 0x14, 0x1E, 0x33,
    0x48, 0x4F, 0x61, 0x61, 0x61, 0x61, 0x79, 0x79, 0x88, 0xA0, 0xF0, 0xFD,
    0xB0, 0x0E, 0x15, 0x09, 0x1D, 0x3C, 0xE1, 0x6A, 0x05, 0x15, 0x18, 0x88,
    0xCA, 0x4F, 0x4F, 0x4F, 0x4F, 0x4D, 0x3C, 0x27, 0x19, 0x0F, 0x0C, 0x17,
    0x5E, 0xE7, 0x13, 0x0F, 0x09, 0x10, 0x1D, 0x06, 0x01, 0x02, 0x0D, 0x1E,
    0x4F, 0xE9, 0xF6, 0xF6, 0xF7, 0xF6, 0xF7, 0xFD, 0xE1, 0x0D, 0x10, 0x09,
    0x19, 0x3C, 0x3C, 0x1B, 0x00, 0x0B, 0x0E, 0x0E, 0x0E, 0x0E, 0x0E, 0x0F,
    0x0F, 0x0F, 0x0F, 0x0F, 0x0F, 0x0F, 0x0F, 0x0D, 0x0F, 0x12, 0x13, 0x09,
    0x1D, 0x0A, 0x03, 0x07, 0x18, 0x1F, 0x21, 0x21, 0x21, 0x22, 0x25, 0x2B,
    0x29, 0x2A, 0x2A, 0x24, 0x24, 0x22, 0x21, 0x22, 0x29, 0x32, 0x34, 0x32,
    0x34, 0x34, 0x34, 0x34, 0x38, 0x38, 0x3D, 0x38, 0x36, 0x38, 0x3D, 0x38,
    0x37, 0x38, 0x3F, 0x41, 0x41, 0x49, 0x4B, 0x46, 0x4A, 0x49, 0x45, 0x45,
    0x43, 0x41, 0x40, 0x45, 0x49, 0x49, 0x46, 0x40, 0x45, 0x49, 0x4C, 0x49,
    0x47, 0x4C, 0x55, 0x6B, 0x70, 0x78, 0x8C, 0x9B, 0xA2, 0x95, 0x99, 0x8C,
    0x83, 0x7A, 0x7A, 0x81, 0x7A, 0x7A, 0x8D, 0x8E, 0x9F, 0xB3, 0xAB, 0xA2,
    0x99, 0x99, 0x91, 0x91, 0xAB, 0x95, 0x8C, 0x95, 0x8A, 0x84, 0x7D, 0x75,
    0x7A, 0x71, 0x7D, 0xA3, 0xB2, 0xB2, 0xCC, 0xCC, 0xCC, 0xCC, 0xC3, 0xAD,
    0xBE, 0xC7, 0xD6, 0xDA, 0xDE, 0xE5, 0xEB, 0xEB, 0xEF, 0xEF, 0xEC, 0xED,
    0xEF, 0xEF, 0xEC, 0xE5, 0xC3, 0xB2, 0xBE, 0xD1, 0xD6, 0xE2, 0xEB, 0xEB,
    0xE2, 0xE2, 0xC7, 0xA3, 0xA8, 0xA8, 0x9A, 0x93, 0x85, 0x85, 0x87, 0x9B,
    0x9B, 0x95, 0x9B, 0x99, 0x92, 0x97, 0x89, 0x84, 0x86, 0x86, 0x89, 0x8D,
    0x93, 0x97, 0x8C, 0x82, 0x7A, 0x6D, 0x69, 0x66, 0x56, 0x54, 0x58, 0x5A,
    0x5A, 0x68, 0x6B, 0x5C, 0x57, 0x57, 0x4B, 0x45, 0x49, 0x40, 0x41, 0x40,
    0x39, 0x3D, 0x3D, 0x34, 0x3D, 0x43, 0x40, 0x37, 0x40, 0x45, 0x47, 0x41,
    0x47, 0x47, 0x39, 0x40, 0x40, 0x39, 0x34, 0x36, 0x30, 0x2D, 0x31, 0x31,
    0x31, 0x34, 0x37, 0x34, 0x30, 0x2C, 0x32, 0x2D, 0x2A, 0x31, 0x2D, 0x29,
    0x25, 0x24, 0x25, 0x25, 0x21, 0x22, 0x21, 0x1F, 0x21, 0x21, 0x21, 0x21,
    0x1F, 0x18, 0x0B, 0x03, 0x02, 0x06, 0x10, 0x16, 0x1A, 0x1E, 0x1E, 0x1E,
    0x1E, 0x1E, 0x1E, 0x1E, 0x23, 0x33, 0x4F, 0xF2, 0xE1, 0x0E, 0x15, 0x09,
    0x1B, 0x48, 0xE1, 0x6E, 0x09, 0x15, 0x15, 0x48, 0x3C, 0x1E, 0x1A, 0x1A,
    0x1A, 0x1A, 0x19, 0x16, 0x0C, 0x06, 0x06, 0x16, 0x41, 0xFB, 0x1C, 0x0D,
    0x11, 0x05, 0x1D, 0x10, 0x02, 0x02, 0x07, 0x16, 0x23, 0x48, 0x4F, 0x61,
    0x79, 0x88, 0xF0, 0xF7, 0x2F, 0x09, 0x10, 0x09, 0x1E, 0x48, 0x4D, 0x14,
    0x00, 0x0E, 0x3B, 0x50, 0x36, 0x2F, 0x28, 0x28, 0x1C, 0x18, 0x18, 0x18,
    0x18, 0x18, 0x18, 0x18, 0x18, 0x13, 0x15, 0x07, 0x1A, 0x12, 0x03, 0x05,
    0x16, 0x1D, 0x21, 0x24, 0x24, 0x21, 0x20, 0x21, 0x20, 0x20, 0x25, 0x2A,
    0x29, 0x29, 0x29, 0x2B, 0x32, 0x32, 0x32, 0x2B, 0x29, 0x2B, 0x29, 0x2F,
    0x2D, 0x2B, 0x2B, 0x29, 0x29, 0x30, 0x32, 0x32, 0x32, 0x37, 0x3D, 0x41,
    0x43, 0x43, 0x40, 0x40, 0x47, 0x4B, 0x43, 0x40, 0x45, 0x4B, 0x4B, 0x5A,
    0x5C, 0x68, 0x65, 0x5C, 0x6B, 0x60, 0x57, 0x5A, 0x58, 0x53, 0x4B, 0x51,
    0x4C, 0x57, 0x76, 0x8C, 0x85, 0x80, 0x7C, 0x72, 0x6C, 0x6B, 0x71, 0x70,
    0x5C, 0x60, 0x6C, 0x7D, 0x89, 0x91, 0x8E, 0x8C, 0x99, 0x9B, 0x97, 0x85,
    0x83, 0x99, 0x99, 0xA6, 0xAC, 0xB9, 0xCC, 0xC3, 0xAD, 0x91, 0x8D, 0x8A,
    0x89, 0x81, 0x7A, 0x86, 0x9E, 0xC7, 0xC3, 0xD6, 0xD1, 0xDA, 0xD1, 0xD1,
    0xB9, 0x9E, 0x9E, 0x9E, 0xEF, 0xF2, 0xF3, 0xF2, 0xE5, 0xD6, 0xEB, 0xEB,
    0xDA, 0xCC, 0xDA, 0xE5, 0xEF, 0xEF, 0xEF, 0xEB, 0xDA, 0xDE, 0xCC, 0x9E,
    0x8D, 0x89, 0x8D, 0x89, 0x8C, 0x95, 0x9B, 0x92, 0x85, 0x8C, 0x8C, 0x8C,
    0x84, 0x91, 0x8D, 0x9A, 0xA3, 0x8A, 0x93, 0xA3, 0xA3, 0xB2, 0xA6, 0x92,
    0x7E, 0x75, 0x75, 0x6D, 0x75, 0x71, 0x66, 0x60, 0x68, 0x6C, 0x70, 0x72,
    0x68, 0x68, 0x72, 0x65, 0x6C, 0x6C, 0x6B, 0x6C, 0x70, 0x5C, 0x53, 0x51,
    0x51, 0x53, 0x55, 0x4E, 0x47, 0x4A, 0x4B, 0x4B, 0x53, 0x4E, 0x47, 0x42,
    0x40, 0x40, 0x36, 0x34, 0x34, 0x31, 0x34, 0x38, 0x37, 0x37, 0x37, 0x31,
    0x30, 0x2D, 0x2A, 0x29, 0x29, 0x30, 0x31, 0x2D, 0x32, 0x32, 0x2A, 0x29,
    0x24, 0x24, 0x20, 0x20, 0x21, 0x20, 0x21, 0x20, 0x1B, 0x15, 0x07, 0x01,
    0x00, 0x02, 0x04, 0x08, 0x0C, 0x0F, 0x0F, 0x0F, 0x0F, 0x10, 0x10, 0x10,
    0x12, 0x17, 0x27, 0xB1, 0xB0, 0x0B, 0x14, 0x09, 0x1B, 0x4F, 0xD4, 0x6E,
    0x0B, 0x15, 0x13, 0x33, 0x1E, 0x12, 0x0D, 0x0C, 0x0D, 0x0C, 0x08, 0x06,
    0x03, 0x01, 0x03, 0x10, 0x2E, 0xF4, 0x50, 0x0B, 0x14, 0x05, 0x12, 0x19,
    0x06, 0x02, 0x03, 0x08, 0x14, 0x1A, 0x1E, 0x1E, 0x23, 0x33, 0x88, 0x14,
    0x00, 0x09, 0x12, 0x09, 0x33, 0x48, 0x54, 0x09, 0x03, 0x15, 0xB0, 0xFB,
    0xFB, 0xFB, 0xFB, 0xFB, 0xFB, 0xF4, 0xE7, 0xE7, 0xF4, 0xE7, 0xE7, 0xF4,
    0x6E, 0x13, 0x15, 0x09, 0x17, 0x19, 0x04, 0x05, 0x13, 0x1D, 0x22, 0x24,
    0x20, 0x22, 0x29, 0x29, 0x25, 0x29, 0x2B, 0x2A, 0x2B, 0x2A, 0x29, 0x25,
    0x25, 0x29, 0x2D, 0x32, 0x32, 0x34, 0x32, 0x34, 0x31, 0x2D, 0x29, 0x29,
    0x25, 0x2D, 0x32, 0x2D, 0x32, 0x37, 0x40, 0x47, 0x47, 0x46, 0x42, 0x43,
    0x3D, 0x36, 0x41, 0x41, 0x40, 0x43, 0x4E, 0x57, 0x55, 0x55, 0x53, 0x5A,
    0x65, 0x57, 0x53, 0x5A, 0x6B, 0x6C, 0x70, 0x78, 0x72, 0x6C, 0x7C, 0x70,
    0x72, 0x6C, 0x72, 0x6C, 0x72, 0x5C, 0x60, 0x6C, 0x6C, 0x68, 0x6C, 0x7A,
    0x71, 0x7A, 0x75, 0x77, 0x83, 0x8C, 0x99, 0x9B, 0xA6, 0xA9, 0x92, 0x9B,
    0xBB, 0xC9, 0xDB, 0xCC, 0xB9, 0xC7, 0xC3, 0xB9, 0xB2, 0xB9, 0xAD, 0xAD,
    0xB2, 0xCC, 0xE2, 0xE5, 0xED, 0xE5, 0xEC, 0xEB, 0xE2, 0xEB, 0xE2, 0xED,
    0xEF, 0xF3, 0xF3, 0xED, 0xE2, 0xC3, 0xC7, 0xCC, 0xC3, 0xC3, 0xCC, 0xE5,
    0xEB, 0xED, 0xED, 0xE2, 0xDE, 0xED, 0xED, 0xE2, 0xE2, 0xCC, 0xB9, 0xBE,
    0xBB, 0xBA, 0xB3, 0x95, 0x8C, 0x8C, 0x95, 0x95, 0x97, 0x91, 0x8D, 0x9A,
    0x8A, 0x81, 0x83, 0x84, 0x7D, 0x6C, 0x60, 0x5C, 0x7E, 0x9A, 0x8A, 0x84,
    0x7A, 0x84, 0x8C, 0x8C, 0x76, 0x76, 0x6B, 0x6C, 0x7C, 0x82, 0x78, 0x6B,
    0x68, 0x57, 0x58, 0x5A, 0x55, 0x4C, 0x43, 0x45, 0x43, 0x41, 0x3D, 0x40,
    0x40, 0x41, 0x49, 0x42, 0x40, 0x40, 0x3D, 0x34, 0x36, 0x34, 0x31, 0x31,
    0x37, 0x3D, 0x3D, 0x3D, 0x3D, 0x40, 0x39, 0x38, 0x34, 0x2F, 0x30, 0x29,
    0x29, 0x2D, 0x29, 0x2B, 0x32, 0x32, 0x2D, 0x2A, 0x25, 0x29, 0x29, 0x24,
    0x20, 0x1C, 0x1D, 0x1D, 0x18, 0x0E, 0x03, 0x00, 0x02, 0x04, 0x06, 0x06,
    0x06, 0x06, 0x06, 0x06, 0x06, 0x06, 0x06, 0x06, 0x07, 0x10, 0x1D, 0x95,
    0x28, 0x09, 0x14, 0x09, 0x1D, 0x4F, 0xD4, 0x6A, 0x0B, 0x15, 0x13, 0x2E,
    0x1A, 0x0A, 0x05, 0x04, 0x04, 0x04, 0x04, 0x03, 0x02, 0x02, 0x03, 0x0D,
    0x1E, 0xB0, 0xE7, 0x13, 0x11, 0x11, 0x03, 0x17, 0x12, 0x04, 0x02, 0x03,
    0x06, 0x0C, 0x10, 0x12, 0x16, 0x27, 0x23, 0x00, 0x05, 0x0E, 0x12, 0x13,
    0x4D, 0x4D, 0x49, 0x05, 0x07, 0x18, 0x18, 0xB0, 0xFD, 0xF6, 0xF6, 0xF6,
    0xF6, 0xF6, 0xF6, 0xF6, 0xF6, 0xF6, 0xF6, 0xFD, 0xF4, 0x13, 0x13, 0x0E,
    0x11, 0x1A, 0x06, 0x03, 0x0E, 0x19, 0x20, 0x20, 0x21, 0x22, 0x25, 0x29,
    0x2E, 0x32, 0x2D, 0x2B, 0x2B, 0x2B, 0x29, 0x25, 0x29, 0x2B, 0x2B, 0x2D,
    0x32, 0x32, 0x32, 0x36, 0x34, 0x2D, 0x32, 0x34, 0x30, 0x29, 0x29, 0x2D,
    0x2B, 0x2D, 0x2C, 0x34, 0x34, 0x34, 0x40, 0x39, 0x37, 0x34, 0x31, 0x31,
    0x31, 0x30, 0x41, 0x4B, 0x51, 0x4C, 0x57, 0x68, 0x6C, 0x5C, 0x57, 0x57,
    0x4E, 0x53, 0x60, 0x70, 0x6C, 0x70, 0x7C, 0x7C, 0x80, 0x80, 0x7C, 0x82,
    0x80, 0x82, 0x8C, 0x8C, 0x82, 0x8C, 0x92, 0x7D, 0x81, 0x86, 0x7A, 0x84,
    0x87, 0x8C, 0x8C, 0x83, 0x8C, 0x95, 0x98, 0x8C, 0x95, 0x99, 0x93, 0x93,
    0x8D, 0xAD, 0xE5, 0xE5, 0xEB, 0xE5, 0xEB, 0xEB, 0xE2, 0xDA, 0xD6, 0xDA,
    0xD6, 0xEB, 0xF2, 0xEF, 0xEC, 0xEC, 0xDA, 0xDE, 0xED, 0xEC, 0xDE, 0xE2,
    0xEB, 0xE2, 0xEF, 0xED, 0xEC, 0xEB, 0xEC, 0xEB, 0xE5, 0xEC, 0xE2, 0xDE,
    0xE2, 0xDA, 0xE5, 0xEB, 0xE2, 0xE5, 0xE5, 0xDE, 0xDA, 0xDA, 0xC7, 0xA8,
    0x96, 0x91, 0x93, 0x91, 0x93, 0x96, 0x86, 0x81, 0x71, 0x76, 0x85, 0x76,
    0x72, 0x76, 0x75, 0x71, 0x6D, 0x6D, 0x69, 0x69, 0x5B, 0x65, 0x70, 0x65,
    0x68, 0x6C, 0x6C, 0x6B, 0x6B, 0x5A, 0x55, 0x6B, 0x6C, 0x60, 0x57, 0x55,
    0x4B, 0x49, 0x49, 0x46, 0x41, 0x40, 0x38, 0x37, 0x36, 0x38, 0x40, 0x41,
    0x39, 0x39, 0x3D, 0x39, 0x39, 0x36, 0x34, 0x34, 0x34, 0x34, 0x31, 0x34,
    0x3D, 0x3D, 0x31, 0x34, 0x3A, 0x36, 0x37, 0x34, 0x38, 0x37, 0x34, 0x2D,
    0x25, 0x29, 0x25, 0x24, 0x25, 0x21, 0x24, 0x2D, 0x2D, 0x2A, 0x25, 0x20,
    0x18, 0x08, 0x01, 0x03, 0x08, 0x0A, 0x0F, 0x12, 0x10, 0x0D, 0x0A, 0x08,
    0x08, 0x08, 0x08, 0x0A, 0x0F, 0x16, 0x27, 0x2B, 0x05, 0x09, 0x13, 0x05,
    0x23, 0x4F, 0xD4, 0x6A, 0x0A, 0x14, 0x12, 0x3C, 0x1E, 0x10, 0x0C, 0x0A,
    0x0A, 0x0A, 0x08, 0x0A, 0x08, 0x08, 0x07, 0x0D, 0x1A, 0x4D, 0xFB, 0x2F,
    0x0B, 0x14, 0x0B, 0x08, 0x19, 0x12, 0x07, 0x04, 0x04, 0x06, 0x08, 0x0C,
    0x17, 0x1D, 0x03, 0x00, 0x0B, 0x11, 0x0E, 0x21, 0x61, 0x56, 0x3A, 0x03,
    0x0C, 0x11, 0x11, 0xD3, 0xD3, 0x8F, 0x88, 0x88, 0x88, 0x88, 0x88, 0x88,
    0x88, 0x88, 0xCA, 0xF8, 0xFD, 0x1C, 0x11, 0x13, 0x09, 0x1E, 0x0C, 0x03,
    0x09, 0x19, 0x20, 0x20, 0x20, 0x21, 0x22, 0x21, 0x24, 0x29, 0x2B, 0x2A,
    0x2B, 0x32, 0x32, 0x32, 0x34, 0x38, 0x37, 0x32, 0x32, 0x2B, 0x24, 0x2D,
    0x32, 0x32, 0x34, 0x38, 0x3D, 0x3E, 0x40, 0x49, 0x47, 0x41, 0x41, 0x41,
    0x3D, 0x42, 0x46, 0x42, 0x4A, 0x51, 0x4A, 0x55, 0x53, 0x52, 0x55, 0x51,
    0x49, 0x4C, 0x51, 0x49, 0x53, 0x53, 0x6C, 0x78, 0x6C, 0x70, 0x83, 0x83,
    0x7C, 0x78, 0x78, 0x6C, 0x80, 0x82, 0x82, 0x92, 0x99, 0x9B, 0x99, 0x9B,
    0x9B, 0x99, 0x8C, 0x8E, 0x8A, 0x85, 0x87, 0x81, 0x8A, 0x92, 0x95, 0x8C,
    0x8C, 0x87, 0x91, 0x8D, 0x8A, 0x91, 0x8D, 0x89, 0x91, 0xA3, 0x9A, 0x91,
    0x86, 0x8A, 0xA3, 0xA3, 0xA3, 0xB2, 0xD6, 0xE5, 0xDE, 0xC7, 0xD1, 0xDA,
    0xDA, 0xE2, 0xEB, 0xD1, 0xF2, 0xF3, 0xEF, 0xF2, 0xF7, 0xF3, 0xED, 0xEC,
    0xD6, 0xDA, 0xC7, 0xD1, 0xD1, 0xE5, 0xEC, 0xE2, 0xC7, 0xC3, 0xAD, 0xA8,
    0xB2, 0xA3, 0xB2, 0xA8, 0xAD, 0xB2, 0xB2, 0xA8, 0x9E, 0x9E, 0x93, 0x97,
    0x93, 0x9A, 0x96, 0x8A, 0x89, 0x85, 0x87, 0x87, 0x82, 0x83, 0x93, 0x84,
    0x7A, 0x84, 0x84, 0x81, 0x76, 0x70, 0x6C, 0x65, 0x60, 0x60, 0x58, 0x4C,
    0x4A, 0x57, 0x58, 0x5C, 0x6C, 0x6C, 0x65, 0x5C, 0x5A, 0x60, 0x57, 0x53,
    0x55, 0x49, 0x46, 0x47, 0x46, 0x42, 0x46, 0x46, 0x40, 0x41, 0x49, 0x45,
    0x39, 0x39, 0x3D, 0x37, 0x39, 0x31, 0x31, 0x30, 0x31, 0x2A, 0x29, 0x25,
    0x22, 0x22, 0x22, 0x22, 0x24, 0x25, 0x29, 0x22, 0x22, 0x24, 0x20, 0x21,
    0x29, 0x24, 0x25, 0x2D, 0x2B, 0x2A, 0x2A, 0x20, 0x14, 0x07, 0x03, 0x0A,
    0x0C, 0x01, 0x0F, 0x17, 0x16, 0x16, 0x16, 0x16, 0x15, 0x15, 0x14, 0x14,
    0x12, 0x14, 0x10, 0x01, 0x02, 0x09, 0x13, 0x09, 0x3C, 0x48, 0xD4, 0x6A,
    0x0A, 0x14, 0x11, 0x1E, 0x1D, 0x15, 0x14, 0x12, 0x14, 0x15, 0x15, 0x15,
    0x15, 0x14, 0x14, 0x14, 0x19, 0x3C, 0xD4, 0xE7, 0x18, 0x0F, 0x14, 0x0E,
    0x11, 0x17, 0x16, 0x12, 0x0F, 0x0F, 0x12, 0x16, 0x16, 0x03, 0x00, 0x07,
    0x11, 0x0F, 0x13, 0x57, 0x48, 0x60, 0x25, 0x02, 0x0E, 0x11, 0x1B, 0x8F,
    0x3C, 0x27, 0x23, 0x23, 0x23, 0x23, 0x23, 0x23, 0x23, 0x27, 0x3C, 0x79,
    0xFD, 0x28, 0x0B, 0x15, 0x07, 0x1A, 0x12, 0x03, 0x08, 0x16, 0x1F, 0x21,
    0x21, 0x25, 0x22, 0x22, 0x25, 0x24, 0x21, 0x22, 0x24, 0x21, 0x24, 0x24,
    0x25, 0x29, 0x2B, 0x2D, 0x2D, 0x32, 0x2B, 0x2B, 0x2B, 0x2B, 0x2D, 0x37,
    0x38, 0x34, 0x3D, 0x42, 0x40, 0x40, 0x45, 0x43, 0x40, 0x42, 0x41, 0x3D,
    0x40, 0x43, 0x49, 0x4C, 0x58, 0x58, 0x58, 0x65, 0x5C, 0x60, 0x60, 0x6C,
    0x6C, 0x68, 0x6C, 0x72, 0x70, 0x60, 0x6C, 0x68, 0x76, 0x85, 0x78, 0x87,
    0x82, 0x7C, 0x76, 0x72, 0x6C, 0x6B, 0x78, 0x82, 0x80, 0x92, 0x87, 0x7D,
    0x86, 0x9B, 0x95, 0x83, 0x8D, 0x95, 0x95, 0x8C, 0x87, 0x85, 0x86, 0x8C,
    0xA8, 0x9A, 0x9E, 0x96, 0xA3, 0xCC, 0xD6, 0xC7, 0xB9, 0xB2, 0xC7, 0xC7,
    0xC7, 0xBE, 0xAD, 0xBE, 0xC3, 0x9E, 0xA3, 0xB9, 0xBE, 0xC3, 0xEB, 0xF2,
    0xF2, 0xE5, 0xD6, 0xD1, 0xE5, 0xEF, 0xED, 0xED, 0xEB, 0xED, 0xD6, 0xC3,
    0xBE, 0xC7, 0xD6, 0xE2, 0xD6, 0xE5, 0xD1, 0xEB, 0xEF, 0xE2, 0xE2, 0xDA,
    0xC3, 0xA3, 0xAD, 0xA8, 0x97, 0x91, 0x97, 0x96, 0x91, 0xBE, 0xBE, 0x99,
    0x95, 0x91, 0x85, 0x8A, 0x87, 0x7A, 0x71, 0x6B, 0x66, 0x58, 0x59, 0x4E,
    0x57, 0x57, 0x5C, 0x76, 0x80, 0x72, 0x6C, 0x65, 0x65, 0x5A, 0x53, 0x4E,
    0x53, 0x53, 0x4A, 0x49, 0x4B, 0x4C, 0x4A, 0x46, 0x4C, 0x45, 0x45, 0x40,
    0x38, 0x40, 0x40, 0x3D, 0x39, 0x31, 0x39, 0x3D, 0x39, 0x40, 0x3D, 0x39,
    0x36, 0x31, 0x36, 0x31, 0x34, 0x37, 0x37, 0x38, 0x3D, 0x34, 0x32, 0x2D,
    0x2A, 0x25, 0x25, 0x24, 0x25, 0x21, 0x1F, 0x1C, 0x1C, 0x1D, 0x1F, 0x1F,
    0x1D, 0x1C, 0x1F, 0x1B, 0x0E, 0x06, 0x06, 0x10, 0x01, 0x00, 0x07, 0x14,
    0x12, 0x13, 0x13, 0x12, 0x11, 0x0C, 0x07, 0x04, 0x01, 0x00, 0x00, 0x02,
    0x07, 0x0E, 0x0E, 0x22, 0x5F, 0x3C, 0xD4, 0x6A, 0x0B, 0x12, 0x15, 0x0E,
    0x11, 0x14, 0x13, 0x12, 0x12, 0x12, 0x11, 0x11, 0x10, 0x12, 0x15, 0x12,
    0x1A, 0x23, 0x5F, 0xF4, 0x6E, 0x11, 0x11, 0x11, 0x0F, 0x10, 0x14, 0x17,
    0x12, 0x0D, 0x0C, 0x06, 0x00, 0x00, 0x09, 0x13, 0x0F, 0x0E, 0x36, 0x79,
    0x3C, 0x90, 0x1F, 0x04, 0x11, 0x0E, 0x27, 0x48, 0x19, 0x14, 0x12, 0x12,
    0x12, 0x12, 0x14, 0x12, 0x12, 0x14, 0x19, 0x33, 0xF6, 0x50, 0x09, 0x18,
    0x09, 0x17, 0x17, 0x04, 0x06, 0x16, 0x21, 0x25, 0x24, 0x24, 0x24, 0x24,
    0x29, 0x2B, 0x2B, 0x2B, 0x2B, 0x2D, 0x2B, 0x2B, 0x2B, 0x2A, 0x25, 0x25,
    0x2A, 0x2A, 0x22, 0x22, 0x21, 0x21, 0x29, 0x2A, 0x29, 0x24, 0x29, 0x30,
    0x2D, 0x30, 0x31, 0x31, 0x34, 0x3D, 0x41, 0x40, 0x43, 0x42, 0x45, 0x4B,
    0x51, 0x51, 0x4E, 0x5A, 0x55, 0x51, 0x4C, 0x4C, 0x4B, 0x4C, 0x60, 0x70,
    0x6C, 0x70, 0x7C, 0x72, 0x60, 0x57, 0x60, 0x6B, 0x6C, 0x82, 0x82, 0x95,
    0x8C, 0x99, 0xBB, 0xAB, 0x99, 0x8A, 0x91, 0x84, 0x81, 0x92, 0x95, 0x8A,
    0x8D, 0xA6, 0x9A, 0x97, 0x9B, 0x95, 0x97, 0xB2, 0xBE, 0xA3, 0x91, 0x89,
    0x8A, 0x89, 0x91, 0x91, 0x8A, 0x89, 0x96, 0xD6, 0xE2, 0xCC, 0xC3, 0xC7,
    0xD6, 0xC3, 0xB9, 0xAD, 0xA3, 0xA8, 0xC3, 0xB2, 0xEF, 0xEB, 0xEC, 0xEB,
    0xED, 0xF3, 0xF2, 0xEC, 0xEF, 0xEF, 0xE2, 0xDE, 0xDE, 0xC7, 0xAD, 0xA8,
    0xA8, 0xBE, 0xAD, 0x9E, 0x96, 0x97, 0x97, 0x8D, 0x89, 0x81, 0x81, 0x7D,
    0x84, 0x7A, 0x75, 0x6D, 0x75, 0x80, 0x8C, 0x78, 0x80, 0x9A, 0xAD, 0x92,
    0x92, 0x84, 0x84, 0x91, 0x9B, 0x92, 0x86, 0x7A, 0x81, 0x80, 0x70, 0x6B,
    0x70, 0x68, 0x58, 0x57, 0x57, 0x5A, 0x68, 0x6B, 0x68, 0x6C, 0x5A, 0x4A,
    0x46, 0x43, 0x40, 0x3D, 0x42, 0x43, 0x46, 0x4B, 0x51, 0x4C, 0x49, 0x4A,
    0x43, 0x40, 0x40, 0x36, 0x31, 0x37, 0x37, 0x38, 0x3F, 0x38, 0x37, 0x30,
    0x31, 0x34, 0x31, 0x2D, 0x2D, 0x2A, 0x2D, 0x2B, 0x26, 0x29, 0x29, 0x24,
    0x24, 0x24, 0x22, 0x20, 0x1F, 0x1D, 0x1D, 0x20, 0x20, 0x20, 0x20, 0x19,
    0x0E, 0x05, 0x0A, 0x18, 0x11, 0x02, 0x05, 0x05, 0x05, 0x05, 0x05, 0x05,
    0x03, 0x01, 0x01, 0x02, 0x02, 0x05, 0x07, 0x09, 0x0B, 0x13, 0x18, 0x7C,
    0x3C, 0x27, 0xD4, 0x6A, 0x0C, 0x12, 0x15, 0x16, 0x15, 0x16, 0x15, 0x14,
    0x13, 0x11, 0x11, 0x0B, 0x06, 0x08, 0x14, 0x0E, 0x19, 0x1E, 0x3C, 0xA1,
    0xFB, 0x6A, 0x13, 0x09, 0x0E, 0x0E, 0x0B, 0x05, 0x01, 0x00, 0x00, 0x00,
    0x04, 0x0A, 0x0E, 0x0C, 0x13, 0x35, 0x90, 0x48, 0x2E, 0xE1, 0x1C, 0x07,
    0x14, 0x0F, 0x33, 0x27, 0x0F, 0x08, 0x08, 0x0C, 0x0D, 0x0C, 0x0C, 0x0D,
    0x0A, 0x07, 0x0F, 0x1A, 0xA1, 0x6E, 0x07, 0x15, 0x0B, 0x13, 0x1A, 0x06,
    0x06, 0x15, 0x1F, 0x21, 0x25, 0x2B, 0x29, 0x2B, 0x29, 0x29, 0x2A, 0x2A,
    0x29, 0x24, 0x24, 0x25, 0x29, 0x2A, 0x29, 0x24, 0x29, 0x29, 0x25, 0x29,
    0x24, 0x22, 0x24, 0x25, 0x25, 0x25, 0x25, 0x30, 0x31, 0x31, 0x30, 0x31,
    0x3D, 0x37, 0x3D, 0x40, 0x45, 0x4A, 0x51, 0x5C, 0x65, 0x55, 0x4E, 0x55,
    0x65, 0x58, 0x5C, 0x55, 0x5C, 0x6C, 0x82, 0x83, 0x72, 0x76, 0x76, 0x76,
    0x6C, 0x70, 0x68, 0x5A, 0x60, 0x65, 0x65, 0x70, 0x6B, 0x65, 0x68, 0x68,
    0x6B, 0x5B, 0x65, 0x69, 0x6C, 0x6C, 0x6C, 0x6C, 0x6B, 0x70, 0x75, 0x7D,
    0x76, 0x80, 0x9F, 0xC3, 0xC3, 0xB2, 0xC3, 0xC3, 0xBE, 0xB9, 0xD1, 0xCC,
    0xC7, 0xAD, 0x9E, 0xA3, 0xA8, 0xA8, 0xAD, 0xB9, 0xB2, 0xB2, 0xCC, 0xEB,
    0xEF, 0xE5, 0xC3, 0xD1, 0xF3, 0xF3, 0xF7, 0xF3, 0xF3, 0xEF, 0xEF, 0xF3,
    0xF7, 0xF7, 0xF3, 0xF7, 0xF8, 0xF3, 0xEF, 0xEC, 0xE5, 0xD1, 0xEC, 0xEB,
    0xDE, 0xDA, 0xD6, 0xD1, 0xCC, 0xC7, 0xCC, 0xBE, 0xA8, 0x97, 0x9F, 0xB2,
    0xAB, 0x8C, 0x87, 0x95, 0x8C, 0x99, 0x8A, 0x85, 0x95, 0xA6, 0xAD, 0xAB,
    0x99, 0x92, 0x89, 0x7A, 0x70, 0x70, 0x70, 0x6C, 0x68, 0x6C, 0x6B, 0x60,
    0x60, 0x68, 0x6C, 0x76, 0x72, 0x78, 0x87, 0x80, 0x80, 0x80, 0x72, 0x58,
    0x6C, 0x68, 0x4C, 0x65, 0x57, 0x47, 0x49, 0x45, 0x42, 0x40, 0x41, 0x38,
    0x34, 0x2D, 0x31, 0x30, 0x2F, 0x30, 0x2A, 0x22, 0x22, 0x25, 0x29, 0x24,
    0x22, 0x25, 0x25, 0x29, 0x22, 0x22, 0x25, 0x22, 0x29, 0x2B, 0x34, 0x32,
    0x2A, 0x29, 0x2A, 0x2B, 0x2B, 0x2E, 0x29, 0x1D, 0x11, 0x06, 0x0A, 0x26,
    0xF4, 0x0E, 0x07, 0x09, 0x09, 0x09, 0x09, 0x09, 0x09, 0x09, 0x09, 0x09,
    0x09, 0x09, 0x09, 0x13, 0x28, 0x35, 0x6A, 0x5F, 0x1E, 0x1E, 0xE1, 0x6E,
    0x08, 0x0F, 0x0E, 0x11, 0x11, 0x11, 0x11, 0x0E, 0x0E, 0x11, 0x0E, 0x0E,
    0x09, 0x06, 0x14, 0x0E, 0x19, 0x1A, 0x1D, 0x48, 0xD4, 0xFB, 0x6E, 0x1C,
    0x09, 0x07, 0x0A, 0x07, 0x04, 0x05, 0x06, 0x06, 0x07, 0x09, 0x0E, 0x28,
    0x6E, 0xE1, 0x5F, 0x23, 0x23, 0xE1, 0x28, 0x07, 0x0E, 0x0E, 0x3C, 0x1A,
    0x07, 0x07, 0x10, 0x16, 0x18, 0x18, 0x18, 0x16, 0x11, 0x07, 0x07, 0x16,
    0x48, 0xF4, 0x13, 0x0D, 0x09, 0x0E, 0x1A, 0x06, 0x07, 0x15, 0x1C, 0x21,
    0x22, 0x21, 0x22, 0x21, 0x20, 0x20, 0x1F, 0x21, 0x22, 0x25, 0x24, 0x24,
    0x25, 0x25, 0x25, 0x29, 0x2B, 0x32, 0x34, 0x37, 0x39, 0x38, 0x38, 0x3D,
    0x37, 0x3D, 0x3D, 0x38, 0x38, 0x39, 0x40, 0x40, 0x42, 0x43, 0x42, 0x43,
    0x43, 0x42, 0x42, 0x49, 0x58, 0x5A, 0x55, 0x5A, 0x6C, 0x72, 0x68, 0x68,
    0x70, 0x76, 0x7C, 0x83, 0x82, 0x87, 0x8C, 0x95, 0x95, 0xA2, 0x9B, 0x8C,
    0x85, 0x87, 0x85, 0x9B, 0xA6, 0xA2, 0x9B, 0x9B, 0x97, 0x9A, 0x9A, 0x8D,
    0x86, 0x8C, 0x95, 0x99, 0xA6, 0xAE, 0xAD, 0x97, 0xA2, 0x9B, 0x9A, 0x96,
    0x8D, 0x96, 0xC3, 0xBE, 0xD1, 0xDE, 0xD6, 0xC7, 0xC3, 0xB2, 0xAD, 0xAD,
    0xAD, 0xAD, 0xB9, 0xCC, 0xCC, 0xD1, 0xE5, 0xEF, 0xEC, 0xEF, 0xEF, 0xF3,
    0xC3, 0xCC, 0xEB, 0xD6, 0xD1, 0xAD, 0xAD, 0xB9, 0x9A, 0x9A, 0x9E, 0x96,
    0x89, 0x86, 0x8A, 0xAD, 0xA8, 0x9A, 0x9E, 0x96, 0x91, 0x91, 0x93, 0x91,
    0x96, 0x81, 0x76, 0x75, 0x76, 0x85, 0x8A, 0x86, 0x8A, 0x95, 0xA6, 0xBB,
    0xBA, 0xA6, 0xAE, 0xA2, 0xA2, 0xA2, 0xAC, 0xBC, 0xA9, 0x95, 0x99, 0xA2,
    0x95, 0x95, 0x92, 0x7C, 0x83, 0x78, 0x70, 0x6B, 0x83, 0x83, 0x83, 0x80,
    0x83, 0x9B, 0x92, 0x82, 0x78, 0x87, 0x87, 0x7C, 0x83, 0x70, 0x65, 0x6C,
    0x68, 0x55, 0x57, 0x58, 0x55, 0x47, 0x42, 0x45, 0x40, 0x3D, 0x39, 0x37,
    0x34, 0x34, 0x37, 0x37, 0x34, 0x30, 0x32, 0x38, 0x38, 0x3A, 0x3D, 0x34,
    0x2A, 0x29, 0x29, 0x21, 0x21, 0x20, 0x21, 0x20, 0x20, 0x1F, 0x1D, 0x1F,
    0x20, 0x24, 0x21, 0x1C, 0x13, 0x06, 0x0C, 0x1D, 0xD4, 0xB0, 0x2C, 0x1C,
    0x18, 0x18, 0x13, 0x13, 0x13, 0x13, 0x13, 0x15, 0x18, 0x1C, 0x35, 0xE7,
    0xF9, 0xF4, 0x85, 0x27, 0x19, 0x1A, 0x5E, 0xFB, 0x1F, 0x18, 0x18, 0x1C,
    0x1C, 0x1C, 0x1C, 0x1C, 0x1C, 0x1C, 0x1C, 0x1C, 0x1C, 0x1C, 0x18, 0x18,
    0x23, 0x17, 0x15, 0x1E, 0x4F, 0xD4, 0xF5, 0xE7, 0x6A, 0x28, 0x18, 0x13,
    0x13, 0x13, 0x13, 0x18, 0x28, 0x35, 0xE7, 0xF9, 0xF4, 0x79, 0x27, 0x19,
    0x1A, 0xB0, 0x6E, 0x18, 0x18, 0x3A, 0x33, 0x12, 0x06, 0x0C, 0x18, 0x1C,
    0x1D, 0x1C, 0x1D, 0x1D, 0x19, 0x0E, 0x06, 0x12, 0x27, 0xF4, 0xE7, 0x28,
    0x1C, 0x1B, 0x1A, 0x06, 0x08, 0x18, 0x20, 0x29, 0x24, 0x24, 0x25, 0x29,
    0x25, 0x25, 0x25, 0x2B, 0x2D, 0x32, 0x34, 0x32, 0x32, 0x32, 0x32, 0x32,
    0x2E, 0x2B, 0x2D, 0x2D, 0x30, 0x2D, 0x2D, 0x2D, 0x2D, 0x34, 0x3D, 0x38,
    0x36, 0x36, 0x3D, 0x40, 0x41, 0x47, 0x47, 0x40, 0x40, 0x45, 0x46, 0x42,
    0x43, 0x46, 0x45, 0x42, 0x41, 0x41, 0x40, 0x46, 0x4B, 0x49, 0x47, 0x4E,
    0x4C, 0x49, 0x45, 0x45, 0x49, 0x42, 0x42, 0x46, 0x4C, 0x6B, 0x6C, 0x6C,
    0x65, 0x65, 0x72, 0x6C, 0x6C, 0x6B, 0x6C, 0x65, 0x56, 0x6B, 0x8C, 0x95,
    0x92, 0x95, 0x99, 0xC0, 0xBB, 0xBB, 0xBE, 0xC3, 0xC7, 0xBE, 0xD1, 0xC7,
    0xE5, 0xEF, 0xDE, 0xE2, 0xED, 0xED, 0xE2, 0xEB, 0xE2, 0xCC, 0xCC, 0xE5,
    0xED, 0xEF, 0xF7, 0xF7, 0xF3, 0xF7, 0xF7, 0xF7, 0xF7, 0xEF, 0xEB, 0xDA,
    0xDA, 0xD1, 0xB9, 0xB9, 0xA3, 0xA3, 0x9E, 0x9A, 0x96, 0x9E, 0xBE, 0xAD,
    0xAD, 0xBE, 0xC3, 0xC7, 0xB2, 0xA3, 0xA8, 0xB9, 0xDA, 0xD1, 0xC9, 0xC0,
    0xC0, 0xB3, 0xAE, 0x9A, 0x8D, 0x87, 0x99, 0xB3, 0xAE, 0x9B, 0x95, 0x92,
    0x82, 0x76, 0x6D, 0x66, 0x66, 0x60, 0x65, 0x6C, 0x70, 0x72, 0x6C, 0x72,
    0x6C, 0x65, 0x6C, 0x72, 0x6B, 0x6C, 0x68, 0x6C, 0x68, 0x68, 0x6C, 0x6C,
    0x6C, 0x6B, 0x76, 0x72, 0x6C, 0x72, 0x65, 0x5C, 0x6B, 0x60, 0x55, 0x51,
    0x4C, 0x4C, 0x42, 0x45, 0x46, 0x4B, 0x4B, 0x45, 0x42, 0x40, 0x3D, 0x30,
    0x2D, 0x31, 0x34, 0x30, 0x2A, 0x29, 0x20, 0x20, 0x1D, 0x19, 0x19, 0x18,
    0x18, 0x18, 0x18, 0x18, 0x19, 0x19, 0x19, 0x1B, 0x1D, 0x1F, 0x1D, 0x1B,
    0x15, 0x07, 0x08, 0x19, 0x3C, 0xE9, 0xFD, 0xFD, 0xF4, 0xF4, 0xE7, 0xE7,
    0xE7, 0xE7, 0xE7, 0xE7, 0xF9, 0xFB, 0xFB, 0xF4, 0xE9, 0x8A, 0x3C, 0x19,
    0x10, 0x16, 0x33, 0xF4, 0xFB, 0xF9, 0xF9, 0xFB, 0xFA, 0xFB, 0xFB, 0xFA,
    0xFA, 0xFB, 0xFB, 0xFB, 0xFA, 0xFB, 0xFA, 0xE1, 0x26, 0x10, 0x0C, 0x14,
    0x23, 0x4F, 0xB7, 0xF4, 0xFA, 0xFA, 0xE7, 0xE7, 0xE7, 0xE7, 0xE7, 0xF9,
    0xFA, 0xFA, 0xFB, 0xE9, 0x79, 0x33, 0x17, 0x10, 0x17, 0x3C, 0xE1, 0xF4,
    0xF6, 0x8E, 0x1E, 0x0D, 0x05, 0x0C, 0x18, 0x1B, 0x1B, 0x1B, 0x1B, 0x1B,
    0x19, 0x11, 0x06, 0x0C, 0x1A, 0x5E, 0xFD, 0xFD, 0xE9, 0x3C, 0x16, 0x06,
    0x08, 0x18, 0x20, 0x24, 0x24, 0x25, 0x29, 0x2A, 0x29, 0x25, 0x29, 0x25,
    0x24, 0x25, 0x29, 0x2B, 0x2B, 0x24, 0x22, 0x24, 0x24, 0x24, 0x24, 0x25,
    0x30, 0x34, 0x34, 0x31, 0x34, 0x36, 0x39, 0x36, 0x36, 0x3D, 0x38, 0x39,
    0x41, 0x43, 0x49, 0x4B, 0x4A, 0x55, 0x5C, 0x57, 0x6B, 0x68, 0x68, 0x70,
    0x6C, 0x6B, 0x60, 0x55, 0x4B, 0x51, 0x57, 0x4A, 0x4A, 0x4C, 0x4A, 0x47,
    0x4C, 0x4C, 0x4E, 0x4E, 0x5A, 0x57, 0x60, 0x6C, 0x78, 0x7C, 0x85, 0x83,
    0x95, 0x9B, 0xA2, 0xAD, 0x95, 0xA2, 0xAB, 0x99, 0x95, 0x92, 0x87, 0xAE,
    0xD0, 0xBB, 0xBE, 0xBE, 0xB2, 0xA8, 0x9A, 0x8A, 0x8D, 0x8D, 0x91, 0x93,
    0x9E, 0xA8, 0xB2, 0xB2, 0xCC, 0xD1, 0xA8, 0xB9, 0xC7, 0xC7, 0xD6, 0xE5,
    0xEC, 0xED, 0xF2, 0xEF, 0xEF, 0xEC, 0xEF, 0xF2, 0xEF, 0xED, 0xDA, 0xE2,
    0xE5, 0xDE, 0xCC, 0xBE, 0xAD, 0xAD, 0x9E, 0x9A, 0xB9, 0xAD, 0xAD, 0xC3,
    0xBE, 0x9A, 0xB2, 0xB9, 0xBE, 0xC3, 0xBB, 0xAE, 0xB3, 0xC0, 0xBE, 0xB9,
    0xAD, 0xA6, 0x9B, 0x92, 0x99, 0x95, 0x8C, 0x87, 0x82, 0x84, 0x7A, 0x77,
    0x77, 0x71, 0x6C, 0x60, 0x6C, 0x6C, 0x6C, 0x6C, 0x5C, 0x5A, 0x60, 0x57,
    0x4C, 0x4B, 0x46, 0x51, 0x60, 0x58, 0x58, 0x5C, 0x65, 0x58, 0x55, 0x4E,
    0x47, 0x47, 0x46, 0x47, 0x49, 0x4A, 0x47, 0x42, 0x43, 0x40, 0x3D, 0x3D,
    0x37, 0x39, 0x37, 0x37, 0x39, 0x38, 0x38, 0x30, 0x31, 0x34, 0x32, 0x25,
    0x1D, 0x19, 0x16, 0x13, 0x11, 0x0E, 0x0C, 0x0A, 0x09, 0x09, 0x09, 0x0B,
    0x0C, 0x0F, 0x11, 0x11, 0x14, 0x18, 0x1B, 0x1B, 0x18, 0x0D, 0x08, 0x12,
    0x1E, 0x48, 0x88, 0xEA, 0xF3, 0xF7, 0xF6, 0xFD, 0xFD, 0xFD, 0xFD, 0xF6,
    0xF6, 0xF1, 0xD8, 0x8F, 0x4F, 0x2E, 0x19, 0x0D, 0x08, 0x0F, 0x1D, 0x4D,
    0xD4, 0xF6, 0xF6, 0xF6, 0xF6, 0xF6, 0xF6, 0xF6, 0xF6, 0xF6, 0xF6, 0xF6,
    0xF6, 0xE9, 0xD4, 0x4A, 0x1A, 0x0C, 0x04, 0x08, 0x15, 0x23, 0x48, 0x9C,
    0xE9, 0xF4, 0xFB, 0xFB, 0xFA, 0xFB, 0xFB, 0xFB, 0xFB, 0xF6, 0xBB, 0x61,
    0x2E, 0x19, 0x0C, 0x07, 0x10, 0x1E, 0x45, 0x8E, 0x61, 0x27, 0x17, 0x07,
    0x05, 0x0A, 0x0F, 0x11, 0x11, 0x12, 0x12, 0x11, 0x11, 0x0B, 0x04, 0x07,
    0x15, 0x27, 0x5F, 0x89, 0x4D, 0x1E, 0x10, 0x06, 0x08, 0x13, 0x16, 0x19,
    0x1B, 0x1D, 0x24, 0x25, 0x24, 0x24, 0x29, 0x29, 0x29, 0x29, 0x25, 0x25,
    0x21, 0x1D, 0x1B, 0x1B, 0x1B, 0x1B, 0x1F, 0x25, 0x36, 0x40, 0x40, 0x40,
    0x42, 0x45, 0x4E, 0x46, 0x42, 0x45, 0x45, 0x46, 0x45, 0x49, 0x4B, 0x4B,
    0x4E, 0x4C, 0x51, 0x53, 0x55, 0x55, 0x55, 0x53, 0x55, 0x58, 0x57, 0x5C,
    0x6B, 0x65, 0x68, 0x6B, 0x68, 0x72, 0x78, 0x72, 0x6C, 0x6B, 0x60, 0x5A,
    0x65, 0x58, 0x6B, 0x68, 0x6B, 0x72, 0x78, 0x78, 0x78, 0x85, 0x92, 0x8D,
    0x96, 0xB3, 0xAE, 0xA2, 0xA2, 0xA2, 0xB3, 0xA2, 0x99, 0x95, 0x97, 0xAD,
    0x9A, 0x91, 0x97, 0x9A, 0xAD, 0xAD, 0xBE, 0x9E, 0x93, 0x9A, 0x9A, 0x9E,
    0xAD, 0x9A, 0x96, 0xA8, 0xA8, 0xC3, 0xB2, 0xB2, 0xB9, 0xDE, 0xE2, 0xBE,
    0xDE, 0xD1, 0xDA, 0xDA, 0xD1, 0xE2, 0xDA, 0xDE, 0xEB, 0xED, 0xEB, 0xE5,
    0xE5, 0xC7, 0xA3, 0xC7, 0xDA, 0xC7, 0xBE, 0xA3, 0x97, 0x93, 0x93, 0xA8,
    0x96, 0x96, 0x93, 0x96, 0x91, 0x89, 0x85, 0x87, 0x87, 0x80, 0x78, 0x75,
    0x69, 0x7A, 0x92, 0xA3, 0xA8, 0xA9, 0x9D, 0x98, 0x97, 0x93, 0x83, 0x82,
    0x80, 0x83, 0x95, 0x95, 0x92, 0x85, 0x78, 0x72, 0x6C, 0x68, 0x65, 0x65,
    0x68, 0x60, 0x57, 0x55, 0x55, 0x53, 0x55, 0x5C, 0x65, 0x57, 0x4E, 0x4B,
    0x43, 0x4A, 0x4B, 0x45, 0x43, 0x45, 0x47, 0x4C, 0x5A, 0x57, 0x4B, 0x43,
    0x36, 0x31, 0x34, 0x2F, 0x2C, 0x29, 0x21, 0x1B, 0x16, 0x11, 0x0C, 0x07,
    0x05, 0x03, 0x03, 0x02, 0x02, 0x02, 0x02, 0x03, 0x02, 0x03, 0x03, 0x04,
    0x06, 0x08, 0x0C, 0x12, 0x15, 0x12, 0x0A, 0x0A, 0x14, 0x1B, 0x2E, 0x3C,
    0x4D, 0x4F, 0x79, 0x88, 0x88, 0x88, 0x88, 0x88, 0x61, 0x4F, 0x48, 0x33,
    0x1E, 0x17, 0x0D, 0x05, 0x03, 0x07, 0x14, 0x23, 0x3C, 0x4F, 0x61, 0x61,
    0x61, 0x61, 0x61, 0x61, 0x61, 0x61, 0x61, 0x61, 0x61, 0x4F, 0x3C, 0x1E,
    0x12, 0x06, 0x02, 0x03, 0x07, 0x12, 0x1A, 0x33, 0x4F, 0x8F, 0xD0, 0xE9,
    0xE9, 0xF6, 0xE9, 0xD8, 0x9C, 0x61, 0x3C, 0x23, 0x17, 0x0A, 0x04, 0x02,
    0x07, 0x14, 0x1E, 0x27, 0x23, 0x19, 0x0C, 0x04, 0x02, 0x04, 0x06, 0x05,
    0x05, 0x05, 0x05, 0x05, 0x05, 0x05, 0x03, 0x03, 0x0A, 0x17, 0x1E, 0x27,
    0x1E, 0x15, 0x0A, 0x05, 0x07, 0x0B, 0x0B, 0x0D, 0x11, 0x16, 0x1B, 0x20,
    0x21, 0x24, 0x22, 0x21, 0x24, 0x24, 0x2D, 0x25, 0x1B, 0x16, 0x11, 0x10,
    0x0E, 0x11, 0x16, 0x1B, 0x20, 0x2B, 0x32, 0x34, 0x37, 0x38, 0x3D, 0x37,
    0x39, 0x38, 0x34, 0x34, 0x34, 0x3B, 0x3B, 0x37, 0x37, 0x39, 0x40, 0x3D,
    0x40, 0x42, 0x42, 0x42, 0x45, 0x45, 0x43, 0x4B, 0x4B, 0x4C, 0x65, 0x68,
    0x6C, 0x6B, 0x7C, 0x85, 0x7C, 0x72, 0x6B, 0x60, 0x6C, 0x78, 0x80, 0x78,
    0x6D, 0x66, 0x71, 0x6D, 0x70, 0x82, 0x8C, 0x85, 0x87, 0x92, 0x83, 0x7A,
    0x7D, 0x81, 0x80, 0x85, 0x84, 0x85, 0x86, 0x91, 0xA3, 0xAD, 0xC3, 0xCC,
    0xC3, 0xCC, 0xCC, 0xCC, 0xB2, 0xBE, 0xDE, 0xEB, 0xEC, 0xDE, 0xE2, 0xEB,
    0xE2, 0xD6, 0xCC, 0xE2, 0xDE, 0xD1, 0xE5, 0xEC, 0xDA, 0xD6, 0xE2, 0xDE,
    0xEB, 0xEC, 0xE2, 0xDA, 0xEF, 0xF3, 0xEF, 0xED, 0xF3, 0xF3, 0xEF, 0xEF,
    0xEF, 0xEF, 0xEF, 0xEC, 0xDA, 0xDA, 0xD1, 0xDA, 0xD1, 0xCC, 0xCC, 0xDE,
    0xE2, 0xD2, 0xC9, 0xC0, 0xD7, 0xBB, 0xA6, 0x83, 0x7D, 0x71, 0x65, 0x6D,
    0x6D, 0x60, 0x69, 0x66, 0x66, 0x7D, 0x92, 0x8C, 0x82, 0x78, 0x87, 0x85,
    0x7C, 0x83, 0x72, 0x6C, 0x85, 0x85, 0x87, 0x87, 0x80, 0x6B, 0x6C, 0x60,
    0x55, 0x4C, 0x4E, 0x4B, 0x47, 0x45, 0x4B, 0x51, 0x55, 0x55, 0x4C, 0x43,
    0x45, 0x43, 0x40, 0x39, 0x39, 0x39, 0x38, 0x31, 0x36, 0x38, 0x3B, 0x3F,
    0x36, 0x21, 0x19, 0x11, 0x07, 0x03, 0x02, 0x00, 0x00, 0x01, 0x01, 0x01,
    0x01, 0x01, 0x01, 0x01, 0x01, 0x01, 0x01, 0x01, 0x01, 0x01, 0x02, 0x05,
    0x0C, 0x11, 0x0E, 0x0B, 0x0B, 0x10, 0x16, 0x19, 0x1A, 0x1E, 0x1E, 0x23,
    0x23, 0x23, 0x23, 0x23, 0x1E, 0x1A, 0x19, 0x16, 0x10, 0x08, 0x04, 0x02,
    0x00, 0x02, 0x08, 0x12, 0x1A, 0x1D, 0x1E, 0x1E, 0x1E, 0x1E, 0x1E, 0x1E,
    0x1E, 0x1E, 0x1E, 0x1E, 0x1E, 0x1D, 0x19, 0x12, 0x08, 0x02, 0x01, 0x01,
    0x02, 0x06, 0x0F, 0x17, 0x1E, 0x2E, 0x3C, 0x48, 0x4F, 0x4F, 0x4F, 0x48,
    0x33, 0x23, 0x19, 0x12, 0x08, 0x03, 0x01, 0x01, 0x03, 0x08, 0x10, 0x14,
    0x12, 0x0A, 0x05, 0x01, 0x00, 0x01, 0x01, 0x01, 0x01, 0x01, 0x01, 0x01,
    0x01, 0x01, 0x01, 0x01, 0x04, 0x0A, 0x12, 0x15, 0x12, 0x0B, 0x06, 0x03,
    0x03, 0x02, 0x02, 0x02, 0x04, 0x09, 0x14, 0x1B, 0x21, 0x2D, 0x2D, 0x2B,
    0x2B, 0x2A, 0x22, 0x1B, 0x13, 0x08, 0x04, 0x02, 0x03, 0x03, 0x06, 0x0E,
    0x19, 0x21, 0x2D, 0x31, 0x34, 0x31, 0x2F, 0x2A, 0x29, 0x29, 0x2D, 0x2A,
    0x31, 0x42, 0x42, 0x43, 0x49, 0x47, 0x4C, 0x51, 0x55, 0x4E, 0x4E, 0x4B,
    0x4B, 0x4E, 0x49, 0x45, 0x47, 0x65, 0x6C, 0x6C, 0x5A, 0x6C, 0x85, 0x8C,
    0x8C, 0x7C, 0x72, 0x8C, 0x95, 0x95, 0x8C, 0x8C, 0x9B, 0x96, 0x91, 0x8D,
    0x8C, 0x99, 0xAE, 0xC9, 0xD0, 0xD0, 0xD7, 0xCC, 0xC7, 0xBB, 0xA6, 0x95,
    0x9E, 0x96, 0x96, 0x7D, 0x75, 0x84, 0x84, 0x84, 0x81, 0x8D, 0x9E, 0xBE,
    0xCC, 0xCC, 0xDA, 0xD6, 0xDE, 0xDA, 0xC7, 0xC7, 0xC3, 0xCC, 0xEF, 0xF3,
    0xF3, 0xF3, 0xF3, 0xF2, 0xC7, 0xBE, 0xAD, 0xAD, 0xA8, 0xAD, 0xC7, 0xC7,
    0xD1, 0xDA, 0xDA, 0xD6, 0xDA, 0xD6, 0xC7, 0xBE, 0xB2, 0xC7, 0xD1, 0xD1,
    0xD1, 0xD6, 0xD1, 0xCC, 0xC3, 0xB2, 0xB2, 0x9E, 0x93, 0x96, 0x96, 0x95,
    0xC0, 0xD0, 0xD0, 0xA6, 0x7A, 0x71, 0x6D, 0x60, 0x60, 0x5F, 0x5B, 0x54,
    0x59, 0x59, 0x5A, 0x5A, 0x5A, 0x60, 0x70, 0x66, 0x5C, 0x6C, 0x6C, 0x6C,
    0x72, 0x60, 0x65, 0x70, 0x78, 0x6C, 0x60, 0x65, 0x5C, 0x60, 0x5C, 0x5C,
    0x5A, 0x65, 0x7C, 0x78, 0x6C, 0x6C, 0x5C, 0x53, 0x51, 0x43, 0x3D, 0x40,
    0x46, 0x43, 0x41, 0x4B, 0x5A, 0x55, 0x57, 0x52, 0x34, 0x1C, 0x11, 0x05,
    0x02, 0x01, 0x01, 0x02, 0x03, 0x05, 0x07, 0x08, 0x0A, 0x08, 0x08, 0x08,
    0x07, 0x06, 0x04, 0x03, 0x02, 0x01, 0x01, 0x02, 0x05, 0x0F, 0x14, 0x11,
    0x0D, 0x09, 0x07, 0x0A, 0x0C, 0x0D, 0x10, 0x12, 0x12, 0x12, 0x12, 0x12,
    0x0F, 0x0D, 0x0A, 0x06, 0x04, 0x02, 0x01, 0x00, 0x00, 0x01, 0x03, 0x06,
    0x0A, 0x0D, 0x0F, 0x0F, 0x0F, 0x0F, 0x0F, 0x0F, 0x0F, 0x0F, 0x0F, 0x0F,
    0x0F, 0x0D, 0x0A, 0x05, 0x02, 0x02, 0x06, 0x06, 0x04, 0x02, 0x04, 0x08,
    0x0F, 0x16, 0x19, 0x1A, 0x1D, 0x1D, 0x1A, 0x19, 0x16, 0x12, 0x0A, 0x06,
    0x04, 0x06, 0x06, 0x03, 0x01, 0x02, 0x04, 0x06, 0x05, 0x03, 0x01, 0x00,
    0x00, 0x01, 0x01, 0x01, 0x01, 0x02, 0x02, 0x02, 0x02, 0x01, 0x01, 0x00,
    0x01, 0x03, 0x06, 0x06, 0x07, 0x05, 0x03, 0x01, 0x01, 0x01, 0x01, 0x01,
    0x01, 0x03, 0x0A, 0x18, 0x21, 0x32, 0x37, 0x34, 0x32, 0x32, 0x20, 0x15,
    0x08, 0x02, 0x00, 0x01, 0x01, 0x01, 0x01, 0x05, 0x11, 0x1B, 0x2D, 0x39,
    0x3F, 0x3D, 0x3D, 0x42, 0x40, 0x3D, 0x3D, 0x37, 0x36, 0x47, 0x51, 0x4A,
    0x4C, 0x42, 0x40, 0x47, 0x49, 0x4B, 0x49, 0x42, 0x45, 0x46, 0x42, 0x46,
    0x47, 0x46, 0x42, 0x46, 0x4C, 0x68, 0x70, 0x6C, 0x6C, 0x76, 0x80, 0x72,
    0x6B, 0x6B, 0x6C, 0x70, 0x7A, 0x86, 0x84, 0x8C, 0x85, 0x91, 0x8C, 0x92,
    0x95, 0x8A, 0x86, 0x8A, 0x8C, 0x8C, 0x8A, 0x84, 0x7A, 0x76, 0x84, 0x7A,
    0x7A, 0x89, 0x8D, 0x86, 0x81, 0x81, 0x84, 0x8D, 0x91, 0x96, 0xA8, 0xA8,
    0xBE, 0xD1, 0xCC, 0xC7, 0xDA, 0xD6, 0xD6, 0xE2, 0xED, 0xEC, 0xE5, 0xED,
    0xE2, 0xDE, 0xDA, 0xDA, 0xD6, 0xDE, 0xDA, 0xD6, 0xD6, 0xDA, 0xD6, 0xD1,
    0xCC, 0xC7, 0xBE, 0x9E, 0x97, 0x9A, 0x9E, 0x9E, 0xA3, 0x96, 0x97, 0xA8,
    0xB9, 0x9A, 0x97, 0x9A, 0x93, 0x89, 0x84, 0x84, 0x8A, 0x8C, 0x83, 0x8D,
    0x7D, 0x7A, 0x7A, 0x7A, 0x6D, 0x7E, 0x89, 0x89, 0x8A, 0x93, 0x8C, 0x92,
    0x99, 0x99, 0x81, 0x75, 0x76, 0x76, 0x72, 0x6C, 0x6C, 0x6C, 0x70, 0x80,
    0x7C, 0x78, 0x72, 0x5C, 0x53, 0x58, 0x4E, 0x43, 0x45, 0x47, 0x4E, 0x51,
    0x4E, 0x53, 0x5C, 0x65, 0x57, 0x53, 0x53, 0x4C, 0x4C, 0x4A, 0x46, 0x45,
    0x4A, 0x4B, 0x40, 0x2F, 0x1F, 0x13, 0x05, 0x01, 0x01, 0x03, 0x08, 0x0F,
    0x12, 0x10, 0x10, 0x10, 0x0F, 0x0D, 0x0D, 0x0F, 0x14, 0x15, 0x12, 0x10,
    0x0C, 0x07, 0x03, 0x01, 0x02, 0x08, 0x14, 0x18, 0x14, 0x0A, 0x03, 0x02,
    0x03, 0x06, 0x08, 0x06, 0x05, 0x06, 0x08, 0x08, 0x08, 0x06, 0x03, 0x01,
    0x00, 0x00, 0x01, 0x04, 0x08, 0x0A, 0x08, 0x08, 0x08, 0x08, 0x08, 0x08,
    0x08, 0x08, 0x08, 0x08, 0x08, 0x08, 0x08, 0x07, 0x06, 0x05, 0x03, 0x02,
    0x04, 0x08, 0x03, 0x08, 0x0D, 0x07, 0x03, 0x03, 0x06, 0x08, 0x0C, 0x0F,
    0x10, 0x10, 0x10, 0x0D, 0x08, 0x05, 0x03, 0x06, 0x06, 0x03, 0x0C, 0x0D,
    0x06, 0x02, 0x01, 0x02, 0x02, 0x04, 0x06, 0x08, 0x0A, 0x0C, 0x0C, 0x0C,
    0x0C, 0x0D, 0x0D, 0x0D, 0x0C, 0x0A, 0x08, 0x05, 0x02, 0x01, 0x01, 0x02,
    0x02, 0x02, 0x01, 0x01, 0x02, 0x06, 0x06, 0x04, 0x02, 0x02, 0x03, 0x0B,
    0x18, 0x21, 0x32, 0x33, 0x2E, 0x29, 0x1B, 0x0D, 0x03, 0x01, 0x03, 0x06,
    0x06, 0x03, 0x02, 0x01, 0x06, 0x18, 0x26, 0x3D, 0x45, 0x40, 0x3B, 0x40,
    0x42, 0x49, 0x45, 0x42, 0x42, 0x4C, 0x5E, 0x5A, 0x68, 0x53, 0x4A, 0x51,
    0x5C, 0x55, 0x4C, 0x4C, 0x53, 0x4E, 0x5A, 0x55, 0x5C, 0x55, 0x4E, 0x4B,
    0x4B, 0x60, 0x70, 0x60, 0x60, 0x6C, 0x78, 0x6C, 0x5A, 0x60, 0x65, 0x70,
    0x75, 0x71, 0x69, 0x74, 0x7D, 0x71, 0x70, 0x72, 0x7D, 0x7E, 0x7A, 0x80,
    0x7C, 0x83, 0x7D, 0x84, 0x86, 0x8A, 0x84, 0x89, 0x8D, 0x97, 0xC3, 0xB2,
    0xC3, 0xDE, 0xE5, 0xE5, 0xDE, 0xCC, 0xDA, 0xD6, 0xE2, 0xE2, 0xE2, 0xDE,
    0xDA, 0xD1, 0xD6, 0xDA, 0xDE, 0xE2, 0xE5, 0xDA, 0xF2, 0xF7, 0xF3, 0xEF,
    0xEB, 0xE2, 0xD6, 0xB2, 0xC7, 0xDA, 0xE2, 0xD6, 0xD1, 0xC3, 0xDA, 0xD1,
    0xB2, 0x96, 0x97, 0x97, 0x9A, 0xB9, 0xBE, 0xB9, 0xBE, 0xAD, 0xB2, 0xA3,
    0x91, 0x8A, 0x97, 0x91, 0x84, 0x82, 0x80, 0x86, 0x86, 0x75, 0x75, 0x6D,
    0x7A, 0x84, 0x7A, 0x77, 0x7D, 0x81, 0x87, 0x95, 0x95, 0x82, 0x84, 0x8A,
    0x91, 0x92, 0x95, 0x95, 0x87, 0x83, 0x83, 0x82, 0x72, 0x76, 0x72, 0x78,
    0x72, 0x72, 0x78, 0x6C, 0x57, 0x5C, 0x6C, 0x5C, 0x53, 0x4B, 0x47, 0x42,
    0x43, 0x40, 0x39, 0x38, 0x39, 0x3D, 0x38, 0x3D, 0x3D, 0x41, 0x37, 0x21,
    0x16, 0x06, 0x02, 0x02, 0x08, 0x10, 0x0F, 0x08, 0x03, 0x01, 0x00, 0x00,
    0x00, 0x00, 0x00, 0x00, 0x0C, 0x14, 0x16, 0x17, 0x17, 0x12, 0x0D, 0x05,
    0x02, 0x03, 0x0B, 0x16, 0x11, 0x05, 0x01, 0x01, 0x04, 0x0C, 0x03, 0x00,
    0x00, 0x00, 0x04, 0x0A, 0x09, 0x0D, 0x06, 0x02, 0x00, 0x02, 0x07, 0x0C,
    0x08, 0x0C, 0x0C, 0x0A, 0x08, 0x08, 0x08, 0x08, 0x08, 0x08, 0x08, 0x08,
    0x08, 0x0A, 0x0A, 0x0C, 0x0D, 0x0A, 0x0A, 0x08, 0x10, 0x06, 0x00, 0x08,
    0x0A, 0x10, 0x08, 0x01, 0x05, 0x09, 0x0C, 0x0E, 0x0C, 0x0D, 0x0C, 0x08,
    0x04, 0x02, 0x06, 0x0C, 0x01, 0x00, 0x0B, 0x0E, 0x10, 0x06, 0x04, 0x08,
    0x0A, 0x0C, 0x0D, 0x0F, 0x0F, 0x10, 0x15, 0x16, 0x15, 0x15, 0x15, 0x15,
    0x15, 0x15, 0x12, 0x0F, 0x0F, 0x07, 0x02, 0x00, 0x00, 0x00, 0x00, 0x03,
    0x0A, 0x0C, 0x0F, 0x0F, 0x08, 0x03, 0x01, 0x03, 0x0E, 0x19, 0x21, 0x25,
    0x25, 0x1F, 0x14, 0x05, 0x01, 0x06, 0x0C, 0x08, 0x12, 0x0A, 0x17, 0xF0,
    0xF8, 0x79, 0xFE, 0x4D, 0xFE, 0x49, 0x31, 0x36, 0x3A, 0x40, 0x3D, 0x36,
    0x38, 0x41, 0x3B, 0x3B, 0x40, 0x46, 0x46, 0x47, 0x55, 0x5A, 0x68, 0x70,
    0x60, 0x60, 0x5C, 0x68, 0x5C, 0x6C, 0x68, 0x5C, 0x5A, 0x60, 0x5A, 0x60,
    0x6C, 0x6B, 0x6C, 0x6B, 0x6C, 0x6B, 0x5C, 0x5C, 0x60, 0x66, 0x71, 0x83,
    0x8A, 0x91, 0x85, 0x83, 0x82, 0x8A, 0x8E, 0x87, 0x85, 0x84, 0x7D, 0x7D,
    0x8D, 0x91, 0x89, 0x89, 0x96, 0x96, 0x9A, 0x9A, 0xA3, 0xB2, 0xBE, 0xCC,
    0xDA, 0xD1, 0xE2, 0xEB, 0xEF, 0xEF, 0xEF, 0xEF, 0xF2, 0xF2, 0xEC, 0xEC,
    0xEF, 0xEF, 0xEC, 0xEF, 0xD1, 0xDE, 0xE2, 0xDA, 0xD1, 0xD1, 0xDE, 0xE5,
    0xEC, 0xEF, 0xED, 0xEB, 0xE2, 0xEC, 0xE2, 0xCC, 0xC7, 0xBE, 0xB9, 0xDA,
    0xE2, 0xE2, 0xD6, 0xD1, 0xB9, 0xA8, 0xA8, 0xA3, 0x91, 0x8D, 0x7D, 0x7A,
    0x81, 0x76, 0x76, 0x8A, 0x89, 0x7D, 0x75, 0x7A, 0x7D, 0x89, 0x81, 0x7A,
    0x7A, 0x7A, 0x72, 0x6B, 0x68, 0x65, 0x66, 0x70, 0x6C, 0x70, 0x70, 0x70,
    0x7C, 0x76, 0x65, 0x5C, 0x53, 0x51, 0x51, 0x53, 0x51, 0x4B, 0x51, 0x5A,
    0x58, 0x51, 0x51, 0x4C, 0x47, 0x51, 0x5C, 0x5A, 0x51, 0x51, 0x49, 0x4A,
    0x4B, 0x46, 0x49, 0x4A, 0x42, 0x3D, 0x2D, 0x1B, 0x09, 0x02, 0x02, 0x08,
    0x12, 0x06, 0x00, 0x00, 0x00, 0x00, 0x01, 0x01, 0x01, 0x01, 0x01, 0x01,
    0x02, 0x02, 0x03, 0x07, 0x0E, 0x0E, 0x07, 0x10, 0x05, 0x02, 0x06, 0x0C,
    0x09, 0x02, 0x01, 0x06, 0x12, 0x07, 0x00, 0x00, 0x01, 0x02, 0x06, 0x0E,
    0x0B, 0x0B, 0x14, 0x08, 0x03, 0x06, 0x12, 0x03, 0x00, 0x00, 0x00, 0x00,
    0x00, 0x00, 0x01, 0x01, 0x01, 0x02, 0x02, 0x03, 0x03, 0x03, 0x05, 0x05,
    0x03, 0x0A, 0x0D, 0x19, 0x1A, 0x00, 0x00, 0x08, 0x09, 0x0F, 0x14, 0x02,
    0x03, 0x0B, 0x11, 0x13, 0x15, 0x16, 0x15, 0x0E, 0x04, 0x02, 0x0C, 0x1B,
    0x00, 0x01, 0x11, 0x05, 0x16, 0x10, 0x0F, 0x0D, 0x02, 0x01, 0x01, 0x00,
    0x00, 0x01, 0x03, 0x05, 0x05, 0x05, 0x05, 0x07, 0x08, 0x0A, 0x0F, 0x0E,
    0x08, 0x11, 0x0F, 0x04, 0x01, 0x00, 0x02, 0x0A, 0x0C, 0x01, 0x0B, 0x0E,
    0x14, 0x0C, 0x03, 0x01, 0x05, 0x11, 0x1B, 0x21, 0x25, 0x1B, 0x0E, 0x03,
    0x04, 0x0D, 0x08, 0x00, 0x0F, 0x11, 0x0A, 0x48, 0x79, 0x1A, 0xFF, 0xF0,
    0xFF, 0x4B, 0x31, 0x37, 0x36, 0x36, 0x36, 0x36, 0x34, 0x34, 0x34, 0x30,
    0x30, 0x38, 0x40, 0x36, 0x38, 0x40, 0x41, 0x4C, 0x47, 0x43, 0x4A, 0x55,
    0x58, 0x60, 0x68, 0x68, 0x6C, 0x7C, 0x87, 0x85, 0x80, 0x78, 0x7C, 0x82,
    0x82, 0x76, 0x6B, 0x76, 0x84, 0x84, 0x91, 0x8A, 0x91, 0x92, 0x80, 0x82,
    0x87, 0x81, 0x84, 0x7F, 0x7B, 0x81, 0x81, 0x7A, 0x8D, 0x89, 0x84, 0x8B,
    0x93, 0x98, 0xAD, 0xB9, 0xA8, 0xB9, 0xA8, 0xA3, 0x97, 0xA8, 0x9A, 0xA8,
    0xBE, 0xC3, 0xBE, 0xBE, 0xD1, 0xDA, 0xDE, 0xDA, 0xDE, 0xD6, 0xD1, 0xEC,
    0xF8, 0xF8, 0xF7, 0xEC, 0xEB, 0xEF, 0xEC, 0xDE, 0xEC, 0xEB, 0xD1, 0xE5,
    0xEC, 0xD6, 0xCC, 0xD1, 0xB9, 0xC7, 0xD6, 0xBE, 0xB2, 0xCC, 0xD1, 0xB2,
    0x9E, 0xA3, 0xAD, 0x96, 0x96, 0x96, 0x86, 0x96, 0xB8, 0xAD, 0x9D, 0x9A,
    0x91, 0x84, 0x86, 0x91, 0x96, 0x8D, 0x8D, 0x84, 0x95, 0x9B, 0x95, 0x83,
    0x7C, 0x8C, 0x83, 0x80, 0x82, 0x83, 0x78, 0x72, 0x70, 0x6C, 0x68, 0x57,
    0x53, 0x51, 0x4B, 0x47, 0x47, 0x43, 0x40, 0x43, 0x43, 0x41, 0x41, 0x3D,
    0x39, 0x40, 0x46, 0x41, 0x3D, 0x41, 0x45, 0x45, 0x40, 0x40, 0x3D, 0x41,
    0x45, 0x43, 0x2B, 0x16, 0x06, 0x02, 0x07, 0x15, 0x04, 0x00, 0x01, 0x02,
    0x02, 0x02, 0x02, 0x03, 0x03, 0x05, 0x03, 0x03, 0x03, 0x03, 0x03, 0x05,
    0x07, 0x0F, 0x04, 0x0F, 0x0C, 0x02, 0x03, 0x05, 0x03, 0x01, 0x04, 0x12,
    0x10, 0x00, 0x00, 0x07, 0x0E, 0x13, 0x0E, 0x0F, 0x11, 0x09, 0x13, 0x16,
    0x08, 0x12, 0x16, 0x00, 0x03, 0x02, 0x02, 0x03, 0x02, 0x03, 0x04, 0x03,
    0x04, 0x05, 0x05, 0x06, 0x06, 0x06, 0x05, 0x06, 0x05, 0x13, 0x0E, 0x1A,
    0x3E, 0x1C, 0x03, 0x12, 0x0B, 0x11, 0x19, 0x05, 0x07, 0x11, 0x16, 0x1B,
    0x1B, 0x1B, 0x19, 0x11, 0x05, 0x05, 0x12, 0x52, 0x1C, 0x05, 0x14, 0x05,
    0x19, 0x19, 0x16, 0x02, 0x00, 0x04, 0x07, 0x08, 0x07, 0x07, 0x07, 0x07,
    0x08, 0x09, 0x09, 0x09, 0x0A, 0x0B, 0x09, 0x11, 0x11, 0x05, 0x10, 0x12,
    0x04, 0x02, 0x04, 0x15, 0x05, 0x00, 0x08, 0x0E, 0x0B, 0x17, 0x0A, 0x02,
    0x02, 0x08, 0x17, 0x21, 0x29, 0x1B, 0x0C, 0x03, 0x08, 0x16, 0x01, 0x00,
    0x10, 0x11, 0x0A, 0x3C, 0x3C, 0x16, 0xFF, 0xFF, 0xFF, 0x4B, 0x29, 0x2D,
    0x2A, 0x30, 0x3D, 0x43, 0x4C, 0x4C, 0x5B, 0x53, 0x43, 0x4A, 0x4C, 0x46,
    0x51, 0x58, 0x5A, 0x6B, 0x78, 0x82, 0x76, 0x82, 0x76, 0x65, 0x6B, 0x76,
    0x72, 0x70, 0x70, 0x7C, 0x78, 0x72, 0x78, 0x80, 0x76, 0x72, 0x78, 0x6B,
    0x7A, 0x7A, 0x84, 0x8E, 0x8A, 0x8C, 0x85, 0x8C, 0x8C, 0x84, 0x86, 0x89,
    0x89, 0x96, 0x97, 0xA3, 0xA3, 0x91, 0x8B, 0x98, 0xA8, 0xA9, 0xB2, 0xBE,
    0xBE, 0xC7, 0xD6, 0xD1, 0xD1, 0xC3, 0xBE, 0xC7, 0xD1, 0xDA, 0xD6, 0xCC,
    0xC7, 0xE2, 0xDE, 0xD1, 0xD1, 0xBE, 0xC7, 0xC7, 0xB9, 0xBE, 0xB9, 0xAD,
    0xA8, 0x9A, 0xA8, 0x96, 0xA8, 0xB9, 0xA3, 0xB9, 0xD1, 0xDA, 0xD1, 0xCC,
    0xDA, 0xDA, 0xE5, 0xE2, 0xC3, 0xBE, 0xB2, 0xAD, 0xAD, 0xB2, 0xC3, 0xC3,
    0xAD, 0xB2, 0xAD, 0x93, 0x7D, 0x91, 0x94, 0x8A, 0x84, 0x75, 0x66, 0x56,
    0x69, 0x7A, 0x86, 0x93, 0xB3, 0xAE, 0xAE, 0xC9, 0xB7, 0xAE, 0xAE, 0x8C,
    0x85, 0xA2, 0x95, 0x8C, 0x8C, 0x8C, 0x82, 0x82, 0x83, 0x78, 0x78, 0x72,
    0x5A, 0x4C, 0x4E, 0x47, 0x45, 0x43, 0x42, 0x3D, 0x34, 0x40, 0x43, 0x40,
    0x36, 0x38, 0x38, 0x39, 0x39, 0x3D, 0x39, 0x36, 0x3D, 0x38, 0x1F, 0x0E,
    0x03, 0x04, 0x12, 0x10, 0x00, 0x01, 0x05, 0x18, 0x35, 0x6A, 0x6A, 0x6A,
    0x6A, 0x6A, 0x35, 0x28, 0x1C, 0x18, 0x0E, 0x07, 0x03, 0x08, 0x05, 0x18,
    0x14, 0x03, 0x01, 0x00, 0x01, 0x02, 0x0A, 0x19, 0x03, 0x00, 0x06, 0x13,
    0x28, 0x35, 0x28, 0x0E, 0x10, 0x11, 0x09, 0x19, 0x14, 0x17, 0x25, 0x00,
    0x07, 0x0E, 0x0B, 0x0B, 0x0B, 0x0B, 0x0B, 0x0E, 0x11, 0x11, 0x0E, 0x0E,
    0x11, 0x11, 0x11, 0x13, 0x0E, 0x13, 0x05, 0x1E, 0x84, 0x50, 0x08, 0x14,
    0x0B, 0x14, 0x1E, 0x06, 0x09, 0x12, 0x16, 0x19, 0x1B, 0x1D, 0x1B, 0x13,
    0x05, 0x06, 0x16, 0xB0, 0x50, 0x08, 0x13, 0x09, 0x23, 0x1E, 0x2D, 0x15,
    0x03, 0x10, 0x11, 0x15, 0x18, 0x18, 0x18, 0x18, 0x18, 0x18, 0x18, 0x15,
    0x13, 0x0E, 0x09, 0x0E, 0x14, 0x11, 0x03, 0x14, 0x10, 0x05, 0x08, 0x1D,
    0x1F, 0x06, 0x10, 0x15, 0x0B, 0x11, 0x17, 0x06, 0x02, 0x03, 0x0B, 0x18,
    0x1B, 0x19, 0x0A, 0x03, 0x08, 0x34, 0x28, 0x05, 0x16, 0x0E, 0x0C, 0x61,
    0x4D, 0x19, 0xFE, 0xFF, 0xFE, 0x4C, 0x2C, 0x31, 0x2D, 0x39, 0x40, 0x43,
    0x46, 0x4C, 0x57, 0x4C, 0x46, 0x3D, 0x41, 0x47, 0x47, 0x42, 0x3D, 0x36,
    0x39, 0x36, 0x40, 0x49, 0x4C, 0x4A, 0x49, 0x4E, 0x4A, 0x42, 0x41, 0x55,
    0x4C, 0x4B, 0x6C, 0x87, 0x8C, 0x95, 0xA2, 0x8C, 0x8A, 0x8D, 0x84, 0x81,
    0x7D, 0x76, 0x78, 0x8C, 0x9B, 0x9F, 0x9F, 0x96, 0x91, 0x93, 0x8D, 0x8A,
    0x96, 0x91, 0x84, 0x7A, 0x7E, 0x7E, 0xA8, 0xD1, 0xD6, 0xDE, 0xEC, 0xF3,
    0xF7, 0xF3, 0xEF, 0xE5, 0xE2, 0xED, 0xEF, 0xEF, 0xEC, 0xEF, 0xEF, 0xED,
    0xEF, 0xF3, 0xF2, 0xF2, 0xCC, 0xD6, 0xDE, 0xDE, 0xE2, 0xCC, 0xD1, 0xC3,
    0xBE, 0xBE, 0xC3, 0xCC, 0xD6, 0xDA, 0xD6, 0xDA, 0xDE, 0xE2, 0xEC, 0xE2,
    0xD6, 0xD6, 0xD1, 0xC7, 0xBE, 0xA8, 0x97, 0xA3, 0x97, 0xA3, 0x96, 0x97,
    0x96, 0x8A, 0x89, 0x8A, 0x7A, 0x75, 0x60, 0x58, 0x68, 0x6C, 0x6C, 0x68,
    0x6C, 0x60, 0x5B, 0x65, 0x55, 0x51, 0x5A, 0x5A, 0x68, 0x78, 0x6C, 0x70,
    0x76, 0x70, 0x6C, 0x72, 0x65, 0x68, 0x6C, 0x70, 0x72, 0x78, 0x72, 0x76,
    0x80, 0x72, 0x68, 0x5A, 0x58, 0x5C, 0x51, 0x4C, 0x49, 0x41, 0x41, 0x41,
    0x3D, 0x38, 0x36, 0x31, 0x2A, 0x21, 0x18, 0x07, 0x03, 0x0A, 0x17, 0x05,
    0x01, 0x03, 0x28, 0xFB, 0xFB, 0xFA, 0xFA, 0xFB, 0xFB, 0xFB, 0xFB, 0xFB,
    0xFB, 0xF9, 0xE7, 0x6E, 0x35, 0x35, 0x63, 0x44, 0x15, 0x04, 0x00, 0x00,
    0x00, 0x03, 0x16, 0x15, 0x00, 0x01, 0x0E, 0x18, 0x67, 0xE7, 0xE7, 0x28,
    0x0A, 0x12, 0x0B, 0x13, 0x1E, 0x19, 0x6F, 0x50, 0x2C, 0x50, 0x50, 0x3B,
    0x2F, 0x28, 0x28, 0x1C, 0x0E, 0x28, 0x6E, 0x6A, 0x6E, 0x6E, 0x6E, 0x6A,
    0x50, 0x1C, 0x18, 0x48, 0x91, 0x50, 0x07, 0x14, 0x09, 0x14, 0x23, 0x07,
    0x09, 0x12, 0x16, 0x18, 0x19, 0x1B, 0x18, 0x0E, 0x03, 0x07, 0x17, 0xB0,
    0x50, 0x07, 0x14, 0x09, 0x2E, 0x27, 0x52, 0x6A, 0x0A, 0x10, 0x18, 0xE7,
    0xE7, 0xFB, 0xFB, 0xFB, 0xFB, 0xF9, 0xE7, 0xE7, 0x6E, 0x6A, 0x28, 0x13,
    0x0C, 0x13, 0x0B, 0x05, 0x17, 0x0D, 0x10, 0x24, 0xB0, 0x15, 0x12, 0x14,
    0x14, 0x09, 0x16, 0x14, 0x04, 0x01, 0x03, 0x0B, 0x16, 0x15, 0x08, 0x04,
    0x0F, 0x44, 0xE1, 0x0E, 0x16, 0x0B, 0x14, 0x27, 0x17, 0x10, 0x48, 0x66,
    0xA7, 0x4E, 0x38, 0x37, 0x31, 0x31, 0x36, 0x37, 0x3D, 0x49, 0x4C, 0x55,
    0x58, 0x55, 0x4E, 0x4B, 0x46, 0x41, 0x40, 0x3D, 0x45, 0x42, 0x42, 0x4C,
    0x55, 0x55, 0x57, 0x5A, 0x57, 0x53, 0x53, 0x58, 0x60, 0x66, 0x6B, 0x6C,
    0x75, 0x81, 0x85, 0x97, 0x95, 0x95, 0x99, 0x9B, 0x95, 0x8A, 0x85, 0x84,
    0x83, 0x8C, 0x8C, 0x97, 0x8A, 0x95, 0x9A, 0x93, 0x97, 0x89, 0x7A, 0x7E,
    0x7A, 0x75, 0x8D, 0x93, 0x84, 0x7A, 0x8A, 0xA8, 0x97, 0x96, 0x86, 0x91,
    0xBE, 0xDE, 0xD1, 0xE2, 0xEB, 0xEC, 0xED, 0xEC, 0xDE, 0xDE, 0xE5, 0xEF,
    0xC3, 0xCC, 0xC7, 0xD1, 0xE5, 0xCC, 0xD1, 0xEF, 0xEC, 0xDA, 0xE2, 0xE2,
    0xDA, 0xEB, 0xEB, 0xE5, 0xD1, 0xEC, 0xEB, 0xDE, 0xE2, 0xC7, 0xC3, 0xBE,
    0xB2, 0xBE, 0xB2, 0xAD, 0xB9, 0xAD, 0xB2, 0xC3, 0xC3, 0xC3, 0xB9, 0x9A,
    0x93, 0x93, 0x93, 0x84, 0x83, 0x83, 0x80, 0x7D, 0x84, 0x84, 0x7D, 0x75,
    0x72, 0x76, 0x78, 0x82, 0x85, 0x8C, 0x82, 0x80, 0x72, 0x6C, 0x65, 0x6C,
    0x6C, 0x6B, 0x58, 0x51, 0x5C, 0x65, 0x6B, 0x6B, 0x82, 0x70, 0x6C, 0x65,
    0x53, 0x43, 0x40, 0x40, 0x40, 0x38, 0x36, 0x40, 0x43, 0x4C, 0x45, 0x43,
    0x37, 0x25, 0x15, 0x06, 0x04, 0x14, 0x1B, 0x05, 0x05, 0x0B, 0xE7, 0xFA,
    0xE7, 0xFB, 0xFD, 0xFD, 0xFD, 0xFD, 0xFD, 0xFD, 0xFD, 0xFD, 0xFB, 0xFB,
    0xFB, 0xFB, 0xFB, 0x42, 0x14, 0x04, 0x00, 0x00, 0x01, 0x08, 0x1A, 0x08,
    0x00, 0x07, 0x13, 0x35, 0xF6, 0xFC, 0xFD, 0xF4, 0x18, 0x0F, 0x13, 0x09,
    0x1E, 0x1E, 0x3E, 0xFD, 0xFD, 0xFB, 0xFB, 0xFB, 0xFB, 0xFB, 0xFB, 0x6E,
    0x09, 0x1F, 0xB0, 0xFB, 0xFB, 0xFB, 0xFB, 0xFB, 0xE7, 0xF4, 0xE9, 0x4F,
    0x8C, 0x50, 0x07, 0x14, 0x09, 0x14, 0x23, 0x08, 0x09, 0x12, 0x18, 0x1C,
    0x1D, 0x1C, 0x19, 0x11, 0x05, 0x08, 0x19, 0xB0, 0x50, 0x07, 0x14, 0x09,
    0x33, 0x3C, 0x5E, 0xB0, 0x0E, 0x0F, 0x28, 0xF9, 0xF9, 0xFB, 0xFB, 0xFB,
    0xFB, 0xFB, 0xFB, 0xFB, 0xFB, 0xFA, 0xF9, 0xE7, 0x1C, 0x0E, 0x13, 0x05,
    0x11, 0x19, 0x14, 0x32, 0xB0, 0x13, 0x14, 0x18, 0x13, 0x11, 0x0B, 0x19,
    0x0F, 0x03, 0x02, 0x06, 0x0F, 0x0F, 0x06, 0x05, 0x12, 0x52, 0xB0, 0x09,
    0x15, 0x0A, 0x17, 0x1A, 0x04, 0x06, 0x16, 0x2D, 0x46, 0x4E, 0x4C, 0x4A,
    0x45, 0x3D, 0x36, 0x34, 0x31, 0x30, 0x30, 0x31, 0x31, 0x37, 0x43, 0x47,
    0x4B, 0x4B, 0x4C, 0x49, 0x46, 0x42, 0x40, 0x45, 0x46, 0x51, 0x53, 0x58,
    0x76, 0x76, 0x82, 0x82, 0x80, 0x81, 0x7A, 0x89, 0x86, 0x81, 0x89, 0x9E,
    0x95, 0x92, 0x92, 0x87, 0x81, 0x8E, 0x97, 0x8D, 0x8D, 0x8C, 0x9B, 0xA6,
    0xAB, 0xA3, 0xBE, 0xC3, 0xA8, 0x9A, 0xA9, 0xD1, 0xBA, 0xAD, 0xBE, 0x9E,
    0xA8, 0xA8, 0xBE, 0xCC, 0xC7, 0xDA, 0xD1, 0xDE, 0xED, 0xED, 0xEC, 0xEB,
    0xDE, 0xDE, 0xD6, 0xC3, 0xC7, 0xD6, 0xD6, 0xD6, 0xDE, 0xDE, 0xEB, 0xEF,
    0xEF, 0xE2, 0xEB, 0xEF, 0xED, 0xEB, 0xEB, 0xDA, 0xC7, 0xD6, 0xDE, 0xD1,
    0xD1, 0xD6, 0xCC, 0xAD, 0xA3, 0x9A, 0x9A, 0x96, 0x93, 0x9A, 0x97, 0xA3,
    0x9A, 0xA8, 0xCC, 0xC3, 0xB2, 0x97, 0x93, 0x91, 0x89, 0x81, 0x75, 0x69,
    0x5C, 0x5C, 0x60, 0x6B, 0x6D, 0x6D, 0x6D, 0x69, 0x5C, 0x72, 0x6B, 0x55,
    0x55, 0x57, 0x58, 0x5C, 0x68, 0x72, 0x76, 0x78, 0x70, 0x70, 0x70, 0x5C,
    0x60, 0x51, 0x47, 0x49, 0x49, 0x45, 0x40, 0x3D, 0x38, 0x39, 0x36, 0x34,
    0x34, 0x34, 0x2A, 0x25, 0x29, 0x29, 0x2A, 0x30, 0x29, 0x1C, 0x0E, 0x04,
    0x05, 0x19, 0x22, 0x05, 0x09, 0x13, 0xE7, 0xFD, 0xF7, 0xF2, 0xEA, 0xCD,
    0xCA, 0xCA, 0xCA, 0xCA, 0xCF, 0xEA, 0xF1, 0xF6, 0xF6, 0xF4, 0xA1, 0x23,
    0x12, 0x03, 0x00, 0x00, 0x02, 0x12, 0x1A, 0x01, 0x00, 0x0E, 0x18, 0xB0,
    0xF8, 0xF8, 0xF7, 0xFD, 0x6A, 0x09, 0x14, 0x09, 0x1A, 0x27, 0x27, 0x5F,
    0xE9, 0xF6, 0xF6, 0xF7, 0xF7, 0xFC, 0xFD, 0x6A, 0x0B, 0x15, 0x13, 0xE9,
    0xFC, 0xF7, 0xF7, 0xF7, 0xF1, 0xD0, 0x4F, 0x3C, 0x7D, 0x50, 0x07, 0x14,
    0x09, 0x15, 0x23, 0x08, 0x09, 0x11, 0x16, 0x19, 0x19, 0x19, 0x16, 0x0B,
    0x04, 0x07, 0x19, 0xB0, 0x50, 0x07, 0x14, 0x09, 0x33, 0x3C, 0x6F, 0xB0,
    0x0E, 0x11, 0x18, 0xB0, 0xFD, 0xFD, 0xF6, 0xF6, 0xF6, 0xF6, 0xF6, 0xF6,
    0xF6, 0xF6, 0xFD, 0xFB, 0xF9, 0x18, 0x0E, 0x0E, 0x07, 0x1D, 0x1A, 0x38,
    0xB0, 0x13, 0x15, 0x1F, 0x15, 0x13, 0x0E, 0x0F, 0x17, 0x08, 0x02, 0x02,
    0x05, 0x05, 0x02, 0x05, 0x12, 0x57, 0xE1, 0x09, 0x15, 0x09, 0x17, 0x1E,
    0x08, 0x07, 0x18, 0x2B, 0x39, 0x38, 0x36, 0x40, 0x37, 0x38, 0x38, 0x37,
    0x36, 0x3D, 0x43, 0x3D, 0x3D, 0x40, 0x46, 0x47, 0x4E, 0x4A, 0x4E, 0x60,
    0x57, 0x55, 0x53, 0x53, 0x65, 0x60, 0x65, 0x60, 0x6B, 0x6C, 0x76, 0x78,
    0x72, 0x70, 0x6D, 0x84, 0x8D, 0x86, 0x7D, 0x91, 0x8A, 0x7C, 0x72, 0x70,
    0x70, 0x75, 0x7A, 0x84, 0x84, 0x92, 0x99, 0x99, 0xBE, 0xD0, 0xAD, 0x97,
    0x9A, 0x96, 0x91, 0x93, 0x86, 0x84, 0x86, 0x7A, 0x84, 0x91, 0x93, 0x96,
    0x97, 0x9A, 0xA3, 0xA8, 0xA3, 0x91, 0x8D, 0x8D, 0x9E, 0xC7, 0xC3, 0xD6,
    0xE5, 0xEB, 0xD6, 0xDE, 0xDE, 0xE5, 0xEF, 0xEF, 0xEC, 0xEF, 0xF3, 0xEF,
    0xF2, 0xEF, 0xED, 0xEB, 0xE2, 0xCC, 0xBE, 0xC3, 0xBE, 0xAD, 0x9A, 0xA8,
    0xD6, 0xDA, 0xD1, 0xCC, 0xE2, 0xDE, 0xE5, 0xE5, 0xBE, 0xB9, 0xA3, 0xA3,
    0xA8, 0x9A, 0x93, 0x96, 0x96, 0x8B, 0x71, 0x73, 0x6D, 0x60, 0x54, 0x4E,
    0x6B, 0x72, 0x6B, 0x76, 0x76, 0x82, 0x7C, 0x80, 0x80, 0x8C, 0x95, 0x92,
    0x87, 0x95, 0x8C, 0x87, 0x7C, 0x76, 0x72, 0x78, 0x72, 0x72, 0x78, 0x70,
    0x78, 0x78, 0x68, 0x5A, 0x58, 0x51, 0x42, 0x3D, 0x3D, 0x40, 0x41, 0x3D,
    0x46, 0x47, 0x4A, 0x57, 0x49, 0x25, 0x15, 0x05, 0x08, 0x1E, 0x30, 0x03,
    0x0E, 0x0E, 0x6E, 0xF7, 0xA0, 0x4F, 0x48, 0x3C, 0x3C, 0x3C, 0x3C, 0x3C,
    0x3C, 0x48, 0x4F, 0x61, 0x79, 0x4F, 0x33, 0x19, 0x0C, 0x01, 0x00, 0x00,
    0x05, 0x19, 0x16, 0x00, 0x03, 0x11, 0x28, 0xF4, 0xA0, 0x61, 0x8F, 0xF6,
    0xFB, 0x18, 0x0D, 0x10, 0x13, 0x27, 0x1E, 0x2E, 0x48, 0x61, 0x88, 0x88,
    0xA0, 0xF0, 0xFC, 0x6A, 0x0C, 0x16, 0x07, 0x79, 0xF0, 0x8F, 0x88, 0x88,
    0x61, 0x48, 0x27, 0x23, 0x66, 0x50, 0x09, 0x14, 0x09, 0x15, 0x23, 0x0A,
    0x07, 0x11, 0x15, 0x19, 0x1B, 0x1C, 0x18, 0x0E, 0x03, 0x07, 0x19, 0xB0,
    0x50, 0x07, 0x14, 0x09, 0x33, 0x3C, 0x6F, 0xB0, 0x0E, 0x14, 0x09, 0x3C,
    0xFC, 0xCA, 0x8F, 0x8F, 0x88, 0x88, 0x88, 0x88, 0x8F, 0xA0, 0xF0, 0xF6,
    0xFB, 0x6A, 0x09, 0x15, 0x05, 0x1A, 0x1E, 0x3E, 0xB0, 0x13, 0x14, 0x2F,
    0x1C, 0x12, 0x15, 0x0B, 0x14, 0x16, 0x05, 0x02, 0x01, 0x01, 0x01, 0x05,
    0x14, 0x58, 0xE1, 0x0B, 0x16, 0x09, 0x19, 0x1E, 0x08, 0x06, 0x15, 0x25,
    0x36, 0x39, 0x37, 0x38, 0x37, 0x49, 0x57, 0x53, 0x4A, 0x4E, 0x53, 0x65,
    0x70, 0x60, 0x57, 0x57, 0x5C, 0x60, 0x68, 0x5C, 0x5A, 0x55, 0x55, 0x6C,
    0x68, 0x58, 0x68, 0x60, 0x6B, 0x76, 0x80, 0x7F, 0x7B, 0x7F, 0x83, 0x85,
    0x82, 0x70, 0x71, 0x7D, 0x91, 0x89, 0x8D, 0x96, 0x99, 0xA2, 0xBB, 0xC9,
    0xAB, 0xB9, 0xB2, 0x97, 0x9E, 0xA3, 0x8A, 0x84, 0x93, 0x91, 0x89, 0x91,
    0x8D, 0x8D, 0x91, 0x89, 0x8D, 0x8A, 0x96, 0x9E, 0x9E, 0xB2, 0xB9, 0xD1,
    0xDE, 0xEB, 0xEB, 0xE5, 0xEF, 0xF3, 0xF3, 0xF3, 0xEF, 0xF2, 0xF2, 0xEF,
    0xF3, 0xF7, 0xF7, 0xF7, 0xF3, 0xEF, 0xDE, 0xDA, 0xDE, 0xC7, 0xB2, 0xAD,
    0x9E, 0xA8, 0xAD, 0xBE, 0xB9, 0xA8, 0xB9, 0xBE, 0xBE, 0xB9, 0xA3, 0x8D,
    0x97, 0x97, 0x89, 0x93, 0x9A, 0x91, 0x9A, 0xC3, 0xCC, 0xC7, 0xB9, 0xB2,
    0xB2, 0xA4, 0xB3, 0xCE, 0xC7, 0xCE, 0xC3, 0xC6, 0xD8, 0xD0, 0xAE, 0x95,
    0x95, 0x92, 0x87, 0x95, 0x99, 0x8C, 0x87, 0x92, 0x8C, 0x80, 0x72, 0x6C,
    0x6B, 0x76, 0x76, 0x70, 0x65, 0x6C, 0x72, 0x72, 0x6C, 0x6C, 0x6C, 0x60,
    0x57, 0x51, 0x57, 0x5C, 0x55, 0x4C, 0x4C, 0x4A, 0x42, 0x45, 0x45, 0x4B,
    0x3F, 0x22, 0x13, 0x05, 0x0A, 0x26, 0x50, 0x03, 0x0F, 0x0B, 0x2F, 0xD2,
    0x3C, 0x1E, 0x1A, 0x19, 0x17, 0x17, 0x17, 0x17, 0x19, 0x1A, 0x1D, 0x23,
    0x27, 0x1E, 0x1A, 0x10, 0x04, 0x00, 0x00, 0x02, 0x0C, 0x1E, 0x0A, 0x00,
    0x09, 0x13, 0x50, 0xD8, 0x48, 0x2E, 0x3C, 0xB1, 0xFD, 0x35, 0x09, 0x12,
    0x0E, 0x1E, 0x1A, 0x19, 0x1E, 0x23, 0x23, 0x27, 0x3C, 0x61, 0xF6, 0x6A,
    0x0C, 0x16, 0x09, 0x48, 0x61, 0x33, 0x27, 0x23, 0x1E, 0x1A, 0x19, 0x1A,
    0x4E, 0x50, 0x09, 0x14, 0x09, 0x15, 0x23, 0x0A, 0x07, 0x14, 0x19, 0x21,
    0x2A, 0x2B, 0x20, 0x15, 0x05, 0x08, 0x19, 0xB0, 0x50, 0x07, 0x14, 0x09,
    0x33, 0x3C, 0x6F, 0xB0, 0x0E, 0x14, 0x09, 0x1E, 0xA0, 0x3C, 0x2E, 0x2E,
    0x27, 0x27, 0x27, 0x27, 0x2E, 0x33, 0x4F, 0xCA, 0xFD, 0xE1, 0x09, 0x14,
    0x07, 0x19, 0x2E, 0x43, 0xB0, 0x13, 0x13, 0x28, 0x50, 0x18, 0x14, 0x14,
    0x09, 0x17, 0x10, 0x04, 0x01, 0x00, 0x00, 0x04, 0x14, 0x58, 0xE1, 0x09,
    0x16, 0x09, 0x19, 0x1E, 0x08, 0x06, 0x14, 0x1F, 0x29, 0x34, 0x30, 0x2D,
    0x2D, 0x34, 0x34, 0x3D, 0x40, 0x3D, 0x43, 0x42, 0x46, 0x47, 0x45, 0x47,
    0x4A, 0x47, 0x4E, 0x58, 0x65, 0x70, 0x83, 0x95, 0x92, 0x83, 0x76, 0x6C,
    0x6B, 0x60, 0x68, 0x65, 0x57, 0x57, 0x5A, 0x6C, 0x58, 0x57, 0x6B, 0x75,
    0x7D, 0x81, 0x7D, 0x7D, 0x7A, 0x76, 0x82, 0x85, 0x7A, 0x7D, 0x89, 0x8D,
    0x97, 0xA8, 0xBE, 0xC3, 0xC3, 0xD1, 0xCC, 0xBE, 0xD6, 0xEF, 0xEF, 0xEF,
    0xEF, 0xF3, 0xF7, 0xF3, 0xEB, 0xDA, 0xEB, 0xEB, 0xE2, 0xEB, 0xE2, 0xEF,
    0xEF, 0xEB, 0xEC, 0xED, 0xEF, 0xEF, 0xED, 0xEC, 0xF3, 0xF3, 0xF2, 0xF2,
    0xF3, 0xEF, 0xEF, 0xEF, 0xE2, 0xDE, 0xDE, 0xE2, 0xEB, 0xEC, 0xED, 0xDA,
    0xD1, 0xBE, 0xB2, 0xAD, 0xA8, 0x9A, 0x97, 0x93, 0xA8, 0xA3, 0x91, 0x97,
    0x9A, 0x91, 0x8A, 0x96, 0x8D, 0x8D, 0x91, 0x81, 0x86, 0x81, 0x8B, 0x81,
    0x7D, 0x7A, 0x84, 0x91, 0x8C, 0x8A, 0x70, 0x6C, 0x70, 0x6C, 0x60, 0x5B,
    0x4C, 0x4A, 0x57, 0x6B, 0x85, 0x80, 0x72, 0x72, 0x72, 0x82, 0x76, 0x5A,
    0x4C, 0x53, 0x55, 0x57, 0x60, 0x6C, 0x76, 0x68, 0x51, 0x4B, 0x4E, 0x4B,
    0x43, 0x40, 0x38, 0x36, 0x3D, 0x4E, 0x49, 0x49, 0x45, 0x29, 0x15, 0x06,
    0x0D, 0x2D, 0x6E, 0x0B, 0x11, 0x0C, 0x18, 0x79, 0x1E, 0x14, 0x0C, 0x0A,
    0x08, 0x08, 0x08, 0x08, 0x0A, 0x0C, 0x0F, 0x12, 0x12, 0x12, 0x0C, 0x05,
    0x01, 0x00, 0x00, 0x03, 0x15, 0x1B, 0x01, 0x00, 0x0E, 0x18, 0xB0, 0x79,
    0x1E, 0x19, 0x1E, 0x4F, 0xF4, 0xE1, 0x0E, 0x10, 0x0E, 0x18, 0x1A, 0x10,
    0x10, 0x10, 0x12, 0x15, 0x1A, 0x33, 0xF4, 0x6A, 0x0B, 0x15, 0x09, 0x33,
    0x33, 0x17, 0x15, 0x12, 0x12, 0x0D, 0x0D, 0x16, 0x47, 0x50, 0x09, 0x14,
    0x09, 0x15, 0x23, 0x08, 0x09, 0x12, 0x18, 0x1C, 0x1B, 0x1B, 0x19, 0x13,
    0x05, 0x08, 0x19, 0xB0, 0x50, 0x07, 0x13, 0x09, 0x33, 0x3C, 0x6F, 0xB0,
    0x0E, 0x14, 0x09, 0x1D, 0x4D, 0x1A, 0x16, 0x15, 0x14, 0x14, 0x14, 0x14,
    0x15, 0x17, 0x1E, 0x48, 0xF6, 0xE7, 0x09, 0x12, 0x09, 0x17, 0x3C, 0x47,
    0xB0, 0x13, 0x16, 0x15, 0x50, 0x6A, 0x13, 0x15, 0x11, 0x0E, 0x19, 0x0A,
    0x02, 0x00, 0x00, 0x05, 0x12, 0x5A, 0xE1, 0x09, 0x16, 0x09, 0x19, 0x1E,
    0x08, 0x07, 0x16, 0x29, 0x36, 0x40, 0x41, 0x40, 0x3D, 0x40, 0x3D, 0x43,
    0x43, 0x46, 0x47, 0x45, 0x40, 0x4B, 0x55, 0x55, 0x53, 0x49, 0x43, 0x53,
    0x68, 0x72, 0x6C, 0x70, 0x83, 0x83, 0x7C, 0x83, 0x83, 0x6C, 0x65, 0x73,
    0x68, 0x73, 0x80, 0x82, 0x72, 0x70, 0x7A, 0x71, 0x7A, 0x7D, 0x7D, 0x7A,
    0x81, 0x92, 0xA2, 0xA2, 0x8C, 0x81, 0x81, 0x8A, 0x86, 0x86, 0x8A, 0x91,
    0x8A, 0x9E, 0x9A, 0x8A, 0x89, 0x8A, 0x9A, 0xB9, 0xBF, 0xBF, 0xA4, 0xA3,
    0x9E, 0xAD, 0x97, 0x97, 0xA8, 0x96, 0x9A, 0xB9, 0xDA, 0xE5, 0xED, 0xE5,
    0xDA, 0xEB, 0xE5, 0xD1, 0xC3, 0xDE, 0xEF, 0xDE, 0xDE, 0xED, 0xE5, 0xE5,
    0xEB, 0xD1, 0xC3, 0xBE, 0xDA, 0xE2, 0xEB, 0xDA, 0xE2, 0xE5, 0xE2, 0xD6,
    0xDE, 0xDA, 0xDE, 0xD1, 0xD1, 0xDE, 0xCC, 0xB2, 0xB2, 0xBE, 0xC7, 0xB9,
    0xB2, 0x96, 0x8D, 0x8D, 0x86, 0x71, 0x6D, 0x6D, 0x66, 0x60, 0x71, 0x71,
    0x84, 0x7F, 0x85, 0x80, 0x7C, 0x6C, 0x71, 0x75, 0x65, 0x5A, 0x65, 0x6C,
    0x6B, 0x68, 0x78, 0x78, 0x72, 0x78, 0x76, 0x60, 0x5A, 0x51, 0x53, 0x4B,
    0x43, 0x49, 0x46, 0x45, 0x4B, 0x53, 0x4A, 0x49, 0x43, 0x40, 0x40, 0x40,
    0x3D, 0x41, 0x41, 0x40, 0x39, 0x25, 0x15, 0x06, 0x0F, 0x2E, 0xE1, 0x13,
    0x11, 0x11, 0x09, 0x3C, 0x1E, 0x0C, 0x06, 0x04, 0x04, 0x04, 0x04, 0x04,
    0x04, 0x06, 0x06, 0x07, 0x06, 0x05, 0x03, 0x01, 0x00, 0x00, 0x01, 0x06,
    0x1A, 0x17, 0x00, 0x03, 0x11, 0x1C, 0xD4, 0x3C, 0x17, 0x0D, 0x16, 0x33,
    0xE1, 0xFB, 0x1C, 0x0C, 0x11, 0x13, 0x1D, 0x0D, 0x06, 0x04, 0x05, 0x07,
    0x10, 0x1E, 0xE1, 0x6A, 0x0B, 0x15, 0x09, 0x27, 0x1E, 0x0D, 0x08, 0x08,
    0x07, 0x05, 0x07, 0x12, 0x43, 0x50, 0x09, 0x14, 0x09, 0x15, 0x23, 0x08,
    0x07, 0x11, 0x15, 0x18, 0x19, 0x19, 0x18, 0x11, 0x04, 0x07, 0x19, 0xB0,
    0x50, 0x07, 0x13, 0x09, 0x33, 0x3C, 0x6F, 0x6E, 0x0E, 0x15, 0x0A, 0x1A,
    0x33, 0x12, 0x08, 0x06, 0x05, 0x06, 0x06, 0x06, 0x06, 0x0A, 0x16, 0x27,
    0xD4, 0x6E, 0x05, 0x14, 0x09, 0x18, 0x3C, 0x4A, 0xB0, 0x13, 0x14, 0x15,
    0x28, 0xFD, 0x28, 0x13, 0x15, 0x0E, 0x13, 0x17, 0x06, 0x01, 0x00, 0x05,
    0x14, 0x5A, 0xE1, 0x09, 0x16, 0x09, 0x19, 0x1E, 0x08, 0x05, 0x15, 0x29,
    0x38, 0x39, 0x40, 0x43, 0x45, 0x53, 0x53, 0x47, 0x4A, 0x4A, 0x4A, 0x55,
    0x55, 0x4A, 0x51, 0x55, 0x57, 0x51, 0x60, 0x65, 0x57, 0x58, 0x55, 0x51,
    0x53, 0x53, 0x5C, 0x68, 0x65, 0x60, 0x65, 0x60, 0x65, 0x78, 0x82, 0x78,
    0x78, 0x85, 0x97, 0x8D, 0x87, 0x82, 0x85, 0x8C, 0x92, 0x9E, 0x9E, 0xAB,
    0xAE, 0x9B, 0x99, 0xA3, 0xAD, 0x97, 0x8D, 0x93, 0x8A, 0x86, 0x8A, 0x89,
    0x7A, 0x7A, 0x81, 0x84, 0x94, 0xAD, 0xC4, 0xC3, 0xB9, 0xC3, 0xD6, 0xCC,
    0xD1, 0xB9, 0xA3, 0xA3, 0xB9, 0xC3, 0xBE, 0xDA, 0xEB, 0xE5, 0xEF, 0xDE,
    0xA8, 0x9A, 0xA8, 0xB9, 0xC7, 0xC3, 0xB2, 0xBE, 0xD6, 0xC3, 0xB9, 0xC7,
    0xCC, 0xDE, 0xE2, 0xEB, 0xE2, 0xE2, 0xE2, 0xCC, 0xC3, 0xC7, 0xC7, 0xC3,
    0xC3, 0xE2, 0xE2, 0xCC, 0xD1, 0xCC, 0xB9, 0xAD, 0x9E, 0x96, 0x8A, 0x93,
    0x96, 0x8A, 0x86, 0x86, 0x81, 0x7D, 0x89, 0x81, 0x7D, 0x7D, 0x80, 0x72,
    0x5C, 0x60, 0x5C, 0x59, 0x55, 0x5A, 0x53, 0x4E, 0x4E, 0x4A, 0x49, 0x5C,
    0x65, 0x57, 0x65, 0x65, 0x68, 0x60, 0x6B, 0x58, 0x5C, 0x68, 0x58, 0x57,
    0x5A, 0x57, 0x57, 0x53, 0x53, 0x4E, 0x51, 0x4B, 0x46, 0x46, 0x42, 0x40,
    0x36, 0x22, 0x13, 0x06, 0x0F, 0x23, 0xF4, 0x28, 0x0B, 0x14, 0x0C, 0x1A,
    0x27, 0x17, 0x12, 0x10, 0x0F, 0x0F, 0x0F, 0x0F, 0x0F, 0x0D, 0x0A, 0x08,
    0x06, 0x02, 0x01, 0x00, 0x00, 0x00, 0x02, 0x0C, 0x1E, 0x0C, 0x00, 0x0B,
    0x11, 0x2C, 0x97, 0x1E, 0x10, 0x06, 0x0F, 0x1E, 0x74, 0xFD, 0x50, 0x08,
    0x14, 0x0B, 0x1A, 0x10, 0x03, 0x00, 0x01, 0x02, 0x0A, 0x1A, 0xE1, 0x67,
    0x0B, 0x14, 0x09, 0x23, 0x1A, 0x06, 0x07, 0x0A, 0x08, 0x04, 0x05, 0x12,
    0x42, 0x50, 0x09, 0x14, 0x09, 0x15, 0x23, 0x08, 0x07, 0x12, 0x19, 0x1F,
    0x1D, 0x1D, 0x18, 0x0E, 0x05, 0x08, 0x19, 0xB0, 0x50, 0x07, 0x13, 0x09,
    0x33, 0x3C, 0x6F, 0x6E, 0x0E, 0x15, 0x0B, 0x19, 0x27, 0x0C, 0x02, 0x01,
    0x01, 0x01, 0x01, 0x02, 0x03, 0x06, 0x10, 0x23, 0x99, 0x13, 0x01, 0x15,
    0x05, 0x1B, 0x48, 0x4C, 0xB0, 0x13, 0x14, 0x15, 0x1C, 0xFD, 0xF4, 0x1C,
    0x13, 0x15, 0x0B, 0x16, 0x14, 0x04, 0x01, 0x05, 0x14, 0x5A, 0xE1, 0x09,
    0x16, 0x09, 0x19, 0x1E, 0x07, 0x07, 0x18, 0x37, 0x4B, 0x49, 0x47, 0x4A,
    0x40, 0x46, 0x4B, 0x49, 0x46, 0x4B, 0x4C, 0x46, 0x46, 0x43, 0x41, 0x41,
    0x47, 0x42, 0x3D, 0x3D, 0x39, 0x40, 0x42, 0x42, 0x40, 0x45, 0x47, 0x4B,
    0x51, 0x55, 0x57, 0x57, 0x6B, 0x68, 0x70, 0x7C, 0x76, 0x82, 0x8A, 0x96,
    0x8C, 0x85, 0x8C, 0x99, 0x9B, 0x97, 0xAB, 0xBA, 0x9B, 0x99, 0xA2, 0x96,
    0x93, 0x8D, 0x91, 0xB2, 0xB9, 0xA3, 0x9E, 0x97, 0x8D, 0x8D, 0x97, 0x93,
    0x93, 0x98, 0xA4, 0x96, 0x9B, 0x9A, 0xA8, 0xA3, 0x93, 0x97, 0x91, 0xA8,
    0xB2, 0xA8, 0xB9, 0xB9, 0xC3, 0xDA, 0xEB, 0xE2, 0xD6, 0xC3, 0xCC, 0xC3,
    0xC7, 0xC7, 0xCC, 0xDE, 0xE2, 0xDE, 0xDE, 0xDA, 0xDE, 0xD6, 0xC3, 0xB9,
    0xBE, 0xC3, 0xC3, 0xB9, 0xA8, 0xB9, 0xD1, 0xC3, 0xCC, 0xAD, 0x97, 0x96,
    0xA8, 0xA3, 0x8A, 0x91, 0x86, 0x8D, 0x96, 0x9E, 0x8D, 0x91, 0x97, 0x99,
    0x95, 0xA6, 0x9B, 0x92, 0x8A, 0x93, 0x85, 0x8C, 0x9B, 0x87, 0x83, 0x84,
    0x7A, 0x74, 0x72, 0x78, 0x6C, 0x65, 0x58, 0x55, 0x5A, 0x5C, 0x5C, 0x58,
    0x4E, 0x4E, 0x51, 0x5A, 0x57, 0x5C, 0x68, 0x57, 0x51, 0x4B, 0x4A, 0x4B,
    0x53, 0x5C, 0x60, 0x55, 0x60, 0x5A, 0x4E, 0x4C, 0x4A, 0x34, 0x18, 0x08,
    0x0D, 0x1D, 0xE1, 0x6A, 0x09, 0x13, 0x12, 0x11, 0x17, 0x14, 0x0D, 0x0F,
    0x0D, 0x0D, 0x0D, 0x0D, 0x0F, 0x12, 0x14, 0x12, 0x0F, 0x06, 0x02, 0x00,
    0x00, 0x00, 0x03, 0x14, 0x1E, 0x02, 0x01, 0x11, 0x13, 0x4A, 0x61, 0x19,
    0x08, 0x03, 0x07, 0x17, 0x48, 0xF6, 0xB0, 0x0E, 0x13, 0x0E, 0x17, 0x17,
    0x03, 0x00, 0x00, 0x00, 0x08, 0x1A, 0xE1, 0x67, 0x0B, 0x15, 0x09, 0x23,
    0x19, 0x04, 0x09, 0x10, 0x0F, 0x06, 0x04, 0x10, 0x42, 0x50, 0x08, 0x14,
    0x09, 0x15, 0x23, 0x08, 0x07, 0x14, 0x19, 0x20, 0x21, 0x22, 0x1C, 0x13,
    0x05, 0x08, 0x19, 0xB0, 0x50, 0x07, 0x13, 0x09, 0x33, 0x3C, 0x6F, 0x6E,
    0x0E, 0x15, 0x0B, 0x19, 0x23, 0x08, 0x01, 0x00, 0x01, 0x02, 0x04, 0x05,
    0x06, 0x0A, 0x17, 0x33, 0x19, 0x00, 0x07, 0x15, 0x01, 0x23, 0x3C, 0x4B,
    0xB0, 0x13, 0x14, 0x13, 0x1E, 0xFE, 0xFD, 0x6E, 0x15, 0x15, 0x14, 0x0B,
    0x19, 0x0F, 0x04, 0x06, 0x14, 0x5A, 0xE1, 0x09, 0x16, 0x08, 0x19, 0x1E,
    0x08, 0x07, 0x15, 0x24, 0x37, 0x38, 0x42, 0x43, 0x3D, 0x40, 0x3D, 0x40,
    0x40, 0x45, 0x4A, 0x4B, 0x55, 0x58, 0x58, 0x58, 0x53, 0x4E, 0x4B, 0x55,
    0x57, 0x51, 0x4A, 0x4A, 0x49, 0x4B, 0x5A, 0x60, 0x58, 0x65, 0x72, 0x70,
    0x78, 0x6C, 0x72, 0x70, 0x6C, 0x80, 0x81, 0x81, 0x76, 0x78, 0x7C, 0x82,
    0x8A, 0x85, 0x83, 0x7A, 0x81, 0x83, 0x81, 0x7A, 0x76, 0x7A, 0x91, 0xBE,
    0xB9, 0xAE, 0xB9, 0xC7, 0xD6, 0xD6, 0xC7, 0xCC, 0xCE, 0xCE, 0xC7, 0xBE,
    0xD1, 0xEC, 0xE5, 0xDA, 0xD1, 0xD1, 0xD1, 0xDA, 0xD1, 0xBE, 0xB2, 0x9E,
    0xA8, 0xBE, 0xD1, 0xDA, 0xF3, 0xF3, 0xF3, 0xEC, 0xE5, 0xEF, 0xF2, 0xEF,
    0xEF, 0xEF, 0xEF, 0xEF, 0xED, 0xE5, 0xD6, 0xDE, 0xE2, 0xCC, 0xA8, 0xB9,
    0xD1, 0xD6, 0xDE, 0xD1, 0xC7, 0xC3, 0xC7, 0xC3, 0xBE, 0xA8, 0xBE, 0xB2,
    0xB9, 0xB2, 0xA3, 0x9A, 0x93, 0xA8, 0xAD, 0xB3, 0xAB, 0xA2, 0xA2, 0x95,
    0x8A, 0x86, 0x80, 0x70, 0x6C, 0x78, 0x8A, 0x7D, 0x81, 0x76, 0x72, 0x6B,
    0x5C, 0x5C, 0x53, 0x4B, 0x4A, 0x4C, 0x53, 0x51, 0x5A, 0x5C, 0x68, 0x68,
    0x5A, 0x65, 0x6C, 0x68, 0x5A, 0x55, 0x5A, 0x60, 0x6C, 0x80, 0x76, 0x72,
    0x70, 0x6C, 0x6B, 0x5C, 0x4E, 0x31, 0x19, 0x0B, 0x0A, 0x1A, 0x6F, 0xF4,
    0x15, 0x0E, 0x11, 0x11, 0x0C, 0x02, 0x00, 0x00, 0x00, 0x00, 0x00, 0x00,
    0x00, 0x06, 0x0C, 0x10, 0x14, 0x15, 0x08, 0x02, 0x00, 0x01, 0x05, 0x1A,
    0x1A, 0x00, 0x07, 0x14, 0x13, 0x73, 0x3C, 0x14, 0x04, 0x01, 0x03, 0x12,
    0x2E, 0xD4, 0xF4, 0x15, 0x0E, 0x0E, 0x11, 0x1A, 0x07, 0x00, 0x00, 0x00,
    0x08, 0x1A, 0xE1, 0x63, 0x0C, 0x15, 0x09, 0x23, 0x19, 0x04, 0x0E, 0x14,
    0x12, 0x08, 0x05, 0x10, 0x42, 0x50, 0x08, 0x14, 0x09, 0x15, 0x23, 0x08,
    0x09, 0x14, 0x1B, 0x24, 0x29, 0x29, 0x1D, 0x13, 0x05, 0x07, 0x19, 0xB0,
    0x50, 0x07, 0x13, 0x09, 0x33, 0x3C, 0x6F, 0x6E, 0x0E, 0x12, 0x0A, 0x19,
    0x23, 0x08, 0x02, 0x02, 0x06, 0x0C, 0x0F, 0x12, 0x14, 0x17, 0x17, 0x0A,
    0x00, 0x01, 0x11, 0x0B, 0x18, 0x61, 0x2E, 0x48, 0xB0, 0x14, 0x14, 0x13,
    0x1B, 0xFE, 0xF6, 0xFB, 0x50, 0x14, 0x15, 0x11, 0x0F, 0x19, 0x0A, 0x09,
    0x15, 0x5A, 0xE1, 0x09, 0x16, 0x0A, 0x19, 0x1E, 0x08, 0x06, 0x14, 0x24,
    0x36, 0x39, 0x43, 0x43, 0x49, 0x47, 0x4A, 0x4A, 0x4C, 0x53, 0x4B, 0x4B,
    0x4E, 0x55, 0x4C, 0x58, 0x6C, 0x6C, 0x78, 0x76, 0x6C, 0x72, 0x76, 0x83,
    0x70, 0x72, 0x6C, 0x6C, 0x80, 0x78, 0x76, 0x76, 0x83, 0x85, 0x80, 0x87,
    0x95, 0x8C, 0x81, 0x6D, 0x70, 0x76, 0x82, 0x8C, 0x8C, 0x99, 0xAB, 0xA3,
    0x9E, 0xAD, 0x9E, 0x97, 0xAB, 0xD0, 0xBB, 0xC9, 0xAD, 0xAD, 0xBE, 0xD1,
    0xE2, 0xEC, 0xE2, 0xCC, 0xC8, 0xB9, 0xB9, 0x9A, 0x9A, 0x9A, 0x97, 0x97,
    0xB2, 0xBE, 0xC7, 0xC7, 0xD1, 0xBE, 0xA8, 0x9E, 0x93, 0x96, 0x9A, 0xA8,
    0xEC, 0xF2, 0xF2, 0xDA, 0xDA, 0xDE, 0xD6, 0xC7, 0xC7, 0xA8, 0xAD, 0xC7,
    0xB9, 0xAD, 0xC3, 0xC3, 0xB2, 0xAD, 0xAD, 0xBE, 0xAD, 0xB9, 0xD6, 0xC3,
    0xBE, 0xD1, 0xB9, 0xA3, 0xAD, 0x9A, 0x96, 0x86, 0x86, 0x84, 0x89, 0x8D,
    0x81, 0x84, 0x7A, 0x7A, 0x8C, 0x8C, 0x87, 0x83, 0x84, 0x86, 0x99, 0xAE,
    0xA6, 0xAB, 0xA8, 0x97, 0x97, 0x8C, 0x92, 0x8C, 0x87, 0x8C, 0x95, 0x92,
    0x92, 0x8C, 0x95, 0x95, 0x92, 0x95, 0x95, 0x8C, 0x7C, 0x76, 0x6C, 0x65,
    0x6B, 0x6B, 0x68, 0x6C, 0x5C, 0x55, 0x4E, 0x4C, 0x51, 0x51, 0x47, 0x45,
    0x41, 0x38, 0x1D, 0x0E, 0x08, 0x16, 0x3C, 0xF6, 0x6A, 0x0E, 0x0E, 0x0F,
    0x07, 0x05, 0x05, 0x05, 0x05, 0x05, 0x05, 0x05, 0x05, 0x05, 0x07, 0x0F,
    0x11, 0x0E, 0x15, 0x08, 0x02, 0x02, 0x0A, 0x1E, 0x14, 0x00, 0x0C, 0x13,
    0x18, 0x79, 0x27, 0x10, 0x04, 0x02, 0x03, 0x0F, 0x1E, 0x80, 0xFD, 0x1C,
    0x08, 0x13, 0x09, 0x1A, 0x0D, 0x01, 0x00, 0x00, 0x08, 0x1A, 0xB0, 0x63,
    0x0B, 0x15, 0x09, 0x23, 0x19, 0x04, 0x0E, 0x14, 0x12, 0x08, 0x05, 0x10,
    0x42, 0x50, 0x08, 0x14, 0x09, 0x15, 0x23, 0x08, 0x07, 0x14, 0x19, 0x1C,
    0x1F, 0x20, 0x1C, 0x11, 0x05, 0x08, 0x19, 0xB0, 0x50, 0x07, 0x13, 0x09,
    0x33, 0x3C, 0x6F, 0x6E, 0x0E, 0x12, 0x0A, 0x19, 0x23, 0x0A, 0x03, 0x08,
    0x0D, 0x10, 0x10, 0x06, 0x05, 0x03, 0x00, 0x00, 0x01, 0x07, 0x13, 0x1C,
    0xE1, 0x4F, 0x23, 0x47, 0xB0, 0x14, 0x14, 0x13, 0x19, 0xF0, 0xE6, 0xFD,
    0xF4, 0x28, 0x14, 0x15, 0x0B, 0x14, 0x17, 0x0D, 0x17, 0x5E, 0xE1, 0x09,
    0x16, 0x0A, 0x19, 0x1E, 0x08, 0x07, 0x15, 0x25, 0x39, 0x3D, 0x3D, 0x41,
    0x47, 0x49, 0x4E, 0x53, 0x4E, 0x4A, 0x4A, 0x43, 0x47, 0x49, 0x4A, 0x57,
    0x57, 0x55, 0x5C, 0x60, 0x6B, 0x60, 0x60, 0x5C, 0x5C, 0x4C, 0x4A, 0x4A,
    0x53, 0x51, 0x4E, 0x58, 0x60, 0x68, 0x72, 0x7C, 0x95, 0x8C, 0x75, 0x7A,
    0x80, 0x82, 0x8C, 0x8C, 0x87, 0x95, 0xA6, 0x9A, 0x93, 0x91, 0x89, 0x8C,
    0x8C, 0x82, 0x7C, 0x8C, 0x8A, 0x84, 0x91, 0x93, 0x96, 0x97, 0xB2, 0xB2,
    0xA8, 0xBE, 0xD6, 0xD1, 0xD6, 0xEB, 0xED, 0xF2, 0xEF, 0xEF, 0xEF, 0xEF,
    0xEF, 0xF3, 0xF3, 0xF2, 0xF7, 0xEF, 0xEC, 0xF3, 0xEC, 0xF3, 0xF3, 0xED,
    0xEC, 0xEB, 0xE2, 0xEC, 0xEB, 0xEB, 0xE2, 0xE2, 0xE2, 0xEC, 0xED, 0xE2,
    0xE5, 0xED, 0xE5, 0xD6, 0xD1, 0xE5, 0xEF, 0xDA, 0xDE, 0xD6, 0xD1, 0xB9,
    0x9E, 0x8D, 0x8D, 0x8A, 0x7A, 0x7A, 0x7A, 0x75, 0x75, 0x7A, 0x6D, 0x66,
    0x6D, 0x7D, 0x80, 0x76, 0x81, 0x8D, 0x8C, 0x83, 0x82, 0x82, 0x6C, 0x6D,
    0x66, 0x72, 0x6C, 0x68, 0x6C, 0x78, 0x82, 0x80, 0x76, 0x6B, 0x5C, 0x55,
    0x4B, 0x45, 0x43, 0x45, 0x40, 0x40, 0x42, 0x43, 0x42, 0x4A, 0x53, 0x4C,
    0x45, 0x42, 0x46, 0x4B, 0x45, 0x46, 0x4A, 0x40, 0x42, 0x3F, 0x21, 0x11,
    0x07, 0x10, 0x1E, 0x74, 0xFD, 0x50, 0x13, 0x0E, 0x0A, 0x0A, 0x0A, 0x0A,
    0x0A, 0x0A, 0x0A, 0x09, 0x09, 0x0A, 0x0B, 0x0E, 0x11, 0x0B, 0x11, 0x16,
    0x07, 0x05, 0x10, 0x23, 0x09, 0x02, 0x11, 0x11, 0x22, 0x9C, 0x23, 0x16,
    0x0A, 0x08, 0x0A, 0x14, 0x23, 0x88, 0xFD, 0x36, 0x09, 0x14, 0x09, 0x1A,
    0x16, 0x03, 0x00, 0x00, 0x08, 0x1A, 0xE1, 0x35, 0x0A, 0x15, 0x09, 0x23,
    0x19, 0x05, 0x0E, 0x16, 0x15, 0x09, 0x05, 0x12, 0x42, 0x50, 0x08, 0x14,
    0x09, 0x15, 0x23, 0x08, 0x08, 0x12, 0x16, 0x1B, 0x1B, 0x1C, 0x1B, 0x11,
    0x04, 0x07, 0x19, 0xB0, 0x50, 0x07, 0x13, 0x09, 0x33, 0x3C, 0x6F, 0x6E,
    0x0E, 0x14, 0x0B, 0x19, 0x23, 0x0A, 0x07, 0x12, 0x04, 0x03, 0x07, 0x02,
    0x00, 0x00, 0x01, 0x02, 0x0E, 0x28, 0x6E, 0xE7, 0xD4, 0x2E, 0x1E, 0x3E,
    0xB0, 0x13, 0x14, 0x14, 0x19, 0x8F, 0x79, 0xD8, 0xFD, 0xE7, 0x18, 0x14,
    0x14, 0x09, 0x17, 0x19, 0x19, 0x68, 0xE1, 0x09, 0x16, 0x0A, 0x19, 0x1E,
    0x08, 0x06, 0x13, 0x1F, 0x34, 0x36, 0x36, 0x31, 0x31, 0x31, 0x2D, 0x2D,
    0x2A, 0x2D, 0x36, 0x34, 0x30, 0x36, 0x38, 0x39, 0x3D, 0x40, 0x40, 0x4B,
    0x60, 0x68, 0x6B, 0x6C, 0x6C, 0x6C, 0x76, 0x60, 0x65, 0x81, 0x7A, 0x75,
    0x82, 0x92, 0x95, 0x9B, 0xAB, 0xA2, 0xA6, 0x99, 0x8D, 0x8A, 0x8D, 0x93,
    0x85, 0x92, 0xA6, 0x9A, 0x96, 0x89, 0x8A, 0x84, 0x7D, 0x7A, 0x75, 0x7A,
    0x89, 0x89, 0x7D, 0x81, 0x8A, 0x9E, 0xB2, 0xA8, 0x93, 0xB2, 0xC7, 0xBE,
    0xA3, 0x9E, 0xB9, 0xB2, 0x97, 0xB2, 0xC3, 0xB9, 0xBE, 0xDE, 0xDE, 0xEC,
    0xEF, 0xDA, 0xD1, 0xC7, 0xEB, 0xEF, 0xEC, 0xEB, 0xEC, 0xE2, 0xDA, 0xDE,
    0xDA, 0xD1, 0xE2, 0xE5, 0xEC, 0xEF, 0xEB, 0xDE, 0xD6, 0xB2, 0x9E, 0xA8,
    0xB2, 0xAD, 0xA8, 0x97, 0x89, 0x91, 0x9E, 0x96, 0x93, 0x8D, 0x89, 0x86,
    0x8A, 0x9E, 0x9A, 0xA8, 0xB9, 0xAC, 0x9E, 0x9E, 0x9E, 0x99, 0x92, 0x97,
    0x96, 0x93, 0x95, 0x8C, 0xAB, 0xA2, 0x91, 0x8A, 0x97, 0x95, 0x99, 0x95,
    0x8C, 0x83, 0x83, 0x83, 0x83, 0x78, 0x6C, 0x6C, 0x6C, 0x78, 0x82, 0x80,
    0x6B, 0x65, 0x6B, 0x5A, 0x55, 0x53, 0x53, 0x51, 0x65, 0x57, 0x57, 0x5A,
    0x53, 0x55, 0x55, 0x47, 0x46, 0x47, 0x2D, 0x18, 0x0B, 0x0A, 0x17, 0x3C,
    0xB1, 0xFD, 0xE7, 0x6A, 0x50, 0x50, 0x50, 0x50, 0x50, 0x50, 0x50, 0x50,
    0x50, 0x50, 0x28, 0x0E, 0x11, 0x13, 0x09, 0x16, 0x12, 0x0A, 0x17, 0x23,
    0x03, 0x05, 0x12, 0x13, 0x1E, 0x48, 0x1A, 0x16, 0x12, 0x12, 0x12, 0x16,
    0x1E, 0x3C, 0xD4, 0xB0, 0x09, 0x14, 0x09, 0x15, 0x1A, 0x04, 0x00, 0x01,
    0x08, 0x1A, 0xE1, 0x35, 0x0B, 0x15, 0x09, 0x23, 0x19, 0x05, 0x0E, 0x15,
    0x12, 0x07, 0x04, 0x12, 0x42, 0x50, 0x08, 0x14, 0x09, 0x15, 0x23, 0x0A,
    0x06, 0x14, 0x1B, 0x1F, 0x20, 0x20, 0x1B, 0x13, 0x05, 0x08, 0x19, 0xB0,
    0x50, 0x05, 0x13, 0x09, 0x33, 0x3C, 0x6F, 0x6E, 0x0E, 0x15, 0x0B, 0x19,
    0x23, 0x0D, 0x0A, 0x1D, 0x09, 0x05, 0x09, 0x0B, 0x07, 0x08, 0x18, 0x35,
    0xE7, 0xFB, 0xFB, 0xF4, 0x4D, 0x1E, 0x1A, 0x3E, 0xB0, 0x13, 0x12, 0x13,
    0x18, 0x4F, 0x3C, 0x4F, 0xE9, 0xFB, 0x6A, 0x13, 0x15, 0x11, 0x0E, 0x1D,
    0x1E, 0x6F, 0xE1, 0x09, 0x16, 0x0A, 0x19, 0x1E, 0x08, 0x07, 0x16, 0x2A,
    0x39, 0x40, 0x41, 0x38, 0x34, 0x31, 0x30, 0x36, 0x3D, 0x3D, 0x39, 0x37,
    0x36, 0x3D, 0x42, 0x41, 0x40, 0x39, 0x36, 0x37, 0x41, 0x49, 0x4E, 0x57,
    0x60, 0x6B, 0x60, 0x65, 0x65, 0x6D, 0x71, 0x7D, 0x78, 0x78, 0x82, 0x92,
    0x8C, 0x82, 0x85, 0x82, 0x75, 0x7D, 0x7A, 0x75, 0x69, 0x78, 0x84, 0x7A,
    0x7A, 0x75, 0x7A, 0x81, 0x86, 0x89, 0x86, 0x91, 0x9A, 0xBE, 0xC3, 0xAD,
    0xA8, 0xB9, 0xBE, 0xD6, 0xDE, 0xDE, 0xE5, 0xEC, 0xEF, 0xED, 0xEC, 0xED,
    0xE2, 0xEF, 0xEF, 0xED, 0xE5, 0xED, 0xEF, 0xF3, 0xF2, 0xED, 0xED, 0xEF,
    0xEF, 0xEF, 0xED, 0xDE, 0xEC, 0xED, 0xF3, 0xF3, 0xF3, 0xF3, 0xF3, 0xF2,
    0xEF, 0xEF, 0xEF, 0xE5, 0xD1, 0xB9, 0xC3, 0xD6, 0xDE, 0xDA, 0xC3, 0xB2,
    0xC7, 0xCC, 0xB9, 0xA3, 0x96, 0x96, 0x91, 0xB9, 0xB9, 0xA3, 0x9E, 0x89,
    0x91, 0x8C, 0x8A, 0x8D, 0x89, 0x84, 0x83, 0x7D, 0x75, 0x75, 0x6C, 0x76,
    0x82, 0x82, 0x7C, 0x76, 0x81, 0x85, 0x80, 0x78, 0x6C, 0x6B, 0x68, 0x6C,
    0x6C, 0x68, 0x5C, 0x57, 0x53, 0x53, 0x55, 0x55, 0x55, 0x47, 0x4C, 0x46,
    0x46, 0x58, 0x53, 0x47, 0x4A, 0x4C, 0x4E, 0x4E, 0x46, 0x41, 0x43, 0x45,
    0x45, 0x41, 0x34, 0x1D, 0x15, 0x08, 0x0F, 0x1D, 0x48, 0xB7, 0xF6, 0xFD,
    0xFB, 0xFB, 0xFB, 0xFB, 0xFB, 0xFB, 0xFB, 0xFB, 0xFB, 0xFD, 0xFD, 0x50,
    0x0E, 0x11, 0x13, 0x0E, 0x1A, 0x12, 0x1E, 0x1D, 0x00, 0x08, 0x14, 0x11,
    0x04, 0x02, 0x02, 0x03, 0x03, 0x03, 0x03, 0x03, 0x03, 0x00, 0x07, 0x36,
    0x0E, 0x12, 0x0E, 0x0E, 0x1D, 0x08, 0x01, 0x01, 0x08, 0x1A, 0xE1, 0x35,
    0x0A, 0x15, 0x09, 0x23, 0x19, 0x05, 0x0E, 0x16, 0x15, 0x0A, 0x05, 0x10,
    0x43, 0x50, 0x08, 0x14, 0x09, 0x15, 0x23, 0x0A, 0x05, 0x12, 0x18, 0x1D,
    0x20, 0x1F, 0x19, 0x11, 0x05, 0x08, 0x19, 0xB0, 0x50, 0x05, 0x13, 0x09,
    0x33, 0x3C, 0x6F, 0x6E, 0x0E, 0x16, 0x0B, 0x19, 0x23, 0x0F, 0x0C, 0x44,
    0x50, 0x09, 0x16, 0x11, 0x28, 0xE7, 0xE7, 0xFB, 0xFB, 0xFA, 0xF4, 0x79,
    0x2E, 0x17, 0x17, 0x37, 0xE1, 0x15, 0x14, 0x13, 0x16, 0x3C, 0x1E, 0x27,
    0x61, 0xE9, 0xFB, 0x28, 0x14, 0x15, 0x0E, 0x13, 0x3C, 0x90, 0xB0, 0x09,
    0x16, 0x09, 0x19, 0x1E, 0x08, 0x06, 0x15, 0x24, 0x30, 0x36, 0x3D, 0x37,
    0x34, 0x36, 0x34, 0x37, 0x40, 0x39, 0x40, 0x46, 0x46, 0x49, 0x4E, 0x5A,
    0x65, 0x58, 0x5A, 0x65, 0x60, 0x5C, 0x68, 0x68, 0x5C, 0x70, 0x8C, 0x8C,
    0x8A, 0x91, 0x85, 0x85, 0x8C, 0x87, 0x78, 0x76, 0x76, 0x76, 0x7C, 0x87,
    0x91, 0x8A, 0x8A, 0x91, 0x95, 0x92, 0x92, 0x95, 0x93, 0x8D, 0x89, 0xA3,
    0xA8, 0xC7, 0xC9, 0xB2, 0x91, 0x89, 0x9A, 0x96, 0x93, 0x9A, 0xA8, 0x9E,
    0x97, 0x9E, 0x9A, 0xA8, 0xB2, 0xA3, 0xC3, 0xDA, 0xBE, 0xC3, 0xDE, 0xD6,
    0xCC, 0xC3, 0xB9, 0xC7, 0xE5, 0xDA, 0xD1, 0xC3, 0xE2, 0xE2, 0xDE, 0xDA,
    0xDA, 0xDE, 0xE2, 0xED, 0xEF, 0xF2, 0xEF, 0xEF, 0xEF, 0xEF, 0xEC, 0xDE,
    0xDA, 0xD1, 0xB2, 0xB2, 0xA8, 0xA3, 0xA8, 0xB9, 0xB9, 0xA3, 0xB2, 0xC7,
    0xB9, 0xB2, 0xAD, 0xA3, 0x9A, 0xB2, 0xAD, 0x95, 0x95, 0x97, 0x95, 0x9B,
    0xB2, 0xBE, 0xB3, 0x9B, 0x96, 0x7E, 0x7A, 0x7E, 0x77, 0x77, 0x77, 0x77,
    0x75, 0x7A, 0x7A, 0x83, 0x82, 0x78, 0x72, 0x7C, 0x80, 0x7C, 0x72, 0x76,
    0x78, 0x78, 0x80, 0x6C, 0x70, 0x70, 0x72, 0x6C, 0x65, 0x68, 0x6B, 0x57,
    0x57, 0x53, 0x49, 0x43, 0x40, 0x41, 0x40, 0x37, 0x3D, 0x41, 0x39, 0x2B,
    0x1B, 0x0F, 0x08, 0x12, 0x1E, 0x48, 0x88, 0xE9, 0xF6, 0xF6, 0xF6, 0xF6,
    0xF6, 0xF6, 0xF6, 0xF6, 0xF6, 0xF6, 0xFD, 0xFD, 0x28, 0x0B, 0x15, 0x09,
    0x1B, 0x1A, 0x2E, 0x16, 0x00, 0x0C, 0x13, 0x11, 0x0A, 0x0A, 0x0A, 0x0A,
    0x08, 0x06, 0x06, 0x06, 0x06, 0x07, 0x05, 0x06, 0x0C, 0x13, 0x13, 0x09,
    0x1D, 0x10, 0x02, 0x01, 0x08, 0x1A, 0xE1, 0x35, 0x0A, 0x15, 0x09, 0x23,
    0x19, 0x04, 0x0E, 0x16, 0x14, 0x09, 0x06, 0x12, 0x42, 0x50, 0x09, 0x14,
    0x09, 0x15, 0x23, 0x0A, 0x03, 0x09, 0x19, 0x1D, 0x20, 0x1F, 0x19, 0x10,
    0x05, 0x08, 0x1A, 0xB0, 0x50, 0x05, 0x13, 0x07, 0x33, 0x3C, 0x6F, 0xB0,
    0x0E, 0x15, 0x0B, 0x19, 0x23, 0x0F, 0x10, 0x32, 0xFD, 0x28, 0x0F, 0x11,
    0x28, 0x6E, 0x35, 0xE1, 0xFD, 0xF6, 0x8D, 0x3C, 0x1A, 0x10, 0x16, 0x33,
    0xB0, 0x15, 0x13, 0x13, 0x16, 0x33, 0x17, 0x19, 0x33, 0x8F, 0xF4, 0xE7,
    0x1C, 0x14, 0x15, 0x09, 0x1E, 0xED, 0xB0, 0x09, 0x16, 0x09, 0x19, 0x1E,
    0x08, 0x07, 0x18, 0x29, 0x36, 0x3D, 0x42, 0x40, 0x38, 0x3D, 0x39, 0x3D,
    0x41, 0x45, 0x45, 0x4B, 0x4C, 0x51, 0x51, 0x4A, 0x4C, 0x47, 0x45, 0x47,
    0x4C, 0x4C, 0x4C, 0x4C, 0x51, 0x68, 0x82, 0x78, 0x72, 0x82, 0x95, 0x8C,
    0x8C, 0x99, 0x92, 0x8C, 0x83, 0x7C, 0x81, 0x86, 0x8C, 0x85, 0x82, 0x8C,
    0x85, 0x86, 0x84, 0x76, 0x80, 0x8A, 0x96, 0x96, 0x97, 0xA3, 0xA3, 0xC3,
    0x9E, 0x93, 0x9A, 0xA3, 0xA8, 0xB2, 0xE2, 0xDE, 0xE5, 0xDA, 0xCC, 0xB2,
    0xBE, 0xAD, 0xB9, 0xD1, 0xD1, 0xD6, 0xE2, 0xDE, 0xEB, 0xEB, 0xEB, 0xED,
    0xEF, 0xED, 0xEC, 0xED, 0xF8, 0xF7, 0xF3, 0xF2, 0xED, 0xED, 0xEF, 0xED,
    0xEF, 0xED, 0xE2, 0xE2, 0xCC, 0xC3, 0xA8, 0x9E, 0x8D, 0x81, 0x86, 0x93,
    0x96, 0x96, 0x93, 0x9E, 0xAD, 0x9A, 0x93, 0x8A, 0x86, 0x8A, 0x8A, 0x81,
    0x84, 0x9A, 0x9E, 0x95, 0x83, 0x87, 0x8C, 0x8C, 0x93, 0x8A, 0x82, 0x85,
    0x8D, 0x86, 0x7D, 0x75, 0x76, 0x7F, 0x86, 0x85, 0x7E, 0x89, 0x91, 0x92,
    0x8C, 0x87, 0x7C, 0x6C, 0x6C, 0x6C, 0x6B, 0x58, 0x5C, 0x68, 0x76, 0x7C,
    0x6C, 0x5C, 0x53, 0x47, 0x46, 0x46, 0x40, 0x39, 0x3D, 0x42, 0x38, 0x39,
    0x40, 0x42, 0x43, 0x41, 0x40, 0x41, 0x47, 0x42, 0x24, 0x15, 0x07, 0x08,
    0x12, 0x1A, 0x2E, 0x48, 0x61, 0x88, 0x88, 0x88, 0x88, 0x88, 0x8F, 0x8F,
    0x8F, 0xD3, 0xF7, 0xFD, 0x6E, 0x0B, 0x15, 0x09, 0x19, 0x2E, 0x3C, 0x0B,
    0x01, 0x0F, 0x0B, 0x0B, 0x0E, 0x0F, 0x0E, 0x0F, 0x0F, 0x10, 0x0F, 0x0F,
    0x0F, 0x0F, 0x10, 0x0F, 0x0F, 0x12, 0x15, 0x07, 0x19, 0x17, 0x03, 0x01,
    0x08, 0x1A, 0xE1, 0x35, 0x0B, 0x15, 0x09, 0x23, 0x19, 0x05, 0x0E, 0x15,
    0x12, 0x08, 0x04, 0x10, 0x43, 0x50, 0x09, 0x14, 0x09, 0x15, 0x27, 0x0A,
    0x02, 0x00, 0x11, 0x19, 0x19, 0x18, 0x14, 0x08, 0x03, 0x08, 0x1A, 0xB0,
    0x3B, 0x05, 0x13, 0x05, 0x2E, 0x3C, 0x6F, 0xB0, 0x0E, 0x15, 0x0B, 0x19,
    0x23, 0x0F, 0x12, 0x1E, 0xE1, 0xFB, 0x28, 0x0E, 0x11, 0x13, 0x0E, 0x34,
    0xFC, 0x88, 0x3C, 0x1A, 0x0F, 0x09, 0x12, 0x32, 0xB0, 0x15, 0x13, 0x13,
    0x16, 0x2E, 0x12, 0x10, 0x1A, 0x48, 0xB7, 0xFB, 0x6E, 0x18, 0x16, 0x13,
    0x09, 0xA1, 0xE1, 0x09, 0x16, 0x0B, 0x1A, 0x1E, 0x08, 0x06, 0x15, 0x22,
    0x30, 0x38, 0x43, 0x47, 0x46, 0x47, 0x43, 0x45, 0x41, 0x40, 0x40, 0x3D,
    0x43, 0x40, 0x45, 0x4E, 0x65, 0x7C, 0x7C, 0x78, 0x78, 0x87, 0x8C, 0x83,
    0x80, 0x78, 0x78, 0x78, 0x78, 0x7C, 0x70, 0x72, 0x72, 0x6F, 0x5E, 0x5C,
    0x5C, 0x5B, 0x54, 0x4C, 0x55, 0x6C, 0x76, 0x7A, 0x76, 0x89, 0x81, 0x78,
    0x80, 0x75, 0x81, 0x86, 0x86, 0x8A, 0x8D, 0xA8, 0xAD, 0x9A, 0x9A, 0xA8,
    0xA3, 0xA3, 0xB2, 0xB2, 0xB2, 0xB9, 0xBE, 0xA3, 0xB2, 0xBE, 0xB2, 0xC7,
    0xDE, 0xD6, 0xDE, 0xEF, 0xEC, 0xED, 0xEF, 0xEB, 0xCC, 0xDE, 0xEF, 0xDE,
    0xF2, 0xF7, 0xF7, 0xF3, 0xF3, 0xF3, 0xEF, 0xEF, 0xED, 0xE5, 0xDE, 0xEC,
    0xE5, 0xDA, 0xDA, 0xE2, 0xEB, 0xDA, 0xD6, 0xDA, 0xD1, 0xEC, 0xEC, 0xD1,
    0xCC, 0xD6, 0xC7, 0x9E, 0xAD, 0xA8, 0x96, 0x89, 0x84, 0x7A, 0xA3, 0xAE,
    0xA6, 0xAE, 0x9B, 0xA2, 0x8A, 0x84, 0x81, 0x82, 0x84, 0x83, 0x91, 0x97,
    0xB3, 0xC4, 0xA8, 0x9B, 0x87, 0x81, 0x70, 0x6C, 0x6C, 0x6B, 0x65, 0x6C,
    0x76, 0x80, 0x83, 0x72, 0x6C, 0x78, 0x6C, 0x6C, 0x6C, 0x60, 0x60, 0x53,
    0x58, 0x5A, 0x58, 0x57, 0x60, 0x68, 0x6C, 0x60, 0x57, 0x49, 0x4A, 0x4C,
    0x4A, 0x46, 0x41, 0x3D, 0x2B, 0x16, 0x06, 0x02, 0x06, 0x0F, 0x17, 0x1A,
    0x1E, 0x23, 0x27, 0x27, 0x27, 0x27, 0x27, 0x27, 0x2E, 0x3E, 0x88, 0xF6,
    0xB0, 0x0E, 0x15, 0x0E, 0x18, 0x4F, 0x3E, 0x03, 0x04, 0x13, 0x28, 0x28,
    0x1F, 0x1C, 0x1C, 0x18, 0x18, 0x13, 0x13, 0x13, 0x13, 0x13, 0x13, 0x13,
    0x13, 0x11, 0x15, 0x09, 0x14, 0x1A, 0x06, 0x02, 0x08, 0x1A, 0xE1, 0x35,
    0x0B, 0x15, 0x09, 0x23, 0x19, 0x04, 0x0E, 0x16, 0x15, 0x0A, 0x05, 0x10,
    0x3E, 0x6A, 0x0B, 0x14, 0x09, 0x15, 0x27, 0x0C, 0x02, 0x00, 0x00, 0x0E,
    0x18, 0x15, 0x0B, 0x04, 0x02, 0x08, 0x1A, 0xA1, 0x18, 0x05, 0x14, 0x06,
    0x2E, 0x48, 0x6F, 0xB0, 0x0E, 0x15, 0x0B, 0x19, 0x23, 0x0C, 0x0D, 0x1A,
    0x4D, 0xF4, 0xFB, 0x1C, 0x0E, 0x15, 0x15, 0x05, 0x2E, 0x4F, 0x1A, 0x11,
    0x07, 0x05, 0x10, 0x2E, 0xB0, 0x15, 0x13, 0x11, 0x16, 0x27, 0x0F, 0x08,
    0x10, 0x1E, 0x4F, 0xF4, 0xFB, 0x50, 0x15, 0x13, 0x09, 0x1C, 0xB0, 0x0B,
    0x16, 0x0E, 0x1A, 0x1E, 0x08, 0x07, 0x18, 0x36, 0x42, 0x49, 0x4E, 0x58,
    0x60, 0x58, 0x53, 0x57, 0x49, 0x47, 0x47, 0x4B, 0x4A, 0x4B, 0x4C, 0x4B,
    0x55, 0x65, 0x5A, 0x65, 0x5A, 0x6B, 0x82, 0x7C, 0x82, 0x83, 0x78, 0x80,
    0x7C, 0x7C, 0x70, 0x76, 0x8C, 0x82, 0x83, 0x7A, 0x80, 0x92, 0x98, 0x92,
    0x87, 0x8C, 0xA2, 0xB3, 0xAB, 0x9D, 0xA2, 0xAE, 0x9B, 0x93, 0x9A, 0x97,
    0x93, 0x84, 0x81, 0x91, 0xC3, 0xE2, 0xDA, 0xC7, 0xD6, 0xBE, 0x9E, 0x97,
    0x9E, 0xBE, 0xD6, 0xE5, 0xEC, 0xF3, 0xF2, 0xF3, 0xEF, 0xED, 0xEB, 0xD1,
    0xCC, 0xB9, 0xBE, 0xBE, 0xC7, 0xE5, 0xEC, 0xD6, 0xCC, 0xD1, 0xDE, 0xD6,
    0xD6, 0xD1, 0xCC, 0xBE, 0xB9, 0xCC, 0xC7, 0xC3, 0xBE, 0xC7, 0xD6, 0xEB,
    0xEC, 0xDA, 0xEC, 0xEF, 0xE2, 0xE2, 0xE2, 0xDE, 0xD6, 0xC3, 0xD1, 0xC3,
    0xB9, 0xB9, 0x9A, 0x97, 0x97, 0x97, 0x9A, 0x91, 0x8D, 0x91, 0x91, 0x91,
    0x89, 0x84, 0x7A, 0x75, 0x7C, 0x82, 0x7A, 0x75, 0x75, 0x75, 0x6C, 0x72,
    0x75, 0x75, 0x75, 0x80, 0x76, 0x76, 0x70, 0x6F, 0x73, 0x70, 0x6C, 0x7C,
    0x83, 0x82, 0x8C, 0x83, 0x87, 0x85, 0x78, 0x6C, 0x65, 0x68, 0x60, 0x5C,
    0x6C, 0x7C, 0x78, 0x72, 0x5C, 0x57, 0x55, 0x57, 0x4C, 0x49, 0x43, 0x36,
    0x20, 0x12, 0x04, 0x00, 0x01, 0x05, 0x08, 0x0D, 0x12, 0x12, 0x14, 0x14,
    0x14, 0x14, 0x14, 0x15, 0x17, 0x1A, 0x3C, 0xE9, 0xB0, 0x0B, 0x15, 0x0B,
    0x18, 0x8F, 0x30, 0x00, 0x06, 0x1F, 0xFD, 0xFB, 0xFB, 0xF9, 0xE7, 0xE7,
    0xE7, 0x6E, 0x6E, 0x6E, 0xE7, 0x6E, 0x6E, 0xB0, 0x6E, 0x18, 0x13, 0x11,
    0x0E, 0x1E, 0x0C, 0x03, 0x08, 0x1A, 0xE1, 0x35, 0x0A, 0x14, 0x09, 0x23,
    0x19, 0x04, 0x0E, 0x18, 0x16, 0x0C, 0x06, 0x10, 0x37, 0xE1, 0x13, 0x11,
    0x0E, 0x0E, 0x2E, 0x10, 0x02, 0x01, 0x01, 0x00, 0x05, 0x07, 0x05, 0x01,
    0x01, 0x0A, 0x23, 0x42, 0x00, 0x08, 0x14, 0x05, 0x33, 0x3C, 0x6F, 0x6E,
    0x0E, 0x15, 0x0B, 0x19, 0x23, 0x0A, 0x08, 0x16, 0x2E, 0x8A, 0xFD, 0xF4,
    0x1C, 0x11, 0x15, 0x13, 0x09, 0x1E, 0x1A, 0x0A, 0x03, 0x04, 0x10, 0x2E,
    0xB0, 0x15, 0x14, 0x11, 0x16, 0x27, 0x0C, 0x04, 0x07, 0x15, 0x27, 0x88,
    0xF4, 0xF4, 0x28, 0x11, 0x11, 0x0E, 0x1F, 0x0E, 0x15, 0x0E, 0x1A, 0x1E,
    0x08, 0x06, 0x16, 0x2A, 0x3A, 0x45, 0x42, 0x42, 0x46, 0x47, 0x42, 0x4A,
    0x49, 0x45, 0x4B, 0x4E, 0x4E, 0x53, 0x5A, 0x57, 0x57, 0x47, 0x4E, 0x4A,
    0x4B, 0x4B, 0x4C, 0x4C, 0x58, 0x5C, 0x57, 0x6B, 0x5C, 0x5B, 0x60, 0x75,
    0x7A, 0x7A, 0x6D, 0x7A, 0x80, 0x8C, 0x89, 0x90, 0x95, 0x99, 0xA6, 0x99,
    0xA6, 0x97, 0xA3, 0xB3, 0xAB, 0x9A, 0x9A, 0x93, 0xA3, 0x9E, 0x93, 0x91,
    0x91, 0x8D, 0x9E, 0xAD, 0xA3, 0x97, 0x9E, 0x93, 0x96, 0xAD, 0xC3, 0xBE,
    0xAD, 0xBE, 0xBE, 0xD1, 0xE5, 0xEB, 0xEB, 0xDA, 0xDE, 0xDE, 0xE2, 0xDE,
    0xDA, 0xEB, 0xDE, 0xD1, 0xF2, 0xEF, 0xEB, 0xDE, 0xDA, 0xEB, 0xDE, 0xDA,
    0xD6, 0xC7, 0xC7, 0xD1, 0xCC, 0xCC, 0xDA, 0xD6, 0xDE, 0xD6, 0xE2, 0xEB,
    0xE5, 0xEC, 0xEF, 0xEB, 0xED, 0xEC, 0xE2, 0xDA, 0xD6, 0xD6, 0xB9, 0xC7,
    0xB2, 0xAD, 0xB2, 0xA8, 0x9A, 0x8D, 0x97, 0x96, 0x93, 0x96, 0x91, 0x93,
    0x92, 0x8C, 0x8A, 0x7D, 0x71, 0x66, 0x5B, 0x65, 0x72, 0x75, 0x71, 0x82,
    0x7C, 0x7C, 0x6B, 0x60, 0x60, 0x72, 0x65, 0x58, 0x6C, 0x6C, 0x70, 0x70,
    0x7C, 0x7C, 0x6C, 0x72, 0x82, 0x76, 0x68, 0x6C, 0x72, 0x6C, 0x70, 0x6B,
    0x5C, 0x6C, 0x76, 0x68, 0x4E, 0x51, 0x43, 0x29, 0x18, 0x07, 0x01, 0x00,
    0x02, 0x03, 0x05, 0x06, 0x06, 0x06, 0x06, 0x06, 0x06, 0x06, 0x06, 0x07,
    0x0A, 0x12, 0x1E, 0xB1, 0x2F, 0x09, 0x14, 0x09, 0x19, 0xE0, 0x1F, 0x01,
    0x0A, 0x1C, 0x28, 0xF4, 0xFD, 0xFD, 0xFD, 0xFD, 0xFD, 0xFD, 0xFD, 0xFD,
    0xFD, 0xFD, 0xFD, 0xFD, 0xFD, 0x1C, 0x0E, 0x14, 0x09, 0x1E, 0x12, 0x04,
    0x08, 0x1A, 0xE1, 0x35, 0x0C, 0x14, 0x09, 0x23, 0x19, 0x04, 0x11, 0x19,
    0x19, 0x11, 0x06, 0x10, 0x2E, 0xF4, 0x1C, 0x0F, 0x14, 0x03, 0x1D, 0x1A,
    0x06, 0x02, 0x00, 0x00, 0x00, 0x00, 0x00, 0x01, 0x04, 0x15, 0x2E, 0x0A,
    0x00, 0x0F, 0x0B, 0x15, 0x5F, 0x2E, 0x6F, 0x6E, 0x0E, 0x15, 0x0B, 0x19,
    0x23, 0x0A, 0x04, 0x0C, 0x19, 0x3C, 0xB8, 0xFD, 0xE7, 0x1C, 0x11, 0x15,
    0x14, 0x0B, 0x19, 0x12, 0x04, 0x04, 0x10, 0x2E, 0xB0, 0x15, 0x14, 0x11,
    0x16, 0x27, 0x0C, 0x02, 0x02, 0x0A, 0x17, 0x3C, 0x9B, 0xFD, 0xE1, 0x18,
    0x12, 0x14, 0x15, 0x0F, 0x16, 0x0C, 0x1A, 0x1E, 0x08, 0x08, 0x18, 0x30,
    0x40, 0x40, 0x41, 0x41, 0x49, 0x4E, 0x53, 0x51, 0x5A, 0x51, 0x51, 0x51,
    0x58, 0x57, 0x53, 0x53, 0x4E, 0x57, 0x65, 0x60, 0x65, 0x68, 0x6C, 0x65,
    0x68, 0x68, 0x60, 0x6C, 0x68, 0x69, 0x75, 0x6D, 0x7D, 0x81, 0x6D, 0x81,
    0x8C, 0x91, 0x93, 0x83, 0x8C, 0xA2, 0xBA, 0xAB, 0xA6, 0xA3, 0xAD, 0xAE,
    0xAE, 0xA3, 0xA3, 0x9E, 0xA3, 0xB9, 0xD1, 0xBE, 0x9E, 0xA3, 0xC3, 0xC7,
    0xBE, 0xA3, 0xA8, 0xB9, 0xCC, 0xCC, 0xCC, 0xBE, 0xBE, 0xB2, 0xB9, 0xBE,
    0xB9, 0xC7, 0xD1, 0xB9, 0xB9, 0xD1, 0xD6, 0xCC, 0xCC, 0xD1, 0xDA, 0xDE,
    0xEF, 0xF3, 0xF2, 0xEF, 0xEF, 0xE5, 0xEB, 0xEB, 0xDE, 0xEB, 0xEC, 0xEF,
    0xEF, 0xF3, 0xEC, 0xE2, 0xDE, 0xDA, 0xD6, 0xCC, 0xCC, 0xBE, 0xB2, 0xB2,
    0xBE, 0xC3, 0xA3, 0xA3, 0x9A, 0x9A, 0xA3, 0xA3, 0x96, 0x8A, 0x81, 0x84,
    0x97, 0x93, 0x91, 0x86, 0x8D, 0x96, 0xA3, 0xA6, 0x9A, 0x9F, 0x9E, 0x8D,
    0x87, 0x85, 0x7A, 0x69, 0x6D, 0x71, 0x6C, 0x6D, 0x6D, 0x68, 0x6C, 0x77,
    0x66, 0x5B, 0x4E, 0x4B, 0x46, 0x4A, 0x4B, 0x45, 0x45, 0x47, 0x46, 0x55,
    0x5A, 0x49, 0x42, 0x41, 0x42, 0x4A, 0x4A, 0x45, 0x46, 0x57, 0x65, 0x6B,
    0x5C, 0x4E, 0x40, 0x22, 0x13, 0x03, 0x02, 0x04, 0x08, 0x0B, 0x0D, 0x0A,
    0x08, 0x06, 0x06, 0x06, 0x06, 0x06, 0x06, 0x06, 0x0A, 0x14, 0x2E, 0x52,
    0x0B, 0x0C, 0x13, 0x05, 0x21, 0xF3, 0x18, 0x03, 0x0E, 0x11, 0x16, 0xF8,
    0xF0, 0xD3, 0xCA, 0xCA, 0xCA, 0xCA, 0xCA, 0xCA, 0xCA, 0xCF, 0xE6, 0xF8,
    0xFD, 0x28, 0x0B, 0x18, 0x05, 0x19, 0x17, 0x06, 0x0A, 0x1A, 0xB0, 0x28,
    0x0C, 0x14, 0x09, 0x23, 0x19, 0x06, 0x11, 0x18, 0x18, 0x11, 0x06, 0x0D,
    0x1E, 0xD4, 0x50, 0x0A, 0x16, 0x0E, 0x07, 0x1A, 0x15, 0x07, 0x03, 0x02,
    0x01, 0x02, 0x03, 0x06, 0x12, 0x1A, 0x08, 0x00, 0x06, 0x13, 0x0E, 0x90,
    0x4F, 0x23, 0x6F, 0x6E, 0x0E, 0x16, 0x0E, 0x19, 0x23, 0x08, 0x02, 0x04,
    0x10, 0x1D, 0x4F, 0xC0, 0xFB, 0xE7, 0x1C, 0x12, 0x16, 0x15, 0x0E, 0x17,
    0x0C, 0x07, 0x12, 0x33, 0xB0, 0x15, 0x14, 0x11, 0x16, 0x27, 0x0C, 0x02,
    0x01, 0x04, 0x0D, 0x1A, 0x48, 0xE9, 0xFD, 0x6A, 0x13, 0x16, 0x15, 0x13,
    0x17, 0x0E, 0x1A, 0x1E, 0x08, 0x07, 0x18, 0x2A, 0x36, 0x36, 0x34, 0x31,
    0x34, 0x34, 0x36, 0x34, 0x43, 0x49, 0x42, 0x41, 0x46, 0x47, 0x4B, 0x53,
    0x47, 0x47, 0x57, 0x6C, 0x70, 0x6C, 0x70, 0x76, 0x72, 0x6C, 0x70, 0x70,
    0x6C, 0x60, 0x6B, 0x76, 0x85, 0x8C, 0x8C, 0x95, 0x8C, 0x8C, 0x97, 0x92,
    0x83, 0x83, 0x85, 0x83, 0x81, 0x92, 0xA2, 0x91, 0x91, 0x9A, 0x93, 0x97,
    0x9A, 0x93, 0x9A, 0x91, 0x8A, 0x9A, 0xA8, 0xAD, 0xA3, 0x9E, 0xA8, 0xCC,
    0xD1, 0xB9, 0xC7, 0xDA, 0xC7, 0xDA, 0xD1, 0xAD, 0xA8, 0xCC, 0xC3, 0xBE,
    0xD1, 0xDA, 0xEB, 0xE2, 0xDE, 0xD6, 0xBE, 0xBE, 0xE2, 0xDE, 0xE5, 0xE5,
    0xEB, 0xF3, 0xF8, 0xF7, 0xF7, 0xF8, 0xF7, 0xF3, 0xF2, 0xEF, 0xE5, 0xD6,
    0xD6, 0xD1, 0xDE, 0xDA, 0xE2, 0xE5, 0xEB, 0xEB, 0xCC, 0xD1, 0xB9, 0xA8,
    0xB9, 0xAD, 0x96, 0x89, 0x8D, 0x91, 0x86, 0x8D, 0x86, 0x7D, 0x7D, 0x81,
    0x96, 0x8A, 0x7D, 0x7A, 0x97, 0xA3, 0x87, 0x82, 0x78, 0x72, 0x75, 0x71,
    0x60, 0x58, 0x5E, 0x60, 0x69, 0x78, 0x80, 0x7E, 0x75, 0x82, 0x72, 0x5A,
    0x57, 0x57, 0x51, 0x4C, 0x58, 0x5C, 0x65, 0x7C, 0x76, 0x68, 0x5A, 0x53,
    0x4E, 0x4C, 0x4B, 0x49, 0x3D, 0x40, 0x4E, 0x51, 0x42, 0x46, 0x37, 0x1B,
    0x0B, 0x02, 0x05, 0x0F, 0x07, 0x08, 0x16, 0x16, 0x15, 0x14, 0x12, 0x12,
    0x12, 0x12, 0x12, 0x12, 0x15, 0x19, 0x1B, 0x07, 0x02, 0x0B, 0x13, 0x03,
    0x48, 0xEB, 0x0E, 0x05, 0x11, 0x0B, 0x27, 0xCF, 0x4D, 0x3C, 0x3C, 0x3C,
    0x3C, 0x3C, 0x3C, 0x3C, 0x3C, 0x3C, 0x4D, 0x88, 0xF6, 0x6A, 0x09, 0x18,
    0x09, 0x15, 0x1A, 0x08, 0x0A, 0x1A, 0xB0, 0x28, 0x0B, 0x14, 0x09, 0x23,
    0x19, 0x06, 0x13, 0x18, 0x1B, 0x13, 0x07, 0x0B, 0x1A, 0x74, 0xF4, 0x13,
    0x10, 0x15, 0x0E, 0x09, 0x17, 0x17, 0x12, 0x0D, 0x0A, 0x0D, 0x12, 0x16,
    0x14, 0x05, 0x00, 0x04, 0x11, 0x0E, 0x50, 0xF2, 0x2E, 0x23, 0x6F, 0x6E,
    0x0E, 0x15, 0x0B, 0x19, 0x23, 0x08, 0x02, 0x02, 0x07, 0x12, 0x1E, 0x4F,
    0xE9, 0xFB, 0xE7, 0x18, 0x11, 0x15, 0x13, 0x0E, 0x17, 0x10, 0x15, 0x32,
    0xB0, 0x15, 0x14, 0x11, 0x16, 0x27, 0x0C, 0x02, 0x02, 0x04, 0x07, 0x12,
    0x23, 0x61, 0xF6, 0xFB, 0x28, 0x12, 0x15, 0x15, 0x16, 0x0E, 0x1A, 0x1E,
    0x08, 0x07, 0x16, 0x2A, 0x38, 0x41, 0x43, 0x40, 0x39, 0x37, 0x38, 0x39,
    0x36, 0x38, 0x40, 0x42, 0x43, 0x47, 0x4B, 0x4E, 0x4C, 0x4B, 0x55, 0x68,
    0x65, 0x68, 0x65, 0x68, 0x5C, 0x70, 0x80, 0x85, 0x9B, 0x95, 0x95, 0x99,
    0x99, 0x9B, 0x95, 0x8C, 0x8C, 0x8C, 0x87, 0x87, 0x87, 0x99, 0xA3, 0xA7,
    0x99, 0x9B, 0x99, 0x9A, 0xB2, 0xB2, 0x9A, 0x9A, 0x93, 0x8A, 0x89, 0x96,
    0x93, 0x93, 0x93, 0xA8, 0xCC, 0xD1, 0xBE, 0xA8, 0x93, 0x91, 0xA3, 0xB9,
    0xAD, 0xA8, 0xA8, 0x9E, 0xB2, 0xC3, 0xC3, 0xA3, 0x9A, 0xD1, 0xDE, 0xE2,
    0xDA, 0xEB, 0xE5, 0xD1, 0xDE, 0xD1, 0xCC, 0xC3, 0xC3, 0xE2, 0xE5, 0xE5,
    0xDA, 0xE5, 0xEB, 0xDE, 0xDA, 0xD6, 0xDA, 0xDA, 0xD1, 0xD6, 0xEB, 0xE2,
    0xD6, 0xDE, 0xED, 0xE2, 0xDA, 0xDE, 0xC3, 0xB9, 0xD1, 0xDA, 0xCC, 0xB2,
    0xB2, 0xAD, 0x9A, 0xA8, 0x97, 0x97, 0x91, 0x97, 0xB2, 0xD6, 0xE5, 0xD6,
    0xC4, 0xAD, 0xB3, 0x9B, 0x91, 0x8C, 0x91, 0x8A, 0x8A, 0x95, 0x92, 0x92,
    0xA2, 0xAB, 0x95, 0x8D, 0x86, 0x83, 0x80, 0x72, 0x6C, 0x5C, 0x53, 0x57,
    0x60, 0x76, 0x7C, 0x6C, 0x78, 0x8C, 0x87, 0x85, 0x80, 0x6C, 0x5C, 0x58,
    0x58, 0x4C, 0x60, 0x5A, 0x4C, 0x42, 0x37, 0x1B, 0x07, 0x03, 0x0F, 0x0C,
    0x00, 0x05, 0x16, 0x16, 0x16, 0x16, 0x16, 0x16, 0x15, 0x12, 0x0D, 0x08,
    0x06, 0x04, 0x00, 0x00, 0x05, 0x0B, 0x13, 0x13, 0xEA, 0xA1, 0x09, 0x07,
    0x11, 0x10, 0x3C, 0x48, 0x1E, 0x19, 0x19, 0x19, 0x19, 0x19, 0x19, 0x19,
    0x19, 0x19, 0x1D, 0x3C, 0xDC, 0xB0, 0x09, 0x15, 0x0E, 0x0E, 0x1E, 0x0C,
    0x0C, 0x1A, 0xB0, 0x28, 0x0B, 0x14, 0x09, 0x23, 0x19, 0x07, 0x11, 0x18,
    0x1D, 0x18, 0x0B, 0x08, 0x17, 0x3E, 0xF6, 0x6A, 0x0B, 0x14, 0x16, 0x13,
    0x0E, 0x14, 0x16, 0x16, 0x15, 0x10, 0x0C, 0x04, 0x00, 0x00, 0x05, 0x0C,
    0x0E, 0x35, 0xFD, 0x61, 0x23, 0x1E, 0x5E, 0xB0, 0x0E, 0x14, 0x0B, 0x19,
    0x23, 0x08, 0x02, 0x03, 0x06, 0x0A, 0x15, 0x23, 0x61, 0xF6, 0xFB, 0xE7,
    0x18, 0x11, 0x14, 0x0E, 0x11, 0x19, 0x17, 0x37, 0xB0, 0x15, 0x14, 0x11,
    0x16, 0x27, 0x0B, 0x03, 0x06, 0x0C, 0x0A, 0x0A, 0x17, 0x2E, 0x8A, 0xF4,
    0xE7, 0x18, 0x14, 0x15, 0x16, 0x0B, 0x1A, 0x1E, 0x08, 0x07, 0x16, 0x2D,
    0x40, 0x49, 0x53, 0x4C, 0x55, 0x5C, 0x68, 0x68, 0x5C, 0x5A, 0x58, 0x51,
    0x53, 0x5C, 0x5A, 0x51, 0x4E, 0x51, 0x5C, 0x58, 0x5A, 0x58, 0x55, 0x4E,
    0x4C, 0x5C, 0x6C, 0x6B, 0x6C, 0x80, 0x83, 0x78, 0x82, 0x82, 0x83, 0x82,
    0x7C, 0x83, 0x83, 0x92, 0x95, 0x92, 0x96, 0xA7, 0xA6, 0xA6, 0x9B, 0x9E,
    0xA3, 0xA3, 0xC3, 0xB9, 0xA8, 0xB9, 0xB9, 0x9A, 0x9A, 0xA8, 0xAD, 0xB9,
    0xE2, 0xEC, 0xDA, 0xEF, 0xEF, 0xEF, 0xED, 0xEC, 0xEB, 0xE2, 0xDA, 0xE2,
    0xEC, 0xEC, 0xEF, 0xEF, 0xEF, 0xF7, 0xF7, 0xF3, 0xEF, 0xED, 0xED, 0xEF,
    0xE5, 0xDE, 0xE5, 0xF2, 0xED, 0xEB, 0xEB, 0xE5, 0xD1, 0xD1, 0xC7, 0xBE,
    0xD1, 0xD6, 0xC3, 0xBE, 0xCC, 0xD1, 0xC7, 0xCC, 0xC7, 0xD1, 0xD6, 0xC7,
    0xB2, 0xB2, 0xAD, 0xA3, 0x96, 0x96, 0xA3, 0xA3, 0x9E, 0xAD, 0xBE, 0xAD,
    0xA8, 0xA3, 0xB9, 0xB2, 0xA8, 0xBE, 0xC7, 0xB9, 0xB9, 0x9E, 0x95, 0x92,
    0x8D, 0x91, 0x97, 0x91, 0x93, 0x8C, 0x87, 0x92, 0x82, 0x70, 0x70, 0x5C,
    0x5C, 0x60, 0x53, 0x58, 0x60, 0x5C, 0x6C, 0x6B, 0x6C, 0x68, 0x5C, 0x4B,
    0x42, 0x42, 0x49, 0x49, 0x40, 0x46, 0x4C, 0x4B, 0x4E, 0x58, 0x53, 0x57,
    0x5A, 0x4C, 0x34, 0x18, 0x07, 0x06, 0x15, 0x01, 0x00, 0x03, 0x08, 0x0A,
    0x08, 0x08, 0x09, 0x0A, 0x06, 0x02, 0x00, 0x01, 0x01, 0x01, 0x02, 0x06,
    0x09, 0x0E, 0x0E, 0x52, 0xFC, 0x6E, 0x07, 0x0E, 0x13, 0x14, 0x48, 0x23,
    0x12, 0x0D, 0x0C, 0x0D, 0x0D, 0x0D, 0x0D, 0x0F, 0x0D, 0x0C, 0x11, 0x1A,
    0x79, 0xF4, 0x0E, 0x12, 0x13, 0x07, 0x1D, 0x12, 0x0C, 0x1A, 0xB0, 0x28,
    0x0C, 0x15, 0x09, 0x23, 0x19, 0x08, 0x11, 0x17, 0x1D, 0x19, 0x0C, 0x07,
    0x12, 0x27, 0x90, 0xFB, 0x2F, 0x0A, 0x12, 0x11, 0x0E, 0x09, 0x05, 0x07,
    0x05, 0x00, 0x00, 0x00, 0x01, 0x04, 0x09, 0x28, 0x6E, 0xFD, 0xE9, 0x3C,
    0x1A, 0x1A, 0x58, 0xB0, 0x0E, 0x15, 0x0B, 0x19, 0x23, 0x08, 0x03, 0x06,
    0x0A, 0x0A, 0x0C, 0x16, 0x27, 0x88, 0xF6, 0xFB, 0xE7, 0x18, 0x11, 0x16,
    0x09, 0x16, 0x1E, 0x3E, 0xE1, 0x15, 0x14, 0x11, 0x16, 0x27, 0x0D, 0x04,
    0x0E, 0x18, 0x15, 0x0C, 0x0D, 0x1A, 0x3C, 0xB7, 0xFD, 0x6E, 0x15, 0x16,
    0x16, 0x0B, 0x1A, 0x1E, 0x07, 0x09, 0x19, 0x32, 0x46, 0x47, 0x43, 0x42,
    0x46, 0x53, 0x4C, 0x53, 0x58, 0x5A, 0x55, 0x51, 0x4E, 0x55, 0x60, 0x60,
    0x58, 0x5A, 0x57, 0x55, 0x5B, 0x65, 0x68, 0x65, 0x71, 0x6C, 0x70, 0x75,
    0x6D, 0x6B, 0x65, 0x60, 0x65, 0x6C, 0x76, 0x6C, 0x6C, 0x74, 0x77, 0x77,
    0x85, 0x8C, 0x92, 0x95, 0x95, 0x99, 0x99, 0x9E, 0x96, 0x89, 0x8A, 0x96,
    0x93, 0xB2, 0xBE, 0x9E, 0x9A, 0xB9, 0xD6, 0xCC, 0xCC, 0xD6, 0xCC, 0xCC,
    0xDE, 0xDA, 0xC7, 0xCC, 0xDA, 0xE5, 0xEC, 0xEF, 0xEC, 0xEC, 0xEC, 0xEB,
    0xDE, 0xD1, 0xC7, 0xCC, 0xEC, 0xE2, 0xDA, 0xDE, 0xED, 0xEB, 0xF2, 0xF3,
    0xEF, 0xED, 0xEB, 0xDA, 0xE2, 0xDA, 0xC3, 0xC3, 0xCC, 0xC3, 0xC3, 0xB9,
    0xB9, 0xCC, 0xCC, 0xD6, 0xE5, 0xE5, 0xDE, 0xDE, 0xE2, 0xDA, 0xD6, 0xD1,
    0xBE, 0xB2, 0xB2, 0xB9, 0xAD, 0xB9, 0xBE, 0xC7, 0xBE, 0xC3, 0xCC, 0xD6,
    0xD1, 0xBE, 0xAD, 0xB2, 0xBE, 0xA8, 0x9B, 0xB3, 0x99, 0x85, 0x8C, 0x95,
    0x99, 0x9B, 0x8C, 0x80, 0x6C, 0x78, 0x72, 0x6C, 0x60, 0x6C, 0x6C, 0x70,
    0x83, 0x8C, 0x87, 0x82, 0x82, 0x80, 0x70, 0x5A, 0x60, 0x5A, 0x60, 0x65,
    0x5A, 0x5C, 0x5C, 0x58, 0x4E, 0x4C, 0x4C, 0x51, 0x4B, 0x40, 0x2D, 0x16,
    0x07, 0x08, 0x19, 0x50, 0x0E, 0x05, 0x07, 0x05, 0x05, 0x05, 0x05, 0x05,
    0x03, 0x03, 0x05, 0x06, 0x07, 0x09, 0x09, 0x09, 0x13, 0x18, 0x28, 0xE3,
    0xF2, 0x6E, 0x09, 0x13, 0x11, 0x16, 0x48, 0x17, 0x0A, 0x08, 0x0F, 0x14,
    0x15, 0x14, 0x14, 0x12, 0x0F, 0x07, 0x08, 0x16, 0x3C, 0xF6, 0x18, 0x0C,
    0x15, 0x05, 0x1A, 0x15, 0x0D, 0x1A, 0xB0, 0x35, 0x0C, 0x15, 0x07, 0x1E,
    0x19, 0x08, 0x0C, 0x18, 0x20, 0x1D, 0x15, 0x08, 0x0C, 0x1A, 0x48, 0xD4,
    0xFB, 0x50, 0x13, 0x0A, 0x0A, 0x08, 0x03, 0x02, 0x03, 0x02, 0x02, 0x03,
    0x06, 0x13, 0x67, 0xFA, 0xFB, 0xF6, 0x4F, 0x1E, 0x16, 0x17, 0x52, 0x6E,
    0x0B, 0x15, 0x0B, 0x17, 0x1E, 0x08, 0x05, 0x0E, 0x16, 0x12, 0x0A, 0x0D,
    0x19, 0x33, 0x88, 0xF6, 0xFB, 0xB0, 0x15, 0x12, 0x11, 0x13, 0x27, 0x3E,
    0xF4, 0x18, 0x14, 0x11, 0x12, 0x27, 0x0C, 0x06, 0x11, 0x19, 0x18, 0x11,
    0x09, 0x10, 0x1E, 0x4F, 0xE9, 0xFB, 0x35, 0x13, 0x17, 0x0B, 0x19, 0x1E,
    0x07, 0x09, 0x1B, 0x4B, 0x65, 0x6C, 0x6B, 0x5C, 0x6C, 0x72, 0x6B, 0x68,
    0x65, 0x65, 0x6B, 0x6C, 0x78, 0x76, 0x6C, 0x68, 0x72, 0x76, 0x70, 0x72,
    0x6C, 0x6C, 0x6C, 0x7A, 0x7A, 0x6C, 0x76, 0x71, 0x69, 0x71, 0x74, 0x78,
    0x7C, 0x76, 0x80, 0x82, 0x82, 0x7C, 0x70, 0x80, 0x8C, 0x92, 0xA4, 0x99,
    0x99, 0xAB, 0xA2, 0xA8, 0xB2, 0xA8, 0x9A, 0x9E, 0xAD, 0xB2, 0xB2, 0xB2,
    0xB2, 0xC7, 0xE2, 0xDA, 0xDE, 0xEC, 0xE2, 0xE5, 0xD1, 0xEC, 0xEF, 0xEC,
    0xED, 0xED, 0xE2, 0xDE, 0xDA, 0xEC, 0xEB, 0xEB, 0xD1, 0xD1, 0xDE, 0xEB,
    0xEF, 0xEF, 0xEC, 0xE5, 0xEF, 0xE5, 0xE2, 0xD1, 0xC7, 0xCC, 0xDA, 0xE5,
    0xDE, 0xE2, 0xEF, 0xEF, 0xF2, 0xF2, 0xEF, 0xEF, 0xEB, 0xED, 0xE5, 0xDE,
    0xDE, 0xDE, 0xDE, 0xEC, 0xE5, 0xE2, 0xDE, 0xDE, 0xED, 0xE5, 0xDE, 0xDE,
    0xC7, 0xB9, 0xC3, 0xC3, 0xB2, 0x9E, 0x97, 0x97, 0x9E, 0x96, 0xA3, 0xA3,
    0x96, 0x8D, 0x95, 0x95, 0x87, 0x90, 0x92, 0x87, 0x82, 0x78, 0x6B, 0x6D,
    0x6D, 0x6C, 0x60, 0x6C, 0x6C, 0x7C, 0x76, 0x70, 0x70, 0x70, 0x78, 0x78,
    0x6C, 0x5C, 0x58, 0x5C, 0x5C, 0x6C, 0x6C, 0x6C, 0x60, 0x65, 0x5C, 0x53,
    0x4C, 0x4E, 0x4E, 0x4B, 0x42, 0x3F, 0x2B, 0x18, 0x07, 0x08, 0x19, 0xF6,
    0x3B, 0x09, 0x0E, 0x0B, 0x0B, 0x0B, 0x0E, 0x0E, 0x0B, 0x0E, 0x0B, 0x0B,
    0x0B, 0x0B, 0x13, 0x28, 0x6E, 0x67, 0xE1, 0x8F, 0xA2, 0xE7, 0x13, 0x0B,
    0x09, 0x1D, 0x33, 0x12, 0x07, 0x0C, 0x18, 0x1B, 0x1D, 0x1B, 0x1B, 0x1B,
    0x16, 0x0B, 0x06, 0x10, 0x23, 0xF6, 0x6E, 0x0E, 0x13, 0x05, 0x1D, 0x16,
    0x0D, 0x19, 0xB0, 0xB0, 0x18, 0x0E, 0x13, 0x33, 0x17, 0x06, 0x0A, 0x18,
    0x21, 0x29, 0x1B, 0x0F, 0x08, 0x12, 0x23, 0x61, 0xF6, 0xFD, 0xF4, 0x36,
    0x18, 0x0E, 0x07, 0x07, 0x05, 0x09, 0x0E, 0x1C, 0x63, 0xF9, 0xFA, 0xE7,
    0xF4, 0x88, 0x27, 0x16, 0x0D, 0x15, 0x45, 0xB0, 0x13, 0x11, 0x0E, 0x1E,
    0x1D, 0x08, 0x07, 0x15, 0x1B, 0x19, 0x11, 0x0A, 0x0F, 0x1A, 0x3C, 0xA0,
    0xF6, 0xFB, 0x6E, 0x18, 0x09, 0x1F, 0x33, 0x3C, 0xFD, 0x2F, 0x14, 0x0E,
    0x23, 0x23, 0x0A, 0x06, 0x13, 0x1C, 0x1C, 0x18, 0x0E, 0x09, 0x14, 0x23,
    0x79, 0xF4, 0xFB, 0x28, 0x14, 0x0E, 0x27, 0x1A, 0x08, 0x0A, 0x1B, 0x40,
    0x58, 0x5C, 0x51, 0x4E, 0x5A, 0x60, 0x72, 0x55, 0x4E, 0x57, 0x5C, 0x5A,
    0x65, 0x72, 0x76, 0x76, 0x82, 0x78, 0x80, 0x7C, 0x72, 0x6C, 0x6C, 0x6D,
    0x71, 0x6C, 0x65, 0x66, 0x7A, 0x76, 0x70, 0x87, 0x95, 0x9B, 0x99, 0xA9,
    0xA4, 0x91, 0x8D, 0x98, 0x95, 0x97, 0x99, 0x9B, 0xA6, 0xC9, 0xC9, 0xBE,
    0xCC, 0xCC, 0xC3, 0xCC, 0xE2, 0xCC, 0xBE, 0xD6, 0xBE, 0x9E, 0xAD, 0xB2,
    0xB2, 0xB2, 0xA8, 0xC3, 0xC7, 0xD6, 0xE5, 0xEB, 0xE2, 0xEB, 0xEF, 0xE2,
    0xD1, 0xCC, 0xC3, 0xB9, 0xBE, 0xBE, 0xC7, 0xD1, 0xDA, 0xEB, 0xEF, 0xED,
    0xEC, 0xEF, 0xF2, 0xEF, 0xE2, 0xE2, 0xD1, 0xC7, 0xC3, 0xBE, 0xC3, 0xCC,
    0xD6, 0xED, 0xE2, 0xE5, 0xEB, 0xD1, 0xC7, 0xB2, 0x9A, 0x93, 0x8D, 0x93,
    0xAD, 0xD1, 0xD1, 0xB9, 0xD1, 0xDE, 0xBE, 0xAD, 0x97, 0x93, 0x91, 0x93,
    0x93, 0x96, 0x8A, 0x8D, 0x8D, 0x8A, 0x93, 0x93, 0x91, 0xA3, 0xAB, 0xA2,
    0x95, 0x92, 0x92, 0x92, 0x80, 0x72, 0x6C, 0x70, 0x80, 0x7A, 0x6F, 0x72,
    0x6B, 0x60, 0x53, 0x53, 0x4B, 0x4E, 0x57, 0x57, 0x6B, 0x78, 0x78, 0x76,
    0x6C, 0x72, 0x6C, 0x68, 0x60, 0x58, 0x49, 0x46, 0x46, 0x47, 0x55, 0x57,
    0x4C, 0x4E, 0x3D, 0x1B, 0x0C, 0x08, 0x17, 0x49, 0xF6, 0xE1, 0x6A, 0x35,
    0x28, 0x28, 0x28, 0x28, 0x1C, 0x1C, 0x28, 0x28, 0x2F, 0x6A, 0xE7, 0xFA,
    0xFB, 0xF4, 0x79, 0x48, 0x4D, 0xF4, 0x6A, 0x28, 0x5E, 0x61, 0x1E, 0x0D,
    0x07, 0x11, 0x19, 0x1D, 0x20, 0x20, 0x21, 0x21, 0x1D, 0x14, 0x07, 0x0C,
    0x1A, 0x6F, 0xFD, 0xE7, 0x6A, 0x36, 0x23, 0x12, 0x0C, 0x17, 0x52, 0xF4,
    0x6E, 0x35, 0xD4, 0x3C, 0x12, 0x06, 0x08, 0x18, 0x21, 0x22, 0x1C, 0x15,
    0x0B, 0x0A, 0x16, 0x2E, 0x61, 0xE9, 0xFD, 0xFD, 0xFB, 0xE1, 0xB0, 0x6E,
    0x6E, 0xB0, 0xE7, 0xFB, 0xFA, 0xFA, 0xF9, 0xF4, 0x8E, 0x3C, 0x19, 0x0C,
    0x07, 0x12, 0x27, 0xE1, 0xE1, 0x6A, 0xB0, 0x59, 0x17, 0x08, 0x07, 0x15,
    0x1B, 0x1B, 0x18, 0x0F, 0x08, 0x10, 0x1A, 0x3C, 0xBF, 0xF4, 0xFB, 0xE7,
    0xB0, 0x74, 0x27, 0x2E, 0xF4, 0xF4, 0x6A, 0xB0, 0x9E, 0x1A, 0x0A, 0x07,
    0x16, 0x20, 0x24, 0x1D, 0x16, 0x0B, 0x0A, 0x17, 0x33, 0x95, 0xFB, 0xF9,
    0x6E, 0xE1, 0x75, 0x16, 0x08, 0x0F, 0x1F, 0x40, 0x4C, 0x45, 0x41, 0x4A,
    0x55, 0x5A, 0x6C, 0x6B, 0x55, 0x51, 0x51, 0x57, 0x5A, 0x53, 0x4E, 0x4C,
    0x51, 0x4E, 0x5A, 0x6B, 0x70, 0x7A, 0x7A, 0x82, 0x82, 0x7E, 0x70, 0x69,
    0x66, 0x58, 0x5A, 0x60, 0x68, 0x6B, 0x73, 0x83, 0x84, 0x8A, 0x84, 0x7A,
    0x7A, 0x75, 0x6C, 0x76, 0x7D, 0x89, 0x9E, 0xAD, 0xA8, 0xAD, 0xC7, 0xC7,
    0xBE, 0xAD, 0xA8, 0x96, 0x9E, 0xBE, 0xB2, 0xBE, 0xC3, 0xCC, 0xB9, 0xC3,
    0xC3, 0xD1, 0xD1, 0xD6, 0xE2, 0xDE, 0xDA, 0xD1, 0xD1, 0xBE, 0xAD, 0xAD,
    0xB9, 0xC7, 0xCC, 0xCC, 0xCC, 0xD1, 0xD1, 0xC7, 0xEF, 0xF3, 0xF3, 0xF2,
    0xEF, 0xEF, 0xF2, 0xEF, 0xEC, 0xE2, 0xDE, 0xEC, 0xEF, 0xEF, 0xE2, 0xD6,
    0xDE, 0xDE, 0xE5, 0xE5, 0xC3, 0xA8, 0x9E, 0x8D, 0x91, 0x9E, 0xA3, 0xA8,
    0xC7, 0xC3, 0xD1, 0xBE, 0xA3, 0x9A, 0x84, 0x7A, 0x84, 0x86, 0x8A, 0x93,
    0x93, 0x91, 0x9E, 0xAD, 0xB9, 0xBE, 0xAE, 0xA2, 0xA2, 0x99, 0x99, 0x9B,
    0x87, 0x70, 0x72, 0x6B, 0x6B, 0x75, 0x6B, 0x60, 0x60, 0x65, 0x5C, 0x60,
    0x60, 0x53, 0x4C, 0x4A, 0x55, 0x4E, 0x4C, 0x53, 0x4E, 0x51, 0x51, 0x49,
    0x4A, 0x4C, 0x51, 0x4E, 0x55, 0x51, 0x58, 0x6C, 0x6B, 0x65, 0x45, 0x21,
    0x13, 0x08, 0x14, 0x23, 0x79, 0xE9, 0xFD, 0xFD, 0xFD, 0xFD, 0xFD, 0xFB,
    0xFB, 0xFB, 0xFD, 0xFD, 0xFD, 0xFD, 0xF4, 0xF4, 0xC0, 0x61, 0x33, 0x1E,
    0x27, 0x5A, 0xF4, 0xF6, 0xEC, 0x3C, 0x17, 0x08, 0x0A, 0x18, 0x20, 0x22,
    0x21, 0x21, 0x22, 0x24, 0x22, 0x18, 0x0B, 0x08, 0x16, 0x2E, 0xA1, 0xFD,
    0xF6, 0x71, 0x1A, 0x0D, 0x08, 0x16, 0x2E, 0xD4, 0xF4, 0xF6, 0x87, 0x1E,
    0x10, 0x06, 0x0F, 0x19, 0x1F, 0x1F, 0x1C, 0x19, 0x12, 0x0A, 0x0C, 0x17,
    0x27, 0x4F, 0xC2, 0xF6, 0xFD, 0xFD, 0xFB, 0xFB, 0xFB, 0xFD, 0xFB, 0xFB,
    0xF9, 0xF4, 0xE9, 0x79, 0x33, 0x1A, 0x0F, 0x05, 0x03, 0x0D, 0x1D, 0x68,
    0xF6, 0xF6, 0xD4, 0x2E, 0x15, 0x06, 0x0B, 0x19, 0x1F, 0x20, 0x1D, 0x17,
    0x0C, 0x08, 0x10, 0x1D, 0x48, 0xB1, 0xF4, 0xFD, 0xF6, 0x48, 0x1E, 0x23,
    0x56, 0xF4, 0xF6, 0xF2, 0x3C, 0x17, 0x08, 0x0A, 0x18, 0x2A, 0x3D, 0x34,
    0x20, 0x15, 0x0A, 0x0F, 0x1A, 0x3C, 0xB1, 0xF4, 0xFD, 0xE9, 0x27, 0x12,
    0x07, 0x11, 0x1C, 0x31, 0x3D, 0x38, 0x38, 0x40, 0x43, 0x45, 0x4E, 0x4E,
    0x47, 0x49, 0x4C, 0x51, 0x53, 0x60, 0x5A, 0x57, 0x51, 0x49, 0x53, 0x5C,
    0x6D, 0x66, 0x6B, 0x76, 0x81, 0x7A, 0x77, 0x7D, 0x8D, 0x83, 0x82, 0x7C,
    0x83, 0x8C, 0x8C, 0x8A, 0x8A, 0x91, 0x9A, 0x9D, 0x94, 0x89, 0x87, 0x82,
    0x76, 0x7A, 0x8A, 0x93, 0xA8, 0xAD, 0xB2, 0xA8, 0xBE, 0xAD, 0xA8, 0x91,
    0x89, 0x8D, 0x97, 0x91, 0xB2, 0xD1, 0xC3, 0xD1, 0xE5, 0xEF, 0xEF, 0xDE,
    0xDA, 0xD6, 0xEB, 0xDE, 0xC3, 0xB9, 0xBE, 0xD6, 0xCC, 0xCC, 0xB2, 0xB2,
    0xC3, 0xCC, 0xD6, 0xD1, 0xF8, 0xF8, 0xF8, 0xF7, 0xF7, 0xF7, 0xF7, 0xF7,
    0xF7, 0xF3, 0xF3, 0xF2, 0xEF, 0xEC, 0xDA, 0xE2, 0xC7, 0xCC, 0xDA, 0xDA,
    0xB9, 0xCC, 0xDA, 0xDA, 0xCC, 0xD1, 0xDA, 0xC7, 0xE2, 0xDA, 0xC7, 0xBE,
    0xB2, 0xA8, 0xA8, 0xB2, 0xAD, 0x9E, 0x97, 0x96, 0x91, 0x91, 0x91, 0x8A,
    0x8D, 0x89, 0x8C, 0x95, 0x99, 0x92, 0xAB, 0xAB, 0x92, 0x8C, 0xB3, 0xA6,
    0x8A, 0x8A, 0x82, 0x74, 0x8C, 0x83, 0x82, 0x8C, 0x92, 0x92, 0x8C, 0x95,
    0x95, 0x85, 0x78, 0x6C, 0x5C, 0x65, 0x5A, 0x57, 0x58, 0x55, 0x4E, 0x55,
    0x68, 0x68, 0x55, 0x53, 0x51, 0x4A, 0x43, 0x25, 0x18, 0x0B, 0x0D, 0x19,
    0x27, 0x48, 0x88, 0xCA, 0xDD, 0xF1, 0xF1, 0xF6, 0xF6, 0xF6, 0xF6, 0xF1,
    0xEB, 0xCA, 0xA0, 0x79, 0x48, 0x23, 0x19, 0x14, 0x19, 0x23, 0x48, 0x4F,
    0x33, 0x1A, 0x10, 0x08, 0x12, 0x1D, 0x2B, 0x32, 0x32, 0x34, 0x32, 0x2D,
    0x2B, 0x1F, 0x14, 0x08, 0x0F, 0x1B, 0x3C, 0x4F, 0x48, 0x23, 0x16, 0x08,
    0x04, 0x0D, 0x1A, 0x3C, 0x79, 0x61, 0x33, 0x19, 0x0A, 0x07, 0x15, 0x1D,
    0x29, 0x29, 0x24, 0x1D, 0x19, 0x11, 0x0A, 0x0F, 0x17, 0x23, 0x48, 0x79,
    0xC5, 0xE9, 0xF6, 0xF6, 0xF6, 0xF6, 0xF6, 0xF6, 0xDB, 0x88, 0x48, 0x27,
    0x19, 0x10, 0x08, 0x06, 0x05, 0x08, 0x16, 0x27, 0x4D, 0x4F, 0x3C, 0x1A,
    0x0F, 0x07, 0x12, 0x1D, 0x2B, 0x32, 0x2E, 0x23, 0x19, 0x10, 0x0C, 0x12,
    0x1E, 0x48, 0x77, 0x8C, 0x48, 0x1E, 0x19, 0x19, 0x27, 0x4D, 0x79, 0x48,
    0x1E, 0x11, 0x07, 0x0F, 0x1B, 0x2A, 0x30, 0x30, 0x2A, 0x1D, 0x11, 0x0A,
    0x10, 0x1D, 0x3C, 0x61, 0x79, 0x3C, 0x1A, 0x0F, 0x09, 0x16, 0x29, 0x41,
    0x46, 0x4B, 0x51, 0x49, 0x4B, 0x49, 0x4B, 0x4B, 0x49, 0x4B, 0x4C, 0x51,
    0x70, 0x78, 0x83, 0x85, 0x8C, 0x7C, 0x78, 0x70, 0x71, 0x85, 0x8C, 0x9B,
    0x9B, 0x96, 0x99, 0xAE, 0xB9, 0xAB, 0x9B, 0xAB, 0x99, 0x8D, 0x83, 0x83,
    0x76, 0x75, 0x8C, 0x83, 0x84, 0x85, 0x95, 0x95, 0xAB, 0x9E, 0x9E, 0x9E,
    0xAD, 0xB2, 0xB9, 0xC7, 0xC7, 0xC7, 0xAD, 0xC7, 0xDE, 0xD1, 0xB9, 0xAD,
    0xB9, 0xB9, 0xBE, 0xBE, 0xB9, 0xC7, 0xDE, 0xCC, 0xDA, 0xEB, 0xE2, 0xE2,
    0xE5, 0xE2, 0xEC, 0xF2, 0xF2, 0xEC, 0xE2, 0xE5, 0xEF, 0xF3, 0xF3, 0xEF,
    0xF7, 0xF3, 0xF3, 0xF3, 0xF2, 0xEF, 0xEB, 0xEF, 0xEB, 0xDE, 0xEC, 0xF3,
    0xEF, 0xEF, 0xEF, 0xF3, 0xEF, 0xEF, 0xEF, 0xE2, 0xE2, 0xE5, 0xE2, 0xD1,
    0xEB, 0xEF, 0xCC, 0xDA, 0xEF, 0xE2, 0xDA, 0xDA, 0xC7, 0xCC, 0xC7, 0xA3,
    0xA8, 0x9E, 0x8D, 0x89, 0x8A, 0x89, 0x81, 0x86, 0x9E, 0x91, 0x99, 0xA2,
    0xA2, 0x95, 0xAE, 0x9B, 0xAB, 0x99, 0x8C, 0x86, 0x7A, 0x7A, 0x80, 0x74,
    0x76, 0x7C, 0x78, 0x78, 0x76, 0x76, 0x70, 0x76, 0x72, 0x70, 0x6C, 0x68,
    0x6B, 0x68, 0x70, 0x72, 0x78, 0x6B, 0x5A, 0x65, 0x5C, 0x4E, 0x51, 0x53,
    0x4A, 0x4E, 0x57, 0x42, 0x22, 0x15, 0x0C, 0x10, 0x17, 0x1D, 0x27, 0x3C,
    0x48, 0x48, 0x4F, 0x61, 0x61, 0x61, 0x4F, 0x4F, 0x48, 0x3C, 0x33, 0x23,
    0x1A, 0x15, 0x0D, 0x09, 0x0F, 0x17, 0x1E, 0x1E, 0x1A, 0x14, 0x0A, 0x0C,
    0x18, 0x1F, 0x25, 0x2B, 0x2B, 0x32, 0x34, 0x32, 0x32, 0x25, 0x18, 0x0C,
    0x0A, 0x12, 0x1A, 0x1E, 0x1D, 0x17, 0x0D, 0x06, 0x04, 0x08, 0x12, 0x1A,
    0x23, 0x23, 0x1A, 0x10, 0x08, 0x0F, 0x19, 0x21, 0x25, 0x29, 0x2A, 0x24,
    0x21, 0x1B, 0x14, 0x0C, 0x0D, 0x14, 0x1A, 0x27, 0x3C, 0x4F, 0x88, 0x88,
    0x88, 0x88, 0x88, 0x4F, 0x48, 0x2E, 0x1D, 0x16, 0x0D, 0x0C, 0x0B, 0x0D,
    0x0C, 0x08, 0x0D, 0x17, 0x1E, 0x1E, 0x1A, 0x12, 0x08, 0x0C, 0x18, 0x20,
    0x29, 0x2A, 0x29, 0x26, 0x1F, 0x18, 0x0C, 0x0C, 0x14, 0x1A, 0x23, 0x27,
    0x1E, 0x17, 0x0F, 0x10, 0x17, 0x1E, 0x23, 0x1E, 0x16, 0x0A, 0x0A, 0x18,
    0x2A, 0x39, 0x39, 0x39, 0x38, 0x25, 0x18, 0x0F, 0x0A, 0x11, 0x1A, 0x23,
    0x23, 0x1A, 0x14, 0x0A, 0x0F, 0x1B, 0x30, 0x41, 0x42, 0x42, 0x42, 0x49,
    0x45, 0x49, 0x55, 0x58, 0x51, 0x53, 0x55, 0x5C, 0x70, 0x5C, 0x60, 0x5A,
    0x58, 0x6C, 0x68, 0x70, 0x82, 0x8C, 0x87, 0x8C, 0x92, 0x8C, 0x87, 0x81,
    0x7D, 0x81, 0x85, 0x8C, 0xA2, 0x9B, 0x95, 0x95, 0x99, 0xAB, 0xAB, 0x9B,
    0x95, 0x95, 0xAE, 0xB3, 0xA3, 0x97, 0xAD, 0xB9, 0xB2, 0xCC, 0xDA, 0xD6,
    0xDE, 0xD1, 0xB2, 0xB2, 0xB2, 0x9A, 0x8D, 0x8A, 0x93, 0xA3, 0xBE, 0xC3,
    0xC3, 0xDA, 0xF2, 0xEC, 0xEF, 0xF2, 0xE5, 0xE5, 0xEB, 0xE2, 0xDE, 0xE5,
    0xEF, 0xEB, 0xEB, 0xE5, 0xED, 0xED, 0xEC, 0xE2, 0xEF, 0xF3, 0xF7, 0xF3,
    0xEF, 0xE5, 0xEB, 0xDA, 0xD6, 0xE2, 0xDA, 0xE5, 0xEC, 0xF3, 0xEF, 0xEC,
    0xDE, 0xD1, 0xBE, 0xB9, 0x97, 0x93, 0x97, 0x9A, 0x9A, 0xA3, 0xB2, 0xDE,
    0xCC, 0xDA, 0xD1, 0xAD, 0xB9, 0xBE, 0xB9, 0xC3, 0xB2, 0xAD, 0x97, 0x86,
    0x86, 0x86, 0x93, 0x9A, 0x96, 0xA3, 0xBA, 0xC0, 0xAB, 0x95, 0x87, 0x87,
    0x87, 0x92, 0x92, 0x97, 0x91, 0x89, 0x8C, 0x95, 0x85, 0x7C, 0x76, 0x58,
    0x58, 0x65, 0x76, 0x76, 0x70, 0x6C, 0x80, 0x72, 0x5C, 0x6B, 0x5C, 0x60,
    0x65, 0x68, 0x70, 0x78, 0x76, 0x70, 0x68, 0x72, 0x68, 0x55, 0x4B, 0x43,
    0x34, 0x1D, 0x16, 0x10, 0x10, 0x12, 0x16, 0x19, 0x1A, 0x1D, 0x1E, 0x1E,
    0x1E, 0x1E, 0x1E, 0x1D, 0x1A, 0x19, 0x17, 0x15, 0x10, 0x0C, 0x0B, 0x0A,
    0x0A, 0x0D, 0x12, 0x14, 0x11, 0x0C, 0x0F, 0x16, 0x1C, 0x25, 0x26, 0x25,
    0x2B, 0x29, 0x2A, 0x2A, 0x2B, 0x25, 0x1D, 0x17, 0x0F, 0x0C, 0x10, 0x12,
    0x12, 0x0D, 0x0A, 0x08, 0x08, 0x08, 0x0C, 0x12, 0x16, 0x15, 0x10, 0x0B,
    0x0C, 0x12, 0x19, 0x1F, 0x20, 0x21, 0x25, 0x25, 0x24, 0x1D, 0x19, 0x14,
    0x0C, 0x0C, 0x10, 0x16, 0x1A, 0x1E, 0x23, 0x27, 0x2E, 0x27, 0x23, 0x1E,
    0x1A, 0x16, 0x10, 0x0C, 0x0E, 0x14, 0x18, 0x19, 0x16, 0x10, 0x0B, 0x0F,
    0x12, 0x14, 0x11, 0x0C, 0x0C, 0x15, 0x1D, 0x26, 0x25, 0x24, 0x2B, 0x2D,
    0x29, 0x1D, 0x16, 0x0F, 0x0D, 0x10, 0x16, 0x17, 0x14, 0x0D, 0x08, 0x0A,
    0x0D, 0x12, 0x15, 0x12, 0x0D, 0x0C, 0x14, 0x1C, 0x2A, 0x36, 0x34, 0x31,
    0x34, 0x2C, 0x20, 0x18, 0x11, 0x0C, 0x12, 0x15, 0x16, 0x12, 0x0C, 0x0C,
    0x18, 0x20, 0x36, 0x40, 0x40, 0x45, 0x4A, 0x51, 0x47, 0x46, 0x5C, 0x80,
    0x76, 0x68, 0x60, 0x6C, 0x5C, 0x5A, 0x65, 0x55, 0x51, 0x55, 0x53, 0x5C,
    0x72, 0x78, 0x82, 0x7C, 0x85, 0x85, 0x83, 0x7D, 0x71, 0x81, 0x76, 0x6C,
    0x85, 0x85, 0x85, 0x99, 0x8C, 0x8C, 0x92, 0x87, 0x81, 0x72, 0x70, 0x72,
    0x7A, 0x8A, 0x9A, 0x9E, 0x9E, 0xB2, 0xB9, 0xB9, 0xC3, 0xA8, 0x9A, 0xC3,
    0xDE, 0xDA, 0xDE, 0xBE, 0xA3, 0xA8, 0xB9, 0xB9, 0xBE, 0xBE, 0xC7, 0xCC,
    0xEB, 0xEC, 0xE5, 0xEC, 0xDA, 0xE5, 0xEF, 0xEB, 0xEC, 0xED, 0xEC, 0xED,
    0xEC, 0xE5, 0xE5, 0xDA, 0xEC, 0xEF, 0xF7, 0xF3, 0xF2, 0xEB, 0xDE, 0xED,
    0xEC, 0xEC, 0xEC, 0xEF, 0xEB, 0xEF, 0xF3, 0xF7, 0xF7, 0xF3, 0xEF, 0xEB,
    0xD6, 0xD6, 0xD6, 0xC7, 0xB9, 0xA8, 0xC3, 0xE5, 0xE5, 0xE2, 0xCC, 0xB9,
    0xB2, 0xB2, 0xC3, 0xE2, 0xDE, 0xE2, 0xD6, 0xCC, 0xC3, 0xBE, 0xB2, 0x9A,
    0x97, 0x9E, 0xA6, 0x9B, 0x97, 0x8D, 0x89, 0x86, 0x84, 0x7A, 0x7D, 0x81,
    0x71, 0x60, 0x5C, 0x72, 0x7C, 0x85, 0x87, 0x87, 0x8C, 0x92, 0x8C, 0x87,
    0x92, 0x95, 0x87, 0x87, 0x8C, 0x78, 0x7C, 0x78, 0x68, 0x70, 0x82, 0x72,
    0x78, 0x82, 0x78, 0x82, 0x85, 0x72, 0x68, 0x5A, 0x49, 0x37, 0x20, 0x19,
    0x14, 0x11, 0x11, 0x11, 0x11, 0x12, 0x12, 0x12, 0x12, 0x12, 0x12, 0x12,
    0x12, 0x10, 0x10, 0x11, 0x12, 0x15, 0x18, 0x18, 0x16, 0x12, 0x11, 0x11,
    0x11, 0x12, 0x18, 0x1D, 0x24, 0x29, 0x2B, 0x2B, 0x29, 0x2B, 0x2B, 0x2D,
    0x29, 0x29, 0x25, 0x1C, 0x18, 0x11, 0x0E, 0x0E, 0x10, 0x10, 0x12, 0x16,
    0x16, 0x14, 0x11, 0x0F, 0x0F, 0x0D, 0x0E, 0x0F, 0x15, 0x1B, 0x20, 0x24,
    0x25, 0x24, 0x25, 0x25, 0x2B, 0x29, 0x20, 0x1B, 0x16, 0x11, 0x0D, 0x0D,
    0x0F, 0x11, 0x14, 0x16, 0x16, 0x16, 0x14, 0x12, 0x10, 0x0E, 0x0E, 0x0F,
    0x15, 0x19, 0x1C, 0x1D, 0x1B, 0x18, 0x11, 0x0C, 0x0D, 0x0E, 0x0C, 0x0C,
    0x14, 0x1B, 0x21, 0x2A, 0x32, 0x37, 0x3D, 0x37, 0x38, 0x32, 0x20, 0x19,
    0x14, 0x0F, 0x0F, 0x0F, 0x0D, 0x0D, 0x0F, 0x10, 0x0F, 0x10, 0x11, 0x11,
    0x13, 0x18, 0x1F, 0x30, 0x38, 0x40, 0x40, 0x3B, 0x39, 0x40, 0x36, 0x29,
    0x1B, 0x15, 0x12, 0x11, 0x10, 0x10, 0x14, 0x19, 0x22, 0x3D, 0x51, 0x5A,
    0x5A, 0x6C, 0x70, 0x60, 0x6C, 0x72, 0x6B, 0x78, 0x78, 0x6C, 0x5C, 0x60,
    0x68, 0x6C, 0x6C, 0x72, 0x70, 0x6C, 0x6C, 0x6B, 0x72, 0x76, 0x72, 0x78,
    0x82, 0x85, 0x80, 0x81, 0x84, 0x84, 0x85, 0x84, 0x8C, 0x81, 0x80, 0x99,
    0xA4, 0xBF, 0xC9, 0xBA, 0xB3, 0xA2, 0x8C, 0x8D, 0x96, 0x97, 0x93, 0x97,
    0xAD, 0xC3, 0xB9, 0xC7, 0xCC, 0xBE, 0xB2, 0xD6, 0xF2, 0xF3, 0xF3, 0xED,
    0xEC, 0xE5, 0xEB, 0xDA, 0xC7, 0xD1, 0xCC, 0xCC, 0xD6, 0xE2, 0xCC, 0xC7,
    0xD1, 0xD1, 0xCC, 0xC3, 0xB2, 0xA8, 0xB2, 0xBE, 0xCC, 0xEC, 0xED, 0xEF,
    0xED, 0xEC, 0xED, 0xEB, 0xDE, 0xE2, 0xD1, 0xEB, 0xEF, 0xEF, 0xEF, 0xF7,
    0xF2, 0xED, 0xF2, 0xF3, 0xED, 0xE2, 0xDE, 0xDE, 0xD6, 0xE5, 0xDE, 0xD1,
    0xDE, 0xE5, 0xC3, 0xCC, 0xDA, 0xC3, 0xC7, 0xC3, 0x9E, 0xAD, 0xA8, 0xAD,
    0xA3, 0x9A, 0xA3, 0xAD, 0x93, 0x91, 0x8A, 0x9A, 0x97, 0x8D, 0x9E, 0x9E,
    0x97, 0x9E, 0xB9, 0x9D, 0x9E, 0x8B, 0x91, 0xAD, 0xA8, 0xAB, 0xAB, 0xAE,
    0xAB, 0xA6, 0xA2, 0x92, 0x82, 0x80, 0x85, 0x8C, 0x8C, 0x8C, 0x95, 0x92,
    0x8C, 0x78, 0x76, 0x70, 0x68, 0x6B, 0x5C, 0x60, 0x68, 0x65, 0x5C, 0x60,
    0x68, 0x6C, 0x5A, 0x57, 0x47, 0x3D, 0x37, 0x29, 0x1D, 0x19, 0x18, 0x16,
    0x16, 0x15, 0x14, 0x14, 0x14, 0x14, 0x12, 0x14, 0x14, 0x14, 0x16, 0x18,
    0x19, 0x1B, 0x1D, 0x1D, 0x1D, 0x19, 0x19, 0x19, 0x19, 0x1B, 0x1D, 0x22,
    0x29, 0x2B, 0x2D, 0x2D, 0x2D, 0x32, 0x2D, 0x32, 0x2D, 0x29, 0x22, 0x22,
    0x1D, 0x19, 0x16, 0x16, 0x17, 0x19, 0x1B, 0x1D, 0x20, 0x1D, 0x18, 0x16,
    0x15, 0x15, 0x16, 0x18, 0x1B, 0x1F, 0x21, 0x29, 0x2A, 0x29, 0x2B, 0x29,
    0x25, 0x25, 0x29, 0x21, 0x1B, 0x19, 0x16, 0x12, 0x0F, 0x0D, 0x0E, 0x0E,
    0x0F, 0x0F, 0x0D, 0x0F, 0x11, 0x13, 0x16, 0x19, 0x1D, 0x20, 0x25, 0x2D,
    0x29, 0x20, 0x1B, 0x18, 0x18, 0x18, 0x19, 0x1B, 0x20, 0x2B, 0x33, 0x32,
    0x32, 0x32, 0x32, 0x34, 0x32, 0x32, 0x32, 0x24, 0x1B, 0x18, 0x16, 0x16,
    0x16, 0x17, 0x19, 0x19, 0x18, 0x18, 0x16, 0x18, 0x19, 0x20, 0x32, 0x38,
    0x36, 0x37, 0x3D, 0x38, 0x31, 0x40, 0x38, 0x34, 0x2D, 0x1F, 0x19, 0x19,
    0x19, 0x1B, 0x1D, 0x26, 0x3D, 0x4C, 0x4E, 0x46, 0x45, 0x46, 0x41, 0x47,
    0x49, 0x49, 0x4E, 0x65, 0x72, 0x6C, 0x65, 0x5C, 0x58, 0x60, 0x68, 0x6B,
    0x6C, 0x72, 0x76, 0x72, 0x76, 0x70, 0x78, 0x7C, 0x72, 0x78, 0x78, 0x71,
    0x7D, 0x83, 0x95, 0x9A, 0x96, 0x93, 0x95, 0x95, 0xA3, 0x9E, 0x95, 0x95,
    0x95, 0x95, 0x8B, 0x93, 0x97, 0xAD, 0xBE, 0xA8, 0x9E, 0xA3, 0xAD, 0xAD,
    0xA3, 0x9E, 0xAD, 0xA3, 0x9E, 0xC7, 0xA8, 0xA3, 0xC7, 0xCC, 0xCC, 0xD1,
    0xCC, 0xDA, 0xDA, 0xE2, 0xEB, 0xED, 0xE5, 0xEB, 0xED, 0xEF, 0xEC, 0xEF,
    0xF3, 0xF7, 0xF7, 0xF7, 0xF7, 0xF8, 0xF8, 0xF7, 0xF3, 0xF7, 0xF3, 0xF3,
    0xF3, 0xF2, 0xEF, 0xED, 0xED, 0xE5, 0xEB, 0xF2, 0xED, 0xEB, 0xEB, 0xE5,
    0xD1, 0xC7, 0xC7, 0xDA, 0xD6, 0xCC, 0xCC, 0xCC, 0xDE, 0xEB, 0xEC, 0xE2,
    0xEB, 0xDE, 0xBE, 0xA8, 0x9A, 0x9A, 0xB2, 0xC3, 0xA8, 0x8D, 0x86, 0x86,
    0x7A, 0x6D, 0x7A, 0x7A, 0x7A, 0x81, 0x96, 0xAD, 0x9A, 0x9A, 0xA8, 0x9A,
    0x98, 0x98, 0x93, 0x89, 0x89, 0x82, 0x83, 0x80, 0x7C, 0x72, 0x65, 0x5A,
    0x5A, 0x5A, 0x55, 0x53, 0x4B, 0x4C, 0x53, 0x4B, 0x4A, 0x40, 0x39, 0x37,
    0x34, 0x38, 0x41, 0x40, 0x45, 0x47, 0x4A, 0x46, 0x46, 0x49, 0x49, 0x4E,
    0x57, 0x57, 0x57, 0x51, 0x4B, 0x42, 0x34, 0x29, 0x24, 0x21, 0x1F, 0x1D,
    0x1C, 0x1B, 0x1B, 0x1C, 0x1B, 0x1C, 0x1F, 0x1F, 0x20, 0x20, 0x21, 0x21,
    0x1F, 0x1D, 0x1D, 0x1C, 0x1C, 0x21, 0x24, 0x21, 0x22, 0x24, 0x24, 0x25,
    0x25, 0x25, 0x2A, 0x2D, 0x2D, 0x32, 0x32, 0x30, 0x2A, 0x24, 0x20, 0x1D,
    0x1D, 0x1F, 0x1F, 0x20, 0x25, 0x24, 0x20, 0x1D, 0x1B, 0x1B, 0x1D, 0x20,
    0x21, 0x22, 0x24, 0x29, 0x2A, 0x2A, 0x2D, 0x2D, 0x2D, 0x2E, 0x2B, 0x24,
    0x20, 0x1D, 0x1B, 0x1B, 0x19, 0x18, 0x15, 0x14, 0x14, 0x14, 0x14, 0x15,
    0x18, 0x19, 0x1B, 0x20, 0x24, 0x24, 0x29, 0x2D, 0x2B, 0x2A, 0x25, 0x20,
    0x1F, 0x1F, 0x1F, 0x21, 0x21, 0x22, 0x21, 0x24, 0x21, 0x22, 0x22, 0x25,
    0x22, 0x24, 0x24, 0x20, 0x1C, 0x19, 0x18, 0x18, 0x18, 0x19, 0x1D, 0x1C,
    0x1D, 0x1D, 0x1C, 0x1F, 0x20, 0x24, 0x2D, 0x34, 0x34, 0x46, 0x53, 0x51,
    0x5E, 0x65, 0x5E, 0x53, 0x51, 0x40, 0x31, 0x2D, 0x2D, 0x2D, 0x32, 0x40,
    0x41, 0x40, 0x47, 0x49, 0x40, 0x38, 0x36, 0x37, 0x36, 0x31, 0x37, 0x38,
    0x38, 0x42, 0x4A, 0x43, 0x41, 0x43, 0x4C, 0x4B, 0x49, 0x4B, 0x65, 0x80,
    0x82, 0x8C, 0x95, 0x95, 0x95, 0x92, 0x87, 0x86, 0x89, 0x8A, 0x82, 0x81,
    0x8D, 0x92, 0x99, 0x95, 0x9A, 0x99, 0x8C, 0x99, 0x8C, 0x83, 0x85, 0x8A,
    0x93, 0x9A, 0xB9, 0xC3, 0xC7, 0xBE, 0xB9, 0xA8, 0x96, 0x8D, 0x91, 0xB2,
    0xBE, 0xA3, 0x91, 0x93, 0x96, 0x97, 0xA8, 0xAD, 0xA8, 0xAD, 0xB9, 0xCC,
    0xD6, 0xD6, 0xCC, 0xE5, 0xF3, 0xF3, 0xEF, 0xEF, 0xEB, 0xE5, 0xE5, 0xE5,
    0xDA, 0xC7, 0xD1, 0xD6, 0xEB, 0xEB, 0xEC, 0xE2, 0xE5, 0xE5, 0xDA, 0xDA,
    0xDE, 0xE5, 0xE5, 0xE2, 0xDE, 0xDA, 0xCC, 0xC7, 0xD6, 0xCC, 0xC3, 0xC7,
    0xCC, 0xC3, 0xDA, 0xD6, 0xD6, 0xDA, 0xE2, 0xDE, 0xCC, 0xC7, 0xB2, 0x9E,
    0x8A, 0x8D, 0x97, 0x97, 0xAD, 0x9E, 0x9A, 0x9E, 0x9A, 0xA3, 0xB2, 0xA3,
    0xB2, 0x9A, 0xA3, 0xB9, 0x9D, 0x94, 0x86, 0x83, 0x8A, 0x84, 0x7D, 0x7A,
    0x72, 0x75, 0x84, 0x83, 0x7C, 0x76, 0x68, 0x65, 0x6C, 0x65, 0x51, 0x51,
    0x4C, 0x55, 0x5A, 0x55, 0x57, 0x65, 0x72, 0x6C, 0x5C, 0x60, 0x6C, 0x76,
    0x72, 0x76, 0x6C, 0x70, 0x72, 0x6B, 0x68, 0x58, 0x5C, 0x65, 0x5A, 0x53,
    0x57, 0x4E, 0x4B, 0x40, 0x39, 0x38, 0x34, 0x30, 0x30, 0x2D, 0x2D, 0x29,
    0x2A, 0x2D, 0x2D, 0x31, 0x37, 0x34, 0x34, 0x36, 0x34, 0x34, 0x30, 0x2D,
    0x32, 0x3D, 0x3D, 0x3F, 0x3F, 0x34, 0x37, 0x37, 0x2D, 0x29, 0x2B, 0x2B,
    0x2B, 0x2A, 0x25, 0x25, 0x24, 0x22, 0x25, 0x21, 0x20, 0x22, 0x24, 0x24,
    0x25, 0x2A, 0x25, 0x21, 0x20, 0x20, 0x21, 0x22, 0x21, 0x21, 0x24, 0x2A,
    0x2D, 0x2A, 0x2A, 0x2D, 0x2B, 0x2B, 0x25, 0x25, 0x24, 0x22, 0x25, 0x21,
    0x1D, 0x1C, 0x1C, 0x1C, 0x1C, 0x1C, 0x1C, 0x1F, 0x21, 0x24, 0x25, 0x2A,
    0x2D, 0x2B, 0x2B, 0x29, 0x24, 0x22, 0x24, 0x24, 0x24, 0x24, 0x25, 0x2A,
    0x29, 0x2B, 0x25, 0x22, 0x24, 0x24, 0x22, 0x21, 0x20, 0x21, 0x24, 0x2A,
    0x2A, 0x24, 0x29, 0x2D, 0x2D, 0x2D, 0x2B, 0x2D, 0x36, 0x38, 0x39, 0x3D,
    0x41, 0x45, 0x43, 0x45, 0x42, 0x42, 0x45, 0x45, 0x46, 0x47, 0x51, 0x55,
    0x49, 0x41, 0x41, 0x41, 0x40, 0x40, 0x42, 0x46, 0x45, 0x46, 0x47, 0x4B,
    0x51, 0x4A, 0x4A, 0x47, 0x55, 0x68, 0x60, 0x53, 0x51, 0x57, 0x6C, 0x70,
    0x72, 0x72, 0x6C, 0x76, 0x72, 0x6B, 0x65, 0x6B, 0x76, 0x75, 0x6C, 0x76,
    0x70, 0x6D, 0x75, 0x76, 0x70, 0x69, 0x6D, 0x71, 0x7C, 0x8C, 0x93, 0x8A,
    0x87, 0x85, 0x92, 0x8C, 0x84, 0x82, 0x78, 0x8C, 0x9F, 0x97, 0x97, 0xA3,
    0xAD, 0xCC, 0xB2, 0xA8, 0x97, 0x93, 0x93, 0xB2, 0x9A, 0xA3, 0xA8, 0x9E,
    0xB9, 0xCC, 0xE2, 0xDA, 0xDA, 0xED, 0xF3, 0xEF, 0xEB, 0xEB, 0xDA, 0xD1,
    0xC7, 0xD1, 0xC3, 0xCC, 0xCC, 0xC7, 0xEB, 0xE2, 0xDE, 0xD1, 0xC7, 0xC3,
    0xF3, 0xF7, 0xF7, 0xF3, 0xEF, 0xEC, 0xE2, 0xD1, 0xEB, 0xEC, 0xEC, 0xEB,
    0xED, 0xE2, 0xD6, 0xD1, 0xCC, 0xB9, 0xBE, 0xB2, 0xBE, 0xD6, 0xD1, 0xC7,
    0xD1, 0xC3, 0xC3, 0xC3, 0xA8, 0xA8, 0xA8, 0x97, 0x91, 0x97, 0x9A, 0x8D,
    0x8A, 0x8A, 0x86, 0x81, 0x8A, 0x91, 0x96, 0x9E, 0xAD, 0xA3, 0xAD, 0xD6,
    0xD6, 0xBE, 0xBB, 0xD0, 0xC9, 0xC3, 0xB9, 0xBB, 0xAE, 0xB2, 0x9E, 0x9B,
    0xAB, 0xA6, 0x99, 0xA6, 0x8C, 0x83, 0x87, 0x87, 0x80, 0x76, 0x76, 0x85,
    0x85, 0x82, 0x72, 0x6B, 0x60, 0x6B, 0x5C, 0x58, 0x58, 0x55, 0x5A, 0x57,
    0x60, 0x70, 0x68, 0x68, 0x5A, 0x53, 0x51, 0x55, 0x53, 0x4A, 0x51, 0x53,
    0x57, 0x51, 0x55, 0x51, 0x51, 0x4C, 0x46, 0x40, 0x3A, 0x38, 0x39, 0x36,
    0x37, 0x39, 0x39, 0x39, 0x3D, 0x34, 0x32, 0x2D, 0x34, 0x31, 0x36, 0x34,
    0x31, 0x2F, 0x2F, 0x34, 0x37, 0x37, 0x37, 0x34, 0x32, 0x32, 0x32, 0x32,
    0x2D, 0x2D, 0x2D, 0x29, 0x29, 0x2D, 0x31, 0x2B, 0x2B, 0x2B, 0x29, 0x25,
    0x25, 0x24, 0x21, 0x20, 0x20, 0x22, 0x25, 0x25, 0x24, 0x25, 0x29, 0x25,
    0x2A, 0x25, 0x24, 0x24, 0x25, 0x24, 0x25, 0x24, 0x20, 0x20, 0x21, 0x20,
    0x1F, 0x20, 0x21, 0x25, 0x2B, 0x2B, 0x2D, 0x32, 0x37, 0x32, 0x38, 0x34,
    0x2D, 0x34, 0x37, 0x34, 0x37, 0x34, 0x32, 0x38, 0x38, 0x37, 0x32, 0x32,
    0x38, 0x34, 0x34, 0x37, 0x37, 0x34, 0x37, 0x3D, 0x3E, 0x37, 0x36, 0x34,
    0x31, 0x31, 0x34, 0x32, 0x2F, 0x31, 0x36, 0x38, 0x38, 0x3F, 0x44, 0x46,
    0x41, 0x41, 0x42, 0x41, 0x41, 0x43, 0x41, 0x49, 0x5A, 0x4E, 0x4E, 0x57,
    0x55, 0x51, 0x5C, 0x57, 0x51, 0x4B, 0x49, 0x49, 0x51, 0x58, 0x4B, 0x4C,
    0x47, 0x57, 0x53, 0x4C, 0x4A, 0x4C, 0x4A, 0x5C, 0x6C, 0x5C, 0x58, 0x5C,
    0x72, 0x80, 0x83, 0x87, 0x85, 0x7D, 0x89, 0x92, 0x85, 0x86, 0x84, 0x84,
    0x70, 0x7A, 0x8D, 0x91, 0x8C, 0x92, 0x8D, 0x86, 0x83, 0x82, 0x78, 0x70,
    0x7D, 0x78, 0x90, 0x97, 0x97, 0x96, 0x9E, 0x9E, 0x93, 0xA8, 0xA8, 0x93,
    0x97, 0x9A, 0x96, 0x9E, 0xA3, 0x9A, 0xB2, 0x97, 0xA3, 0x9E, 0x9E, 0xBE,
    0xDE, 0xE5, 0xED, 0xE5, 0xEB, 0xF3, 0xF3, 0xF3, 0xEF, 0xF3, 0xF2, 0xF7,
    0xF7, 0xF3, 0xEF, 0xF2, 0xF7, 0xF7, 0xF3, 0xF7, 0xEB, 0xEC, 0xED, 0xEF,
    0xF3, 0xEC, 0xEF, 0xEF, 0xF3, 0xF3, 0xEF, 0xEF, 0xEF, 0xE5, 0xDE, 0xEB,
    0xDA, 0xE5, 0xEC, 0xE5, 0xED, 0xEC, 0xEB, 0xEF, 0xED, 0xD1, 0xCC, 0xCC,
    0xA8, 0xA8, 0xAD, 0x9A, 0x91, 0x9A, 0xB9, 0xA8, 0x9E, 0xA3, 0x93, 0x97,
    0x97, 0x97, 0x97, 0x97, 0x91, 0x96, 0x96, 0x8C, 0x84, 0x7E, 0x7E, 0x8C,
    0x83, 0x8A, 0x91, 0x8C, 0x8C, 0x92, 0x81, 0x70, 0x83, 0x78, 0x80, 0x8C,
    0x85, 0x85, 0x82, 0x85, 0x80, 0x83, 0x7C, 0x6C, 0x70, 0x68, 0x6C, 0x78,
    0x6C, 0x6C, 0x58, 0x51, 0x6B, 0x6F, 0x60, 0x57, 0x60, 0x6B, 0x5C, 0x57,
    0x49, 0x47, 0x45, 0x45, 0x47, 0x42, 0x43, 0x46, 0x4A, 0x46, 0x47, 0x46,
    0x41, 0x40, 0x40, 0x36, 0x34, 0x38, 0x34, 0x31, 0x39, 0x46, 0x43, 0x42,
    0x39, 0x30, 0x31, 0x30, 0x2D, 0x2D, 0x2D, 0x2F, 0x31, 0x31, 0x2A, 0x2A,
    0x2B, 0x2D, 0x30, 0x29, 0x24, 0x29, 0x2F, 0x2D, 0x34, 0x2D, 0x29, 0x30,
    0x31, 0x2D, 0x2D, 0x2A, 0x2A, 0x2D, 0x2B, 0x2B, 0x2A, 0x2A, 0x24, 0x2B,
    0x2E, 0x2D, 0x32, 0x2A, 0x2D, 0x2D, 0x2B, 0x2B, 0x2A, 0x25, 0x25, 0x25,
    0x24, 0x22, 0x25, 0x29, 0x25, 0x29, 0x2A, 0x25, 0x22, 0x29, 0x2B, 0x2A,
    0x25, 0x2A, 0x29, 0x24, 0x25, 0x22, 0x22, 0x25, 0x29, 0x25, 0x2A, 0x29,
    0x2A, 0x32, 0x32, 0x32, 0x2B, 0x2B, 0x2D, 0x2B, 0x37, 0x34, 0x32, 0x32,
    0x32, 0x32, 0x34, 0x34, 0x32, 0x32, 0x32, 0x32, 0x37, 0x32, 0x37, 0x32,
    0x31, 0x3A, 0x42, 0x40, 0x41, 0x3F, 0x3F, 0x42, 0x3D, 0x36, 0x34, 0x31,
    0x34, 0x39, 0x38, 0x3D, 0x47, 0x4C, 0x4A, 0x46, 0x4B, 0x46, 0x46, 0x45,
    0x42, 0x41, 0x41, 0x47, 0x47, 0x4A, 0x53, 0x68, 0x55, 0x55, 0x55, 0x57,
    0x57, 0x4C, 0x4C, 0x4C, 0x53, 0x5C, 0x5A, 0x4E, 0x57, 0x60, 0x65, 0x6B,
    0x6C, 0x65, 0x69, 0x76, 0x7C, 0x81, 0x84, 0x7C, 0x83, 0x84, 0x8A, 0x92,
    0x8C, 0x8C, 0x8D, 0x91, 0x9B, 0x95, 0x84, 0x8D, 0x9E, 0xAB, 0xB1, 0xA4,
    0xA7, 0xB9, 0x9E, 0xB2, 0xD1, 0xB2, 0xA3, 0x9E, 0xAD, 0x9A, 0x91, 0x9A,
    0x93, 0xBE, 0xC3, 0xBE, 0xB9, 0xAD, 0xC3, 0xD1, 0xC7, 0xBE, 0xB2, 0xBE,
    0xCC, 0xC7, 0xBE, 0xC7, 0xDA, 0xDA, 0xEB, 0xE5, 0xEC, 0xEF, 0xEF, 0xEC,
    0xED, 0xED, 0xED, 0xEF, 0xF8, 0xF8, 0xF8, 0xF7, 0xF3, 0xF7, 0xF3, 0xF3,
    0xF3, 0xF3, 0xF3, 0xF2, 0xEF, 0xEF, 0xEC, 0xDA, 0xDA, 0xDA, 0xC3, 0xC3,
    0xB9, 0xD1, 0xEB, 0xD6, 0xC7, 0xCC, 0xAD, 0xA8, 0xB2, 0xA3, 0x96, 0x9E,
    0xC3, 0xB2, 0x9A, 0x93, 0x8A, 0x9A, 0xB2, 0xB9, 0xA3, 0xB2, 0xA3, 0xA3,
    0xAD, 0xA8, 0xA2, 0x95, 0x8A, 0x8D, 0x92, 0x95, 0x91, 0x85, 0x87, 0x83,
    0x83, 0x82, 0x7C, 0x76, 0x6C, 0x68, 0x68, 0x5C, 0x65, 0x6C, 0x68, 0x53,
    0x4E, 0x55, 0x58, 0x53, 0x4E, 0x53, 0x55, 0x6C, 0x6C, 0x6C, 0x6B, 0x65,
    0x65, 0x58, 0x55, 0x5C, 0x5C, 0x70, 0x70, 0x68, 0x73, 0x78, 0x83, 0x6F,
    0x58, 0x4B, 0x47, 0x45, 0x3F, 0x3B, 0x41, 0x40, 0x36, 0x3D, 0x41, 0x39,
    0x36, 0x36, 0x34, 0x31, 0x31, 0x30, 0x2A, 0x2D, 0x34, 0x32, 0x3A, 0x3F,
    0x39, 0x3D, 0x38, 0x37, 0x38, 0x37, 0x32, 0x32, 0x37, 0x36, 0x3A, 0x3D,
    0x41, 0x43, 0x40, 0x42, 0x39, 0x34, 0x32, 0x34, 0x30, 0x30, 0x34, 0x31,
    0x32, 0x32, 0x32, 0x2B, 0x29, 0x2B, 0x25, 0x25, 0x2A, 0x25, 0x2E, 0x2D,
    0x2B, 0x2B, 0x25, 0x24, 0x22, 0x25, 0x21, 0x20, 0x24, 0x2A, 0x29, 0x29,
    0x22, 0x24, 0x24, 0x2B, 0x2B, 0x2A, 0x2B, 0x29, 0x29, 0x2D, 0x2D, 0x2D,
    0x29, 0x24, 0x29, 0x2B, 0x2B, 0x2A, 0x25, 0x24, 0x26, 0x2D, 0x2D, 0x2A,
    0x26, 0x29, 0x25, 0x29, 0x2B, 0x2A, 0x29, 0x25, 0x22, 0x25, 0x25, 0x25,
    0x2A, 0x2D, 0x2D, 0x32, 0x37, 0x32, 0x34, 0x37, 0x37, 0x34, 0x36, 0x34,
    0x3F, 0x46, 0x41, 0x40, 0x46, 0x4B, 0x51, 0x57, 0x53, 0x47, 0x43, 0x41,
    0x39, 0x40, 0x3D, 0x40, 0x43, 0x41, 0x46, 0x4A, 0x46, 0x42, 0x41, 0x47,
    0x45, 0x45, 0x3F, 0x3D, 0x40, 0x42, 0x4B, 0x65, 0x6B, 0x7C, 0x7C, 0x70,
    0x6C, 0x68, 0x68, 0x72, 0x6C, 0x6C, 0x80, 0x7C, 0x8C, 0xA2, 0xA6, 0x9B,
    0x97, 0x93, 0x91, 0x93, 0x93, 0x8A, 0x96, 0x9B, 0x95, 0x95, 0x9F, 0x97,
    0x8C, 0x87, 0x93, 0x89, 0x93, 0x93, 0x99, 0xA4, 0xA3, 0x9E, 0x91, 0x8D,
    0x89, 0x91, 0x93, 0x91, 0x9A, 0xC3, 0xB9, 0xB9, 0xA8, 0x9A, 0xA3, 0xC3,
    0xC7, 0xC7, 0xE5, 0xED, 0xE5, 0xE5, 0xDA, 0xD6, 0xDE, 0xE2, 0xD1, 0xCC,
    0xD1, 0xDA, 0xD1, 0xC7, 0xDA, 0xEC, 0xEC, 0xDE, 0xD1, 0xCC, 0xDA, 0xD1,
    0xF2, 0xF7, 0xF3, 0xEF, 0xEF, 0xF3, 0xF2, 0xE5, 0xDA, 0xDE, 0xC7, 0xD1,
    0xCC, 0xC7, 0xB9, 0xE5, 0xE5, 0xDA, 0xDE, 0xDA, 0xDA, 0xD1, 0xC3, 0xAD,
    0x9E, 0xA8, 0xB9, 0xD1, 0xE2, 0xE5, 0xD6, 0xCC, 0xBE, 0xB9, 0xB9, 0xC7,
    0xA3, 0x93, 0x89, 0x8A, 0x84, 0x8A, 0x8A, 0x86, 0x81, 0x8A, 0xAB, 0xB3,
    0xA4, 0x92, 0x8C, 0x98, 0x95, 0x95, 0x95, 0xA2, 0xAB, 0xA6, 0xB3, 0xA2,
    0xA2, 0xBA, 0x95, 0x8C, 0x82, 0x7C, 0x78, 0x68, 0x5A, 0x65, 0x58, 0x51,
    0x4E, 0x51, 0x53, 0x4C, 0x4C, 0x45, 0x49, 0x46, 0x40, 0x3D, 0x38, 0x36,
    0x37, 0x4B, 0x57, 0x51, 0x47, 0x4A, 0x42, 0x4E, 0x49, 0x4E, 0x4C, 0x52,
    0x44, 0x36, 0x4A, 0x4A, 0x42, 0x40, 0x42, 0x3D, 0x3B, 0x30, 0x1F, 0x25,
    0x36, 0x34, 0x31, 0x2C, 0x2A, 0x32, 0x2D, 0x2D, 0x37, 0x37, 0x38, 0x34,
    0x25, 0x29, 0x36, 0x37, 0x3F, 0x30, 0x21, 0x2F, 0x31, 0x31, 0x29, 0x25,
    0x21, 0x2A, 0x2D, 0x2B, 0x29, 0x25, 0x1F, 0x1C, 0x1F, 0x24, 0x22, 0x21,
    0x21, 0x25, 0x2B, 0x2D, 0x21, 0x1D, 0x1D, 0x20, 0x24, 0x22, 0x22, 0x22,
    0x2D, 0x32, 0x2B, 0x2A, 0x2A, 0x29, 0x29, 0x2D, 0x2B, 0x22, 0x1F, 0x25,
    0x20, 0x1D, 0x20, 0x22, 0x21, 0x1F, 0x29, 0x2E, 0x2E, 0x2B, 0x32, 0x2E,
    0x2D, 0x2B, 0x32, 0x2D, 0x37, 0x37, 0x3A, 0x37, 0x32, 0x34, 0x40, 0x3E,
    0x3E, 0x38, 0x32, 0x2D, 0x30, 0x2B, 0x29, 0x25, 0x21, 0x20, 0x29, 0x2B,
    0x29, 0x25, 0x29, 0x2B, 0x32, 0x32, 0x2A, 0x29, 0x24, 0x2D, 0x30, 0x34,
    0x36, 0x38, 0x40, 0x41, 0x40, 0x3D, 0x45, 0x49, 0x42, 0x45, 0x49, 0x46,
    0x45, 0x4B, 0x4C, 0x4A, 0x4A, 0x47, 0x49, 0x46, 0x42, 0x42, 0x46, 0x42,
    0x41, 0x45, 0x4A, 0x53, 0x60, 0x68, 0x6B, 0x60, 0x57, 0x57, 0x5C, 0x6C,
    0x76, 0x80, 0x83, 0x72, 0x70, 0x78, 0x76, 0x80, 0x7C, 0x7D, 0x7A, 0x7A,
    0x7D, 0x84, 0x75, 0x71, 0x83, 0x84, 0x7A, 0x84, 0x8C, 0x8C, 0xA8, 0x9E,
    0x91, 0x96, 0x95, 0x8C, 0x92, 0x89, 0x81, 0x84, 0x9E, 0xCC, 0xD1, 0xC7,
    0xAD, 0xB2, 0xC3, 0xBE, 0xC7, 0xC7, 0xA3, 0x91, 0x96, 0x9A, 0x9E, 0xC3,
    0xA8, 0xA3, 0xC7, 0xEC, 0xF3, 0xF2, 0xEC, 0xEB, 0xEB, 0xEF, 0xF2, 0xED,
    0xE5, 0xF2, 0xF3, 0xF2, 0xF3, 0xF7, 0xF7, 0xF7, 0xC3, 0xD6, 0xD1, 0xD1,
    0xDA, 0xDA, 0xE2, 0xCC, 0xC7, 0xDA, 0xC3, 0xB9, 0xD6, 0xED, 0xEB, 0xED,
    0xEF, 0xEC, 0xEF, 0xE2, 0xE2, 0xDE, 0xDE, 0xD6, 0xDA, 0xCC, 0xCC, 0xE5,
    0xDE, 0xC7, 0xBE, 0xB2, 0x97, 0xA8, 0xC3, 0xA8, 0x93, 0x89, 0x7A, 0x6D,
    0x75, 0x86, 0x89, 0x97, 0xA8, 0x9B, 0xA2, 0xC0, 0xC0, 0xA6, 0x9B, 0x95,
    0x96, 0xAB, 0xA6, 0xAE, 0xBB, 0xB7, 0x99, 0xAB, 0xAE, 0xAE, 0x9B, 0x9B,
    0x95, 0x83, 0x82, 0x76, 0x6B, 0x60, 0x5C, 0x58, 0x58, 0x55, 0x55, 0x58,
    0x4E, 0x51, 0x53, 0x96, 0xCD, 0x96, 0x8E, 0x9C, 0x5C, 0x59, 0x79, 0x3D,
    0x37, 0x38, 0x6D, 0x43, 0x46, 0x46, 0x4A, 0x3F, 0x71, 0xE0, 0x3E, 0x38,
    0x3A, 0x36, 0x39, 0x42, 0x34, 0x5F, 0xEE, 0x97, 0x37, 0x3D, 0x39, 0x36,
    0x36, 0x37, 0x75, 0x8F, 0x43, 0x42, 0x41, 0x39, 0xCF, 0x97, 0x31, 0x36,
    0x24, 0x56, 0xE0, 0x27, 0x1D, 0x21, 0x3E, 0x56, 0x59, 0x2E, 0x21, 0x25,
    0x25, 0x21, 0x59, 0xD3, 0x48, 0x25, 0x47, 0x61, 0x79, 0x5F, 0x32, 0x26,
    0x61, 0xF0, 0x88, 0x33, 0x2D, 0x29, 0x33, 0x48, 0x2E, 0x30, 0x2B, 0x2B,
    0x25, 0x29, 0x33, 0x32, 0x29, 0x32, 0x3C, 0x1F, 0x1C, 0x33, 0xF0, 0x1C,
    0xE6, 0x61, 0x29, 0x32, 0x34, 0x37, 0x2D, 0x2B, 0x2D, 0x4C, 0x32, 0x32,
    0x37, 0x3E, 0x42, 0x2D, 0xBC, 0xEA, 0x2D, 0x3D, 0x3D, 0x36, 0x2F, 0x2D,
    0x30, 0x2D, 0x2D, 0x2D, 0x29, 0x2B, 0x2A, 0x2D, 0x2D, 0x29, 0x2D, 0x30,
    0x2D, 0x34, 0x30, 0x29, 0x25, 0x2D, 0x29, 0x2A, 0x2D, 0x2B, 0x29, 0x2A,
    0x34, 0x3D, 0x3A, 0x39, 0x37, 0x40, 0x42, 0x41, 0x38, 0x40, 0x43, 0x4A,
    0x55, 0x52, 0x51, 0x3D, 0xF2, 0xE0, 0x40, 0x55, 0x4E, 0x55, 0x70, 0x68,
    0x6C, 0x7C, 0x80, 0x7C, 0x70, 0x5C, 0x5A, 0x65, 0x65, 0x55, 0x4A, 0x49,
    0x4A, 0x4C, 0x51, 0x6C, 0x6C, 0x70, 0x6B, 0x70, 0x81, 0x5C, 0x65, 0x76,
    0x75, 0x6C, 0x8C, 0xA6, 0xA6, 0xBA, 0xAD, 0xA3, 0xBE, 0xAD, 0x9B, 0x93,
    0x9E, 0xAE, 0x99, 0xAD, 0xC7, 0xDE, 0xDA, 0xD1, 0xB9, 0xAD, 0xA3, 0xC3,
    0xCC, 0xA8, 0x97, 0x89, 0x86, 0x89, 0x86, 0xB2, 0xD1, 0xC3, 0xD6, 0xE5,
    0xED, 0xEF, 0xEF, 0xDA, 0xD1, 0xEC, 0xED, 0xEF, 0xEF, 0xF3, 0xF7, 0xF3,
    0xF7, 0xF7, 0xF7, 0xF3, 0xED, 0xEF, 0xE2, 0xD6, 0xE5, 0xE2, 0xE5, 0xEB,
    0xEC, 0xEC, 0xEF, 0xEF, 0xF2, 0xF3, 0xF3, 0xEB, 0xE5, 0xED, 0xEC, 0xEF,
    0xEF, 0xEB, 0xEC, 0xE2, 0xD6, 0xD6, 0xD1, 0xCC, 0xD1, 0xDA, 0xEB, 0xEB,
    0xE5, 0xDA, 0xC7, 0xB2, 0x9E, 0xA3, 0xA3, 0x8A, 0x89, 0x81, 0x86, 0x7A,
    0x6D, 0x6D, 0x78, 0x83, 0x85, 0x83, 0x8C, 0x8D, 0x8D, 0x9A, 0xA6, 0x95,
    0x8C, 0x95, 0x90, 0x83, 0x80, 0x80, 0x85, 0x8C, 0xA2, 0xAE, 0x9B, 0x9B,
    0xA2, 0x95, 0x99, 0xAB, 0x92, 0x78, 0x82, 0x7C, 0x6C, 0x70, 0x6C, 0xFC,
    0xFF, 0xFF, 0xFF, 0xFF, 0xF3, 0xF8, 0xFF, 0x42, 0x3F, 0x66, 0xFF, 0x77,
    0x45, 0x60, 0x6F, 0x66, 0xFE, 0xFF, 0xF8, 0x39, 0x4A, 0x46, 0x4B, 0x4C,
    0xD2, 0xFE, 0xD9, 0xF8, 0xF8, 0x3E, 0x49, 0x41, 0x38, 0x2C, 0xF3, 0xFF,
    0x42, 0x38, 0x34, 0xF3, 0xFE, 0xFF, 0x9C, 0x24, 0x5F, 0xFE, 0xFE, 0xFC,
    0x24, 0x2B, 0xFF, 0xFF, 0xFF, 0x59, 0x25, 0x32, 0x29, 0x61, 0xFF, 0xFC,
    0xFE, 0x22, 0xFE, 0xFF, 0xFF, 0xF8, 0x20, 0xE6, 0xFF, 0xF8, 0xFF, 0xF3,
    0x2B, 0x25, 0xF0, 0xFF, 0x26, 0x2D, 0x2B, 0x32, 0x32, 0x2E, 0x32, 0x32,
    0x1F, 0xCD, 0xFF, 0x26, 0x21, 0x49, 0xFE, 0x1B, 0xFC, 0x79, 0x1C, 0x20,
    0x20, 0x29, 0x2A, 0x21, 0x3E, 0xFE, 0x2E, 0x32, 0x32, 0x32, 0x34, 0x1F,
    0xC1, 0xF0, 0x1F, 0x34, 0x34, 0x38, 0x49, 0x46, 0x47, 0x47, 0x40, 0x40,
    0x40, 0x45, 0x39, 0x37, 0x36, 0x39, 0x37, 0x3D, 0x39, 0x3D, 0x3D, 0x34,
    0x36, 0x34, 0x31, 0x31, 0x30, 0x34, 0x3D, 0x46, 0x45, 0x4B, 0x58, 0x58,
    0x55, 0x53, 0x55, 0x55, 0x4E, 0x51, 0x53, 0x60, 0x68, 0x6F, 0x73, 0x58,
    0xFC, 0xF8, 0x47, 0x5C, 0x57, 0x51, 0x51, 0x57, 0x53, 0x5C, 0x6C, 0x80,
    0x83, 0x76, 0x76, 0x78, 0x72, 0x6B, 0x60, 0x5C, 0x60, 0x5C, 0x68, 0x72,
    0x80, 0x82, 0x87, 0x8C, 0x8C, 0x8C, 0x8A, 0x86, 0x86, 0x8C, 0x95, 0x95,
    0xAB, 0xA2, 0xAD, 0xC3, 0xCC, 0xCC, 0xC7, 0xAD, 0xA6, 0xAE, 0xAB, 0xA8,
    0x9E, 0xA3, 0xBE, 0xE2, 0xED, 0xE5, 0xDE, 0xCC, 0xCC, 0xBE, 0xAD, 0xBE,
    0xB2, 0xA8, 0xA3, 0x9A, 0xA3, 0x9A, 0xB9, 0xBE, 0xA8, 0xB9, 0xB9, 0xD1,
    0xE5, 0xE5, 0xDA, 0xED, 0xEB, 0xEB, 0xEF, 0xED, 0xEC, 0xED, 0xF3, 0xF3,
    0xEB, 0xDE, 0xE5, 0xF3, 0xEF, 0xEF, 0xF7, 0xF3, 0xF3, 0xF3, 0xF2, 0xEF,
    0xEF, 0xF2, 0xED, 0xEC, 0xEB, 0xEC, 0xEB, 0xE5, 0xD1, 0xCC, 0xC7, 0xC3,
    0xB9, 0xB2, 0xA8, 0xC3, 0xC7, 0xC7, 0xC3, 0xD1, 0xBE, 0xD1, 0xDE, 0xD6,
    0xD6, 0xD1, 0xCC, 0xBE, 0xDA, 0xDA, 0xD6, 0xA8, 0xAD, 0xB2, 0xA6, 0x95,
    0x9A, 0x9E, 0x94, 0xB2, 0xA8, 0x97, 0xA3, 0x99, 0x8C, 0x86, 0x8D, 0x83,
    0x82, 0x6C, 0x68, 0x6C, 0x72, 0x7C, 0x80, 0x82, 0x85, 0x83, 0x83, 0x80,
    0x6C, 0x6B, 0x65, 0x6C, 0x5A, 0x51, 0x53, 0x53, 0x49, 0xFC, 0xFC, 0x4D,
    0x4B, 0xFC, 0xFF, 0x7E, 0x3F, 0xE4, 0xFF, 0x4E, 0x3B, 0x4C, 0x45, 0xAA,
    0xFE, 0x5F, 0xFE, 0x4E, 0x57, 0x51, 0x46, 0x4E, 0xFC, 0x57, 0xC5, 0x89,
    0xF3, 0xAC, 0x47, 0x4E, 0x41, 0x37, 0x26, 0xFC, 0x42, 0x21, 0x29, 0xFE,
    0x25, 0x46, 0xFE, 0x1C, 0xF8, 0x94, 0x1C, 0xFE, 0x54, 0x25, 0xFC, 0x3E,
    0x31, 0x2A, 0x31, 0x38, 0x25, 0xF8, 0xAF, 0x1F, 0x3F, 0x25, 0xFC, 0x79,
    0x21, 0x22, 0x3E, 0xFF, 0x3E, 0x1C, 0x29, 0x34, 0x2A, 0x24, 0xFC, 0xFF,
    0x3E, 0x22, 0x29, 0x29, 0x2D, 0x32, 0x2E, 0x32, 0x2A, 0xFC, 0xFF, 0x4D,
    0x22, 0x6D, 0xFC, 0x20, 0xF8, 0x88, 0x25, 0x30, 0x2A, 0x29, 0x29, 0x2B,
    0x32, 0x3E, 0x38, 0x2D, 0x2B, 0x2A, 0x25, 0x1F, 0xAF, 0xE6, 0x1D, 0x2B,
    0x20, 0x4D, 0xFC, 0x29, 0x37, 0x30, 0x38, 0x34, 0x37, 0x32, 0x2D, 0x2B,
    0x29, 0x29, 0x30, 0x30, 0x32, 0x37, 0x3F, 0x43, 0x38, 0x40, 0x34, 0x3D,
    0x36, 0x34, 0x36, 0x38, 0x37, 0x36, 0x3D, 0x4B, 0x49, 0x51, 0x68, 0x5D,
    0x58, 0x51, 0x58, 0x49, 0x5A, 0x6F, 0x5E, 0x53, 0xF8, 0xF8, 0x55, 0x72,
    0x66, 0x51, 0x49, 0x4A, 0x43, 0x40, 0x40, 0x46, 0x46, 0x47, 0x51, 0x68,
    0x6C, 0x65, 0x6C, 0x6C, 0x6B, 0x5C, 0x5A, 0x72, 0x85, 0x83, 0x87, 0x95,
    0xAB, 0xA8, 0xA3, 0x97, 0x91, 0x92, 0x99, 0xA2, 0xA2, 0x8C, 0x97, 0xAD,
    0x9E, 0x93, 0x9A, 0x93, 0x95, 0x8C, 0x8C, 0x8A, 0x8D, 0xAD, 0xAD, 0xAD,
    0xCC, 0xDE, 0xDE, 0xEB, 0xE2, 0xE2, 0xD6, 0xD1, 0xDE, 0xED, 0xEF, 0xEB,
    0xDE, 0xEB, 0xE2, 0xE5, 0xE2, 0xE5, 0xE2, 0xDA, 0xEF, 0xF3, 0xEF, 0xED,
    0xED, 0xEC, 0xEB, 0xED, 0xEF, 0xE5, 0xEB, 0xED, 0xEF, 0xEF, 0xF2, 0xF2,
    0xF3, 0xF3, 0xEF, 0xF3, 0xF3, 0xEF, 0xED, 0xED, 0xED, 0xE5, 0xEB, 0xE5,
    0xE2, 0xE2, 0xDE, 0xDA, 0xD6, 0xBE, 0xAD, 0xA3, 0x97, 0x9A, 0x97, 0x9A,
    0xA3, 0xAD, 0xB9, 0xE2, 0xD6, 0xCC, 0xE5, 0xCC, 0x9E, 0x96, 0x91, 0x81,
    0x75, 0x71, 0x69, 0x6D, 0x7A, 0x7A, 0x75, 0x69, 0x84, 0x8D, 0x75, 0x66,
    0x65, 0x5F, 0x77, 0x84, 0x7D, 0x81, 0x8C, 0x9B, 0x99, 0x95, 0x8C, 0x8C,
    0x83, 0x72, 0x72, 0x70, 0x68, 0x68, 0x68, 0x5A, 0x55, 0x5A, 0x5B, 0x5B,
    0x4B, 0x49, 0x43, 0x40, 0x2C, 0xF8, 0xF7, 0x34, 0x36, 0xF3, 0xFF, 0xC5,
    0x30, 0xF8, 0xFF, 0x6D, 0x40, 0x4B, 0x45, 0x66, 0xFE, 0xFC, 0xFC, 0x49,
    0x55, 0x4A, 0x40, 0x9F, 0x8E, 0xEA, 0xFC, 0xBC, 0x4A, 0xF3, 0x34, 0x38,
    0x36, 0x30, 0x32, 0xFE, 0x45, 0x22, 0x48, 0xFC, 0x30, 0x37, 0xFE, 0x39,
    0xFC, 0x5F, 0x2A, 0xF8, 0xA5, 0x25, 0xFC, 0x32, 0x30, 0x31, 0x31, 0x32,
    0x25, 0xFC, 0xE6, 0x20, 0x36, 0x25, 0xFC, 0x6D, 0x1F, 0x1F, 0xC1, 0xFE,
    0x1F, 0x2D, 0x25, 0x22, 0x1F, 0x33, 0xFC, 0xFE, 0x88, 0x1F, 0x29, 0x29,
    0x31, 0x34, 0x2A, 0x29, 0x3D, 0xFC, 0xFC, 0xA0, 0x18, 0x43, 0xFC, 0x18,
    0xF8, 0x79, 0x1D, 0x22, 0x1F, 0x8E, 0xD3, 0xFC, 0x37, 0xCA, 0x20, 0x3C,
    0xFE, 0xFC, 0xF8, 0x33, 0xC1, 0xF8, 0xFC, 0xFE, 0x30, 0xF8, 0xFF, 0xF8,
    0x2A, 0xEA, 0xFF, 0xEA, 0x21, 0x2D, 0x2B, 0x37, 0xCD, 0xF8, 0xDD, 0x27,
    0xFE, 0xFE, 0x32, 0x1F, 0xCF, 0xFF, 0xEC, 0x21, 0x3E, 0xFE, 0xFE, 0x49,
    0x3D, 0xF0, 0xFC, 0xFC, 0xF0, 0x58, 0x58, 0xF8, 0x6D, 0xBC, 0xFF, 0xF8,
    0x47, 0x56, 0xFC, 0xFE, 0xFE, 0xF2, 0x41, 0x4E, 0x4B, 0x49, 0x47, 0x49,
    0x45, 0x46, 0x47, 0x57, 0x60, 0x60, 0x6C, 0x70, 0x78, 0x78, 0x7A, 0x81,
    0x86, 0x84, 0x70, 0x70, 0x85, 0x8C, 0x87, 0x99, 0x95, 0x95, 0x92, 0x9E,
    0x9E, 0x99, 0x95, 0xA6, 0xAB, 0x95, 0x9E, 0x9E, 0xA3, 0x96, 0x93, 0x8A,
    0x84, 0x8A, 0x86, 0x86, 0x89, 0x93, 0x93, 0x91, 0xB2, 0xD6, 0xB2, 0x9E,
    0xBE, 0xB9, 0x93, 0x96, 0x91, 0x91, 0x8D, 0x8A, 0x8A, 0x93, 0x97, 0x97,
    0xA3, 0xA8, 0xC7, 0xB9, 0xB2, 0xAD, 0xA8, 0xB9, 0xD6, 0xDA, 0xDE, 0xEC,
    0xEF, 0xEF, 0xE5, 0xED, 0xEB, 0xEF, 0xEC, 0xEF, 0xF3, 0xF7, 0xF7, 0xF7,
    0xF7, 0xF3, 0xF3, 0xEF, 0xED, 0xE5, 0xEC, 0xEF, 0xEB, 0xDE, 0xD1, 0xE5,
    0xEF, 0xED, 0xED, 0xE5, 0xEC, 0xEC, 0xEC, 0xDE, 0xE5, 0xE2, 0xD6, 0xC7,
    0xC3, 0xCC, 0xD6, 0xB2, 0x93, 0x96, 0x97, 0x8D, 0x7D, 0x7D, 0x7A, 0x84,
    0x8A, 0x86, 0x8B, 0x91, 0xC3, 0xC3, 0xB9, 0x9E, 0x97, 0xBD, 0xD7, 0xD1,
    0xB3, 0xBB, 0xC0, 0xAE, 0x9B, 0x95, 0x92, 0x87, 0x83, 0x87, 0x80, 0x78,
    0x80, 0x82, 0x76, 0x6B, 0x58, 0x51, 0x4C, 0x4A, 0x42, 0x45, 0x4A, 0x46,
    0x3F, 0xFC, 0xF8, 0x45, 0x4C, 0xF8, 0xFE, 0xF8, 0x45, 0xFC, 0xFE, 0x8E,
    0x46, 0x53, 0x47, 0x59, 0xFF, 0xFE, 0x4A, 0x45, 0x43, 0x46, 0x41, 0xEB,
    0x8E, 0xFC, 0x3E, 0x40, 0x45, 0xF7, 0x4A, 0x3F, 0x46, 0x4B, 0x4A, 0xFE,
    0x60, 0x36, 0x5F, 0xFE, 0x34, 0x36, 0xFF, 0x4B, 0xFC, 0x61, 0x1C, 0xF8,
    0xE6, 0x20, 0xFF, 0xFC, 0x47, 0x31, 0x3D, 0x39, 0x32, 0x79, 0xFF, 0x8F,
    0x2E, 0x2D, 0xFC, 0xF0, 0x79, 0x2E, 0xF0, 0xF0, 0x22, 0x39, 0x32, 0x34,
    0x25, 0x8F, 0xF8, 0xCD, 0xFC, 0x24, 0x34, 0x2D, 0x2A, 0x2D, 0x2D, 0x22,
    0x75, 0xF8, 0x88, 0xFC, 0x1C, 0x49, 0xFC, 0x19, 0xF8, 0x79, 0x1F, 0x25,
    0x21, 0xFC, 0xFF, 0x8E, 0x66, 0xFE, 0x2E, 0xFE, 0xF8, 0x8E, 0xFF, 0x47,
    0x9C, 0xFF, 0x8F, 0xFE, 0x8E, 0x8A, 0xFF, 0x56, 0x59, 0xFE, 0x4D, 0x54,
    0x2A, 0x2A, 0x24, 0x2D, 0xFF, 0xFC, 0x33, 0xF7, 0xCF, 0xE0, 0xF7, 0x3E,
    0xFE, 0x6D, 0x75, 0x29, 0xF8, 0xE6, 0xE6, 0xFC, 0x3D, 0xFF, 0xFE, 0x7E,
    0xFE, 0x5B, 0x51, 0xFE, 0x75, 0xFE, 0x89, 0xFE, 0x83, 0xCD, 0xFF, 0x79,
    0xFF, 0xF7, 0x46, 0x55, 0x60, 0x6C, 0x76, 0x72, 0x6C, 0x68, 0x70, 0x85,
    0x85, 0x6C, 0x80, 0x76, 0x70, 0x72, 0x69, 0x65, 0x6D, 0x71, 0x75, 0x72,
    0x87, 0x95, 0xAB, 0xB3, 0xA6, 0xAE, 0xAB, 0xAD, 0xA7, 0x9A, 0x99, 0x99,
    0x99, 0x92, 0x97, 0x9E, 0xB2, 0xB9, 0xC3, 0xBE, 0xC3, 0xCC, 0xDE, 0xC3,
    0xB2, 0xCC, 0xD6, 0xC7, 0xA3, 0xA8, 0xAD, 0xB9, 0xBE, 0xB2, 0xA3, 0xA3,
    0xAD, 0xB9, 0x9E, 0xA3, 0xBE, 0xAD, 0xC3, 0xC7, 0xC7, 0xE5, 0xEF, 0xF7,
    0xF3, 0xF2, 0xF3, 0xF7, 0xF7, 0xEF, 0xF3, 0xF3, 0xEF, 0xEF, 0xEF, 0xF2,
    0xEF, 0xEF, 0xF7, 0xF7, 0xF7, 0xF3, 0xF7, 0xF7, 0xF7, 0xF3, 0xF2, 0xEB,
    0xDA, 0xD1, 0xBE, 0xC3, 0xC3, 0xB9, 0xC7, 0xB9, 0xBE, 0xDE, 0xE2, 0xCC,
    0xCC, 0xDA, 0xCC, 0xDE, 0xDE, 0xC3, 0xC3, 0xDA, 0xDA, 0xDA, 0xDE, 0xEC,
    0xDE, 0xEB, 0xED, 0xEB, 0xEF, 0xEF, 0xEB, 0xD1, 0xD5, 0xDB, 0xCE, 0xCE,
    0xC3, 0xC7, 0xB9, 0xBE, 0xC7, 0xE2, 0xC4, 0x9D, 0x94, 0x92, 0x95, 0x99,
    0x87, 0x76, 0x76, 0x7C, 0x8C, 0x8C, 0x87, 0x78, 0x80, 0x87, 0x85, 0x87,
    0x82, 0x78, 0x80, 0x7D, 0x70, 0x6C, 0x6C, 0x6C, 0x4C, 0xFC, 0xFC, 0x57,
    0x6F, 0xFC, 0xFC, 0xFE, 0xAF, 0xFC, 0xFE, 0xAF, 0x4B, 0x55, 0x49, 0xFC,
    0xFE, 0xFC, 0x3B, 0xFC, 0x5D, 0x4A, 0x45, 0xED, 0x97, 0xF7, 0x37, 0x3F,
    0x31, 0xEE, 0x45, 0x34, 0x42, 0x40, 0x3E, 0xFE, 0x4E, 0x36, 0x38, 0xFE,
    0xCD, 0xE6, 0xFF, 0x54, 0xF8, 0xFE, 0x59, 0xFF, 0xDF, 0x22, 0x79, 0xFC,
    0xFF, 0x38, 0x2F, 0x39, 0x39, 0x26, 0xCA, 0xFF, 0xA0, 0x1F, 0xFC, 0xFF,
    0xFE, 0x48, 0xF0, 0xCF, 0x1C, 0x2D, 0x32, 0x34, 0x22, 0xF0, 0x79, 0x3C,
    0xFF, 0x2E, 0x2D, 0x32, 0x34, 0x2D, 0x32, 0x29, 0xEE, 0xAF, 0x33, 0xFF,
    0x37, 0x71, 0xFE, 0x25, 0xFC, 0xAA, 0x2D, 0x38, 0x25, 0xFC, 0xCA, 0x21,
    0x66, 0xFE, 0x46, 0xFF, 0x43, 0x25, 0xFE, 0x3C, 0xC1, 0xFE, 0x18, 0xF3,
    0xC1, 0x49, 0xFC, 0x25, 0x5F, 0xFF, 0x3D, 0x31, 0x43, 0x40, 0x37, 0x43,
    0xFF, 0x36, 0x30, 0xFE, 0x54, 0x61, 0xFC, 0x56, 0xFF, 0x59, 0x43, 0x57,
    0xFE, 0x6D, 0x86, 0xFE, 0x55, 0xFF, 0x4D, 0x2D, 0xFC, 0xB8, 0x94, 0xFC,
    0xAC, 0xFE, 0x47, 0xFC, 0xC8, 0xFC, 0xDD, 0x25, 0xF0, 0xF7, 0x3D, 0x51,
    0x6B, 0x70, 0x65, 0x5C, 0x65, 0x5C, 0x65, 0x78, 0x80, 0x7C, 0x83, 0x87,
    0x8C, 0x95, 0x91, 0x86, 0x7A, 0x71, 0x7A, 0x92, 0xAE, 0x9B, 0x8C, 0x8C,
    0x9B, 0xA2, 0xAE, 0xA6, 0x8A, 0x7D, 0x80, 0x83, 0x75, 0x7D, 0x7D, 0x7D,
    0x7A, 0x91, 0x9E, 0xAD, 0xAD, 0xB2, 0xAD, 0xB2, 0xC7, 0xCC, 0xC3, 0xB2,
    0xC7, 0xDA, 0xC3, 0xEC, 0xEB, 0xEC, 0xEF, 0xEF, 0xF2, 0xEF, 0xF3, 0xF3,
    0xEF, 0xEF, 0xF2, 0xF3, 0xEF, 0xEF, 0xEF, 0xEF, 0xF3, 0xF7, 0xF2, 0xF3,
    0xF3, 0xF2, 0xEC, 0xED, 0xEF, 0xDE, 0xEF, 0xF3, 0xF7, 0xF7, 0xF7, 0xF7,
    0xF3, 0xEF, 0xEF, 0xED, 0xD6, 0xC3, 0xC3, 0xC7, 0xCC, 0xE2, 0xD6, 0xDE,
    0xDE, 0xD6, 0xE5, 0xE2, 0xCC, 0xC7, 0xB9, 0xBE, 0xC3, 0xBE, 0xC3, 0xC3,
    0xA8, 0xBE, 0xE2, 0xE5, 0xEC, 0xF2, 0xEF, 0xEC, 0xD1, 0xCC, 0xC7, 0xD1,
    0xCC, 0xC3, 0xB9, 0xB2, 0xCC, 0xD6, 0xD1, 0xBE, 0xBE, 0xC3, 0xB9, 0xAC,
    0x9D, 0xA4, 0x98, 0x93, 0x8B, 0x8D, 0x91, 0x95, 0x95, 0x99, 0x8C, 0x8C,
    0x95, 0x99, 0xAB, 0xA6, 0x95, 0x99, 0x95, 0x8C, 0x87, 0x82, 0x87, 0x95,
    0x99, 0x83, 0x70, 0x6C, 0x51, 0xFC, 0xFC, 0x4E, 0x49, 0xFC, 0xEE, 0xFC,
    0xFC, 0xEE, 0xFC, 0x94, 0x49, 0x4A, 0x81, 0xFE, 0x3E, 0xFF, 0x6D, 0xFE,
    0x71, 0x4B, 0x55, 0xF2, 0x9F, 0xFC, 0x3E, 0x34, 0x37, 0xF0, 0x46, 0x38,
    0x42, 0x3F, 0x45, 0xFE, 0x69, 0x3D, 0x42, 0x7A, 0xFF, 0xF8, 0xFE, 0x43,
    0x2B, 0xFC, 0xFE, 0xFC, 0xCD, 0x36, 0x3D, 0x2D, 0xFE, 0x8D, 0x22, 0x31,
    0x29, 0x29, 0x1B, 0x8F, 0xFF, 0x26, 0xFC, 0x61, 0x1D, 0x21, 0xF8, 0xF0,
    0x22, 0x22, 0xA0, 0xD9, 0x1B, 0xFE, 0xFC, 0xDF, 0xFF, 0x48, 0x2D, 0x3D,
    0x3A, 0x3A, 0x3A, 0x25, 0xFE, 0xFC, 0xF7, 0xFF, 0x56, 0x56, 0xFE, 0x22,
    0xFC, 0x9C, 0x32, 0x3F, 0x2A, 0xF8, 0x9C, 0x2D, 0x59, 0xFC, 0x4A, 0xFE,
    0x37, 0x30, 0xFE, 0x37, 0xC3, 0xF8, 0x22, 0xF8, 0xD9, 0x60, 0xFE, 0x40,
    0x40, 0xFC, 0xFF, 0x84, 0x3A, 0x47, 0x43, 0x5F, 0xFE, 0x41, 0x49, 0xFF,
    0xFF, 0xFF, 0xFE, 0x37, 0xF8, 0xFF, 0x7E, 0x41, 0xFF, 0xFF, 0xFF, 0xFE,
    0x42, 0xFE, 0x5B, 0x34, 0xEE, 0xF8, 0xF3, 0xEA, 0xE0, 0xFF, 0xFF, 0xFF,
    0xE3, 0xFE, 0xCD, 0x40, 0xF8, 0xF7, 0x45, 0x57, 0x4E, 0x58, 0x65, 0x76,
    0x83, 0x82, 0x80, 0x83, 0x7C, 0x6C, 0x57, 0x58, 0x5A, 0x55, 0x58, 0x7C,
    0x7C, 0x8C, 0xA2, 0xA6, 0x99, 0x9B, 0x92, 0x85, 0x83, 0x78, 0x82, 0x82,
    0x70, 0x75, 0x7D, 0x8D, 0x9E, 0x9E, 0x92, 0x87, 0x91, 0x9F, 0x9E, 0x89,
    0x8D, 0x9E, 0xAD, 0xA8, 0xA3, 0x9A, 0xAD, 0x9A, 0xB2, 0xD6, 0xDE, 0xCC,
    0xD6, 0xD6, 0xCC, 0xDA, 0xE5, 0xEF, 0xF3, 0xEF, 0xEC, 0xEB, 0xEF, 0xEF,
    0xEF, 0xEB, 0xEB, 0xEF, 0xEF, 0xEF, 0xED, 0xEF, 0xEF, 0xEF, 0xEF, 0xEF,
    0xEF, 0xF7, 0xF3, 0xF3, 0xF7, 0xEF, 0xEF, 0xF3, 0xF7, 0xF7, 0xF3, 0xF7,
    0xF3, 0xF3, 0xF7, 0xF7, 0xF3, 0xEF, 0xEF, 0xEC, 0xD6, 0xDA, 0xC7, 0xC3,
    0xBE, 0xC7, 0xBE, 0xB9, 0xBE, 0xDE, 0xEF, 0xEC, 0xDA, 0xD6, 0xC7, 0xCC,
    0xDA, 0xDA, 0xDE, 0xEB, 0xD1, 0xB2, 0xA3, 0x93, 0xA8, 0xC7, 0xBE, 0xAD,
    0x96, 0x8A, 0x96, 0x9E, 0x96, 0x93, 0x91, 0x97, 0xAD, 0xBE, 0xA8, 0x9F,
    0x91, 0x97, 0xA3, 0x92, 0x87, 0x8C, 0x8C, 0x87, 0x85, 0x8C, 0x95, 0x99,
    0x95, 0x95, 0x87, 0x82, 0x87, 0x87, 0x72, 0x70, 0x78, 0x72, 0x70, 0x82,
    0x6B, 0xFC, 0xFC, 0x75, 0x6D, 0xFC, 0xEE, 0xFC, 0xFF, 0x8D, 0xFE, 0xAF,
    0x58, 0x53, 0xBB, 0xFE, 0x45, 0xFC, 0xFE, 0xFC, 0x5C, 0x5A, 0x51, 0xCE,
    0x93, 0xED, 0xFE, 0xF3, 0x75, 0xF8, 0x49, 0x47, 0x45, 0x47, 0x46, 0xFE,
    0x5B, 0x3A, 0x39, 0x30, 0x31, 0x40, 0xFE, 0x40, 0x37, 0x34, 0x2A, 0xF8,
    0x94, 0x34, 0x43, 0x2D, 0xF8, 0xF2, 0x2C, 0x3D, 0x37, 0x31, 0x36, 0x32,
    0xFF, 0x61, 0xFC, 0x8A, 0x2A, 0x25, 0xA0, 0xFE, 0x1F, 0x1F, 0xDF, 0xF0,
    0x27, 0xFF, 0xFC, 0xF8, 0xFF, 0xCA, 0x29, 0x2B, 0x34, 0x32, 0x29, 0x33,
    0xFF, 0xFC, 0xF8, 0xFF, 0x84, 0x46, 0xFE, 0x20, 0xF8, 0x79, 0x20, 0x2D,
    0x21, 0xF8, 0x8F, 0x21, 0x54, 0xFC, 0x3E, 0xFE, 0x33, 0x2B, 0xFE, 0x3E,
    0xC3, 0xF8, 0x21, 0xF8, 0xCD, 0x54, 0xFE, 0x37, 0x41, 0x31, 0xEE, 0xFF,
    0x43, 0x46, 0x3F, 0x4E, 0xFE, 0x44, 0x46, 0xFE, 0x56, 0x4B, 0x65, 0x4E,
    0x3D, 0xF0, 0xFF, 0x51, 0xFE, 0x75, 0x6D, 0x54, 0x5B, 0xFF, 0x75, 0x52,
    0x9E, 0xFE, 0xFE, 0x86, 0xEE, 0xFC, 0x66, 0x8E, 0x57, 0xFE, 0xEA, 0x46,
    0xFC, 0xF8, 0x57, 0x65, 0x6B, 0x78, 0x70, 0x70, 0x6C, 0x6B, 0x6C, 0x6C,
    0x70, 0x70, 0x68, 0x6C, 0x70, 0x7C, 0x8C, 0x83, 0x85, 0x95, 0x8C, 0x78,
    0x92, 0xA2, 0x95, 0x99, 0xA2, 0x99, 0xAE, 0xC0, 0xAB, 0xA2, 0xAD, 0xB2,
    0x9A, 0x91, 0x92, 0x82, 0x7E, 0x8A, 0x8D, 0x91, 0x8D, 0x9A, 0xA3, 0xC3,
    0xDA, 0xB9, 0xB2, 0xB2, 0xB2, 0xBE, 0xBE, 0xC7, 0xDE, 0xD6, 0xD6, 0xC7,
    0xCC, 0xD6, 0xDA, 0xEB, 0xE2, 0xDA, 0xC7, 0xD6, 0xEB, 0xE5, 0xD1, 0xD6,
    0xEC, 0xEC, 0xEC, 0xE5, 0xEC, 0xF2, 0xF3, 0xF3, 0xEF, 0xEF, 0xF3, 0xF3,
    0xF7, 0xF7, 0xF3, 0xED, 0xED, 0xED, 0xEF, 0xEF, 0xEF, 0xEF, 0xF3, 0xF2,
    0xEF, 0xF2, 0xEF, 0xEC, 0xE5, 0xED, 0xE5, 0xD6, 0xE2, 0xEB, 0xED, 0xE2,
    0xE5, 0xED, 0xD6, 0xD1, 0xC3, 0xA8, 0x9E, 0x96, 0x97, 0xC3, 0xB2, 0xB2,
    0xC3, 0xCC, 0xC3, 0xBE, 0xAD, 0xB2, 0xB2, 0xB2, 0xB9, 0x97, 0x8A, 0x8D,
    0x8D, 0x8A, 0x8A, 0x89, 0x81, 0x8A, 0x91, 0x93, 0x9D, 0x96, 0x93, 0x95,
    0x85, 0x87, 0x8C, 0x78, 0x76, 0x80, 0x78, 0x78, 0x87, 0x92, 0x95, 0x95,
    0xA6, 0x99, 0x8C, 0x8C, 0x85, 0x83, 0x8A, 0x80, 0x51, 0xFC, 0xFC, 0x5F,
    0x69, 0xFC, 0xEB, 0xF3, 0xFF, 0x54, 0xFE, 0xAA, 0x55, 0x5E, 0x86, 0xFF,
    0x6D, 0x4E, 0xFF, 0xF8, 0x51, 0x68, 0x5C, 0x71, 0xFC, 0x56, 0xCD, 0x84,
    0xF3, 0xC5, 0x43, 0x55, 0x4E, 0x47, 0x47, 0xFE, 0x5B, 0x40, 0x4A, 0x4A,
    0x2A, 0xCD, 0xFC, 0x36, 0x51, 0x36, 0x3D, 0xFE, 0x46, 0x38, 0x2D, 0x25,
    0xFE, 0x86, 0x25, 0x37, 0x36, 0x49, 0x2D, 0x3C, 0xFF, 0x45, 0xFC, 0x79,
    0x21, 0x24, 0x3C, 0xFF, 0x4F, 0x19, 0xE6, 0xF0, 0x88, 0xFC, 0x21, 0x1F,
    0xCA, 0xFC, 0x2E, 0x7E, 0x21, 0x21, 0x1D, 0x79, 0xFC, 0x1F, 0x1D, 0x9C,
    0xF8, 0x48, 0xFE, 0x1C, 0xF8, 0x88, 0x22, 0x2D, 0x1F, 0xF8, 0x8E, 0x1C,
    0x43, 0xFC, 0x1F, 0xFE, 0xCF, 0xCD, 0xFF, 0x37, 0xCD, 0xF7, 0x21, 0xF8,
    0xAA, 0x3E, 0xFE, 0x20, 0x38, 0x40, 0x3C, 0xFF, 0x54, 0x41, 0x49, 0x71,
    0xFE, 0x41, 0x37, 0xFE, 0x9F, 0x2A, 0x4A, 0x54, 0x51, 0x49, 0xFF, 0x4E,
    0xFC, 0xEA, 0x37, 0x49, 0x5F, 0xFF, 0x77, 0x74, 0x6C, 0xFF, 0xFF, 0x6C,
    0xAC, 0xFF, 0x69, 0x65, 0x5A, 0xFE, 0xFC, 0x47, 0xFF, 0xF3, 0x75, 0xF7,
    0x75, 0x6C, 0x71, 0x6B, 0x6C, 0x83, 0x9B, 0x8C, 0x76, 0x80, 0x85, 0x7C,
    0x85, 0x8C, 0x80, 0x72, 0x83, 0x8C, 0x8C, 0x8C, 0x83, 0x8A, 0x85, 0x8A,
    0x95, 0x9A, 0x94, 0x8D, 0x8A, 0x8C, 0x96, 0x97, 0x91, 0x93, 0x8C, 0x8D,
    0x93, 0x9B, 0xBE, 0xBE, 0xA8, 0xAD, 0xAD, 0xA8, 0xB2, 0xA3, 0x9A, 0x97,
    0x93, 0x8A, 0x9E, 0xB2, 0xDE, 0xD1, 0xD1, 0xD6, 0xCC, 0xC3, 0xCC, 0xDA,
    0xDA, 0xDE, 0xD1, 0xD1, 0xCC, 0xC3, 0xC3, 0xB2, 0xB9, 0xC3, 0xD6, 0xE5,
    0xEF, 0xEF, 0xF3, 0xF3, 0xEF, 0xEF, 0xEF, 0xEB, 0xF3, 0xEF, 0xF3, 0xF2,
    0xED, 0xEF, 0xEF, 0xEF, 0xEC, 0xEB, 0xE5, 0xE2, 0xEC, 0xF2, 0xED, 0xEF,
    0xEC, 0xED, 0xEF, 0xEF, 0xE2, 0xD1, 0xE2, 0xEF, 0xF2, 0xF7, 0xEF, 0xEB,
    0xDA, 0xEF, 0xEB, 0xDA, 0xC7, 0xCC, 0xA8, 0xB2, 0xC7, 0xB2, 0xA8, 0x9E,
    0x97, 0x97, 0x97, 0x96, 0x97, 0x96, 0x93, 0x91, 0x97, 0xA3, 0xA3, 0x93,
    0x93, 0x8A, 0x84, 0x93, 0xA4, 0xA3, 0xA3, 0xA3, 0x96, 0x95, 0x95, 0x8C,
    0x78, 0x76, 0x70, 0x68, 0x68, 0x76, 0x76, 0x82, 0x82, 0x7C, 0x7C, 0x70,
    0x68, 0x68, 0x58, 0x57, 0x39, 0xF8, 0xF8, 0x3E, 0x45, 0xFC, 0xEC, 0x84,
    0xF7, 0x56, 0xFE, 0xAE, 0x51, 0x5D, 0x4B, 0xFC, 0xFF, 0xFC, 0xFF, 0xFE,
    0x60, 0x6B, 0x5A, 0x4B, 0xC5, 0xFE, 0xC5, 0xF8, 0xF8, 0x4E, 0x5A, 0x53,
    0x52, 0x52, 0x53, 0xFE, 0x76, 0x4C, 0x43, 0xFC, 0xFC, 0xFF, 0x5F, 0x2D,
    0xDD, 0xFE, 0xFE, 0xEE, 0x2D, 0x45, 0xFC, 0xFE, 0xFE, 0x30, 0x30, 0x34,
    0x29, 0xF8, 0xFE, 0xFE, 0xFC, 0x20, 0xFC, 0xFF, 0xFF, 0xFE, 0x2D, 0xEE,
    0xFF, 0xFC, 0xFF, 0xC1, 0xF7, 0xD9, 0x37, 0x37, 0x6D, 0xFE, 0xA0, 0xFF,
    0x2B, 0x32, 0x20, 0xF3, 0xBC, 0x1F, 0x2A, 0x45, 0xFE, 0x61, 0xFC, 0x1C,
    0xFC, 0x8F, 0x22, 0x2D, 0x21, 0xF8, 0x9C, 0x1F, 0x4B, 0xFE, 0x21, 0x79,
    0xFF, 0xFC, 0xFE, 0x42, 0xDE, 0xF8, 0x20, 0xF8, 0xCD, 0x2A, 0xFF, 0xF8,
    0x46, 0xFE, 0xFF, 0xF7, 0x30, 0x40, 0x39, 0x4E, 0xFE, 0x3E, 0x30, 0x61,
    0xFF, 0xFE, 0xF7, 0x48, 0xFE, 0xFE, 0xFC, 0x3A, 0x9F, 0xFF, 0xFE, 0xFC,
    0x5B, 0xFE, 0x69, 0x58, 0x4B, 0xFE, 0xFC, 0x49, 0x5C, 0xFC, 0xFF, 0xFF,
    0xBC, 0x96, 0xFF, 0xFF, 0xFF, 0xEE, 0x96, 0xFF, 0x84, 0x7C, 0x72, 0x80,
    0x82, 0x85, 0x85, 0x83, 0x70, 0x72, 0x72, 0x76, 0x80, 0x6C, 0x70, 0x80,
    0x81, 0x7A, 0x84, 0x8C, 0x83, 0x84, 0x91, 0x89, 0x8A, 0x84, 0x81, 0x75,
    0x84, 0x86, 0x8A, 0x96, 0x97, 0x9A, 0xB2, 0xC7, 0xB7, 0x95, 0x9A, 0x97,
    0xC3, 0xDA, 0xE2, 0xE5, 0xE2, 0xD6, 0xE2, 0xE5, 0xDE, 0xB9, 0xA3, 0x9E,
    0xB9, 0xB9, 0xB9, 0xC3, 0xB9, 0xC3, 0xCC, 0xC7, 0xCC, 0xCC, 0xC7, 0xCC,
    0xBE, 0xC7, 0xDA, 0xE5, 0xDE, 0xD6, 0xD1, 0xE5, 0xF2, 0xEF, 0xEF, 0xEF,
    0xEF, 0xF3, 0xF3, 0xEF, 0xE2, 0xD6, 0xD6, 0xCC, 0xD1, 0xE2, 0xEF, 0xEF,
    0xEF, 0xEB, 0xE2, 0xEC, 0xEF, 0xEF, 0xEF, 0xF2, 0xF3, 0xF3, 0xF3, 0xEF,
    0xEB, 0xEF, 0xEC, 0xE5, 0xEB, 0xE5, 0xDA, 0xE2, 0xD1, 0xEB, 0xEF, 0xEB,
    0xDA, 0xE2, 0xDA, 0xC3, 0xC7, 0x9E, 0x91, 0x91, 0x8D, 0x96, 0x8D, 0x8D,
    0x8A, 0xA3, 0xB2, 0x97, 0x9A, 0x96, 0x96, 0x8D, 0x8A, 0x86, 0x7D, 0x75,
    0x7A, 0x7A, 0x7A, 0x81, 0x89, 0x83, 0x85, 0x78, 0x72, 0x70, 0x72, 0x6C,
    0x70, 0x70, 0x6C, 0x72, 0x76, 0x76, 0x7C, 0x7C, 0x70, 0x68, 0x72, 0x6B,
    0x55, 0x87, 0x92, 0x65, 0x5D, 0x7D, 0x76, 0x4C, 0x46, 0x46, 0x5E, 0x49,
    0x4A, 0x4A, 0x46, 0x43, 0xEA, 0xF3, 0x5B, 0x84, 0x4B, 0x4B, 0x4B, 0x57,
    0x45, 0x8E, 0xFC, 0xEA, 0x42, 0x47, 0x4C, 0x4C, 0x55, 0x57, 0x53, 0x84,
    0x4E, 0x45, 0x42, 0x84, 0xF3, 0x65, 0x31, 0x37, 0x4A, 0xCF, 0x88, 0x2B,
    0x32, 0x2D, 0x7E, 0x8F, 0x33, 0x29, 0x2A, 0x2D, 0x2B, 0x3E, 0xAA, 0x94,
    0x32, 0x2D, 0x4A, 0x6D, 0x7E, 0x7E, 0x41, 0x36, 0x77, 0xEB, 0x8E, 0x34,
    0x46, 0x40, 0x38, 0x36, 0x37, 0x5B, 0x4A, 0x59, 0x38, 0x36, 0x2F, 0x4E,
    0x3E, 0x2D, 0x2D, 0x2D, 0x46, 0x32, 0x3E, 0x24, 0x3D, 0x33, 0x32, 0x2D,
    0x2D, 0x48, 0x3E, 0x2F, 0x34, 0x43, 0x2A, 0x20, 0x21, 0x24, 0xFC, 0x32,
    0x37, 0x46, 0x2F, 0x47, 0x43, 0x2B, 0x4E, 0x91, 0x31, 0x7A, 0x9F, 0x36,
    0x36, 0x3D, 0x3D, 0x42, 0x66, 0x36, 0x41, 0x36, 0x66, 0xEA, 0x75, 0x45,
    0x9B, 0xD9, 0x42, 0x3F, 0x3F, 0x6D, 0xCD, 0x69, 0x42, 0x6D, 0x4E, 0x47,
    0x40, 0x57, 0x57, 0x47, 0x4A, 0x4E, 0xD2, 0xE6, 0x76, 0x5C, 0xCC, 0xE5,
    0x88, 0x8C, 0x6F, 0xA7, 0x6F, 0x72, 0x76, 0x85, 0x80, 0x72, 0x70, 0x72,
    0x78, 0x76, 0x76, 0x6C, 0x6C, 0x76, 0x82, 0x76, 0x69, 0x66, 0x5C, 0x68,
    0x69, 0x6D, 0x7A, 0x7D, 0x81, 0x86, 0x8D, 0x86, 0x86, 0x9A, 0x96, 0x96,
    0x97, 0x9E, 0xBE, 0xC3, 0xAE, 0xAB, 0xB9, 0xC3, 0xBE, 0xBE, 0xC3, 0xCC,
    0xC7, 0xDA, 0xDA, 0xD6, 0xDE, 0xD1, 0xCC, 0xE2, 0xDE, 0xD1, 0xC3, 0xAD,
    0x9A, 0x8A, 0xA3, 0xA3, 0xA3, 0xC7, 0xD1, 0xDE, 0xDE, 0xEC, 0xE5, 0xE2,
    0xCC, 0xBE, 0x9E, 0x9E, 0xA3, 0xB2, 0xB2, 0xEB, 0xEF, 0xEF, 0xF2, 0xEF,
    0x9E, 0x9E, 0xBE, 0xD1, 0xC7, 0xD1, 0xD1, 0xD1, 0xE5, 0xD6, 0xC3, 0xDA,
    0xE5, 0xEF, 0xF2, 0xF3, 0xF7, 0xF7, 0xF3, 0xEF, 0xEF, 0xEF, 0xF3, 0xF2,
    0xF2, 0xF7, 0xF3, 0xED, 0xEF, 0xEF, 0xE5, 0xE2, 0xD6, 0xB2, 0x9A, 0xC7,
    0xAD, 0x96, 0x93, 0x8A, 0x89, 0x7D, 0x86, 0x89, 0x8A, 0x91, 0x86, 0x7D,
    0x75, 0x86, 0x8A, 0x81, 0x76, 0x73, 0x71, 0x66, 0x71, 0x84, 0x75, 0x7A,
    0x8A, 0x76, 0x75, 0x75, 0x72, 0x78, 0x86, 0x8A, 0x81, 0x76, 0x82, 0x82,
    0x7C, 0x80, 0x78, 0x72, 0x6C, 0x72, 0x80, 0x76, 0x6B, 0x73, 0x6B, 0x72,
    0x68, 0x55, 0x49, 0x4C, 0x4B, 0x47, 0x40, 0x42, 0x4C, 0x58, 0x57, 0x5C,
    0x49, 0x47, 0x4B, 0x52, 0x6F, 0x6B, 0x6B, 0x7C, 0x82, 0x6C, 0x65, 0x57,
    0x58, 0x55, 0x58, 0x51, 0x52, 0x4C, 0x4C, 0x4E, 0x4A, 0x49, 0x41, 0x31,
    0x2C, 0x34, 0x34, 0x30, 0x2D, 0x21, 0x1F, 0x21, 0x1F, 0x21, 0x1D, 0x1C,
    0x21, 0x21, 0x24, 0x29, 0x25, 0x22, 0x1F, 0x1C, 0x2A, 0x34, 0x30, 0x2C,
    0x31, 0x39, 0x49, 0x43, 0x34, 0x2C, 0x30, 0x3D, 0x36, 0x38, 0x45, 0x3B,
    0x36, 0x30, 0x36, 0x34, 0x37, 0x34, 0x32, 0x2D, 0x2D, 0x2D, 0x2A, 0x24,
    0x20, 0x20, 0x1F, 0x24, 0x24, 0x25, 0x2A, 0x25, 0x24, 0x20, 0x29, 0x2A,
    0x24, 0x24, 0x24, 0x61, 0x48, 0xD3, 0xFC, 0x22, 0x2D, 0x2D, 0x34, 0x2C,
    0x29, 0x31, 0x34, 0x31, 0x39, 0x2F, 0x2C, 0x38, 0x3F, 0x40, 0x41, 0x3F,
    0x34, 0x38, 0x41, 0x46, 0x39, 0x38, 0x4B, 0x4A, 0x41, 0x36, 0x3F, 0x3D,
    0x38, 0x36, 0x31, 0x3D, 0x40, 0x49, 0x57, 0x60, 0x60, 0x57, 0x65, 0x6C,
    0x60, 0x65, 0x58, 0x65, 0x87, 0x8C, 0x81, 0x81, 0x84, 0x80, 0x85, 0x6C,
    0x6F, 0x6B, 0x6C, 0x70, 0x76, 0x6C, 0x6C, 0x68, 0x6C, 0x6B, 0x6C, 0x65,
    0x65, 0x65, 0x57, 0x4E, 0x4B, 0x4B, 0x4B, 0x51, 0x5C, 0x60, 0x65, 0x66,
    0x6D, 0x75, 0x75, 0x69, 0x7A, 0x89, 0x89, 0x97, 0xB9, 0xB2, 0xDE, 0xDE,
    0xBB, 0xB3, 0xD6, 0xD9, 0xC7, 0xD1, 0xEC, 0xE5, 0xD1, 0xDA, 0xDE, 0xD6,
    0xDE, 0xD6, 0xCC, 0xCC, 0xD1, 0xB9, 0xB2, 0x9A, 0x8D, 0x8D, 0x8A, 0x8D,
    0x97, 0xA8, 0xC3, 0xB2, 0x9E, 0xBE, 0xC7, 0xBE, 0xAD, 0xBE, 0xB9, 0xC3,
    0xD1, 0xD1, 0xBE, 0xDA, 0xF2, 0xF3, 0xEF, 0xE5, 0xCC, 0xCC, 0xD1, 0xDA,
    0xED, 0xEC, 0xE5, 0xEB, 0xED, 0xF3, 0xEF, 0xEC, 0xED, 0xEF, 0xEF, 0xED,
    0xEB, 0xEF, 0xED, 0xEB, 0xEB, 0xEB, 0xEF, 0xED, 0xE5, 0xE2, 0xE2, 0xE2,
    0xE2, 0xD1, 0xB9, 0x9E, 0x97, 0xAD, 0xC3, 0xDE, 0xD1, 0xCC, 0xC3, 0xBE,
    0xB9, 0xB9, 0xB2, 0x9E, 0x93, 0x91, 0x96, 0xA3, 0xA3, 0xA3, 0x96, 0x8A,
    0x86, 0x84, 0x91, 0x86, 0x7E, 0x86, 0x7A, 0x86, 0x96, 0x97, 0x93, 0x93,
    0x99, 0xA2, 0xA8, 0x9E, 0x86, 0x89, 0x8C, 0x85, 0x8C, 0x87, 0x82, 0x78,
    0x78, 0x83, 0x83, 0x84, 0x7C, 0x73, 0x73, 0x72, 0x6C, 0x68, 0x57, 0x54,
    0x4B, 0x4C, 0x53, 0x65, 0x5C, 0x57, 0x58, 0x58, 0x6B, 0x60, 0x54, 0x66,
    0x69, 0x68, 0x6B, 0x6C, 0x72, 0x6C, 0x65, 0x5A, 0x4C, 0x4C, 0x53, 0x4B,
    0x4A, 0x55, 0x4E, 0x45, 0x40, 0x43, 0x41, 0x40, 0x42, 0x3E, 0x39, 0x34,
    0x31, 0x2D, 0x2D, 0x2D, 0x2D, 0x2D, 0x2D, 0x29, 0x29, 0x2D, 0x2D, 0x30,
    0x36, 0x36, 0x36, 0x36, 0x34, 0x34, 0x39, 0x36, 0x34, 0x34, 0x39, 0x37,
    0x34, 0x36, 0x31, 0x36, 0x37, 0x36, 0x31, 0x30, 0x31, 0x31, 0x30, 0x2D,
    0x29, 0x29, 0x2A, 0x2D, 0x32, 0x30, 0x34, 0x32, 0x30, 0x34, 0x32, 0x2E,
    0x32, 0x32, 0x2B, 0x2D, 0x2D, 0x34, 0x32, 0x2D, 0x31, 0x32, 0x22, 0xE0,
    0xFF, 0xFE, 0x4D, 0x2D, 0x36, 0x41, 0x40, 0x42, 0x42, 0x43, 0x4A, 0x4E,
    0x45, 0x47, 0x45, 0x41, 0x41, 0x41, 0x43, 0x44, 0x46, 0x46, 0x46, 0x45,
    0x49, 0x55, 0x4C, 0x4A, 0x4B, 0x46, 0x42, 0x40, 0x40, 0x4E, 0x55, 0x4B,
    0x4E, 0x58, 0x4A, 0x4C, 0x5C, 0x53, 0x55, 0x6C, 0x65, 0x6C, 0x78, 0x7C,
    0x85, 0x8C, 0x85, 0x83, 0x78, 0x69, 0x6C, 0x6C, 0x65, 0x70, 0x76, 0x6B,
    0x68, 0x70, 0x6B, 0x68, 0x80, 0x6C, 0x68, 0x70, 0x65, 0x65, 0x65, 0x65,
    0x65, 0x66, 0x66, 0x66, 0x71, 0x75, 0x7A, 0x7A, 0x7D, 0x89, 0x8D, 0x89,
    0x8D, 0x93, 0x9A, 0xA3, 0xA3, 0x9A, 0xA3, 0xB9, 0xA6, 0x99, 0x95, 0xA3,
    0xB9, 0xC7, 0xCC, 0xB2, 0xB9, 0xC7, 0xB2, 0xA8, 0x9A, 0x97, 0x96, 0xAD,
    0xDA, 0xC7, 0xC7, 0xD6, 0xD1, 0xCC, 0xDE, 0xD1, 0xCC, 0xDE, 0xE2, 0xDA,
    0xE2, 0xEB, 0xEC, 0xE5, 0xD1, 0xDE, 0xE2, 0xE2, 0xE2, 0xEC, 0xDE, 0xDE,
    0xEF, 0xF3, 0xF3, 0xF3, 0xEC, 0xEF, 0xEB, 0xE2, 0xEF, 0xF7, 0xF3, 0xF7,
    0xF2, 0xF3, 0xF3, 0xF2, 0xEF, 0xE2, 0xDA, 0xE2, 0xE5, 0xEF, 0xDE, 0xD1,
    0xE2, 0xF2, 0xEF, 0xEC, 0xEB, 0xE5, 0xDA, 0xDE, 0xD1, 0xC3, 0xB9, 0xCC,
    0xC7, 0xD1, 0xDE, 0xBE, 0xA8, 0xB2, 0xC3, 0xD6, 0xD6, 0xC7, 0xC7, 0xC3,
    0xA8, 0x9E, 0x91, 0x9A, 0x96, 0x9A, 0x96, 0x93, 0x9A, 0x91, 0x91, 0x8E,
    0x84, 0x7D, 0x71, 0x5B, 0x4E, 0x56, 0x66, 0x5C, 0x55, 0x5A, 0x6D, 0x60,
    0x5B, 0x7A, 0x83, 0x72, 0x6C, 0x6C, 0x72, 0x72, 0x82, 0x83, 0x92, 0x9A,
    0x99, 0x9B, 0x95, 0x8C, 0x87, 0x87, 0x82, 0x72, 0x6C, 0x6B, 0x5C, 0x6B,
    0x6B, 0x5A, 0x53, 0x55, 0x57, 0x4E, 0x55, 0x4B, 0x40, 0x40, 0x3D, 0x46,
    0x46, 0x41, 0x3D, 0x3F, 0x40, 0x40, 0x47, 0x46, 0x47, 0x45, 0x45, 0x42,
    0x42, 0x40, 0x3D, 0x45, 0x45, 0x42, 0x47, 0x43, 0x42, 0x41, 0x42, 0x41,
    0x41, 0x3F, 0x3A, 0x34, 0x34, 0x34, 0x30, 0x36, 0x34, 0x36, 0x36, 0x3A,
    0x39, 0x34, 0x30, 0x31, 0x34, 0x34, 0x31, 0x30, 0x2D, 0x31, 0x34, 0x34,
    0x38, 0x37, 0x34, 0x34, 0x34, 0x30, 0x30, 0x2F, 0x32, 0x34, 0x36, 0x34,
    0x32, 0x34, 0x37, 0x38, 0x40, 0x3D, 0x37, 0x37, 0x32, 0x30, 0x32, 0x29,
    0x2B, 0x32, 0x34, 0x31, 0x31, 0x34, 0x36, 0x2B, 0x2D, 0x22, 0x24, 0x29,
    0x21, 0x1F, 0x25, 0x2C, 0x2C, 0x2D, 0x34, 0x2F, 0x30, 0x30, 0x36, 0x36,
    0x36, 0x34, 0x36, 0x41, 0x46, 0x49, 0x53, 0x5A, 0x68, 0x6B, 0x6C, 0x70,
    0x6C, 0x5A, 0x4C, 0x58, 0x53, 0x4B, 0x4B, 0x4E, 0x60, 0x5A, 0x4C, 0x4C,
    0x4E, 0x4A, 0x4A, 0x4B, 0x46, 0x42, 0x40, 0x42, 0x46, 0x45, 0x51, 0x68,
    0x65, 0x60, 0x6B, 0x6C, 0x6F, 0x68, 0x65, 0x5C, 0x5C, 0x60, 0x5C, 0x65,
    0x81, 0x80, 0x83, 0x87, 0x92, 0x92, 0x85, 0x8C, 0x86, 0x81, 0x7A, 0x7A,
    0x7A, 0x7D, 0x84, 0x84, 0x89, 0x96, 0x9A, 0x97, 0xA8, 0x9A, 0x93, 0x8D,
    0x96, 0x8D, 0x97, 0x9A, 0x95, 0x99, 0xA3, 0xB2, 0xBE, 0xC7, 0xB9, 0xB2,
    0xB2, 0xB9, 0xAD, 0xA8, 0xB9, 0xC3, 0xD1, 0xC3, 0xC7, 0xD1, 0xDA, 0xED,
    0xEC, 0xE5, 0xDE, 0xDA, 0xEC, 0xE5, 0xDE, 0xCC, 0xC7, 0xE2, 0xDE, 0xDE,
    0xE2, 0xE5, 0xDE, 0xE5, 0xD6, 0xC3, 0xA3, 0x9A, 0x9E, 0xBE, 0xDE, 0xD1,
    0xF7, 0xF7, 0xF7, 0xF3, 0xEC, 0xF7, 0xF7, 0xEF, 0xEF, 0xF2, 0xF3, 0xF3,
    0xF7, 0xF3, 0xF3, 0xF3, 0xF2, 0xEC, 0xDE, 0xDE, 0xDE, 0xEF, 0xEF, 0xEC,
    0xEF, 0xF2, 0xEF, 0xED, 0xEB, 0xEB, 0xDE, 0xD6, 0xC3, 0xC3, 0xB2, 0xAD,
    0xB9, 0xB9, 0xBE, 0xC3, 0xD6, 0xD6, 0xBE, 0xB9, 0xA3, 0x96, 0x97, 0x9E,
    0x96, 0x89, 0x9E, 0xC7, 0xC3, 0xAD, 0x9F, 0x97, 0x93, 0x91, 0x8D, 0x80,
    0x82, 0x87, 0xAE, 0x99, 0xA9, 0xB3, 0xBB, 0xC6, 0xB9, 0xA8, 0x9B, 0x9B,
    0x95, 0x8C, 0x92, 0x9B, 0x95, 0x95, 0x8C, 0x92, 0x85, 0x81, 0x7A, 0x7A,
    0x6B, 0x68, 0x65, 0x5A, 0x58, 0x5C, 0x5C, 0x65, 0x55, 0x55, 0x65, 0x6B,
    0x72, 0x80, 0x70, 0x5A, 0x58, 0x5C, 0x60, 0x58, 0x6B, 0x55, 0x55, 0x55,
    0x53, 0x57, 0x55, 0x58, 0x6B, 0x6F, 0x5A, 0x51, 0x55, 0x46, 0x46, 0x46,
    0x3F, 0x43, 0x47, 0x4C, 0x4C, 0x49, 0x4A, 0x47, 0x4A, 0x45, 0x46, 0x42,
    0x43, 0x38, 0x34, 0x3D, 0x36, 0x38, 0x3D, 0x43, 0x40, 0x3D, 0x3D, 0x3D,
    0x3D, 0x39, 0x34, 0x30, 0x31, 0x37, 0x40, 0x36, 0x37, 0x38, 0x3D, 0x40,
    0x40, 0x34, 0x31, 0x31, 0x30, 0x31, 0x34, 0x2D, 0x2D, 0x37, 0x37, 0x3D,
    0x37, 0x39, 0x38, 0x36, 0x32, 0x2D, 0x29, 0x30, 0x30, 0x36, 0x36, 0x36,
    0x40, 0x41, 0x40, 0x3D, 0x37, 0x39, 0x34, 0x31, 0x31, 0x34, 0x36, 0x42,
    0x4B, 0x58, 0x6C, 0x60, 0x5C, 0x55, 0x57, 0x53, 0x4E, 0x4C, 0x43, 0x4B,
    0x6F, 0x5E, 0x53, 0x51, 0x58, 0x55, 0x5C, 0x5C, 0x55, 0x49, 0x49, 0x4E,
    0x45, 0x40, 0x4B, 0x5C, 0x55, 0x4C, 0x55, 0x57, 0x58, 0x6C, 0x7C, 0x6B,
    0x68, 0x60, 0x65, 0x6C, 0x72, 0x6C, 0x5A, 0x6B, 0x7C, 0x78, 0x72, 0x83,
    0x80, 0x78, 0x8C, 0x8C, 0x82, 0x81, 0x7A, 0x7D, 0x7D, 0x71, 0x72, 0x85,
    0x92, 0x8C, 0x8A, 0x96, 0x95, 0x99, 0xA2, 0xA2, 0x9B, 0x97, 0x91, 0x98,
    0x91, 0x8D, 0x8A, 0x97, 0xA8, 0xB9, 0xAD, 0xA8, 0xBE, 0xB9, 0xB2, 0x9A,
    0x97, 0x9B, 0xA3, 0xB9, 0xBE, 0xC3, 0xC3, 0xD6, 0xDA, 0xB9, 0xAD, 0xB9,
    0xBE, 0xCC, 0xD1, 0xC3, 0xC3, 0xD1, 0xDA, 0xDE, 0xEB, 0xE2, 0xEB, 0xED,
    0xDE, 0xD1, 0xCC, 0xC7, 0xCC, 0xDE, 0xDE, 0xED, 0xF2, 0xF3, 0xF7, 0xF7,
    0xEF, 0xEC, 0xEF, 0xEB, 0xEC, 0xEC, 0xEF, 0xF3, 0xEC, 0xEB, 0xEB, 0xE2,
    0xC7, 0xE2, 0xE5, 0xCC, 0xBE, 0xC3, 0xBE, 0xB9, 0xC3, 0xC3, 0xB2, 0x9A,
    0xB9, 0xBE, 0xC3, 0xB2, 0xB9, 0xCC, 0xE2, 0xD6, 0xC3, 0xBE, 0xCC, 0xC7,
    0xAD, 0xC7, 0xC3, 0x9E, 0x9A, 0xA8, 0xCC, 0xB2, 0x9A, 0x9A, 0x93, 0x9E,
    0xB9, 0xC7, 0xA8, 0xA8, 0xBE, 0xC3, 0xBE, 0xD1, 0xD6, 0xCC, 0xC7, 0xB2,
    0xAD, 0xB2, 0xA8, 0xA3, 0xAD, 0xAD, 0xA3, 0x9B, 0xAB, 0xA2, 0x9B, 0x95,
    0x8C, 0x92, 0x95, 0x92, 0x86, 0x7A, 0x7D, 0x92, 0x95, 0x92, 0x92, 0x83,
    0x87, 0x87, 0x85, 0x85, 0x80, 0x7A, 0x75, 0x7A, 0x82, 0x7C, 0x80, 0x7C,
    0x6C, 0x70, 0x6C, 0x60, 0x4B, 0x46, 0x49, 0x42, 0x46, 0x46, 0x42, 0x42,
    0x43, 0x46, 0x45, 0x40, 0x40, 0x3D, 0x38, 0x38, 0x37, 0x38, 0x3D, 0x41,
    0x4A, 0x49, 0x4C, 0x4B, 0x49, 0x4B, 0x51, 0x4C, 0x4A, 0x53, 0x4B, 0x4B,
    0x45, 0x40, 0x3D, 0x36, 0x34, 0x31, 0x30, 0x30, 0x29, 0x2A, 0x30, 0x29,
    0x2D, 0x32, 0x25, 0x21, 0x24, 0x29, 0x29, 0x22, 0x22, 0x25, 0x29, 0x2C,
    0x2D, 0x29, 0x30, 0x31, 0x2A, 0x29, 0x2B, 0x32, 0x32, 0x2D, 0x2B, 0x2B,
    0x2A, 0x25, 0x29, 0x30, 0x36, 0x2D, 0x2D, 0x30, 0x2D, 0x34, 0x38, 0x32,
    0x34, 0x34, 0x3A, 0x40, 0x40, 0x46, 0x49, 0x3D, 0x3D, 0x40, 0x42, 0x3D,
    0x39, 0x38, 0x36, 0x41, 0x42, 0x41, 0x47, 0x4B, 0x42, 0x3D, 0x40, 0x42,
    0x42, 0x40, 0x3D, 0x38, 0x46, 0x51, 0x52, 0x57, 0x5A, 0x52, 0x4C, 0x4C,
    0x4C, 0x4A, 0x4A, 0x53, 0x51, 0x51, 0x5C, 0x65, 0x58, 0x4B, 0x53, 0x55,
    0x46, 0x40, 0x42, 0x37, 0x39, 0x47, 0x4E, 0x47, 0x47, 0x45, 0x49, 0x4B,
    0x4E, 0x43, 0x40, 0x49, 0x47, 0x4E, 0x58, 0x58, 0x60, 0x70, 0x76, 0x78,
    0x82, 0x81, 0x7A, 0x7D, 0x86, 0x8D, 0x82, 0x80, 0x83, 0x78, 0x76, 0x7A,
    0x76, 0x70, 0x70, 0x78, 0x6C, 0x7A, 0x71, 0x71, 0x73, 0x69, 0x66, 0x59,
    0x5B, 0x6D, 0x65, 0x69, 0x75, 0x6D, 0x71, 0x86, 0x84, 0x89, 0xA3, 0xA3,
    0xA8, 0x9A, 0x9E, 0xAD, 0xA3, 0xB9, 0x9E, 0x9E, 0x9E, 0x93, 0xA8, 0xBE,
    0xA8, 0xB9, 0xBE, 0xA8, 0xB9, 0xD6, 0xDA, 0xDE, 0xE5, 0xE2, 0xE2, 0xEC,
    0xEF, 0xEF, 0xF2, 0xF2, 0xEB, 0xEF, 0xEF, 0xF3, 0xF7, 0xF3, 0xEF, 0xF3,
    0xF7, 0xF7, 0xF3, 0xF7, 0xEF, 0xF3, 0xF7, 0xF3, 0xF3, 0xF3, 0xF7, 0xF7,
    0xF7, 0xF7, 0xF7, 0xF3, 0xF3, 0xEF, 0xF2, 0xF7, 0xF3, 0xF7, 0xF3, 0xEF,
    0xEC, 0xEF, 0xEF, 0xEB, 0xEF, 0xE5, 0xDA, 0xDE, 0xDE, 0xC7, 0xAD, 0xA8,
    0xAD, 0xA3, 0x9A, 0x9A, 0x93, 0x8D, 0x96, 0xB9, 0xBE, 0xBE, 0xB2, 0xAD,
    0xBE, 0xC7, 0xBE, 0xA8, 0x9E, 0x9A, 0x91, 0x86, 0x96, 0xA3, 0x96, 0xAD,
    0xA8, 0xA3, 0xC7, 0xB3, 0xAB, 0x95, 0x8C, 0x87, 0x7A, 0x74, 0x7C, 0x70,
    0x65, 0x6B, 0x70, 0x68, 0x70, 0x76, 0x68, 0x5A, 0x60, 0x68, 0x6C, 0x70,
    0x6B, 0x7D, 0x84, 0x84, 0x85, 0x8C, 0x6C, 0x5C, 0x65, 0x5C, 0x5A, 0x5A,
    0x57, 0x4C, 0x53, 0x5A, 0x60, 0x55, 0x53, 0x51, 0x4B, 0x4E, 0x51, 0x4A,
    0x45, 0x3D, 0x3D, 0x4B, 0x4C, 0x4A, 0x45, 0x40, 0x40, 0x40, 0x38, 0x36,
    0x31, 0x2D, 0x31, 0x37, 0x3D, 0x40, 0x40, 0x42, 0x40, 0x45, 0x46, 0x41,
    0x42, 0x49, 0x47, 0x3B, 0x3F, 0x37, 0x38, 0x41, 0x47, 0x4A, 0x47, 0x44,
    0x49, 0x4A, 0x46, 0x42, 0x43, 0x47, 0x49, 0x43, 0x40, 0x37, 0x40, 0x3D,
    0x36, 0x38, 0x37, 0x34, 0x34, 0x32, 0x2B, 0x29, 0x2A, 0x29, 0x25, 0x29,
    0x29, 0x25, 0x22, 0x29, 0x31, 0x37, 0x34, 0x31, 0x32, 0x41, 0x43, 0x38,
    0x37, 0x31, 0x31, 0x2D, 0x30, 0x34, 0x39, 0x40, 0x45, 0x3D, 0x45, 0x4C,
    0x47, 0x46, 0x41, 0x3F, 0x37, 0x34, 0x34, 0x31, 0x31, 0x31, 0x34, 0x36,
    0x37, 0x40, 0x40, 0x3D, 0x40, 0x3F, 0x43, 0x46, 0x47, 0x46, 0x4B, 0x55,
    0x55, 0x55, 0x60, 0x57, 0x4E, 0x46, 0x43, 0x49, 0x4A, 0x4A, 0x4A, 0x49,
    0x53, 0x57, 0x58, 0x55, 0x5A, 0x55, 0x4B, 0x53, 0x55, 0x4A, 0x47, 0x47,
    0x51, 0x60, 0x5A, 0x57, 0x68, 0x6B, 0x6B, 0x65, 0x5D, 0x58, 0x56, 0x59,
    0x66, 0x75, 0x72, 0x76, 0x84, 0x83, 0x7D, 0x81, 0x84, 0x82, 0x82, 0x85,
    0x87, 0x8D, 0x89, 0x86, 0x98, 0xAD, 0xC3, 0xC7, 0xB2, 0xA3, 0xA8, 0xAD,
    0xB2, 0xBE, 0xC3, 0xBE, 0xA8, 0xC3, 0xD6, 0xCC, 0xD1, 0xD6, 0xC3, 0xBE,
    0xBE, 0xC3, 0xAD, 0x9E, 0x91, 0x91, 0x91, 0x97, 0x9E, 0x9E, 0x96, 0x93,
    0xA8, 0xE2, 0xEB, 0xC7, 0xCC, 0xE2, 0xED, 0xED, 0xEB, 0xDA, 0xD1, 0xCC,
    0xDA, 0xEC, 0xEC, 0xEF, 0xF3, 0xF3, 0xF3, 0xF7, 0xF7, 0xF2, 0xEC, 0xED,
    0xF2, 0xF3, 0xF7, 0xF3, 0xF3, 0xF2, 0xF3, 0xEF, 0xEC, 0xF2, 0xEF, 0xEF,
    0xF3, 0xF3, 0xF2, 0xF2, 0xEF, 0xED, 0xF2, 0xEC, 0xEB, 0xEB, 0xDA, 0xDA,
    0xD1, 0xCC, 0xB2, 0x9A, 0xB9, 0xA8, 0xB9, 0xC7, 0xC3, 0xE5, 0xDA, 0xDE,
    0xE2, 0xEF, 0xEC, 0xD1, 0xCC, 0xD6, 0xDE, 0xDA, 0xD1, 0xC3, 0xD1, 0xCC,
    0xB9, 0xC3, 0xD6, 0xBE, 0xB9, 0xAD, 0xA3, 0x9A, 0xA3, 0xB2, 0xAD, 0xB3,
    0xAE, 0xAB, 0xA6, 0x99, 0x91, 0x8A, 0x96, 0x8D, 0x82, 0x80, 0x78, 0x76,
    0x83, 0x8C, 0x87, 0x82, 0x80, 0x8C, 0x95, 0x92, 0x87, 0x81, 0x75, 0x6B,
    0x65, 0x6B, 0x68, 0x65, 0x5C, 0x58, 0x60, 0x6C, 0x6C, 0x65, 0x55, 0x55,
    0x68, 0x5A, 0x51, 0x55, 0x55, 0x55, 0x5A, 0x4C, 0x4C, 0x46, 0x40, 0x41,
    0x41, 0x43, 0x37, 0x30, 0x2C, 0x2D, 0x2D, 0x30, 0x31, 0x2D, 0x2D, 0x36,
    0x34, 0x34, 0x30, 0x2D, 0x2A, 0x2C, 0x34, 0x31, 0x34, 0x40, 0x4A, 0x47,
    0x45, 0x42, 0x3D, 0x39, 0x39, 0x40, 0x36, 0x39, 0x41, 0x43, 0x3F, 0x43,
    0x41, 0x42, 0x42, 0x42, 0x3D, 0x39, 0x3D, 0x31, 0x2A, 0x2D, 0x2D, 0x29,
    0x29, 0x29, 0x2D, 0x2D, 0x30, 0x34, 0x34, 0x36, 0x3D, 0x40, 0x40, 0x3D,
    0x3D, 0x42, 0x41, 0x40, 0x40, 0x42, 0x42, 0x41, 0x3D, 0x39, 0x3D, 0x40,
    0x46, 0x46, 0x40, 0x3D, 0x40, 0x41, 0x45, 0x45, 0x43, 0x45, 0x42, 0x45,
    0x45, 0x43, 0x40, 0x40, 0x40, 0x43, 0x41, 0x3D, 0x41, 0x43, 0x47, 0x4C,
    0x4A, 0x4B, 0x57, 0x65, 0x5C, 0x53, 0x58, 0x53, 0x4A, 0x49, 0x49, 0x4E,
    0x51, 0x4C, 0x4A, 0x4B, 0x53, 0x58, 0x57, 0x57, 0x51, 0x55, 0x53, 0x5C,
    0x6C, 0x68, 0x57, 0x65, 0x68, 0x5A, 0x51, 0x53, 0x51, 0x4B, 0x53, 0x4C,
    0x42, 0x3D, 0x41, 0x49, 0x49, 0x4E, 0x5B, 0x56, 0x54, 0x59, 0x60, 0x58,
    0x59, 0x56, 0x56, 0x5B, 0x75, 0x8A, 0x92, 0x95, 0x95, 0x95, 0x95, 0x93,
    0x97, 0x91, 0x85, 0x95, 0x96, 0x9E, 0xC7, 0xC7, 0xB9, 0xB2, 0xBE, 0xA3,
    0xA8, 0xA8, 0x9A, 0x96, 0x96, 0xA3, 0x9E, 0xA8, 0x9E, 0x93, 0x93, 0x9A,
    0x96, 0x9E, 0xB2, 0xCC, 0xEC, 0xEC, 0xEC, 0xEF, 0xEF, 0xEF, 0xEF, 0xEF,
    0xED, 0xED, 0xED, 0xEF, 0xEF, 0xF2, 0xEF, 0xEF, 0xEF, 0xF7, 0xF7, 0xF2,
    0xEF, 0xF2, 0xF3, 0xF7, 0xF7, 0xEF, 0xF3, 0xF3, 0xF3, 0xEF, 0xEF, 0xEC,
    0xE2, 0xE2, 0xE2, 0xD6, 0xE2, 0xEF, 0xEF, 0xF3, 0xF3, 0xF3, 0xF2, 0xF3,
    0xF7, 0xF3, 0xEF, 0xE2, 0xDE, 0xE2, 0xE5, 0xDE, 0xC7, 0xCC, 0xD6, 0xE2,
    0xED, 0xEC, 0xE2, 0xDE, 0xE5, 0xED, 0xDE, 0xD6, 0xBE, 0xC3, 0xC7, 0xB2,
    0xA8, 0x9A, 0x9E, 0xAD, 0xBE, 0x9E, 0x97, 0x9E, 0x9E, 0x93, 0xB2, 0xB9,
    0xA3, 0x9E, 0xA3, 0xA3, 0xA3, 0xB2, 0xA3, 0xA6, 0xBA, 0xAE, 0xAB, 0xA2,
    0x99, 0xA2, 0xB2, 0xA8, 0x8C, 0x92, 0x8C, 0x83, 0x78, 0x78, 0x8C, 0x92,
    0x92, 0x8C, 0x80, 0x80, 0x7C, 0x7D, 0x75, 0x75, 0x80, 0x87, 0x8C, 0xAE,
    0xA2, 0x9B, 0x99, 0x83, 0x7C, 0x7C, 0x6C, 0x65, 0x65, 0x68, 0x65, 0x78,
    0x76, 0x7C, 0x7C, 0x72, 0x65, 0x5A, 0x57, 0x47, 0x40, 0x40, 0x36, 0x36,
    0x40, 0x41, 0x42, 0x41, 0x41, 0x42, 0x46, 0x41, 0x40, 0x46, 0x49, 0x4B,
    0x4B, 0x46, 0x41, 0x43, 0x3D, 0x38, 0x40, 0x38, 0x34, 0x34, 0x37, 0x31,
    0x30, 0x34, 0x31, 0x39, 0x42, 0x3F, 0x41, 0x41, 0x45, 0x46, 0x42, 0x45,
    0x40, 0x38, 0x39, 0x40, 0x36, 0x30, 0x34, 0x34, 0x34, 0x3D, 0x40, 0x3D,
    0x3F, 0x40, 0x41, 0x3F, 0x37, 0x32, 0x30, 0x30, 0x34, 0x31, 0x31, 0x32,
    0x37, 0x36, 0x39, 0x39, 0x40, 0x3B, 0x36, 0x36, 0x38, 0x38, 0x34, 0x3D,
    0x40, 0x40, 0x43, 0x40, 0x46, 0x4E, 0x4E, 0x4B, 0x45, 0x46, 0x46, 0x4A,
    0x49, 0x49, 0x4A, 0x49, 0x46, 0x46, 0x4B, 0x58, 0x51, 0x4E, 0x4C, 0x4A,
    0x4B, 0x4C, 0x57, 0x49, 0x4C, 0x60, 0x6C, 0x72, 0x8C, 0x8C, 0x83, 0x7C,
    0x76, 0x70, 0x6C, 0x60, 0x58, 0x58, 0x6C, 0x87, 0x8C, 0x8C, 0x8C, 0x87,
    0x78, 0x6C, 0x6C, 0x65, 0x51, 0x4E, 0x55, 0x55, 0x55, 0x53, 0x65, 0x60,
    0x5A, 0x71, 0x6D, 0x60, 0x60, 0x75, 0x82, 0x83, 0x86, 0x7A, 0x89, 0x86,
    0x86, 0x86, 0x91, 0x85, 0x78, 0x7C, 0x7C, 0x84, 0x7A, 0x76, 0x8C, 0x93,
    0x9E, 0xA8, 0xAD, 0xC7, 0xD6, 0xD6, 0xD1, 0xD1, 0xC7, 0xAD, 0x9E, 0xAD,
    0x9A, 0x9E, 0xB2, 0xAD, 0xB9, 0xCC, 0xD6, 0xE5, 0xE5, 0xE5, 0xDE, 0xC7,
    0xC7, 0xC3, 0xCC, 0xCC, 0xCC, 0xC7, 0xC7, 0xD6, 0xDA, 0xDE, 0xDE, 0xDE,
    0xE2, 0xEB, 0xE5, 0xE5, 0xEF, 0xED, 0xEF, 0xF2, 0xF3, 0xF3, 0xF3, 0xF3,
    0xF7, 0xF7, 0xF7, 0xF7, 0xED, 0xEF, 0xF7, 0xF7, 0xF3, 0xF2, 0xF7, 0xF3,
    0xF7, 0xF7, 0xF2, 0xF2, 0xEF, 0xEF, 0xED, 0xE5, 0xEC, 0xE2, 0xE5, 0xEB,
    0xED, 0xEB, 0xE2, 0xCC, 0xC3, 0xDE, 0xED, 0xDE, 0xDA, 0xD6, 0xBE, 0xBE,
    0xC3, 0xBE, 0x9E, 0xA3, 0x97, 0x9E, 0x9A, 0x93, 0x8A, 0x93, 0xA3, 0xB9,
    0x9A, 0x9E, 0xB2, 0x9E, 0xAD, 0xC7, 0xB2, 0xA8, 0xAD, 0xD1, 0xCC, 0xC7,
    0xC7, 0xA8, 0xAD, 0xB9, 0xAE, 0x9B, 0x95, 0x95, 0x85, 0x87, 0x91, 0x93,
    0x8C, 0x92, 0x95, 0x95, 0x92, 0x85, 0x82, 0x70, 0x66, 0x71, 0x75, 0x70,
    0x6C, 0x75, 0x75, 0x76, 0x71, 0x66, 0x5B, 0x54, 0x5B, 0x5B, 0x5C, 0x5C,
    0x5A, 0x58, 0x5C, 0x60, 0x68, 0x5A, 0x55, 0x55, 0x4E, 0x53, 0x5C, 0x65,
    0x5A, 0x5C, 0x57, 0x4C, 0x4E, 0x58, 0x4C, 0x49, 0x46, 0x49, 0x4C, 0x4C,
    0x47, 0x41, 0x42, 0x45, 0x4E, 0x4E, 0x4C, 0x4B, 0x4A, 0x45, 0x42, 0x43,
    0x40, 0x38, 0x3D, 0x46, 0x4B, 0x40, 0x43, 0x42, 0x42, 0x47, 0x44, 0x38,
    0x38, 0x37, 0x34, 0x34, 0x41, 0x36, 0x2F, 0x31, 0x37, 0x38, 0x41, 0x38,
    0x36, 0x31, 0x2F, 0x3A, 0x40, 0x40, 0x34, 0x34, 0x36, 0x34, 0x34, 0x36,
    0x31, 0x2D, 0x31, 0x30, 0x29, 0x22, 0x29, 0x2D, 0x30, 0x34, 0x31, 0x38,
    0x45, 0x49, 0x45, 0x3D, 0x39, 0x47, 0x4C, 0x4A, 0x4A, 0x46, 0x45, 0x4A,
    0x49, 0x45, 0x40, 0x49, 0x45, 0x41, 0x45, 0x41, 0x45, 0x46, 0x47, 0x4A,
    0x4A, 0x53, 0x51, 0x4B, 0x49, 0x45, 0x43, 0x46, 0x49, 0x45, 0x4A, 0x53,
    0x51, 0x4B, 0x49, 0x46, 0x46, 0x41, 0x47, 0x4E, 0x4C, 0x53, 0x57, 0x51,
    0x4E, 0x57, 0x58, 0x5A, 0x55, 0x57, 0x5A, 0x60, 0x65, 0x68, 0x6B, 0x6B,
    0x68, 0x70, 0x80, 0x72, 0x70, 0x6C, 0x68, 0x6B, 0x70, 0x76, 0x66, 0x71,
    0x7D, 0x89, 0x92, 0x82, 0x86, 0x81, 0x76, 0x7D, 0x7A, 0x75, 0x75, 0x8C,
    0x92, 0xA3, 0x99, 0xB9, 0x9B, 0xAE, 0xC0, 0xA8, 0x93, 0x8D, 0x8A, 0x91,
    0x8D, 0x97, 0x9E, 0x9E, 0xAD, 0xBE, 0xC3, 0xB2, 0xAD, 0xA8, 0xAD, 0xCC,
    0xC7, 0xC3, 0xC7, 0xC7, 0xCC, 0xD1, 0xC7, 0xD6, 0xBE, 0xA3, 0xB2, 0xC3,
    0xB2, 0x9A, 0xA8, 0xC3, 0xE2, 0xDA, 0xD6, 0xEB, 0xE5, 0xE5, 0xEF, 0xED,
    0xEB, 0xF2, 0xF3, 0xF3, 0xF3, 0xF3, 0xEF, 0xF3, 0xF7, 0xF3, 0xF3, 0xF2,
    0xF8, 0xF8, 0xF7, 0xF7, 0xF7, 0xF7, 0xF2, 0xF2, 0xF3, 0xEF, 0xF3, 0xF7,
    0xF7, 0xF8, 0xF7, 0xF3, 0xEF, 0xED, 0xEF, 0xE5, 0xD1, 0xBE, 0xC3, 0xC3,
    0xBE, 0xD1, 0xBE, 0xCC, 0xDE, 0xCC, 0xCC, 0xCC, 0xB9, 0xA3, 0xAD, 0xA8,
    0xA3, 0xA3, 0xA3, 0xA8, 0xA3, 0x9E, 0x97, 0x9E, 0xB9, 0xAD, 0xA8, 0x9E,
    0xA8, 0xC7, 0xD6, 0xC3, 0xA8, 0xB9, 0xD1, 0xC3, 0xAD, 0x9E, 0xA3, 0x97,
    0x93, 0x97, 0x92, 0x99, 0x99, 0xA2, 0xA3, 0x9A, 0xAB, 0x9B, 0x92, 0x8C,
    0x8C, 0x95, 0x89, 0x81, 0x84, 0x8A, 0x84, 0x84, 0x8A, 0x7A, 0x75, 0x69,
    0x66, 0x59, 0x56, 0x66, 0x6D, 0x6D, 0x6D, 0x69, 0x76, 0x6B, 0x60, 0x5C,
    0x53, 0x5C, 0x53, 0x57, 0x65, 0x60, 0x68, 0x6C, 0x6B, 0x6B, 0x68, 0x5A,
    0x57, 0x53, 0x49, 0x45, 0x55, 0x4B, 0x45, 0x47, 0x45, 0x37, 0x39, 0x49,
    0x47, 0x3D, 0x36, 0x30, 0x36, 0x45, 0x4A, 0x42, 0x4A, 0x4E, 0x47, 0x47,
    0x58, 0x4E, 0x42, 0x40, 0x4B, 0x4A, 0x42, 0x4C, 0x4E, 0x51, 0x4E, 0x47,
    0x40, 0x37, 0x3D, 0x41, 0x39, 0x34, 0x31, 0x34, 0x31, 0x31, 0x34, 0x2D,
    0x31, 0x36, 0x32, 0x2D, 0x31, 0x31, 0x30, 0x30, 0x34, 0x34, 0x34, 0x31,
    0x31, 0x31, 0x32, 0x32, 0x31, 0x3D, 0x40, 0x3D, 0x40, 0x39, 0x40, 0x47,
    0x43, 0x3D, 0x46, 0x49, 0x4C, 0x47, 0x43, 0x4A, 0x43, 0x39, 0x3D, 0x47,
    0x43, 0x45, 0x4A, 0x4A, 0x49, 0x55, 0x4C, 0x4A, 0x49, 0x53, 0x55, 0x4E,
    0x51, 0x4A, 0x4A, 0x4C, 0x57, 0x55, 0x53, 0x58, 0x53, 0x4A, 0x43, 0x49,
    0x4B, 0x4C, 0x58, 0x5A, 0x51, 0x5C, 0x65, 0x55, 0x55, 0x57, 0x57, 0x60,
    0x6C, 0x6C, 0x72, 0x76, 0x80, 0x72, 0x76, 0x7C, 0x70, 0x6C, 0x65, 0x65,
    0x60, 0x6C, 0x6C, 0x6C, 0x76, 0x75, 0x6D, 0x6D, 0x6D, 0x6D, 0x6C, 0x5A,
    0x57, 0x65, 0x70, 0x85, 0x85, 0x9B, 0x95, 0x92, 0xA2, 0xC0, 0xBB, 0xAE,
    0x9B, 0xAE, 0xAB, 0xAB, 0xCE, 0xC3, 0xDA, 0xBE, 0xAD, 0xB9, 0xAD, 0xAD,
    0xB2, 0xA3, 0x96, 0x91, 0x97, 0x91, 0x93, 0x96, 0x93, 0xA8, 0xBE, 0xC7,
    0xBE, 0xBE, 0xB9, 0xC3, 0xC3, 0xAD, 0xA3, 0xA8, 0xAD, 0xB9, 0xCC, 0xC7,
    0xE5, 0xE5, 0xEB, 0xEF, 0xE5, 0xEB, 0xEF, 0xEC, 0xEB, 0xEF, 0xEC, 0xF3,
    0xF7, 0xF3, 0xEF, 0xEF, 0xEF, 0xEB, 0xEF, 0xF3, 0xF7, 0xF3, 0xF2, 0xF3,
    0xF3, 0xF3, 0xF3, 0xEF, 0xEF, 0xF2, 0xEF, 0xEF, 0xEF, 0xF3, 0xEC, 0xDE,
    0xE5, 0xEC, 0xEC, 0xEB, 0xE5, 0xE5, 0xD1, 0xE2, 0xE2, 0xCC, 0xB9, 0xC7,
    0xA8, 0xA3, 0xC3, 0xD1, 0xBE, 0xB2, 0xB9, 0xDA, 0xD6, 0xBE, 0x9E, 0xA8,
    0x9E, 0x9A, 0x8D, 0x81, 0x7A, 0x7A, 0x8A, 0x89, 0x7A, 0x91, 0xA3, 0xA3,
    0x9E, 0xA8, 0x9E, 0x91, 0x8D, 0x89, 0x89, 0x89, 0x93, 0x95, 0x95, 0x92,
    0x99, 0x9B, 0x93, 0x8A, 0x8C, 0x82, 0x85, 0x80, 0x85, 0x8C, 0x7A, 0x7A,
    0x7A, 0x7A, 0x75, 0x7A, 0x7A, 0x66, 0x66, 0x6D, 0x69, 0x5B, 0x56, 0x59,
    0x65, 0x69, 0x69, 0x59, 0x53, 0x55, 0x51, 0x4C, 0x47, 0x46, 0x49, 0x4B,
    0x46, 0x47, 0x4A, 0x45, 0x42, 0x43, 0x40, 0x40, 0x3D, 0x40, 0x36, 0x3D,
    0x43, 0x42, 0x42, 0x46, 0x46, 0x45, 0x3D, 0x39, 0x43, 0x40, 0x40, 0x43,
    0x40, 0x49, 0x4A, 0x47, 0x47, 0x42, 0x40, 0x40, 0x46, 0x4A, 0x45, 0x42,
    0x45, 0x47, 0x49, 0x40, 0x37, 0x39, 0x3D, 0x3D, 0x37, 0x36, 0x34, 0x3D,
    0x42, 0x40, 0x39, 0x34, 0x40, 0x39, 0x31, 0x31, 0x30, 0x29, 0x29, 0x2D,
    0x2D, 0x30, 0x34, 0x38, 0x36, 0x38, 0x36, 0x34, 0x31, 0x31, 0x2F, 0x2D,
    0x25, 0x21, 0x29, 0x30, 0x31, 0x2D, 0x2F, 0x34, 0x37, 0x42, 0x3B, 0x36,
    0x36, 0x37, 0x34, 0x38, 0x41, 0x42, 0x41, 0x42, 0x42, 0x46, 0x49, 0x46,
    0x43, 0x40, 0x3D, 0x43, 0x45, 0x47, 0x46, 0x41, 0x49, 0x49, 0x45, 0x47,
    0x46, 0x42, 0x41, 0x46, 0x47, 0x49, 0x53, 0x46, 0x4B, 0x53, 0x53, 0x4E,
    0x4C, 0x4C, 0x4B, 0x4C, 0x4C, 0x49, 0x51, 0x4C, 0x4A, 0x4A, 0x4B, 0x53,
    0x4C, 0x51, 0x53, 0x4E, 0x4A, 0x4B, 0x4B, 0x47, 0x4A, 0x5A, 0x5A, 0x5A,
    0x76, 0x81, 0x75, 0x69, 0x7A, 0x6D, 0x6C, 0x80, 0x75, 0x6D, 0x85, 0x92,
    0x82, 0x85, 0x85, 0x82, 0x99, 0xA2, 0xA2, 0x9B, 0x97, 0x95, 0x95, 0x92,
    0x91, 0x91, 0x9A, 0x9A, 0x97, 0x9A, 0xA3, 0xA3, 0xB9, 0xBE, 0xB2, 0xAD,
    0xC7, 0xB2, 0x9E, 0x96, 0x97, 0x96, 0x91, 0x96, 0xB2, 0xC7, 0xBE, 0xD6,
    0xCC, 0xDA, 0xD6, 0xB9, 0xC7, 0xB9, 0xB2, 0xA3, 0x9E, 0x9A, 0x9A, 0xA3,
    0xBE, 0xC3, 0xD6, 0xEB, 0xEC, 0xEF, 0xEF, 0xED, 0xEC, 0xEF, 0xEB, 0xED,
    0xEF, 0xEF, 0xEF, 0xEF, 0xEF, 0xEF, 0xF3, 0xF7, 0xF7, 0xF7, 0xF3, 0xF8,
    0xF8, 0xF8, 0xF8, 0xF8, 0xF7, 0xF7, 0xF3, 0xEF, 0xEF, 0xED, 0xE5, 0xE5,
    0xE2, 0xE5, 0xE5, 0xE5, 0xDA, 0xD6, 0xCC, 0xD6, 0xDE, 0xD6, 0xD1, 0xCC,
    0xCC, 0xEB, 0xE5, 0xD6, 0xC7, 0xC7, 0xC3, 0xD1, 0xE2, 0xED, 0xEB, 0xEC,
    0xE2, 0xE2, 0xD1, 0xB2, 0x97, 0xA3, 0xA8, 0xA3, 0xA8, 0xB9, 0xAD, 0xB2,
    0xB2, 0xC7, 0xC7, 0xB9, 0xAD, 0xA6, 0xA8, 0xAD, 0xBB, 0xB2, 0x97, 0x9E,
    0xA2, 0xA6, 0xBE, 0x9A, 0x99, 0x9B, 0x95, 0x8A, 0x8D, 0x86, 0x7A, 0x75,
    0x75, 0x69, 0x69, 0x66, 0x60, 0x66, 0x6D, 0x6D, 0x6D, 0x65, 0x66, 0x69,
    0x6C, 0x6C, 0x68, 0x5A, 0x58, 0x5C, 0x70, 0x76, 0x70, 0x76, 0x78, 0x6C,
    0x5C, 0x57, 0x58, 0x57, 0x51, 0x45, 0x43, 0x4A, 0x49, 0x4C, 0x4C, 0x41,
    0x47, 0x51, 0x4C, 0x46, 0x42, 0x4A, 0x46, 0x42, 0x40, 0x40, 0x41, 0x40,
    0x3D, 0x40, 0x40, 0x47, 0x49, 0x49, 0x46, 0x49, 0x53, 0x53, 0x55, 0x4E,
    0x4B, 0x4C, 0x4B, 0x46, 0x45, 0x40, 0x3D, 0x38, 0x34, 0x37, 0x39, 0x31,
    0x37, 0x3B, 0x31, 0x34, 0x38, 0x40, 0x40, 0x3D, 0x38, 0x3B, 0x45, 0x45,
    0x40, 0x38, 0x36, 0x36, 0x3F, 0x47, 0x4C, 0x55, 0x55, 0x4C, 0x43, 0x42,
    0x41, 0x37, 0x36, 0x40, 0x40, 0x3D, 0x40, 0x46, 0x49, 0x49, 0x47, 0x4A,
    0x47, 0x4C, 0x4A, 0x49, 0x4E, 0x5A, 0x4C, 0x53, 0x57, 0x4E, 0x51, 0x60,
    0x57, 0x4C, 0x53, 0x4C, 0x51, 0x5A, 0x4B, 0x46, 0x4A, 0x47, 0x46, 0x47,
    0x49, 0x49, 0x4B, 0x4B, 0x47, 0x4A, 0x57, 0x5C, 0x57, 0x58, 0x57, 0x6B,
    0x65, 0x5C, 0x69, 0x71, 0x7D, 0x7A, 0x76, 0x81, 0x83, 0x70, 0x65, 0x6B,
    0x65, 0x6B, 0x6C, 0x70, 0x65, 0x60, 0x70, 0x81, 0x71, 0x76, 0x7A, 0x7A,
    0x89, 0x7D, 0x81, 0x8C, 0x7A, 0x75, 0x7C, 0x82, 0x80, 0x7C, 0x80, 0x72,
    0x85, 0x95, 0xA2, 0x9B, 0xAE, 0xD6, 0xC7, 0xC3, 0xD1, 0xD6, 0xCC, 0xB9,
    0xB2, 0x9A, 0x9A, 0x97, 0x97, 0xAD, 0xA8, 0xB9, 0xB2, 0xB2, 0x9E, 0xAD,
    0xD1, 0xD1, 0xD1, 0xDE, 0xD6, 0xDE, 0xEF, 0xEB, 0xD6, 0xED, 0xEC, 0xDE,
    0xEF, 0xF3, 0xF7, 0xF7, 0xF3, 0xF3, 0xEF, 0xEC, 0xE2, 0xDE, 0xEB, 0xED,
    0xEB, 0xE2, 0xF2, 0xF3, 0xF3, 0xF3, 0xF7, 0xF7, 0xF7, 0xF7, 0xF3, 0xF7,
    0xF8, 0xF8, 0xF8, 0xF7, 0xF7, 0xF2, 0xF3, 0xF7, 0xF3, 0xEF, 0xEF, 0xEF,
    0xE2, 0xD6, 0xC7, 0xB2, 0xB2, 0x9E, 0xA3, 0xC7, 0xDE, 0xDA, 0xDA, 0xD1,
    0xCC, 0xC7, 0xB2, 0xA3, 0xA3, 0xAD, 0xA8, 0x97, 0x9E, 0xC3, 0xC7, 0xD1,
    0xAD, 0xB9, 0xBE, 0xAD, 0xB2, 0xBE, 0xA8, 0xA8, 0xBE, 0xAD, 0xA3, 0xBE,
    0xB2, 0xA3, 0x9E, 0xA8, 0xB9, 0xCC, 0xB9, 0xA8, 0xB9, 0xC3, 0xA8, 0x97,
    0x97, 0x9A, 0x9A, 0x96, 0x96, 0x81, 0x91, 0xA3, 0x95, 0x92, 0x86, 0x7A,
    0x7A, 0x81, 0x84, 0x75, 0x69, 0x75, 0x7A, 0x75, 0x75, 0x65, 0x59, 0x66,
    0x75, 0x7A, 0x81, 0x86, 0x7A, 0x7A, 0x86, 0x7A, 0x82, 0x82, 0x82, 0x70,
    0x80, 0x80, 0x70, 0x6C, 0x6B, 0x65, 0x5C, 0x58, 0x49, 0x4A, 0x4A, 0x4A,
    0x4C, 0x4A, 0x53, 0x57, 0x58, 0x53, 0x4B, 0x46, 0x46, 0x40, 0x40, 0x3D,
    0x3D, 0x39, 0x41, 0x4A, 0x5A, 0x70, 0x6B, 0x55, 0x58, 0x5C, 0x55, 0x4C,
    0x4E, 0x47, 0x41, 0x46, 0x47, 0x43, 0x40, 0x42, 0x3D, 0x36, 0x34, 0x31,
    0x2C, 0x29, 0x2D, 0x2C, 0x2A, 0x30, 0x31, 0x34, 0x37, 0x3B, 0x34, 0x30,
    0x30, 0x30, 0x30, 0x2D, 0x2A, 0x2C, 0x37, 0x40, 0x3D, 0x34, 0x36, 0x31,
    0x30, 0x38, 0x38, 0x38, 0x3B, 0x40, 0x36, 0x34, 0x36, 0x36, 0x38, 0x45,
    0x4B, 0x49, 0x4C, 0x4E, 0x53, 0x60, 0x57, 0x49, 0x43, 0x43, 0x43, 0x41,
    0x40, 0x41, 0x41, 0x45, 0x4B, 0x51, 0x4E, 0x49, 0x40, 0x41, 0x40, 0x3D,
    0x3D, 0x39, 0x36, 0x39, 0x42, 0x45, 0x49, 0x4E, 0x51, 0x4E, 0x58, 0x5C,
    0x5A, 0x60, 0x6C, 0x6C, 0x6C, 0x6B, 0x70, 0x78, 0x7C, 0x7C, 0x80, 0x82,
    0x71, 0x6D, 0x6D, 0x66, 0x6B, 0x5A, 0x58, 0x5A, 0x55, 0x5A, 0x68, 0x78,
    0x82, 0x80, 0x7C, 0x7A, 0x75, 0x6D, 0x6D, 0x5B, 0x5B, 0x60, 0x6D, 0x7A,
    0x8C, 0xA2, 0xA6, 0x9B, 0xA6, 0xC0, 0xBA, 0xAB, 0xAB, 0xAB, 0x9B, 0x9B,
    0xAE, 0xAD, 0x9E, 0xA3, 0x9E, 0x9A, 0x9A, 0x8D, 0x81, 0x7A, 0x81, 0x75,
    0x75, 0x8D, 0x97, 0x9A, 0x9E, 0xAD, 0x9E, 0x97, 0x9A, 0x96, 0x9A, 0xB9,
    0xA3, 0x93, 0x9E, 0xBE, 0xD6, 0xDE, 0xC7, 0xCC, 0xD6, 0xDE, 0xE2, 0xE5,
    0xE2, 0xE2, 0xDA, 0xDA, 0xDE, 0xEB, 0xEF, 0xF2, 0xEF, 0xF2, 0xF7, 0xF8,
    0xF7, 0xF7, 0xF7, 0xED, 0xEB, 0xEC, 0xEF, 0xF3, 0xF8, 0xF8, 0xF8, 0xF7,
    0xF7, 0xF7, 0xF7, 0xF3, 0xEF, 0xF3, 0xF7, 0xEF, 0xEC, 0xEF, 0xED, 0xEC,
    0xF3, 0xF3, 0xF2, 0xF3, 0xF3, 0xF7, 0xF3, 0xF2, 0xEF, 0xEF, 0xED, 0xE2,
    0xDA, 0xDA, 0xCC, 0xB2, 0x97, 0xBE, 0xEB, 0xED, 0xEC, 0xE5, 0xD6, 0xCC,
    0xBE, 0xA8, 0x96, 0x91, 0x9A, 0xA3, 0xB9, 0xDA, 0xE5, 0xCC, 0xDA, 0xC3,
    0x9A, 0x9A, 0xA8, 0x97, 0x91, 0x9A, 0x9E, 0xA3, 0xAD, 0x9A, 0x93, 0x91,
    0x96, 0x8D, 0x9E, 0x97, 0x9B, 0x95, 0x89, 0x93, 0x97, 0xA3, 0x9A, 0x86,
    0x91, 0x8D, 0x9E, 0x97, 0x93, 0x8D, 0x86, 0x8A, 0x7A, 0x6D, 0x71, 0x81,
    0x75, 0x66, 0x75, 0x6D, 0x6C, 0x82, 0x80, 0x76, 0x80, 0x7C, 0x6C, 0x6C,
    0x6C, 0x6B, 0x57, 0x68, 0x76, 0x76, 0x70, 0x70, 0x76, 0x76, 0x76, 0x6C,
    0x6C, 0x65, 0x58, 0x4E, 0x4A, 0x46, 0x47, 0x46, 0x46, 0x45, 0x46, 0x45,
    0x4A, 0x5A, 0x4E, 0x46, 0x51, 0x57, 0x5C, 0x5C, 0x57, 0x45, 0x45, 0x4A,
    0x47, 0x41, 0x45, 0x46, 0x40, 0x41, 0x47, 0x40, 0x42, 0x49, 0x47, 0x41,
    0x47, 0x43, 0x46, 0x53, 0x53, 0x4B, 0x4C, 0x46, 0x3D, 0x40, 0x3D, 0x34,
    0x31, 0x2D, 0x37, 0x47, 0x49, 0x4C, 0x45, 0x3F, 0x38, 0x31, 0x31, 0x30,
    0x30, 0x36, 0x3D, 0x39, 0x45, 0x58, 0x58, 0x58, 0x58, 0x53, 0x47, 0x38,
    0x3D, 0x42, 0x42, 0x43, 0x45, 0x46, 0x4C, 0x4A, 0x47, 0x4B, 0x47, 0x47,
    0x55, 0x55, 0x4B, 0x51, 0x51, 0x4E, 0x5A, 0x58, 0x57, 0x58, 0x55, 0x65,
    0x6B, 0x57, 0x4C, 0x4C, 0x58, 0x53, 0x53, 0x57, 0x55, 0x68, 0x60, 0x65,
    0x6C, 0x5C, 0x72, 0x87, 0x72, 0x72, 0x70, 0x6C, 0x6D, 0x71, 0x7A, 0x6D,
    0x81, 0x87, 0x8C, 0x8C, 0x8C, 0x8C, 0x92, 0x99, 0x92, 0x8C, 0x8C, 0x85,
    0x7D, 0x6D, 0x6D, 0x75, 0x7D, 0x84, 0x81, 0x7A, 0x83, 0x99, 0x95, 0x87,
    0x85, 0x8C, 0x95, 0xBB, 0xBB, 0xA2, 0x95, 0x95, 0x99, 0x97, 0xA8, 0xA8,
    0x9E, 0x9E, 0xA3, 0xA8, 0xAD, 0xB9, 0xCC, 0xCC, 0xD1, 0xD1, 0xEB, 0xE2,
    0xE5, 0xEB, 0xD6, 0xE5, 0xDE, 0xD1, 0xD6, 0xCC, 0xB9, 0xA3, 0x93, 0xA3,
    0xEB, 0xEF, 0xEC, 0xEB, 0xDE, 0xC7, 0xBE, 0xB9, 0xBE, 0xBE, 0xDA, 0xEF,
    0xF3, 0xF7, 0xF8, 0xF7, 0xF3, 0xF3, 0xEF, 0xED, 0xEC, 0xEF, 0xEF, 0xE2,
    0xED, 0xF3, 0xF7, 0xF3
};

const uint16_t bg_palette[256] = {
    0xFFFF, 0xFFDE, 0xFBDE, 0xFBDE, 0xFBBE, 0xFBBD, 0xF7BD, 0xF7BD,
    0xF79C, 0xF79C, 0xF39C, 0xF39C, 0xF39B, 0xEF7B, 0xF37B, 0xEF7B,
    0xEF7B, 0xEF7A, 0xEB5A, 0xEF59, 0xEB59, 0xEB39, 0xEB39, 0xE739,
    0xE718, 0xE318, 0xE2F7, 0xE2F7, 0xE2F6, 0xDED6, 0xDAD6, 0xDED5,
    0xDED5, 0xDEB5, 0xDEB4, 0xDAB5, 0xDAB4, 0xDAB4, 0xDAB4, 0xD694,
    0xE2B3, 0xDA94, 0xDA94, 0xD694, 0xDA93, 0xD693, 0xD693, 0xDA93,
    0xD673, 0xD673, 0xD673, 0xD273, 0xD672, 0xE66E, 0xD672, 0xD272,
    0xD252, 0xD252, 0xD251, 0xD251, 0xCE52, 0xD251, 0xCE51, 0xD251,
    0xD251, 0xD251, 0xCE51, 0xCE31, 0xD230, 0xCE31, 0xCE30, 0xCE30,
    0xCA31, 0xCE30, 0xCE30, 0xCA30, 0xCA30, 0xC630, 0xCA10, 0xC210,
    0xD22F, 0xCA10, 0xCA0F, 0xCA0F, 0xCA0F, 0xCA0F, 0xC60F, 0xCA0F,
    0xCA0F, 0xC60F, 0xC60F, 0xC60F, 0xC60F, 0xC60F, 0xC5EF, 0xC60F,
    0xC5EF, 0xC1EF, 0xEA4D, 0xE64C, 0xE62B, 0xC5EF, 0xC5EF, 0xDE0B,
    0xC5EE, 0xC5EE, 0xD5EC, 0xC5EE, 0xC5EE, 0xC1EE, 0xD5EC, 0xC5EE,
    0xC1EE, 0xC1EE, 0xC1EE, 0xC1EE, 0xC1CE, 0xC1EE, 0xC1CE, 0xC1CE,
    0xC1CE, 0xBDCE, 0xC1CE, 0xC1CD, 0xC1CD, 0xC1CD, 0xC1CD, 0xC1CD,
    0xC1CD, 0xC1CD, 0xC1CD, 0xC1CD, 0xBDCD, 0xBDCD, 0xBDCD, 0xBDCD,
    0xB9CE, 0xBDCD, 0xBDCD, 0xBDCD, 0xBDAD, 0xBDAD, 0xBDAD, 0xB9AD,
    0xC1AD, 0xBDAD, 0xBDAC, 0xBDAC, 0xB9AC, 0xBDAC, 0xBDAC, 0xB9AC,
    0xB9AC, 0xBDAC, 0xB9AC, 0xB9AC, 0xB9AC, 0xB9AC, 0xB9AC, 0xB9AC,
    0xB58C, 0xC1AC, 0xB9AC, 0xB9AC, 0xB9AC, 0xB9AC, 0xB98C, 0xB98C,
    0xB98C, 0xB98C, 0xB98C, 0xB98C, 0xB98C, 0xB98C, 0xB98C, 0xB58C,
    0xC9AB, 0xB98B, 0xB98B, 0xB98B, 0xB58B, 0xDDC8, 0xD9A7, 0xB98B,
    0xB98C, 0xB98B, 0xB98B, 0xB98B, 0xB58C, 0xB58B, 0xB58B, 0xB58B,
    0xB58B, 0xB58B, 0xB58B, 0xB58B, 0xB58B, 0xB58B, 0xB58B, 0xB58B,
    0xB58B, 0xB58B, 0xB18C, 0xB58B, 0xB58B, 0xB58B, 0xB58B, 0xB16B,
    0xB56B, 0xB56B, 0xB56B, 0xB16B, 0xBD8A, 0xB56A, 0xB56B, 0xB56A,
    0xB56A, 0xB56B, 0xB56A, 0xB56A, 0xB56A, 0xB16A, 0xB56A, 0xB16B,
    0xB16A, 0xC58A, 0xB16A, 0xB16A, 0xB16A, 0xB16A, 0xAD6A, 0xD167,
    0xD565, 0xB94A, 0xB16A, 0xB16A, 0xB16A, 0xB14A, 0xB14A, 0xB149,
    0xA94A, 0xB149, 0xAD49, 0xAD49, 0xC147, 0xD145, 0xB928, 0xAD29,
    0xA928, 0xD125, 0xD125, 0xC925, 0xA4E7, 0xBCE5, 0x98A5, 0x9084
};

const sat_indexed8_asset_t bg_asset = {
    bg_pixels,
    bg_palette,
    320u,
    224u,
    0u,
    71680u,
    256u
};
