#include "bg.h"

const uint8_t bg_pixels[71680] = {
    0x02, 0x02, 0x02, 0x02, 0x02, 0x02, 0x02, 0x02, 0x02, 0x02, 0x02, 0x02,
    0x02, 0x02, 0x02, 0x0F, 0x0F, 0x02, 0x0F, 0x12, 0x0F, 0x02, 0x12, 0x0F,
    0x02, 0x02, 0x02, 0x02, 0x02, 0x05, 0x02, 0x02, 0x05, 0x05, 0x02, 0x05,
    0x01, 0x09, 0x09, 0x00, 0x00, 0x01, 0x01, 0x01, 0x09, 0x01, 0x01, 0x01,
    0x09, 0x09, 0x09, 0x09, 0x01, 0x01, 0x01, 0x05, 0x05, 0x05, 0x01, 0x01,
    0x01, 0x01, 0x01, 0x01, 0x01, 0x01, 0x05, 0x05, 0x01, 0x01, 0x01, 0x01,
    0x01, 0x01, 0x05, 0x01, 0x00, 0x00, 0x09, 0x09, 0x00, 0x00, 0x06, 0x00,
    0x00, 0x06, 0x06, 0x03, 0x03, 0x03, 0x06, 0x00, 0x00, 0x00, 0x00, 0x00,
    0x00, 0x00, 0x00, 0x06, 0x00, 0x00, 0x00, 0x00, 0x00, 0x00, 0x00, 0x00,
    0x00, 0x00, 0x06, 0x03, 0x03, 0x06, 0x06, 0x06, 0x06, 0x06, 0x06, 0x00,
    0x00, 0x06, 0x03, 0x04, 0x04, 0x04, 0x04, 0x04, 0x0D, 0x04, 0x0D, 0x03,
    0x03, 0x03, 0x03, 0x03, 0x04, 0x03, 0x03, 0x0D, 0x03, 0x03, 0x03, 0x03,
    0x03, 0x03, 0x03, 0x06, 0x03, 0x06, 0x00, 0x06, 0x03, 0x03, 0x03, 0x0D,
    0x04, 0x04, 0x04, 0x04, 0x04, 0x0D, 0x04, 0x04, 0x04, 0x0E, 0x0E, 0x07,
    0x0E, 0x04, 0x04, 0x04, 0x04, 0x0E, 0x04, 0x04, 0x04, 0x04, 0x0E, 0x0E,
    0x0D, 0x06, 0x03, 0x03, 0x06, 0x06, 0x06, 0x03, 0x03, 0x03, 0x03, 0x03,
    0x03, 0x06, 0x00, 0x00, 0x00, 0x00, 0x00, 0x06, 0x06, 0x06, 0x06, 0x06,
    0x06, 0x03, 0x03, 0x06, 0x06, 0x03, 0x03, 0x03, 0x03, 0x03, 0x03, 0x03,
    0x04, 0x04, 0x03, 0x0D, 0x06, 0x00, 0x00, 0x00, 0x00, 0x00, 0x00, 0x00,
    0x00, 0x00, 0x00, 0x00, 0x00, 0x01, 0x01, 0x01, 0x01, 0x09, 0x00, 0x00,
    0x00, 0x00, 0x00, 0x00, 0x00, 0x01, 0x01, 0x01, 0x01, 0x01, 0x09, 0x00,
    0x00, 0x00, 0x00, 0x00, 0x00, 0x00, 0x00, 0x01, 0x01, 0x01, 0x01, 0x01,
    0x01, 0x01, 0x09, 0x01, 0x01, 0x01, 0x01, 0x05, 0x05, 0x02, 0x05, 0x02,
    0x02, 0x02, 0x02, 0x02, 0x02, 0x05, 0x05, 0x02, 0x05, 0x01, 0x05, 0x02,
    0x02, 0x05, 0x05, 0x05, 0x05, 0x05, 0x01, 0x01, 0x01, 0x01, 0x05, 0x05,
    0x05, 0x01, 0x01, 0x05, 0x05, 0x05, 0x05, 0x02, 0x02, 0x02, 0x0F, 0x0F,
    0x02, 0x0F, 0x02, 0x02, 0x0F, 0x0F, 0x0F, 0x12, 0x02, 0x02, 0x02, 0x02,
    0x02, 0x0F, 0x0F, 0x12, 0x12, 0x0F, 0x0F, 0x0F, 0x0F, 0x12, 0x12, 0x12,
    0x0F, 0x0F, 0x0F, 0x02, 0x02, 0x02, 0x02, 0x02, 0x02, 0x02, 0x02, 0x02,
    0x02, 0x02, 0x02, 0x0F, 0x02, 0x02, 0x0F, 0x02, 0x02, 0x05, 0x02, 0x05,
    0x05, 0x02, 0x05, 0x01, 0x05, 0x02, 0x05, 0x05, 0x01, 0x05, 0x05, 0x05,
    0x05, 0x05, 0x05, 0x05, 0x05, 0x01, 0x01, 0x01, 0x01, 0x01, 0x01, 0x01,
    0x01, 0x05, 0x01, 0x01, 0x05, 0x05, 0x01, 0x01, 0x01, 0x09, 0x09, 0x00,
    0x00, 0x00, 0x00, 0x00, 0x09, 0x09, 0x09, 0x09, 0x00, 0x00, 0x00, 0x00,
    0x00, 0x00, 0x00, 0x00, 0x00, 0x00, 0x00, 0x01, 0x01, 0x00, 0x00, 0x00,
    0x00, 0x00, 0x00, 0x00, 0x00, 0x00, 0x01, 0x01, 0x09, 0x00, 0x00, 0x00,
    0x00, 0x06, 0x03, 0x03, 0x0D, 0x03, 0x03, 0x0D, 0x03, 0x03, 0x06, 0x06,
    0x03, 0x03, 0x03, 0x03, 0x0D, 0x04, 0x04, 0x04, 0x04, 0x03, 0x03, 0x03,
    0x06, 0x06, 0x06, 0x03, 0x06, 0x06, 0x03, 0x06, 0x03, 0x03, 0x03, 0x03,
    0x03, 0x03, 0x03, 0x03, 0x03, 0x03, 0x03, 0x0D, 0x0D, 0x04, 0x03, 0x03,
    0x03, 0x03, 0x06, 0x03, 0x03, 0x0D, 0x0D, 0x04, 0x04, 0x04, 0x0D, 0x03,
    0x0D, 0x03, 0x03, 0x03, 0x03, 0x0D, 0x03, 0x03, 0x06, 0x06, 0x06, 0x03,
    0x06, 0x03, 0x06, 0x06, 0x03, 0x0D, 0x04, 0x0D, 0x04, 0x03, 0x03, 0x03,
    0x06, 0x00, 0x00, 0x00, 0x06, 0x06, 0x03, 0x03, 0x03, 0x03, 0x03, 0x03,
    0x03, 0x06, 0x00, 0x00, 0x00, 0x00, 0x00, 0x06, 0x06, 0x06, 0x06, 0x06,
    0x00, 0x00, 0x00, 0x01, 0x00, 0x00, 0x00, 0x09, 0x00, 0x00, 0x00, 0x00,
    0x09, 0x01, 0x01, 0x05, 0x05, 0x01, 0x01, 0x01, 0x00, 0x00, 0x00, 0x00,
    0x00, 0x00, 0x00, 0x00, 0x00, 0x00, 0x00, 0x01, 0x01, 0x01, 0x01, 0x01,
    0x09, 0x09, 0x09, 0x09, 0x09, 0x01, 0x01, 0x01, 0x01, 0x05, 0x05, 0x05,
    0x05, 0x05, 0x02, 0x02, 0x02, 0x05, 0x05, 0x02, 0x02, 0x05, 0x05, 0x05,
    0x05, 0x05, 0x02, 0x05, 0x02, 0x02, 0x02, 0x02, 0x0F, 0x02, 0x02, 0x0F,
    0x02, 0x02, 0x02, 0x02, 0x02, 0x02, 0x02, 0x02, 0x02, 0x02, 0x02, 0x02,
    0x02, 0x02, 0x02, 0x0F, 0x12, 0x12, 0x12, 0x12, 0x0F, 0x02, 0x0F, 0x02,
    0x02, 0x02, 0x02, 0x02, 0x02, 0x02, 0x0F, 0x12, 0x12, 0x0F, 0x02, 0x0F,
    0x0F, 0x02, 0x02, 0x02, 0x02, 0x0F, 0x12, 0x12, 0x0F, 0x02, 0x02, 0x02,
    0x02, 0x02, 0x05, 0x05, 0x05, 0x05, 0x05, 0x05, 0x05, 0x05, 0x02, 0x02,
    0x02, 0x02, 0x05, 0x01, 0x01, 0x01, 0x01, 0x01, 0x00, 0x09, 0x01, 0x01,
    0x01, 0x09, 0x09, 0x01, 0x05, 0x01, 0x01, 0x01, 0x01, 0x01, 0x01, 0x01,
    0x01, 0x01, 0x05, 0x01, 0x01, 0x01, 0x01, 0x01, 0x01, 0x09, 0x00, 0x00,
    0x00, 0x00, 0x00, 0x00, 0x06, 0x00, 0x00, 0x00, 0x06, 0x00, 0x06, 0x03,
    0x03, 0x03, 0x03, 0x06, 0x06, 0x03, 0x06, 0x06, 0x06, 0x06, 0x03, 0x06,
    0x00, 0x00, 0x00, 0x00, 0x00, 0x00, 0x00, 0x00, 0x00, 0x00, 0x06, 0x00,
    0x00, 0x00, 0x00, 0x00, 0x06, 0x06, 0x06, 0x03, 0x03, 0x03, 0x03, 0x0D,
    0x03, 0x03, 0x0D, 0x04, 0x0D, 0x03, 0x03, 0x03, 0x0D, 0x04, 0x03, 0x03,
    0x03, 0x04, 0x04, 0x03, 0x03, 0x03, 0x03, 0x03, 0x03, 0x06, 0x06, 0x03,
    0x03, 0x03, 0x03, 0x06, 0x03, 0x03, 0x03, 0x03, 0x0D, 0x04, 0x04, 0x04,
    0x0E, 0x0E, 0x04, 0x04, 0x04, 0x0E, 0x04, 0x0D, 0x04, 0x04, 0x04, 0x04,
    0x04, 0x0E, 0x0E, 0x0E, 0x07, 0x07, 0x07, 0x0E, 0x04, 0x04, 0x04, 0x04,
    0x0D, 0x0D, 0x04, 0x04, 0x04, 0x04, 0x04, 0x04, 0x04, 0x03, 0x03, 0x03,
    0x03, 0x03, 0x03, 0x03, 0x03, 0x03, 0x03, 0x04, 0x04, 0x04, 0x04, 0x04,
    0x04, 0x04, 0x04, 0x04, 0x04, 0x04, 0x04, 0x04, 0x04, 0x04, 0x04, 0x04,
    0x04, 0x04, 0x04, 0x04, 0x03, 0x03, 0x0D, 0x03, 0x03, 0x06, 0x06, 0x00,
    0x00, 0x00, 0x00, 0x00, 0x00, 0x00, 0x00, 0x00, 0x00, 0x00, 0x00, 0x09,
    0x00, 0x00, 0x00, 0x00, 0x00, 0x00, 0x00, 0x00, 0x00, 0x00, 0x06, 0x06,
    0x00, 0x00, 0x00, 0x09, 0x00, 0x00, 0x09, 0x01, 0x01, 0x09, 0x00, 0x01,
    0x01, 0x01, 0x01, 0x01, 0x01, 0x05, 0x05, 0x05, 0x05, 0x05, 0x01, 0x05,
    0x05, 0x05, 0x05, 0x05, 0x05, 0x01, 0x01, 0x01, 0x01, 0x01, 0x01, 0x01,
    0x01, 0x05, 0x05, 0x05, 0x02, 0x02, 0x02, 0x02, 0x02, 0x02, 0x05, 0x01,
    0x05, 0x01, 0x01, 0x05, 0x05, 0x02, 0x02, 0x05, 0x05, 0x02, 0x02, 0x02,
    0x05, 0x02, 0x02, 0x02, 0x02, 0x02, 0x02, 0x02, 0x0F, 0x12, 0x0F, 0x02,
    0x0F, 0x0F, 0x12, 0x12, 0x12, 0x0F, 0x12, 0x12, 0x12, 0x12, 0x12, 0x12,
    0x0F, 0x12, 0x12, 0x02, 0x02, 0x02, 0x02, 0x02, 0x02, 0x02, 0x02, 0x0F,
    0x0F, 0x0F, 0x02, 0x02, 0x02, 0x02, 0x02, 0x02, 0x05, 0x05, 0x05, 0x05,
    0x05, 0x05, 0x01, 0x01, 0x01, 0x09, 0x00, 0x09, 0x01, 0x09, 0x01, 0x05,
    0x05, 0x01, 0x05, 0x05, 0x05, 0x05, 0x02, 0x02, 0x05, 0x02, 0x02, 0x05,
    0x05, 0x01, 0x01, 0x01, 0x01, 0x01, 0x05, 0x05, 0x05, 0x05, 0x05, 0x01,
    0x01, 0x01, 0x09, 0x00, 0x00, 0x06, 0x00, 0x00, 0x00, 0x00, 0x09, 0x01,
    0x09, 0x00, 0x00, 0x09, 0x00, 0x00, 0x00, 0x00, 0x00, 0x00, 0x00, 0x00,
    0x01, 0x00, 0x00, 0x00, 0x00, 0x00, 0x00, 0x00, 0x00, 0x06, 0x00, 0x00,
    0x06, 0x06, 0x03, 0x03, 0x06, 0x00, 0x00, 0x06, 0x06, 0x06, 0x00, 0x00,
    0x00, 0x00, 0x00, 0x06, 0x06, 0x06, 0x03, 0x03, 0x04, 0x03, 0x03, 0x06,
    0x06, 0x03, 0x03, 0x06, 0x06, 0x00, 0x06, 0x06, 0x03, 0x03, 0x06, 0x03,
    0x03, 0x03, 0x03, 0x04, 0x04, 0x03, 0x0D, 0x04, 0x03, 0x03, 0x0D, 0x04,
    0x04, 0x04, 0x04, 0x04, 0x04, 0x04, 0x0E, 0x0E, 0x0E, 0x07, 0x07, 0x07,
    0x07, 0x07, 0x07, 0x07, 0x07, 0x0E, 0x04, 0x04, 0x03, 0x03, 0x04, 0x0D,
    0x03, 0x03, 0x03, 0x06, 0x06, 0x06, 0x06, 0x06, 0x06, 0x06, 0x00, 0x06,
    0x06, 0x03, 0x06, 0x06, 0x00, 0x00, 0x00, 0x06, 0x06, 0x06, 0x03, 0x03,
    0x0D, 0x04, 0x0D, 0x0D, 0x03, 0x06, 0x00, 0x06, 0x00, 0x00, 0x00, 0x00,
    0x00, 0x06, 0x06, 0x06, 0x06, 0x06, 0x06, 0x00, 0x00, 0x00, 0x00, 0x00,
    0x09, 0x00, 0x01, 0x00, 0x00, 0x00, 0x00, 0x00, 0x00, 0x00, 0x00, 0x00,
    0x00, 0x09, 0x01, 0x01, 0x09, 0x01, 0x01, 0x01, 0x01, 0x01, 0x01, 0x01,
    0x01, 0x01, 0x01, 0x01, 0x01, 0x01, 0x01, 0x05, 0x01, 0x05, 0x05, 0x05,
    0x05, 0x02, 0x05, 0x05, 0x05, 0x05, 0x05, 0x05, 0x05, 0x01, 0x01, 0x05,
    0x05, 0x01, 0x05, 0x02, 0x02, 0x02, 0x02, 0x02, 0x02, 0x02, 0x02, 0x02,
    0x02, 0x02, 0x02, 0x05, 0x02, 0x05, 0x05, 0x05, 0x01, 0x05, 0x01, 0x01,
    0x05, 0x01, 0x05, 0x05, 0x02, 0x02, 0x02, 0x02, 0x02, 0x12, 0x0F, 0x12,
    0x12, 0x12, 0x12, 0x12, 0x12, 0x12, 0x12, 0x12, 0x12, 0x12, 0x29, 0x12,
    0x0F, 0x0F, 0x02, 0x0F, 0x02, 0x02, 0x02, 0x02, 0x02, 0x02, 0x02, 0x02,
    0x02, 0x05, 0x05, 0x02, 0x02, 0x05, 0x02, 0x02, 0x02, 0x05, 0x05, 0x05,
    0x05, 0x02, 0x02, 0x02, 0x0F, 0x02, 0x02, 0x02, 0x02, 0x02, 0x02, 0x0F,
    0x0F, 0x0F, 0x02, 0x02, 0x0F, 0x0F, 0x0F, 0x02, 0x02, 0x02, 0x02, 0x05,
    0x05, 0x02, 0x02, 0x02, 0x02, 0x05, 0x05, 0x05, 0x05, 0x01, 0x01, 0x01,
    0x01, 0x05, 0x05, 0x05, 0x01, 0x01, 0x01, 0x01, 0x01, 0x01, 0x01, 0x01,
    0x09, 0x00, 0x00, 0x09, 0x00, 0x09, 0x09, 0x01, 0x09, 0x09, 0x01, 0x01,
    0x00, 0x00, 0x00, 0x00, 0x00, 0x00, 0x06, 0x06, 0x00, 0x00, 0x00, 0x00,
    0x00, 0x00, 0x00, 0x00, 0x06, 0x03, 0x03, 0x03, 0x03, 0x03, 0x03, 0x03,
    0x03, 0x03, 0x06, 0x06, 0x03, 0x03, 0x06, 0x06, 0x00, 0x06, 0x03, 0x03,
    0x03, 0x03, 0x06, 0x06, 0x03, 0x06, 0x00, 0x00, 0x00, 0x03, 0x03, 0x04,
    0x0D, 0x03, 0x04, 0x04, 0x04, 0x04, 0x04, 0x04, 0x04, 0x04, 0x04, 0x0E,
    0x0E, 0x04, 0x04, 0x07, 0x0E, 0x07, 0x07, 0x07, 0x07, 0x07, 0x07, 0x07,
    0x07, 0x07, 0x0E, 0x07, 0x0E, 0x0E, 0x0E, 0x04, 0x04, 0x0D, 0x0D, 0x03,
    0x03, 0x03, 0x06, 0x06, 0x03, 0x03, 0x03, 0x03, 0x03, 0x03, 0x06, 0x06,
    0x06, 0x03, 0x03, 0x03, 0x03, 0x03, 0x03, 0x03, 0x03, 0x03, 0x06, 0x00,
    0x06, 0x03, 0x06, 0x06, 0x06, 0x03, 0x03, 0x06, 0x06, 0x06, 0x06, 0x06,
    0x00, 0x06, 0x06, 0x00, 0x00, 0x00, 0x00, 0x00, 0x06, 0x00, 0x00, 0x06,
    0x06, 0x06, 0x06, 0x06, 0x06, 0x00, 0x00, 0x00, 0x00, 0x00, 0x00, 0x00,
    0x00, 0x06, 0x06, 0x06, 0x06, 0x00, 0x00, 0x06, 0x00, 0x00, 0x00, 0x00,
    0x00, 0x09, 0x01, 0x01, 0x09, 0x00, 0x01, 0x01, 0x09, 0x09, 0x01, 0x01,
    0x01, 0x01, 0x05, 0x02, 0x02, 0x05, 0x01, 0x01, 0x01, 0x01, 0x01, 0x09,
    0x09, 0x09, 0x01, 0x01, 0x01, 0x01, 0x01, 0x01, 0x05, 0x01, 0x01, 0x05,
    0x05, 0x05, 0x01, 0x01, 0x01, 0x01, 0x05, 0x02, 0x02, 0x02, 0x02, 0x0F,
    0x0F, 0x02, 0x02, 0x02, 0x12, 0x12, 0x12, 0x12, 0x12, 0x12, 0x12, 0x12,
    0x12, 0x0F, 0x0F, 0x0F, 0x0F, 0x12, 0x12, 0x12, 0x12, 0x12, 0x0F, 0x0F,
    0x12, 0x0F, 0x12, 0x12, 0x12, 0x12, 0x12, 0x12, 0x12, 0x12, 0x0F, 0x0F,
    0x02, 0x02, 0x02, 0x0F, 0x0F, 0x12, 0x12, 0x0F, 0x02, 0x02, 0x02, 0x02,
    0x02, 0x02, 0x02, 0x02, 0x02, 0x02, 0x05, 0x02, 0x05, 0x05, 0x05, 0x05,
    0x05, 0x02, 0x05, 0x05, 0x05, 0x05, 0x05, 0x01, 0x05, 0x02, 0x02, 0x02,
    0x02, 0x05, 0x05, 0x05, 0x05, 0x01, 0x01, 0x01, 0x01, 0x09, 0x01, 0x05,
    0x02, 0x02, 0x05, 0x05, 0x02, 0x05, 0x05, 0x05, 0x01, 0x01, 0x01, 0x05,
    0x02, 0x05, 0x05, 0x05, 0x01, 0x01, 0x01, 0x01, 0x09, 0x00, 0x00, 0x00,
    0x00, 0x01, 0x09, 0x00, 0x09, 0x01, 0x01, 0x01, 0x01, 0x01, 0x00, 0x00,
    0x01, 0x01, 0x01, 0x01, 0x01, 0x00, 0x00, 0x01, 0x00, 0x09, 0x09, 0x00,
    0x00, 0x00, 0x00, 0x00, 0x06, 0x00, 0x06, 0x06, 0x06, 0x03, 0x03, 0x06,
    0x03, 0x03, 0x03, 0x03, 0x03, 0x03, 0x03, 0x03, 0x03, 0x04, 0x0D, 0x03,
    0x06, 0x06, 0x06, 0x03, 0x06, 0x06, 0x03, 0x03, 0x03, 0x03, 0x03, 0x03,
    0x03, 0x03, 0x03, 0x03, 0x04, 0x04, 0x04, 0x04, 0x04, 0x04, 0x07, 0x07,
    0x07, 0x07, 0x10, 0x15, 0x15, 0x15, 0x15, 0x15, 0x15, 0x15, 0x15, 0x15,
    0x15, 0x15, 0x10, 0x15, 0x15, 0x10, 0x07, 0x07, 0x04, 0x04, 0x04, 0x04,
    0x04, 0x04, 0x04, 0x04, 0x04, 0x04, 0x04, 0x04, 0x03, 0x06, 0x06, 0x06,
    0x03, 0x06, 0x06, 0x03, 0x03, 0x03, 0x03, 0x03, 0x03, 0x06, 0x06, 0x00,
    0x06, 0x03, 0x03, 0x03, 0x03, 0x03, 0x03, 0x03, 0x04, 0x0D, 0x06, 0x00,
    0x06, 0x00, 0x00, 0x00, 0x00, 0x00, 0x00, 0x00, 0x00, 0x00, 0x00, 0x00,
    0x00, 0x09, 0x01, 0x09, 0x01, 0x01, 0x01, 0x01, 0x00, 0x00, 0x00, 0x09,
    0x09, 0x00, 0x00, 0x00, 0x00, 0x00, 0x00, 0x00, 0x00, 0x00, 0x09, 0x00,
    0x00, 0x09, 0x09, 0x09, 0x09, 0x00, 0x00, 0x09, 0x01, 0x01, 0x01, 0x05,
    0x02, 0x02, 0x05, 0x02, 0x05, 0x01, 0x01, 0x01, 0x01, 0x01, 0x05, 0x05,
    0x05, 0x05, 0x05, 0x01, 0x05, 0x05, 0x05, 0x01, 0x05, 0x02, 0x05, 0x05,
    0x05, 0x01, 0x05, 0x02, 0x05, 0x05, 0x02, 0x02, 0x02, 0x02, 0x02, 0x02,
    0x02, 0x02, 0x02, 0x02, 0x0F, 0x0F, 0x02, 0x02, 0x02, 0x02, 0x02, 0x02,
    0x02, 0x05, 0x02, 0x02, 0x0F, 0x12, 0x12, 0x12, 0x0F, 0x12, 0x12, 0x0F,
    0x0F, 0x02, 0x02, 0x0F, 0x02, 0x02, 0x0F, 0x02, 0x02, 0x02, 0x02, 0x02,
    0x02, 0x02, 0x02, 0x02, 0x0F, 0x0F, 0x0F, 0x0F, 0x02, 0x02, 0x02, 0x02,
    0x02, 0x02, 0x02, 0x02, 0x02, 0x02, 0x02, 0x02, 0x02, 0x05, 0x05, 0x01,
    0x01, 0x01, 0x01, 0x01, 0x09, 0x09, 0x01, 0x01, 0x01, 0x01, 0x01, 0x01,
    0x01, 0x01, 0x01, 0x01, 0x01, 0x09, 0x01, 0x01, 0x01, 0x01, 0x01, 0x01,
    0x01, 0x02, 0x05, 0x01, 0x05, 0x01, 0x01, 0x09, 0x09, 0x00, 0x09, 0x09,
    0x01, 0x01, 0x01, 0x01, 0x00, 0x00, 0x00, 0x00, 0x00, 0x00, 0x00, 0x00,
    0x00, 0x00, 0x00, 0x09, 0x00, 0x00, 0x00, 0x00, 0x00, 0x00, 0x00, 0x06,
    0x06, 0x06, 0x00, 0x00, 0x00, 0x00, 0x00, 0x06, 0x06, 0x06, 0x00, 0x00,
    0x06, 0x00, 0x00, 0x00, 0x00, 0x00, 0x00, 0x06, 0x03, 0x03, 0x03, 0x03,
    0x03, 0x03, 0x03, 0x03, 0x03, 0x03, 0x03, 0x0D, 0x04, 0x04, 0x0D, 0x0D,
    0x04, 0x04, 0x04, 0x04, 0x04, 0x0D, 0x04, 0x04, 0x03, 0x03, 0x04, 0x04,
    0x04, 0x04, 0x04, 0x04, 0x07, 0x07, 0x07, 0x10, 0x10, 0x15, 0x15, 0x15,
    0x0C, 0x0C, 0x0C, 0x0C, 0x0C, 0x0C, 0x0A, 0x0A, 0x0A, 0x0C, 0x0C, 0x0A,
    0x0A, 0x0C, 0x0C, 0x20, 0x15, 0x15, 0x10, 0x07, 0x07, 0x0E, 0x0E, 0x04,
    0x04, 0x04, 0x04, 0x04, 0x04, 0x0D, 0x03, 0x03, 0x03, 0x03, 0x06, 0x03,
    0x04, 0x0D, 0x04, 0x04, 0x04, 0x04, 0x04, 0x04, 0x0D, 0x0D, 0x0D, 0x0D,
    0x0D, 0x04, 0x04, 0x04, 0x04, 0x04, 0x0D, 0x03, 0x03, 0x03, 0x06, 0x00,
    0x00, 0x00, 0x06, 0x06, 0x06, 0x06, 0x06, 0x00, 0x00, 0x00, 0x06, 0x00,
    0x00, 0x00, 0x00, 0x00, 0x00, 0x00, 0x00, 0x09, 0x00, 0x00, 0x00, 0x00,
    0x09, 0x01, 0x01, 0x09, 0x00, 0x00, 0x00, 0x00, 0x00, 0x09, 0x09, 0x09,
    0x01, 0x01, 0x01, 0x01, 0x01, 0x00, 0x00, 0x00, 0x09, 0x00, 0x09, 0x01,
    0x01, 0x01, 0x01, 0x01, 0x09, 0x01, 0x01, 0x01, 0x01, 0x05, 0x05, 0x05,
    0x02, 0x02, 0x02, 0x02, 0x02, 0x02, 0x02, 0x02, 0x02, 0x02, 0x02, 0x02,
    0x02, 0x02, 0x05, 0x01, 0x05, 0x05, 0x01, 0x01, 0x01, 0x01, 0x01, 0x05,
    0x05, 0x02, 0x02, 0x02, 0x02, 0x02, 0x02, 0x02, 0x02, 0x02, 0x05, 0x02,
    0x02, 0x02, 0x02, 0x12, 0x12, 0x12, 0x12, 0x0F, 0x05, 0x05, 0x05, 0x02,
    0x02, 0x05, 0x05, 0x02, 0x02, 0x02, 0x02, 0x02, 0x02, 0x02, 0x02, 0x0F,
    0x0F, 0x0F, 0x0F, 0x0F, 0x0F, 0x0F, 0x0F, 0x02, 0x0F, 0x0F, 0x0F, 0x0F,
    0x02, 0x02, 0x02, 0x02, 0x02, 0x02, 0x05, 0x02, 0x02, 0x05, 0x01, 0x01,
    0x01, 0x01, 0x01, 0x01, 0x01, 0x01, 0x01, 0x01, 0x01, 0x01, 0x01, 0x09,
    0x09, 0x00, 0x00, 0x09, 0x09, 0x00, 0x09, 0x01, 0x01, 0x01, 0x01, 0x01,
    0x01, 0x01, 0x01, 0x01, 0x01, 0x09, 0x09, 0x09, 0x01, 0x01, 0x01, 0x00,
    0x00, 0x00, 0x00, 0x00, 0x00, 0x00, 0x00, 0x00, 0x00, 0x06, 0x06, 0x03,
    0x03, 0x03, 0x03, 0x03, 0x03, 0x03, 0x03, 0x06, 0x06, 0x06, 0x00, 0x00,
    0x00, 0x00, 0x00, 0x00, 0x00, 0x00, 0x09, 0x00, 0x00, 0x00, 0x00, 0x06,
    0x00, 0x00, 0x06, 0x06, 0x06, 0x06, 0x03, 0x03, 0x03, 0x0D, 0x04, 0x04,
    0x04, 0x04, 0x04, 0x0E, 0x0E, 0x0E, 0x0E, 0x0E, 0x0E, 0x0E, 0x0E, 0x0E,
    0x04, 0x04, 0x04, 0x04, 0x04, 0x04, 0x04, 0x04, 0x04, 0x04, 0x0E, 0x07,
    0x10, 0x10, 0x15, 0x20, 0x0C, 0x0C, 0x0C, 0x0A, 0x0A, 0x0A, 0x0A, 0x0A,
    0x16, 0x16, 0x16, 0x16, 0x16, 0x16, 0x16, 0x16, 0x16, 0x0A, 0x0A, 0x0C,
    0x0C, 0x0C, 0x20, 0x15, 0x15, 0x15, 0x07, 0x07, 0x07, 0x0E, 0x0E, 0x0E,
    0x0E, 0x0E, 0x0E, 0x0E, 0x04, 0x04, 0x04, 0x04, 0x04, 0x04, 0x04, 0x04,
    0x04, 0x04, 0x04, 0x04, 0x04, 0x04, 0x0E, 0x04, 0x04, 0x04, 0x04, 0x04,
    0x04, 0x04, 0x04, 0x04, 0x04, 0x04, 0x04, 0x04, 0x04, 0x04, 0x03, 0x0D,
    0x03, 0x03, 0x03, 0x03, 0x03, 0x06, 0x06, 0x00, 0x00, 0x00, 0x01, 0x01,
    0x01, 0x01, 0x01, 0x01, 0x01, 0x09, 0x09, 0x00, 0x00, 0x00, 0x00, 0x00,
    0x00, 0x00, 0x00, 0x00, 0x00, 0x00, 0x00, 0x00, 0x00, 0x00, 0x00, 0x06,
    0x06, 0x06, 0x06, 0x06, 0x06, 0x00, 0x00, 0x00, 0x09, 0x09, 0x09, 0x01,
    0x01, 0x01, 0x01, 0x05, 0x05, 0x05, 0x02, 0x02, 0x02, 0x02, 0x02, 0x02,
    0x05, 0x02, 0x02, 0x02, 0x02, 0x02, 0x02, 0x02, 0x05, 0x05, 0x05, 0x05,
    0x02, 0x02, 0x02, 0x05, 0x01, 0x05, 0x05, 0x05, 0x05, 0x05, 0x02, 0x02,
    0x02, 0x02, 0x02, 0x02, 0x02, 0x05, 0x02, 0x02, 0x02, 0x02, 0x02, 0x02,
    0x02, 0x0F, 0x02, 0x02, 0x02, 0x02, 0x02, 0x02, 0x02, 0x02, 0x02, 0x02,
    0x02, 0x0F, 0x02, 0x02, 0x02, 0x02, 0x02, 0x02, 0x02, 0x05, 0x02, 0x02,
    0x02, 0x02, 0x02, 0x02, 0x02, 0x02, 0x05, 0x05, 0x05, 0x05, 0x01, 0x01,
    0x05, 0x05, 0x02, 0x02, 0x02, 0x02, 0x02, 0x02, 0x02, 0x02, 0x02, 0x05,
    0x05, 0x05, 0x01, 0x05, 0x05, 0x05, 0x05, 0x01, 0x01, 0x01, 0x09, 0x01,
    0x01, 0x09, 0x00, 0x09, 0x01, 0x01, 0x01, 0x01, 0x09, 0x01, 0x01, 0x01,
    0x09, 0x01, 0x01, 0x01, 0x09, 0x09, 0x09, 0x09, 0x09, 0x01, 0x01, 0x01,
    0x01, 0x01, 0x01, 0x09, 0x00, 0x00, 0x00, 0x00, 0x00, 0x00, 0x00, 0x00,
    0x00, 0x00, 0x00, 0x06, 0x00, 0x00, 0x00, 0x00, 0x00, 0x00, 0x00, 0x00,
    0x06, 0x06, 0x06, 0x06, 0x06, 0x03, 0x03, 0x06, 0x03, 0x03, 0x03, 0x03,
    0x03, 0x03, 0x06, 0x06, 0x06, 0x06, 0x03, 0x03, 0x04, 0x0D, 0x0D, 0x04,
    0x04, 0x04, 0x04, 0x04, 0x04, 0x04, 0x04, 0x04, 0x04, 0x04, 0x04, 0x04,
    0x04, 0x0E, 0x0E, 0x07, 0x10, 0x10, 0x15, 0x20, 0x0C, 0x0C, 0x0C, 0x0A,
    0x0A, 0x0A, 0x1D, 0x08, 0x08, 0x08, 0x08, 0x08, 0x08, 0x08, 0x08, 0x08,
    0x08, 0x08, 0x08, 0x08, 0x08, 0x16, 0x0A, 0x16, 0x0A, 0x0A, 0x0C, 0x0C,
    0x20, 0x15, 0x15, 0x10, 0x07, 0x07, 0x07, 0x0E, 0x04, 0x04, 0x07, 0x07,
    0x07, 0x0E, 0x0E, 0x0E, 0x0E, 0x0E, 0x07, 0x07, 0x07, 0x07, 0x0E, 0x07,
    0x07, 0x07, 0x07, 0x07, 0x07, 0x0E, 0x0E, 0x04, 0x04, 0x04, 0x04, 0x04,
    0x03, 0x03, 0x03, 0x03, 0x03, 0x03, 0x06, 0x00, 0x00, 0x00, 0x06, 0x03,
    0x06, 0x00, 0x00, 0x00, 0x00, 0x00, 0x00, 0x00, 0x00, 0x00, 0x00, 0x00,
    0x00, 0x00, 0x00, 0x00, 0x00, 0x00, 0x00, 0x00, 0x00, 0x00, 0x00, 0x00,
    0x01, 0x09, 0x09, 0x09, 0x00, 0x00, 0x00, 0x00, 0x00, 0x00, 0x00, 0x00,
    0x00, 0x00, 0x00, 0x00, 0x09, 0x09, 0x01, 0x01, 0x01, 0x01, 0x01, 0x01,
    0x09, 0x01, 0x01, 0x01, 0x01, 0x01, 0x01, 0x05, 0x02, 0x02, 0x05, 0x05,
    0x05, 0x05, 0x05, 0x05, 0x01, 0x05, 0x05, 0x05, 0x02, 0x02, 0x02, 0x02,
    0x02, 0x02, 0x02, 0x02, 0x02, 0x02, 0x02, 0x02, 0x02, 0x0F, 0x0F, 0x02,
    0x02, 0x02, 0x02, 0x02, 0x0F, 0x02, 0x02, 0x02, 0x02, 0x02, 0x0F, 0x0F,
    0x12, 0x12, 0x0F, 0x0F, 0x0F, 0x0F, 0x02, 0x0F, 0x12, 0x12, 0x12, 0x12,
    0x12, 0x0F, 0x02, 0x0F, 0x02, 0x02, 0x02, 0x02, 0x02, 0x0F, 0x0F, 0x02,
    0x02, 0x02, 0x02, 0x02, 0x02, 0x02, 0x02, 0x02, 0x02, 0x02, 0x02, 0x02,
    0x02, 0x02, 0x02, 0x02, 0x02, 0x05, 0x05, 0x05, 0x01, 0x01, 0x01, 0x01,
    0x01, 0x01, 0x05, 0x05, 0x05, 0x05, 0x01, 0x01, 0x01, 0x09, 0x00, 0x00,
    0x00, 0x00, 0x00, 0x01, 0x09, 0x01, 0x01, 0x01, 0x01, 0x01, 0x01, 0x01,
    0x09, 0x01, 0x01, 0x01, 0x01, 0x05, 0x01, 0x05, 0x01, 0x01, 0x01, 0x01,
    0x09, 0x00, 0x00, 0x00, 0x06, 0x06, 0x06, 0x00, 0x00, 0x00, 0x00, 0x00,
    0x00, 0x00, 0x00, 0x06, 0x06, 0x03, 0x03, 0x03, 0x03, 0x03, 0x03, 0x03,
    0x06, 0x00, 0x06, 0x06, 0x06, 0x06, 0x06, 0x06, 0x06, 0x03, 0x03, 0x06,
    0x06, 0x06, 0x06, 0x06, 0x06, 0x06, 0x06, 0x06, 0x03, 0x03, 0x03, 0x03,
    0x03, 0x03, 0x03, 0x0D, 0x0D, 0x04, 0x04, 0x04, 0x04, 0x07, 0x07, 0x10,
    0x15, 0x15, 0x0C, 0x0A, 0x0A, 0x0A, 0x16, 0x08, 0x08, 0x08, 0x08, 0x08,
    0x08, 0x08, 0x0B, 0x0B, 0x0B, 0x0B, 0x0B, 0x0B, 0x0B, 0x0B, 0x0B, 0x0B,
    0x08, 0x08, 0x08, 0x08, 0x08, 0x08, 0x08, 0x16, 0x0A, 0x0C, 0x0C, 0x15,
    0x15, 0x10, 0x07, 0x07, 0x07, 0x07, 0x07, 0x07, 0x15, 0x15, 0x15, 0x10,
    0x10, 0x10, 0x15, 0x15, 0x15, 0x15, 0x15, 0x15, 0x15, 0x15, 0x15, 0x15,
    0x10, 0x10, 0x10, 0x07, 0x07, 0x07, 0x0E, 0x04, 0x04, 0x04, 0x0D, 0x03,
    0x03, 0x03, 0x03, 0x06, 0x06, 0x06, 0x03, 0x06, 0x00, 0x00, 0x00, 0x00,
    0x00, 0x06, 0x06, 0x06, 0x06, 0x06, 0x06, 0x00, 0x00, 0x00, 0x00, 0x00,
    0x09, 0x00, 0x00, 0x09, 0x00, 0x00, 0x00, 0x00, 0x09, 0x09, 0x09, 0x01,
    0x01, 0x01, 0x01, 0x01, 0x01, 0x01, 0x01, 0x01, 0x01, 0x01, 0x01, 0x01,
    0x01, 0x01, 0x01, 0x01, 0x05, 0x05, 0x05, 0x02, 0x02, 0x05, 0x05, 0x01,
    0x01, 0x05, 0x05, 0x02, 0x02, 0x02, 0x02, 0x02, 0x02, 0x02, 0x02, 0x05,
    0x02, 0x02, 0x02, 0x02, 0x05, 0x02, 0x02, 0x02, 0x0F, 0x0F, 0x02, 0x02,
    0x02, 0x02, 0x02, 0x02, 0x02, 0x02, 0x02, 0x02, 0x02, 0x02, 0x02, 0x0F,
    0x02, 0x02, 0x02, 0x02, 0x05, 0x05, 0x05, 0x02, 0x0F, 0x0F, 0x0F, 0x02,
    0x02, 0x02, 0x02, 0x02, 0x02, 0x02, 0x02, 0x02, 0x02, 0x02, 0x02, 0x02,
    0x02, 0x02, 0x02, 0x02, 0x02, 0x02, 0x02, 0x05, 0x02, 0x02, 0x02, 0x02,
    0x05, 0x05, 0x05, 0x01, 0x01, 0x01, 0x01, 0x01, 0x01, 0x01, 0x01, 0x05,
    0x02, 0x05, 0x05, 0x05, 0x01, 0x01, 0x05, 0x05, 0x02, 0x05, 0x05, 0x02,
    0x05, 0x05, 0x05, 0x05, 0x01, 0x01, 0x01, 0x01, 0x05, 0x05, 0x02, 0x05,
    0x05, 0x02, 0x05, 0x05, 0x01, 0x01, 0x01, 0x01, 0x01, 0x01, 0x01, 0x01,
    0x01, 0x01, 0x09, 0x00, 0x00, 0x00, 0x00, 0x00, 0x00, 0x00, 0x00, 0x00,
    0x00, 0x00, 0x00, 0x00, 0x06, 0x06, 0x06, 0x00, 0x00, 0x00, 0x00, 0x00,
    0x00, 0x00, 0x00, 0x00, 0x06, 0x06, 0x03, 0x03, 0x03, 0x03, 0x03, 0x03,
    0x06, 0x06, 0x03, 0x03, 0x03, 0x03, 0x03, 0x03, 0x03, 0x03, 0x0D, 0x03,
    0x03, 0x03, 0x03, 0x03, 0x04, 0x0D, 0x03, 0x04, 0x04, 0x04, 0x04, 0x04,
    0x0E, 0x0E, 0x0E, 0x07, 0x07, 0x15, 0x15, 0x20, 0x0C, 0x0A, 0x16, 0x08,
    0x08, 0x08, 0x08, 0x08, 0x0B, 0x0B, 0x0B, 0x0B, 0x0B, 0x0B, 0x0B, 0x0B,
    0x0B, 0x0B, 0x0B, 0x0B, 0x0B, 0x0B, 0x0B, 0x0B, 0x0B, 0x0B, 0x0B, 0x0B,
    0x0B, 0x08, 0x08, 0x08, 0x16, 0x0A, 0x0A, 0x0C, 0x0C, 0x15, 0x15, 0x15,
    0x10, 0x10, 0x15, 0x10, 0x10, 0x10, 0x10, 0x10, 0x10, 0x15, 0x15, 0x15,
    0x15, 0x20, 0x0C, 0x0C, 0x0C, 0x0C, 0x0C, 0x0C, 0x0C, 0x0C, 0x0C, 0x0C,
    0x0C, 0x0C, 0x15, 0x15, 0x15, 0x10, 0x07, 0x04, 0x0D, 0x03, 0x03, 0x06,
    0x06, 0x03, 0x03, 0x06, 0x06, 0x00, 0x00, 0x00, 0x00, 0x00, 0x00, 0x00,
    0x00, 0x00, 0x06, 0x03, 0x06, 0x00, 0x00, 0x00, 0x06, 0x00, 0x00, 0x00,
    0x00, 0x00, 0x00, 0x00, 0x00, 0x00, 0x00, 0x09, 0x01, 0x00, 0x00, 0x09,
    0x09, 0x09, 0x01, 0x01, 0x01, 0x09, 0x09, 0x09, 0x01, 0x09, 0x00, 0x09,
    0x00, 0x01, 0x01, 0x01, 0x01, 0x01, 0x01, 0x01, 0x01, 0x01, 0x01, 0x01,
    0x05, 0x02, 0x05, 0x05, 0x05, 0x05, 0x01, 0x01, 0x05, 0x01, 0x05, 0x01,
    0x01, 0x05, 0x01, 0x01, 0x05, 0x01, 0x02, 0x02, 0x05, 0x02, 0x02, 0x02,
    0x0F, 0x0F, 0x0F, 0x0F, 0x0F, 0x0F, 0x0F, 0x12, 0x12, 0x12, 0x12, 0x12,
    0x12, 0x12, 0x12, 0x12, 0x12, 0x12, 0x12, 0x12, 0x02, 0x02, 0x02, 0x12,
    0x0F, 0x0F, 0x0F, 0x12, 0x12, 0x12, 0x12, 0x12, 0x0F, 0x12, 0x0F, 0x02,
    0x02, 0x02, 0x02, 0x02, 0x02, 0x02, 0x02, 0x05, 0x05, 0x01, 0x01, 0x01,
    0x01, 0x01, 0x01, 0x01, 0x01, 0x09, 0x09, 0x09, 0x05, 0x01, 0x01, 0x01,
    0x01, 0x01, 0x01, 0x01, 0x09, 0x09, 0x09, 0x09, 0x01, 0x01, 0x09, 0x01,
    0x01, 0x01, 0x01, 0x01, 0x01, 0x09, 0x09, 0x00, 0x00, 0x06, 0x03, 0x06,
    0x06, 0x06, 0x03, 0x06, 0x06, 0x00, 0x00, 0x00, 0x00, 0x00, 0x00, 0x00,
    0x00, 0x00, 0x00, 0x00, 0x00, 0x00, 0x06, 0x06, 0x00, 0x00, 0x06, 0x00,
    0x00, 0x06, 0x03, 0x03, 0x03, 0x06, 0x03, 0x03, 0x0D, 0x03, 0x03, 0x04,
    0x04, 0x04, 0x04, 0x04, 0x04, 0x04, 0x04, 0x04, 0x04, 0x04, 0x04, 0x0E,
    0x04, 0x04, 0x04, 0x04, 0x04, 0x04, 0x04, 0x04, 0x04, 0x04, 0x04, 0x0D,
    0x0D, 0x0D, 0x03, 0x03, 0x03, 0x03, 0x04, 0x04, 0x04, 0x04, 0x0E, 0x07,
    0x15, 0x15, 0x0C, 0x0A, 0x0A, 0x16, 0x08, 0x08, 0x08, 0x0B, 0x0B, 0x0B,
    0x0B, 0x0B, 0x0B, 0x0B, 0x0B, 0x0B, 0x0B, 0x0B, 0x0B, 0x0B, 0x0B, 0x0B,
    0x0B, 0x0B, 0x0B, 0x0B, 0x0B, 0x0B, 0x0B, 0x0B, 0x0B, 0x0B, 0x0B, 0x0B,
    0x08, 0x08, 0x08, 0x08, 0x16, 0x0A, 0x0A, 0x0C, 0x0C, 0x0C, 0x0C, 0x0C,
    0x0C, 0x0C, 0x0A, 0x0A, 0x16, 0x16, 0x16, 0x16, 0x08, 0x08, 0x08, 0x08,
    0x08, 0x08, 0x08, 0x08, 0x08, 0x08, 0x16, 0x0A, 0x0A, 0x0A, 0x0A, 0x0C,
    0x0C, 0x15, 0x10, 0x07, 0x0E, 0x04, 0x0D, 0x03, 0x03, 0x03, 0x03, 0x0D,
    0x03, 0x06, 0x06, 0x03, 0x03, 0x03, 0x03, 0x06, 0x03, 0x04, 0x04, 0x03,
    0x03, 0x03, 0x03, 0x03, 0x03, 0x03, 0x03, 0x03, 0x03, 0x03, 0x03, 0x03,
    0x06, 0x06, 0x06, 0x06, 0x00, 0x00, 0x00, 0x00, 0x09, 0x01, 0x01, 0x01,
    0x01, 0x01, 0x01, 0x01, 0x05, 0x01, 0x01, 0x01, 0x01, 0x05, 0x05, 0x01,
    0x01, 0x05, 0x02, 0x05, 0x05, 0x05, 0x05, 0x05, 0x05, 0x02, 0x02, 0x02,
    0x02, 0x01, 0x01, 0x01, 0x01, 0x01, 0x01, 0x09, 0x01, 0x01, 0x01, 0x09,
    0x09, 0x01, 0x05, 0x05, 0x05, 0x05, 0x02, 0x02, 0x02, 0x02, 0x05, 0x05,
    0x05, 0x02, 0x02, 0x02, 0x02, 0x02, 0x02, 0x02, 0x02, 0x02, 0x02, 0x02,
    0x02, 0x02, 0x02, 0x0F, 0x0F, 0x02, 0x02, 0x02, 0x02, 0x0F, 0x12, 0x0F,
    0x0F, 0x12, 0x12, 0x0F, 0x02, 0x02, 0x02, 0x02, 0x02, 0x02, 0x05, 0x05,
    0x05, 0x01, 0x05, 0x01, 0x01, 0x01, 0x01, 0x01, 0x01, 0x05, 0x02, 0x02,
    0x02, 0x02, 0x05, 0x05, 0x05, 0x05, 0x05, 0x05, 0x05, 0x05, 0x05, 0x05,
    0x05, 0x02, 0x02, 0x05, 0x02, 0x02, 0x02, 0x05, 0x05, 0x05, 0x05, 0x05,
    0x05, 0x01, 0x01, 0x01, 0x01, 0x01, 0x01, 0x01, 0x01, 0x01, 0x09, 0x09,
    0x00, 0x00, 0x09, 0x01, 0x01, 0x09, 0x09, 0x09, 0x00, 0x00, 0x00, 0x00,
    0x00, 0x00, 0x00, 0x00, 0x00, 0x00, 0x00, 0x00, 0x00, 0x06, 0x03, 0x03,
    0x03, 0x00, 0x00, 0x06, 0x00, 0x00, 0x00, 0x06, 0x06, 0x03, 0x03, 0x03,
    0x03, 0x03, 0x0D, 0x04, 0x04, 0x0E, 0x04, 0x04, 0x0D, 0x04, 0x04, 0x0E,
    0x04, 0x04, 0x04, 0x04, 0x0E, 0x07, 0x0E, 0x0E, 0x04, 0x04, 0x04, 0x04,
    0x03, 0x03, 0x04, 0x0E, 0x07, 0x07, 0x10, 0x15, 0x0C, 0x0C, 0x0A, 0x16,
    0x08, 0x08, 0x0B, 0x0B, 0x0B, 0x0B, 0x0B, 0x0B, 0x0B, 0x0B, 0x0B, 0x0B,
    0x0B, 0x0B, 0x0B, 0x0B, 0x0B, 0x0B, 0x0B, 0x0B, 0x0B, 0x0B, 0x0B, 0x0B,
    0x0B, 0x0B, 0x0B, 0x0B, 0x0B, 0x0B, 0x0B, 0x0B, 0x0B, 0x0B, 0x08, 0x08,
    0x08, 0x16, 0x0A, 0x0A, 0x0A, 0x16, 0x0A, 0x0A, 0x0A, 0x16, 0x1D, 0x1D,
    0x08, 0x08, 0x08, 0x08, 0x08, 0x08, 0x08, 0x08, 0x08, 0x08, 0x08, 0x08,
    0x08, 0x08, 0x08, 0x08, 0x08, 0x08, 0x08, 0x0A, 0x0A, 0x0C, 0x0C, 0x15,
    0x07, 0x0E, 0x04, 0x03, 0x03, 0x03, 0x03, 0x03, 0x03, 0x03, 0x00, 0x00,
    0x00, 0x00, 0x00, 0x00, 0x00, 0x00, 0x06, 0x00, 0x00, 0x06, 0x00, 0x06,
    0x06, 0x03, 0x03, 0x03, 0x06, 0x06, 0x03, 0x06, 0x06, 0x06, 0x03, 0x06,
    0x00, 0x03, 0x03, 0x06, 0x00, 0x00, 0x00, 0x00, 0x09, 0x01, 0x09, 0x01,
    0x01, 0x01, 0x01, 0x01, 0x01, 0x01, 0x05, 0x05, 0x01, 0x01, 0x05, 0x01,
    0x01, 0x01, 0x01, 0x01, 0x09, 0x01, 0x01, 0x01, 0x09, 0x01, 0x01, 0x01,
    0x01, 0x01, 0x01, 0x05, 0x05, 0x02, 0x02, 0x02, 0x02, 0x02, 0x02, 0x02,
    0x02, 0x0F, 0x02, 0x0F, 0x12, 0x12, 0x0F, 0x0F, 0x0F, 0x0F, 0x12, 0x12,
    0x12, 0x12, 0x12, 0x12, 0x12, 0x0F, 0x12, 0x0F, 0x02, 0x02, 0x02, 0x02,
    0x0F, 0x12, 0x12, 0x12, 0x12, 0x12, 0x12, 0x12, 0x12, 0x12, 0x12, 0x12,
    0x02, 0x02, 0x02, 0x02, 0x02, 0x02, 0x02, 0x02, 0x02, 0x02, 0x02, 0x02,
    0x02, 0x05, 0x02, 0x02, 0x02, 0x02, 0x05, 0x01, 0x01, 0x01, 0x01, 0x01,
    0x01, 0x01, 0x01, 0x01, 0x01, 0x09, 0x09, 0x01, 0x01, 0x01, 0x01, 0x01,
    0x01, 0x05, 0x05, 0x01, 0x01, 0x01, 0x01, 0x01, 0x01, 0x01, 0x00, 0x00,
    0x00, 0x00, 0x09, 0x00, 0x00, 0x00, 0x00, 0x00, 0x00, 0x00, 0x00, 0x00,
    0x00, 0x00, 0x00, 0x00, 0x00, 0x00, 0x06, 0x00, 0x06, 0x00, 0x00, 0x00,
    0x00, 0x00, 0x00, 0x00, 0x00, 0x00, 0x00, 0x00, 0x06, 0x00, 0x00, 0x06,
    0x00, 0x06, 0x03, 0x03, 0x06, 0x06, 0x03, 0x03, 0x03, 0x03, 0x03, 0x0D,
    0x04, 0x0D, 0x03, 0x04, 0x04, 0x04, 0x0D, 0x03, 0x03, 0x03, 0x03, 0x03,
    0x03, 0x0D, 0x03, 0x04, 0x04, 0x04, 0x04, 0x04, 0x04, 0x04, 0x04, 0x04,
    0x0E, 0x07, 0x15, 0x0C, 0x0C, 0x0A, 0x08, 0x08, 0x0B, 0x0B, 0x0B, 0x0B,
    0x0B, 0x0B, 0x0B, 0x0B, 0x0B, 0x0B, 0x0B, 0x0B, 0x08, 0x08, 0x08, 0x08,
    0x08, 0x08, 0x08, 0x08, 0x08, 0x08, 0x08, 0x08, 0x08, 0x08, 0x0B, 0x0B,
    0x0B, 0x0B, 0x0B, 0x0B, 0x0B, 0x0B, 0x0B, 0x0B, 0x0B, 0x0B, 0x08, 0x08,
    0x08, 0x08, 0x08, 0x08, 0x08, 0x08, 0x08, 0x08, 0x0B, 0x08, 0x08, 0x0B,
    0x0B, 0x0B, 0x0B, 0x0B, 0x0B, 0x0B, 0x0B, 0x0B, 0x0B, 0x0B, 0x0B, 0x0B,
    0x0B, 0x0B, 0x08, 0x08, 0x08, 0x16, 0x0A, 0x0C, 0x15, 0x0E, 0x04, 0x0D,
    0x03, 0x06, 0x00, 0x00, 0x06, 0x00, 0x00, 0x00, 0x00, 0x00, 0x06, 0x06,
    0x00, 0x06, 0x06, 0x06, 0x06, 0x00, 0x00, 0x06, 0x06, 0x06, 0x06, 0x06,
    0x00, 0x00, 0x06, 0x00, 0x00, 0x00, 0x00, 0x00, 0x00, 0x09, 0x01, 0x09,
    0x00, 0x09, 0x09, 0x00, 0x00, 0x05, 0x05, 0x05, 0x05, 0x05, 0x05, 0x05,
    0x02, 0x05, 0x01, 0x05, 0x01, 0x05, 0x05, 0x05, 0x02, 0x05, 0x05, 0x05,
    0x02, 0x02, 0x02, 0x05, 0x05, 0x05, 0x01, 0x05, 0x02, 0x02, 0x02, 0x05,
    0x01, 0x01, 0x05, 0x05, 0x05, 0x01, 0x05, 0x05, 0x05, 0x05, 0x05, 0x05,
    0x02, 0x02, 0x02, 0x02, 0x02, 0x02, 0x0F, 0x0F, 0x0F, 0x02, 0x02, 0x02,
    0x0F, 0x02, 0x02, 0x02, 0x02, 0x02, 0x02, 0x0F, 0x0F, 0x0F, 0x0F, 0x0F,
    0x12, 0x12, 0x12, 0x12, 0x12, 0x12, 0x0F, 0x0F, 0x02, 0x02, 0x02, 0x02,
    0x02, 0x02, 0x02, 0x02, 0x02, 0x05, 0x05, 0x05, 0x02, 0x02, 0x05, 0x05,
    0x05, 0x02, 0x05, 0x01, 0x05, 0x05, 0x05, 0x05, 0x02, 0x02, 0x02, 0x02,
    0x05, 0x01, 0x05, 0x01, 0x01, 0x01, 0x01, 0x01, 0x01, 0x01, 0x01, 0x01,
    0x01, 0x01, 0x01, 0x01, 0x01, 0x01, 0x01, 0x01, 0x01, 0x01, 0x09, 0x09,
    0x01, 0x01, 0x01, 0x01, 0x01, 0x01, 0x01, 0x09, 0x01, 0x00, 0x00, 0x00,
    0x00, 0x00, 0x06, 0x06, 0x06, 0x06, 0x06, 0x06, 0x00, 0x00, 0x00, 0x06,
    0x00, 0x06, 0x06, 0x06, 0x06, 0x06, 0x06, 0x00, 0x06, 0x06, 0x06, 0x06,
    0x03, 0x03, 0x03, 0x03, 0x04, 0x0D, 0x0D, 0x04, 0x04, 0x04, 0x03, 0x04,
    0x03, 0x03, 0x03, 0x03, 0x03, 0x03, 0x03, 0x03, 0x04, 0x04, 0x04, 0x04,
    0x04, 0x04, 0x04, 0x04, 0x0E, 0x07, 0x07, 0x07, 0x10, 0x15, 0x0C, 0x16,
    0x16, 0x08, 0x08, 0x0B, 0x0B, 0x0B, 0x0B, 0x0B, 0x0B, 0x0B, 0x0B, 0x0B,
    0x08, 0x08, 0x08, 0x08, 0x08, 0x08, 0x1D, 0x0A, 0x0A, 0x0A, 0x0A, 0x0A,
    0x0A, 0x0A, 0x42, 0x08, 0x08, 0x08, 0x08, 0x08, 0x08, 0x0B, 0x0B, 0x0B,
    0x0B, 0x0B, 0x0B, 0x0B, 0x0B, 0x0B, 0x0B, 0x0B, 0x0B, 0x0B, 0x0B, 0x0B,
    0x0B, 0x0B, 0x0B, 0x0B, 0x0B, 0x0B, 0x0B, 0x0B, 0x0B, 0x0B, 0x0B, 0x0B,
    0x0B, 0x0B, 0x0B, 0x0B, 0x0B, 0x0B, 0x0B, 0x0B, 0x0B, 0x0B, 0x0B, 0x0B,
    0x0B, 0x08, 0x08, 0x16, 0x0C, 0x15, 0x07, 0x04, 0x0D, 0x03, 0x03, 0x06,
    0x03, 0x06, 0x06, 0x00, 0x00, 0x00, 0x00, 0x00, 0x00, 0x00, 0x06, 0x06,
    0x06, 0x06, 0x00, 0x06, 0x06, 0x06, 0x00, 0x00, 0x06, 0x00, 0x00, 0x00,
    0x00, 0x00, 0x00, 0x00, 0x00, 0x00, 0x00, 0x00, 0x00, 0x00, 0x00, 0x00,
    0x01, 0x01, 0x01, 0x01, 0x05, 0x05, 0x05, 0x05, 0x05, 0x05, 0x05, 0x05,
    0x05, 0x05, 0x05, 0x01, 0x01, 0x01, 0x01, 0x01, 0x01, 0x01, 0x01, 0x01,
    0x05, 0x05, 0x05, 0x05, 0x05, 0x05, 0x02, 0x02, 0x05, 0x05, 0x02, 0x02,
    0x02, 0x02, 0x02, 0x02, 0x02, 0x02, 0x02, 0x02, 0x02, 0x02, 0x02, 0x02,
    0x02, 0x02, 0x02, 0x0F, 0x02, 0x02, 0x0F, 0x0F, 0x0F, 0x0F, 0x02, 0x0F,
    0x12, 0x12, 0x12, 0x0F, 0x0F, 0x0F, 0x0F, 0x12, 0x0F, 0x0F, 0x02, 0x02,
    0x02, 0x02, 0x02, 0x05, 0x01, 0x01, 0x01, 0x01, 0x01, 0x01, 0x05, 0x05,
    0x05, 0x01, 0x01, 0x01, 0x01, 0x01, 0x01, 0x01, 0x01, 0x05, 0x02, 0x05,
    0x01, 0x05, 0x05, 0x01, 0x05, 0x05, 0x01, 0x01, 0x05, 0x01, 0x01, 0x01,
    0x01, 0x01, 0x05, 0x05, 0x01, 0x01, 0x05, 0x01, 0x01, 0x01, 0x01, 0x2F,
    0x09, 0x01, 0x09, 0x00, 0x09, 0x09, 0x01, 0x01, 0x09, 0x09, 0x00, 0x06,
    0x06, 0x00, 0x06, 0x06, 0x06, 0x06, 0x06, 0x06, 0x06, 0x00, 0x00, 0x00,
    0x00, 0x00, 0x00, 0x00, 0x00, 0x00, 0x00, 0x00, 0x00, 0x00, 0x00, 0x00,
    0x06, 0x00, 0x00, 0x06, 0x06, 0x06, 0x06, 0x06, 0x03, 0x04, 0x04, 0x04,
    0x04, 0x03, 0x03, 0x03, 0x03, 0x04, 0x04, 0x04, 0x04, 0x04, 0x04, 0x04,
    0x04, 0x04, 0x04, 0x03, 0x03, 0x03, 0x03, 0x03, 0x03, 0x03, 0x03, 0x04,
    0x0E, 0x07, 0x10, 0x15, 0x0C, 0x0A, 0x16, 0x08, 0x08, 0x0B, 0x0B, 0x0B,
    0x0B, 0x0B, 0x0B, 0x0B, 0x0B, 0x08, 0x08, 0x08, 0x08, 0x0A, 0x0A, 0x0A,
    0x0A, 0x0A, 0x0C, 0x0C, 0x0C, 0x0C, 0x20, 0x20, 0x0C, 0x0C, 0x0A, 0x0A,
    0x0A, 0x0A, 0x0A, 0x0A, 0x08, 0x08, 0x08, 0x08, 0x0B, 0x0B, 0x0B, 0x0B,
    0x0B, 0x0B, 0x0B, 0x0B, 0x0B, 0x0B, 0x0B, 0x0B, 0x0B, 0x0B, 0x0B, 0x0B,
    0x0B, 0x0B, 0x0B, 0x0B, 0x0B, 0x0B, 0x0B, 0x0B, 0x0B, 0x0B, 0x0B, 0x0B,
    0x0B, 0x0B, 0x0B, 0x0B, 0x0B, 0x0B, 0x0B, 0x0B, 0x0B, 0x0B, 0x08, 0x08,
    0x0A, 0x20, 0x07, 0x04, 0x0D, 0x03, 0x06, 0x00, 0x00, 0x00, 0x00, 0x00,
    0x00, 0x00, 0x06, 0x06, 0x06, 0x03, 0x03, 0x03, 0x03, 0x03, 0x06, 0x00,
    0x00, 0x00, 0x00, 0x06, 0x06, 0x06, 0x03, 0x03, 0x03, 0x03, 0x00, 0x00,
    0x01, 0x01, 0x01, 0x01, 0x01, 0x05, 0x01, 0x01, 0x01, 0x01, 0x01, 0x01,
    0x01, 0x01, 0x01, 0x01, 0x01, 0x09, 0x09, 0x00, 0x00, 0x00, 0x00, 0x00,
    0x00, 0x09, 0x01, 0x09, 0x01, 0x01, 0x01, 0x01, 0x01, 0x01, 0x01, 0x01,
    0x01, 0x01, 0x01, 0x02, 0x02, 0x05, 0x05, 0x05, 0x05, 0x02, 0x02, 0x02,
    0x02, 0x02, 0x02, 0x02, 0x02, 0x02, 0x02, 0x02, 0x02, 0x02, 0x02, 0x0F,
    0x12, 0x12, 0x12, 0x0F, 0x02, 0x02, 0x02, 0x02, 0x12, 0x29, 0x29, 0x12,
    0x12, 0x12, 0x12, 0x12, 0x02, 0x02, 0x02, 0x02, 0x02, 0x02, 0x02, 0x02,
    0x02, 0x02, 0x02, 0x02, 0x02, 0x0F, 0x0F, 0x02, 0x02, 0x02, 0x02, 0x02,
    0x02, 0x05, 0x05, 0x01, 0x01, 0x05, 0x05, 0x02, 0x05, 0x02, 0x05, 0x05,
    0x05, 0x01, 0x01, 0x01, 0x01, 0x01, 0x05, 0x05, 0x02, 0x05, 0x05, 0x02,
    0x05, 0x01, 0x09, 0x01, 0x09, 0x00, 0x00, 0x09, 0x09, 0x01, 0x09, 0x09,
    0x00, 0x09, 0x09, 0x01, 0x01, 0x09, 0x00, 0x00, 0x00, 0x00, 0x00, 0x00,
    0x00, 0x00, 0x00, 0x01, 0x00, 0x00, 0x00, 0x00, 0x00, 0x00, 0x06, 0x00,
    0x00, 0x00, 0x00, 0x06, 0x06, 0x00, 0x00, 0x00, 0x06, 0x00, 0x00, 0x00,
    0x00, 0x00, 0x00, 0x06, 0x06, 0x06, 0x06, 0x03, 0x06, 0x00, 0x00, 0x00,
    0x06, 0x03, 0x03, 0x03, 0x03, 0x04, 0x04, 0x04, 0x04, 0x04, 0x04, 0x04,
    0x0D, 0x03, 0x03, 0x04, 0x04, 0x03, 0x03, 0x04, 0x07, 0x10, 0x15, 0x0C,
    0x0A, 0x08, 0x08, 0x0B, 0x0B, 0x0B, 0x0B, 0x0B, 0x0B, 0x0B, 0x0B, 0x08,
    0x08, 0x08, 0x0A, 0x0A, 0x0A, 0x0C, 0x20, 0x15, 0x27, 0x27, 0x34, 0x14,
    0x14, 0x14, 0x14, 0x14, 0x14, 0x34, 0x34, 0x27, 0x31, 0x15, 0x20, 0x0C,
    0x0A, 0x0A, 0x3E, 0x08, 0x08, 0x08, 0x0B, 0x0B, 0x0B, 0x0B, 0x0B, 0x0B,
    0x0B, 0x0B, 0x0B, 0x0B, 0x0B, 0x0B, 0x0B, 0x0B, 0x0B, 0x0B, 0x0B, 0x0B,
    0x0B, 0x0B, 0x0B, 0x0B, 0x0B, 0x0B, 0x0B, 0x0B, 0x0B, 0x0B, 0x0B, 0x0B,
    0x0B, 0x0B, 0x0B, 0x0B, 0x0B, 0x0B, 0x0B, 0x08, 0x1D, 0x0C, 0x15, 0x07,
    0x04, 0x03, 0x06, 0x06, 0x00, 0x00, 0x00, 0x00, 0x00, 0x00, 0x00, 0x06,
    0x06, 0x00, 0x00, 0x00, 0x00, 0x00, 0x00, 0x00, 0x01, 0x00, 0x00, 0x00,
    0x00, 0x00, 0x00, 0x00, 0x00, 0x00, 0x00, 0x00, 0x09, 0x01, 0x01, 0x01,
    0x01, 0x01, 0x01, 0x01, 0x01, 0x01, 0x01, 0x01, 0x01, 0x01, 0x01, 0x01,
    0x01, 0x01, 0x01, 0x01, 0x01, 0x01, 0x01, 0x01, 0x01, 0x05, 0x02, 0x02,
    0x02, 0x02, 0x02, 0x02, 0x05, 0x05, 0x05, 0x01, 0x01, 0x01, 0x01, 0x05,
    0x02, 0x02, 0x02, 0x02, 0x02, 0x02, 0x05, 0x01, 0x05, 0x05, 0x02, 0x02,
    0x02, 0x12, 0x0F, 0x0F, 0x12, 0x0F, 0x02, 0x02, 0x02, 0x02, 0x02, 0x02,
    0x02, 0x02, 0x02, 0x02, 0x02, 0x0F, 0x02, 0x02, 0x02, 0x02, 0x02, 0x02,
    0x02, 0x02, 0x02, 0x02, 0x02, 0x02, 0x02, 0x02, 0x02, 0x02, 0x02, 0x12,
    0x0F, 0x0F, 0x0F, 0x0F, 0x0F, 0x02, 0x02, 0x02, 0x02, 0x05, 0x05, 0x05,
    0x01, 0x05, 0x05, 0x01, 0x01, 0x05, 0x05, 0x05, 0x05, 0x05, 0x01, 0x01,
    0x01, 0x01, 0x01, 0x01, 0x01, 0x01, 0x09, 0x01, 0x01, 0x09, 0x09, 0x01,
    0x01, 0x09, 0x09, 0x00, 0x00, 0x00, 0x00, 0x09, 0x01, 0x01, 0x05, 0x01,
    0x05, 0x01, 0x01, 0x01, 0x09, 0x09, 0x00, 0x00, 0x09, 0x01, 0x01, 0x00,
    0x00, 0x00, 0x00, 0x00, 0x00, 0x00, 0x00, 0x00, 0x06, 0x00, 0x00, 0x00,
    0x00, 0x06, 0x00, 0x00, 0x06, 0x03, 0x03, 0x03, 0x06, 0x06, 0x06, 0x06,
    0x03, 0x03, 0x03, 0x06, 0x00, 0x03, 0x03, 0x03, 0x04, 0x03, 0x03, 0x04,
    0x04, 0x04, 0x03, 0x0D, 0x04, 0x04, 0x0D, 0x04, 0x04, 0x04, 0x0E, 0x07,
    0x0E, 0x0E, 0x07, 0x07, 0x15, 0x0C, 0x0C, 0x0A, 0x08, 0x08, 0x0B, 0x0B,
    0x0B, 0x0B, 0x0B, 0x0B, 0x0B, 0x08, 0x08, 0x3B, 0x0A, 0x0A, 0x0C, 0x15,
    0x27, 0x14, 0x14, 0x14, 0x14, 0x14, 0x14, 0x14, 0x14, 0x14, 0x14, 0x14,
    0x14, 0x14, 0x14, 0x14, 0x14, 0x14, 0x34, 0x27, 0x31, 0x20, 0x0C, 0x0A,
    0x0A, 0x08, 0x08, 0x08, 0x08, 0x0B, 0x0B, 0x0B, 0x0B, 0x0B, 0x0B, 0x0B,
    0x0B, 0x0B, 0x0B, 0x0B, 0x08, 0x08, 0x08, 0x08, 0x08, 0x08, 0x08, 0x08,
    0x08, 0x08, 0x08, 0x08, 0x08, 0x08, 0x08, 0x08, 0x08, 0x08, 0x0B, 0x0B,
    0x0B, 0x0B, 0x0B, 0x0B, 0x08, 0x0A, 0x0C, 0x10, 0x04, 0x04, 0x03, 0x03,
    0x06, 0x06, 0x06, 0x06, 0x00, 0x06, 0x06, 0x00, 0x06, 0x06, 0x06, 0x06,
    0x00, 0x00, 0x00, 0x00, 0x00, 0x00, 0x06, 0x00, 0x00, 0x00, 0x00, 0x00,
    0x00, 0x00, 0x00, 0x00, 0x00, 0x06, 0x00, 0x00, 0x00, 0x00, 0x00, 0x00,
    0x00, 0x09, 0x00, 0x00, 0x00, 0x00, 0x00, 0x01, 0x01, 0x01, 0x01, 0x01,
    0x05, 0x05, 0x05, 0x05, 0x02, 0x05, 0x05, 0x02, 0x02, 0x02, 0x02, 0x02,
    0x02, 0x02, 0x02, 0x05, 0x05, 0x05, 0x05, 0x05, 0x05, 0x05, 0x05, 0x05,
    0x02, 0x05, 0x05, 0x05, 0x05, 0x05, 0x02, 0x02, 0x02, 0x02, 0x02, 0x02,
    0x02, 0x02, 0x02, 0x02, 0x02, 0x02, 0x02, 0x02, 0x02, 0x02, 0x02, 0x02,
    0x12, 0x0F, 0x0F, 0x02, 0x02, 0x02, 0x02, 0x02, 0x02, 0x05, 0x02, 0x02,
    0x02, 0x02, 0x02, 0x02, 0x02, 0x02, 0x02, 0x02, 0x02, 0x02, 0x02, 0x02,
    0x02, 0x0F, 0x02, 0x02, 0x02, 0x02, 0x05, 0x02, 0x02, 0x02, 0x05, 0x02,
    0x05, 0x05, 0x02, 0x02, 0x05, 0x05, 0x05, 0x05, 0x01, 0x01, 0x01, 0x01,
    0x09, 0x00, 0x00, 0x09, 0x09, 0x09, 0x09, 0x01, 0x09, 0x09, 0x00, 0x00,
    0x00, 0x00, 0x00, 0x00, 0x00, 0x01, 0x01, 0x01, 0x05, 0x01, 0x01, 0x01,
    0x01, 0x01, 0x09, 0x09, 0x00, 0x01, 0x01, 0x00, 0x09, 0x01, 0x01, 0x09,
    0x00, 0x00, 0x00, 0x00, 0x06, 0x06, 0x03, 0x06, 0x06, 0x06, 0x03, 0x06,
    0x00, 0x00, 0x00, 0x00, 0x06, 0x06, 0x00, 0x00, 0x06, 0x06, 0x03, 0x03,
    0x03, 0x03, 0x03, 0x03, 0x03, 0x03, 0x03, 0x03, 0x03, 0x03, 0x03, 0x03,
    0x0D, 0x03, 0x03, 0x03, 0x04, 0x04, 0x04, 0x04, 0x04, 0x0E, 0x07, 0x15,
    0x0C, 0x0A, 0x16, 0x08, 0x08, 0x0B, 0x0B, 0x0B, 0x0B, 0x0B, 0x0B, 0x08,
    0x08, 0x08, 0x0A, 0x0A, 0x0C, 0x31, 0x14, 0x21, 0x21, 0x14, 0x14, 0x14,
    0x14, 0x14, 0x14, 0x14, 0x14, 0x14, 0x14, 0x14, 0x14, 0x14, 0x14, 0x14,
    0x14, 0x14, 0x14, 0x14, 0x14, 0x14, 0x27, 0x15, 0x0C, 0x0A, 0x0A, 0x1D,
    0x08, 0x08, 0x08, 0x08, 0x08, 0x08, 0x08, 0x08, 0x08, 0x08, 0x08, 0x08,
    0x08, 0x08, 0x08, 0x08, 0x0A, 0x0A, 0x0A, 0x0A, 0x08, 0x0A, 0x0A, 0x08,
    0x08, 0x08, 0x08, 0x08, 0x08, 0x08, 0x08, 0x08, 0x08, 0x0B, 0x0B, 0x0B,
    0x0B, 0x08, 0x0A, 0x15, 0x07, 0x04, 0x04, 0x06, 0x06, 0x03, 0x06, 0x06,
    0x00, 0x00, 0x00, 0x00, 0x06, 0x06, 0x00, 0x00, 0x00, 0x06, 0x06, 0x06,
    0x00, 0x00, 0x00, 0x00, 0x00, 0x00, 0x00, 0x09, 0x01, 0x01, 0x09, 0x00,
    0x09, 0x00, 0x00, 0x09, 0x00, 0x09, 0x09, 0x00, 0x00, 0x00, 0x00, 0x00,
    0x00, 0x00, 0x00, 0x00, 0x09, 0x00, 0x00, 0x09, 0x01, 0x01, 0x01, 0x01,
    0x01, 0x02, 0x02, 0x02, 0x02, 0x02, 0x02, 0x02, 0x02, 0x02, 0x02, 0x02,
    0x05, 0x02, 0x02, 0x02, 0x02, 0x05, 0x02, 0x02, 0x02, 0x02, 0x02, 0x02,
    0x02, 0x02, 0x02, 0x02, 0x02, 0x02, 0x05, 0x05, 0x05, 0x05, 0x02, 0x02,
    0x02, 0x02, 0x02, 0x02, 0x02, 0x02, 0x0F, 0x02, 0x0F, 0x0F, 0x12, 0x12,
    0x0F, 0x02, 0x02, 0x02, 0x02, 0x02, 0x02, 0x0F, 0x12, 0x12, 0x0F, 0x0F,
    0x0F, 0x02, 0x02, 0x02, 0x02, 0x05, 0x05, 0x02, 0x02, 0x02, 0x05, 0x02,
    0x05, 0x05, 0x01, 0x01, 0x01, 0x01, 0x09, 0x01, 0x05, 0x01, 0x01, 0x01,
    0x01, 0x05, 0x02, 0x01, 0x01, 0x01, 0x05, 0x01, 0x01, 0x01, 0x09, 0x01,
    0x01, 0x09, 0x00, 0x09, 0x09, 0x01, 0x09, 0x00, 0x00, 0x00, 0x00, 0x06,
    0x03, 0x06, 0x06, 0x03, 0x06, 0x06, 0x06, 0x06, 0x00, 0x00, 0x00, 0x06,
    0x06, 0x00, 0x00, 0x00, 0x00, 0x00, 0x00, 0x00, 0x00, 0x00, 0x00, 0x00,
    0x00, 0x00, 0x00, 0x00, 0x00, 0x00, 0x06, 0x06, 0x03, 0x06, 0x00, 0x06,
    0x03, 0x06, 0x00, 0x06, 0x03, 0x03, 0x03, 0x0D, 0x04, 0x04, 0x04, 0x04,
    0x0E, 0x0E, 0x04, 0x04, 0x04, 0x04, 0x04, 0x04, 0x04, 0x04, 0x04, 0x0E,
    0x04, 0x04, 0x04, 0x04, 0x07, 0x07, 0x10, 0x15, 0x0C, 0x0A, 0x08, 0x08,
    0x0B, 0x0B, 0x0B, 0x0B, 0x0B, 0x08, 0x08, 0x08, 0x0A, 0x0A, 0x20, 0x27,
    0x14, 0x21, 0x21, 0x21, 0x14, 0x14, 0x14, 0x14, 0x14, 0x14, 0x14, 0x14,
    0x14, 0x14, 0x14, 0x14, 0x14, 0x14, 0x14, 0x14, 0x14, 0x14, 0x14, 0x34,
    0x14, 0x14, 0x14, 0x14, 0x34, 0x31, 0x0C, 0x0A, 0x0A, 0x0A, 0x08, 0x08,
    0x08, 0x08, 0x08, 0x08, 0x0A, 0x0A, 0x0A, 0x16, 0x0A, 0x16, 0x0A, 0x0A,
    0x0A, 0x0C, 0x0C, 0x10, 0x10, 0x07, 0x07, 0x0D, 0x0D, 0x0D, 0x0D, 0x0D,
    0x07, 0x0C, 0x08, 0x08, 0x08, 0x08, 0x0B, 0x0B, 0x0B, 0x08, 0x0A, 0x0C,
    0x07, 0x04, 0x04, 0x03, 0x06, 0x03, 0x03, 0x00, 0x00, 0x00, 0x00, 0x00,
    0x06, 0x06, 0x06, 0x03, 0x03, 0x03, 0x03, 0x03, 0x03, 0x03, 0x03, 0x03,
    0x06, 0x06, 0x06, 0x06, 0x06, 0x06, 0x06, 0x00, 0x06, 0x06, 0x00, 0x00,
    0x09, 0x09, 0x00, 0x01, 0x01, 0x01, 0x01, 0x01, 0x09, 0x01, 0x01, 0x01,
    0x05, 0x05, 0x05, 0x01, 0x01, 0x05, 0x05, 0x05, 0x01, 0x01, 0x05, 0x01,
    0x01, 0x01, 0x01, 0x01, 0x01, 0x01, 0x01, 0x05, 0x01, 0x01, 0x05, 0x05,
    0x01, 0x01, 0x02, 0x01, 0x01, 0x05, 0x02, 0x02, 0x02, 0x02, 0x02, 0x02,
    0x02, 0x02, 0x02, 0x05, 0x05, 0x05, 0x05, 0x02, 0x02, 0x02, 0x02, 0x02,
    0x02, 0x02, 0x05, 0x05, 0x02, 0x02, 0x0F, 0x02, 0x02, 0x0F, 0x12, 0x12,
    0x12, 0x12, 0x12, 0x12, 0x12, 0x0F, 0x02, 0x02, 0x02, 0x02, 0x02, 0x02,
    0x02, 0x02, 0x02, 0x02, 0x02, 0x02, 0x02, 0x02, 0x02, 0x02, 0x05, 0x01,
    0x01, 0x01, 0x01, 0x01, 0x01, 0x01, 0x01, 0x01, 0x05, 0x05, 0x01, 0x09,
    0x09, 0x09, 0x01, 0x09, 0x00, 0x00, 0x00, 0x00, 0x09, 0x09, 0x09, 0x00,
    0x00, 0x01, 0x01, 0x01, 0x01, 0x01, 0x09, 0x00, 0x00, 0x00, 0x00, 0x00,
    0x00, 0x00, 0x00, 0x09, 0x09, 0x00, 0x00, 0x00, 0x06, 0x00, 0x06, 0x03,
    0x03, 0x03, 0x03, 0x06, 0x06, 0x06, 0x06, 0x06, 0x06, 0x06, 0x06, 0x06,
    0x03, 0x03, 0x03, 0x06, 0x06, 0x03, 0x03, 0x03, 0x03, 0x03, 0x03, 0x03,
    0x04, 0x04, 0x0D, 0x0D, 0x04, 0x04, 0x04, 0x04, 0x0E, 0x04, 0x04, 0x0E,
    0x0E, 0x0E, 0x0E, 0x0E, 0x04, 0x04, 0x04, 0x04, 0x04, 0x04, 0x04, 0x0E,
    0x07, 0x15, 0x20, 0x0C, 0x16, 0x08, 0x08, 0x0B, 0x0B, 0x0B, 0x0B, 0x0B,
    0x08, 0x08, 0x0A, 0x0A, 0x0C, 0x27, 0x21, 0x1A, 0x21, 0x21, 0x14, 0x14,
    0x14, 0x14, 0x14, 0x14, 0x14, 0x14, 0x14, 0x14, 0x14, 0x14, 0x14, 0x14,
    0x14, 0x14, 0x14, 0x14, 0x14, 0x14, 0x14, 0x14, 0x14, 0x14, 0x14, 0x14,
    0x14, 0x14, 0x34, 0x15, 0x0C, 0x0C, 0x0A, 0x0A, 0x0A, 0x0A, 0x0A, 0x0A,
    0x0A, 0x0C, 0x20, 0x07, 0x0D, 0x03, 0x09, 0x02, 0x0F, 0x12, 0x19, 0x19,
    0x18, 0x18, 0x18, 0x18, 0x18, 0x18, 0x18, 0x18, 0x18, 0x19, 0x09, 0x0A,
    0x08, 0x08, 0x0B, 0x0B, 0x0B, 0x08, 0x08, 0x0A, 0x15, 0x07, 0x04, 0x0D,
    0x06, 0x03, 0x03, 0x06, 0x03, 0x06, 0x06, 0x03, 0x03, 0x03, 0x06, 0x06,
    0x06, 0x06, 0x03, 0x06, 0x03, 0x03, 0x03, 0x03, 0x03, 0x03, 0x06, 0x06,
    0x06, 0x00, 0x00, 0x00, 0x00, 0x00, 0x00, 0x00, 0x00, 0x00, 0x00, 0x00,
    0x09, 0x05, 0x05, 0x05, 0x02, 0x05, 0x05, 0x05, 0x02, 0x05, 0x01, 0x01,
    0x01, 0x01, 0x01, 0x05, 0x05, 0x05, 0x05, 0x02, 0x02, 0x05, 0x05, 0x05,
    0x05, 0x05, 0x05, 0x01, 0x01, 0x01, 0x01, 0x01, 0x01, 0x01, 0x01, 0x01,
    0x01, 0x05, 0x05, 0x01, 0x01, 0x01, 0x05, 0x02, 0x05, 0x05, 0x05, 0x05,
    0x05, 0x02, 0x02, 0x05, 0x02, 0x02, 0x0F, 0x0F, 0x0F, 0x0F, 0x02, 0x02,
    0x02, 0x02, 0x02, 0x05, 0x02, 0x02, 0x02, 0x02, 0x02, 0x0F, 0x02, 0x02,
    0x02, 0x02, 0x02, 0x02, 0x02, 0x02, 0x02, 0x02, 0x02, 0x02, 0x02, 0x0F,
    0x02, 0x02, 0x02, 0x05, 0x02, 0x02, 0x05, 0x05, 0x02, 0x05, 0x05, 0x05,
    0x05, 0x05, 0x01, 0x05, 0x02, 0x02, 0x02, 0x02, 0x02, 0x02, 0x02, 0x05,
    0x01, 0x05, 0x01, 0x01, 0x01, 0x01, 0x01, 0x01, 0x05, 0x05, 0x05, 0x01,
    0x01, 0x09, 0x01, 0x00, 0x00, 0x00, 0x00, 0x00, 0x01, 0x01, 0x09, 0x09,
    0x01, 0x01, 0x01, 0x01, 0x01, 0x00, 0x00, 0x00, 0x00, 0x00, 0x06, 0x06,
    0x06, 0x06, 0x00, 0x00, 0x06, 0x06, 0x03, 0x03, 0x03, 0x03, 0x03, 0x03,
    0x0D, 0x03, 0x03, 0x03, 0x03, 0x03, 0x03, 0x03, 0x03, 0x03, 0x03, 0x03,
    0x03, 0x03, 0x03, 0x03, 0x06, 0x06, 0x06, 0x03, 0x03, 0x03, 0x04, 0x04,
    0x04, 0x04, 0x04, 0x04, 0x04, 0x0E, 0x0E, 0x07, 0x15, 0x0C, 0x0A, 0x1D,
    0x08, 0x0B, 0x0B, 0x0B, 0x0B, 0x0B, 0x0B, 0x08, 0x08, 0x0A, 0x0A, 0x15,
    0x14, 0x1A, 0x1A, 0x21, 0x21, 0x21, 0x21, 0x14, 0x14, 0x14, 0x14, 0x14,
    0x14, 0x14, 0x14, 0x14, 0x14, 0x14, 0x14, 0x14, 0x14, 0x14, 0x14, 0x14,
    0x14, 0x14, 0x14, 0x14, 0x14, 0x14, 0x14, 0x14, 0x14, 0x14, 0x14, 0x14,
    0x27, 0x15, 0x46, 0x0C, 0x10, 0x07, 0x0D, 0x09, 0x0F, 0x12, 0x19, 0x19,
    0x18, 0x18, 0x18, 0x19, 0x22, 0x12, 0x0F, 0x0F, 0x02, 0x02, 0x02, 0x02,
    0x0F, 0x0F, 0x0F, 0x12, 0x12, 0x22, 0x18, 0x01, 0x0A, 0x0A, 0x08, 0x0B,
    0x0B, 0x0B, 0x08, 0x0A, 0x20, 0x07, 0x04, 0x04, 0x04, 0x04, 0x03, 0x03,
    0x03, 0x03, 0x06, 0x03, 0x03, 0x03, 0x03, 0x06, 0x00, 0x00, 0x00, 0x00,
    0x00, 0x00, 0x09, 0x00, 0x00, 0x09, 0x01, 0x00, 0x09, 0x00, 0x00, 0x00,
    0x00, 0x00, 0x00, 0x00, 0x00, 0x00, 0x00, 0x00, 0x00, 0x00, 0x00, 0x00,
    0x00, 0x01, 0x01, 0x01, 0x01, 0x01, 0x09, 0x09, 0x09, 0x00, 0x01, 0x01,
    0x01, 0x01, 0x01, 0x05, 0x05, 0x05, 0x05, 0x05, 0x05, 0x02, 0x02, 0x02,
    0x05, 0x02, 0x05, 0x02, 0x02, 0x02, 0x02, 0x05, 0x02, 0x02, 0x02, 0x12,
    0x12, 0x0F, 0x0F, 0x0F, 0x02, 0x02, 0x02, 0x02, 0x02, 0x02, 0x02, 0x02,
    0x0F, 0x0F, 0x12, 0x12, 0x12, 0x0F, 0x02, 0x0F, 0x02, 0x02, 0x02, 0x02,
    0x02, 0x02, 0x02, 0x02, 0x02, 0x05, 0x05, 0x05, 0x02, 0x02, 0x05, 0x05,
    0x02, 0x02, 0x02, 0x02, 0x02, 0x02, 0x02, 0x02, 0x02, 0x05, 0x05, 0x05,
    0x01, 0x01, 0x01, 0x05, 0x02, 0x02, 0x02, 0x05, 0x01, 0x01, 0x05, 0x02,
    0x02, 0x02, 0x02, 0x05, 0x05, 0x05, 0x05, 0x05, 0x01, 0x05, 0x05, 0x02,
    0x05, 0x05, 0x05, 0x01, 0x01, 0x01, 0x09, 0x09, 0x09, 0x00, 0x00, 0x00,
    0x00, 0x09, 0x00, 0x00, 0x00, 0x00, 0x00, 0x06, 0x06, 0x06, 0x06, 0x03,
    0x06, 0x03, 0x03, 0x06, 0x00, 0x00, 0x00, 0x00, 0x00, 0x00, 0x00, 0x00,
    0x00, 0x00, 0x00, 0x00, 0x00, 0x00, 0x00, 0x00, 0x00, 0x00, 0x06, 0x06,
    0x06, 0x06, 0x06, 0x06, 0x03, 0x03, 0x03, 0x06, 0x03, 0x04, 0x04, 0x04,
    0x0D, 0x03, 0x03, 0x03, 0x06, 0x03, 0x04, 0x04, 0x04, 0x04, 0x04, 0x04,
    0x0E, 0x0E, 0x07, 0x15, 0x20, 0x0C, 0x16, 0x08, 0x0B, 0x0B, 0x0B, 0x0B,
    0x0B, 0x08, 0x08, 0x3B, 0x0A, 0x0C, 0x27, 0x25, 0x1A, 0x1A, 0x21, 0x21,
    0x21, 0x21, 0x21, 0x14, 0x14, 0x14, 0x14, 0x14, 0x14, 0x14, 0x14, 0x14,
    0x14, 0x14, 0x14, 0x14, 0x14, 0x14, 0x14, 0x14, 0x14, 0x14, 0x14, 0x14,
    0x14, 0x14, 0x14, 0x14, 0x14, 0x14, 0x14, 0x14, 0x14, 0x14, 0x06, 0x12,
    0x19, 0x18, 0x18, 0x18, 0x18, 0x19, 0x19, 0x12, 0x0F, 0x01, 0x09, 0x03,
    0x04, 0x10, 0x0C, 0x0C, 0x0C, 0x15, 0x10, 0x07, 0x0D, 0x03, 0x09, 0x01,
    0x0F, 0x0F, 0x0F, 0x19, 0x0D, 0x0A, 0x08, 0x08, 0x0B, 0x08, 0x08, 0x0A,
    0x15, 0x0E, 0x0D, 0x03, 0x06, 0x00, 0x00, 0x00, 0x06, 0x00, 0x00, 0x00,
    0x00, 0x06, 0x06, 0x00, 0x06, 0x06, 0x06, 0x06, 0x06, 0x00, 0x00, 0x00,
    0x09, 0x01, 0x01, 0x00, 0x00, 0x00, 0x00, 0x00, 0x00, 0x00, 0x00, 0x00,
    0x00, 0x00, 0x00, 0x00, 0x00, 0x00, 0x00, 0x00, 0x00, 0x00, 0x00, 0x00,
    0x00, 0x00, 0x00, 0x09, 0x00, 0x09, 0x01, 0x01, 0x01, 0x05, 0x05, 0x05,
    0x01, 0x01, 0x01, 0x01, 0x01, 0x01, 0x01, 0x01, 0x01, 0x05, 0x02, 0x02,
    0x02, 0x05, 0x02, 0x02, 0x05, 0x02, 0x02, 0x02, 0x02, 0x02, 0x02, 0x02,
    0x02, 0x02, 0x0F, 0x0F, 0x12, 0x12, 0x0F, 0x0F, 0x0F, 0x02, 0x02, 0x02,
    0x02, 0x02, 0x02, 0x02, 0x0F, 0x02, 0x0F, 0x12, 0x12, 0x0F, 0x02, 0x02,
    0x02, 0x02, 0x02, 0x05, 0x02, 0x05, 0x02, 0x02, 0x05, 0x02, 0x02, 0x02,
    0x02, 0x02, 0x02, 0x02, 0x02, 0x05, 0x02, 0x02, 0x05, 0x05, 0x05, 0x05,
    0x05, 0x05, 0x05, 0x02, 0x02, 0x05, 0x05, 0x02, 0x02, 0x05, 0x01, 0x01,
    0x05, 0x05, 0x05, 0x01, 0x01, 0x01, 0x01, 0x01, 0x01, 0x01, 0x09, 0x09,
    0x09, 0x00, 0x00, 0x01, 0x09, 0x00, 0x00, 0x09, 0x01, 0x01, 0x01, 0x09,
    0x09, 0x01, 0x09, 0x00, 0x00, 0x00, 0x00, 0x00, 0x00, 0x00, 0x00, 0x00,
    0x00, 0x00, 0x00, 0x00, 0x06, 0x06, 0x03, 0x03, 0x06, 0x03, 0x03, 0x06,
    0x06, 0x00, 0x00, 0x06, 0x03, 0x06, 0x03, 0x03, 0x06, 0x06, 0x06, 0x00,
    0x00, 0x00, 0x00, 0x00, 0x00, 0x00, 0x06, 0x06, 0x03, 0x03, 0x0D, 0x03,
    0x03, 0x0D, 0x0D, 0x03, 0x03, 0x03, 0x04, 0x04, 0x04, 0x0E, 0x07, 0x15,
    0x0C, 0x16, 0x08, 0x08, 0x0B, 0x0B, 0x0B, 0x0B, 0x08, 0x08, 0x0A, 0x0A,
    0x20, 0x14, 0x28, 0x1A, 0x1A, 0x1A, 0x21, 0x21, 0x21, 0x21, 0x21, 0x14,
    0x14, 0x14, 0x14, 0x14, 0x14, 0x14, 0x14, 0x14, 0x14, 0x14, 0x14, 0x14,
    0x14, 0x14, 0x14, 0x14, 0x14, 0x14, 0x14, 0x14, 0x14, 0x14, 0x14, 0x14,
    0x14, 0x14, 0x14, 0x14, 0x14, 0x14, 0x14, 0x26, 0x18, 0x19, 0x50, 0x12,
    0x0F, 0x05, 0x09, 0x0D, 0x07, 0x10, 0x0C, 0x0A, 0x0A, 0x08, 0x0B, 0x0B,
    0x08, 0x16, 0x0C, 0x10, 0x07, 0x0D, 0x06, 0x09, 0x01, 0x0F, 0x0F, 0x29,
    0x0F, 0x0C, 0x0A, 0x08, 0x0B, 0x08, 0x08, 0x16, 0x0C, 0x07, 0x04, 0x03,
    0x06, 0x06, 0x03, 0x06, 0x00, 0x00, 0x00, 0x00, 0x00, 0x00, 0x09, 0x09,
    0x00, 0x09, 0x00, 0x00, 0x00, 0x00, 0x00, 0x00, 0x00, 0x00, 0x00, 0x00,
    0x09, 0x01, 0x00, 0x00, 0x01, 0x01, 0x00, 0x00, 0x09, 0x00, 0x00, 0x09,
    0x01, 0x01, 0x09, 0x00, 0x00, 0x09, 0x01, 0x09, 0x00, 0x00, 0x00, 0x00,
    0x09, 0x09, 0x00, 0x01, 0x01, 0x01, 0x05, 0x05, 0x01, 0x05, 0x05, 0x05,
    0x05, 0x01, 0x01, 0x01, 0x05, 0x05, 0x05, 0x01, 0x05, 0x05, 0x02, 0x02,
    0x02, 0x02, 0x02, 0x02, 0x02, 0x02, 0x02, 0x02, 0x02, 0x02, 0x02, 0x02,
    0x02, 0x0F, 0x0F, 0x02, 0x02, 0x02, 0x02, 0x02, 0x02, 0x02, 0x02, 0x02,
    0x02, 0x02, 0x02, 0x02, 0x02, 0x02, 0x02, 0x02, 0x02, 0x02, 0x02, 0x0F,
    0x0F, 0x02, 0x0F, 0x02, 0x02, 0x02, 0x02, 0x02, 0x02, 0x02, 0x02, 0x02,
    0x02, 0x02, 0x02, 0x02, 0x02, 0x02, 0x02, 0x02, 0x05, 0x05, 0x05, 0x01,
    0x05, 0x01, 0x01, 0x01, 0x01, 0x01, 0x01, 0x01, 0x01, 0x01, 0x01, 0x01,
    0x01, 0x01, 0x01, 0x09, 0x00, 0x09, 0x00, 0x00, 0x00, 0x00, 0x00, 0x00,
    0x00, 0x09, 0x00, 0x09, 0x09, 0x00, 0x00, 0x00, 0x00, 0x00, 0x00, 0x00,
    0x09, 0x09, 0x00, 0x00, 0x00, 0x00, 0x00, 0x00, 0x00, 0x00, 0x06, 0x06,
    0x06, 0x06, 0x03, 0x0D, 0x04, 0x04, 0x04, 0x04, 0x04, 0x04, 0x04, 0x04,
    0x04, 0x04, 0x04, 0x04, 0x03, 0x04, 0x04, 0x03, 0x06, 0x06, 0x06, 0x00,
    0x06, 0x03, 0x03, 0x03, 0x03, 0x03, 0x0D, 0x0D, 0x04, 0x04, 0x04, 0x04,
    0x03, 0x03, 0x03, 0x04, 0x04, 0x07, 0x10, 0x0C, 0x0A, 0x08, 0x08, 0x0B,
    0x0B, 0x0B, 0x0B, 0x08, 0x08, 0x0A, 0x0A, 0x15, 0x21, 0x28, 0x1A, 0x1A,
    0x1A, 0x1A, 0x21, 0x21, 0x21, 0x21, 0x21, 0x14, 0x14, 0x14, 0x14, 0x14,
    0x14, 0x14, 0x14, 0x14, 0x14, 0x14, 0x14, 0x14, 0x14, 0x14, 0x14, 0x14,
    0x14, 0x14, 0x14, 0x14, 0x14, 0x14, 0x14, 0x14, 0x14, 0x14, 0x14, 0x14,
    0x14, 0x14, 0x14, 0x5D, 0x48, 0x29, 0x12, 0x0F, 0x05, 0x09, 0x06, 0x03,
    0x0D, 0x0D, 0x0E, 0x07, 0x07, 0x07, 0x10, 0x10, 0x07, 0x07, 0x0D, 0x0D,
    0x06, 0x09, 0x01, 0x05, 0x0F, 0x0F, 0x12, 0x12, 0x29, 0x07, 0x0A, 0x08,
    0x08, 0x08, 0x08, 0x1D, 0x0C, 0x15, 0x07, 0x0E, 0x04, 0x04, 0x04, 0x04,
    0x03, 0x03, 0x03, 0x06, 0x06, 0x06, 0x00, 0x00, 0x00, 0x00, 0x00, 0x00,
    0x00, 0x00, 0x00, 0x00, 0x00, 0x00, 0x00, 0x00, 0x00, 0x00, 0x01, 0x01,
    0x01, 0x01, 0x01, 0x01, 0x09, 0x00, 0x00, 0x00, 0x00, 0x00, 0x00, 0x00,
    0x00, 0x00, 0x00, 0x01, 0x01, 0x01, 0x01, 0x05, 0x01, 0x01, 0x01, 0x05,
    0x05, 0x01, 0x05, 0x05, 0x05, 0x05, 0x05, 0x05, 0x01, 0x05, 0x05, 0x02,
    0x02, 0x02, 0x05, 0x05, 0x05, 0x01, 0x05, 0x05, 0x05, 0x05, 0x05, 0x02,
    0x05, 0x02, 0x02, 0x02, 0x02, 0x02, 0x02, 0x02, 0x02, 0x02, 0x02, 0x05,
    0x05, 0x05, 0x02, 0x02, 0x02, 0x02, 0x0F, 0x0F, 0x12, 0x12, 0x0F, 0x02,
    0x02, 0x02, 0x02, 0x05, 0x05, 0x05, 0x02, 0x02, 0x02, 0x02, 0x02, 0x02,
    0x02, 0x02, 0x02, 0x02, 0x01, 0x01, 0x01, 0x05, 0x02, 0x02, 0x02, 0x02,
    0x02, 0x02, 0x02, 0x02, 0x05, 0x01, 0x01, 0x01, 0x05, 0x05, 0x01, 0x01,
    0x01, 0x01, 0x01, 0x01, 0x01, 0x09, 0x01, 0x01, 0x01, 0x01, 0x01, 0x09,
    0x00, 0x00, 0x00, 0x00, 0x09, 0x00, 0x00, 0x00, 0x00, 0x00, 0x00, 0x00,
    0x00, 0x00, 0x00, 0x00, 0x09, 0x01, 0x09, 0x09, 0x09, 0x09, 0x00, 0x00,
    0x00, 0x00, 0x00, 0x03, 0x03, 0x06, 0x06, 0x06, 0x06, 0x06, 0x06, 0x06,
    0x06, 0x03, 0x03, 0x03, 0x03, 0x03, 0x03, 0x03, 0x03, 0x03, 0x0D, 0x04,
    0x03, 0x06, 0x06, 0x06, 0x03, 0x03, 0x06, 0x06, 0x03, 0x03, 0x0D, 0x03,
    0x03, 0x03, 0x03, 0x0D, 0x04, 0x04, 0x04, 0x04, 0x04, 0x04, 0x0E, 0x07,
    0x10, 0x15, 0x0C, 0x0A, 0x08, 0x08, 0x0B, 0x0B, 0x0B, 0x0B, 0x08, 0x08,
    0x0A, 0x0A, 0x15, 0x25, 0x28, 0x1A, 0x1A, 0x1A, 0x1A, 0x1A, 0x21, 0x21,
    0x21, 0x21, 0x21, 0x14, 0x14, 0x14, 0x14, 0x14, 0x14, 0x14, 0x14, 0x14,
    0x14, 0x14, 0x14, 0x14, 0x14, 0x14, 0x14, 0x14, 0x14, 0x14, 0x14, 0x14,
    0x14, 0x14, 0x14, 0x14, 0x14, 0x14, 0x14, 0x14, 0x14, 0x14, 0x14, 0x14,
    0x14, 0x25, 0x29, 0x22, 0x12, 0x0F, 0x0F, 0x05, 0x01, 0x01, 0x09, 0x09,
    0x09, 0x06, 0x03, 0x03, 0x06, 0x06, 0x09, 0x09, 0x01, 0x01, 0x02, 0x0F,
    0x0F, 0x12, 0x12, 0x29, 0x19, 0x0D, 0x0A, 0x0A, 0x08, 0x08, 0x08, 0x16,
    0x0C, 0x10, 0x07, 0x04, 0x04, 0x03, 0x0D, 0x04, 0x0D, 0x06, 0x06, 0x00,
    0x00, 0x00, 0x00, 0x00, 0x00, 0x06, 0x03, 0x06, 0x00, 0x00, 0x00, 0x00,
    0x00, 0x00, 0x00, 0x00, 0x00, 0x00, 0x00, 0x00, 0x00, 0x00, 0x00, 0x00,
    0x00, 0x00, 0x00, 0x00, 0x00, 0x00, 0x00, 0x00, 0x06, 0x06, 0x00, 0x00,
    0x00, 0x00, 0x01, 0x01, 0x01, 0x01, 0x01, 0x01, 0x01, 0x01, 0x09, 0x00,
    0x01, 0x01, 0x05, 0x02, 0x02, 0x02, 0x02, 0x02, 0x02, 0x02, 0x05, 0x01,
    0x05, 0x02, 0x02, 0x05, 0x05, 0x05, 0x05, 0x05, 0x05, 0x01, 0x05, 0x05,
    0x05, 0x02, 0x05, 0x05, 0x05, 0x05, 0x05, 0x05, 0x05, 0x02, 0x02, 0x02,
    0x02, 0x02, 0x02, 0x02, 0x0F, 0x0F, 0x02, 0x0F, 0x0F, 0x02, 0x02, 0x0F,
    0x0F, 0x02, 0x02, 0x0F, 0x0F, 0x02, 0x02, 0x0F, 0x0F, 0x02, 0x0F, 0x02,
    0x02, 0x05, 0x05, 0x05, 0x01, 0x05, 0x05, 0x05, 0x05, 0x05, 0x05, 0x05,
    0x05, 0x01, 0x09, 0x00, 0x09, 0x00, 0x01, 0x01, 0x01, 0x01, 0x01, 0x05,
    0x05, 0x05, 0x05, 0x05, 0x05, 0x05, 0x01, 0x01, 0x09, 0x00, 0x00, 0x00,
    0x00, 0x00, 0x00, 0x00, 0x00, 0x00, 0x00, 0x00, 0x06, 0x06, 0x06, 0x06,
    0x06, 0x06, 0x06, 0x06, 0x06, 0x06, 0x06, 0x06, 0x06, 0x00, 0x00, 0x00,
    0x06, 0x00, 0x00, 0x00, 0x00, 0x00, 0x00, 0x00, 0x00, 0x00, 0x00, 0x06,
    0x03, 0x03, 0x03, 0x03, 0x03, 0x03, 0x04, 0x04, 0x04, 0x03, 0x03, 0x0D,
    0x04, 0x04, 0x04, 0x04, 0x04, 0x04, 0x04, 0x04, 0x04, 0x04, 0x04, 0x04,
    0x04, 0x04, 0x04, 0x04, 0x04, 0x04, 0x0E, 0x10, 0x15, 0x15, 0x0C, 0x16,
    0x08, 0x0B, 0x0B, 0x0B, 0x0B, 0x08, 0x08, 0x0A, 0x0A, 0x36, 0x1B, 0x28,
    0x1A, 0x1A, 0x1A, 0x1A, 0x1A, 0x1A, 0x21, 0x21, 0x21, 0x1A, 0x21, 0x21,
    0x14, 0x14, 0x14, 0x14, 0x14, 0x14, 0x14, 0x14, 0x14, 0x14, 0x14, 0x14,
    0x14, 0x14, 0x14, 0x14, 0x14, 0x14, 0x14, 0x14, 0x14, 0x14, 0x14, 0x14,
    0x14, 0x14, 0x14, 0x14, 0x14, 0x14, 0x14, 0x14, 0x14, 0x5E, 0x25, 0x29,
    0x19, 0x29, 0x12, 0x12, 0x0F, 0x0F, 0x02, 0x05, 0x01, 0x09, 0x09, 0x09,
    0x09, 0x01, 0x01, 0x05, 0x05, 0x02, 0x0F, 0x0F, 0x12, 0x12, 0x29, 0x19,
    0x18, 0x03, 0x0C, 0x0A, 0x08, 0x08, 0x08, 0x16, 0x0C, 0x15, 0x07, 0x04,
    0x0D, 0x03, 0x0D, 0x04, 0x04, 0x0D, 0x03, 0x03, 0x06, 0x03, 0x0D, 0x03,
    0x03, 0x03, 0x03, 0x03, 0x03, 0x03, 0x06, 0x06, 0x06, 0x06, 0x00, 0x00,
    0x00, 0x00, 0x00, 0x06, 0x06, 0x06, 0x00, 0x00, 0x00, 0x00, 0x00, 0x09,
    0x01, 0x01, 0x01, 0x01, 0x09, 0x01, 0x01, 0x01, 0x01, 0x01, 0x05, 0x01,
    0x01, 0x01, 0x05, 0x05, 0x01, 0x01, 0x01, 0x09, 0x09, 0x09, 0x01, 0x01,
    0x05, 0x01, 0x01, 0x05, 0x05, 0x05, 0x01, 0x01, 0x09, 0x09, 0x01, 0x01,
    0x01, 0x05, 0x05, 0x02, 0x02, 0x02, 0x02, 0x02, 0x02, 0x02, 0x02, 0x02,
    0x02, 0x05, 0x05, 0x02, 0x02, 0x05, 0x05, 0x05, 0x05, 0x02, 0x02, 0x02,
    0x12, 0x12, 0x12, 0x12, 0x12, 0x12, 0x12, 0x12, 0x0F, 0x0F, 0x0F, 0x02,
    0x02, 0x02, 0x02, 0x02, 0x02, 0x02, 0x02, 0x02, 0x02, 0x02, 0x02, 0x02,
    0x02, 0x05, 0x05, 0x05, 0x02, 0x02, 0x02, 0x02, 0x02, 0x05, 0x05, 0x01,
    0x01, 0x01, 0x05, 0x01, 0x01, 0x01, 0x09, 0x01, 0x01, 0x01, 0x09, 0x01,
    0x01, 0x01, 0x01, 0x09, 0x09, 0x09, 0x01, 0x01, 0x09, 0x09, 0x01, 0x01,
    0x01, 0x01, 0x01, 0x01, 0x01, 0x01, 0x01, 0x01, 0x01, 0x01, 0x01, 0x00,
    0x00, 0x00, 0x00, 0x06, 0x06, 0x06, 0x06, 0x06, 0x06, 0x00, 0x00, 0x00,
    0x00, 0x00, 0x06, 0x03, 0x03, 0x03, 0x03, 0x03, 0x06, 0x06, 0x06, 0x06,
    0x06, 0x03, 0x03, 0x03, 0x0D, 0x04, 0x03, 0x03, 0x03, 0x03, 0x03, 0x0D,
    0x03, 0x03, 0x0D, 0x04, 0x04, 0x04, 0x04, 0x04, 0x04, 0x0E, 0x0E, 0x04,
    0x04, 0x04, 0x04, 0x07, 0x15, 0x0C, 0x0A, 0x08, 0x08, 0x0B, 0x0B, 0x0B,
    0x08, 0x08, 0x0A, 0x0A, 0x36, 0x1B, 0x28, 0x28, 0x1A, 0x1A, 0x1A, 0x1A,
    0x1A, 0x1A, 0x1A, 0x1A, 0x21, 0x21, 0x21, 0x21, 0x14, 0x14, 0x14, 0x14,
    0x14, 0x14, 0x14, 0x14, 0x14, 0x14, 0x14, 0x14, 0x14, 0x14, 0x14, 0x14,
    0x14, 0x14, 0x14, 0x14, 0x14, 0x14, 0x14, 0x14, 0x14, 0x14, 0x14, 0x14,
    0x14, 0x14, 0x14, 0x14, 0x14, 0x33, 0x14, 0x25, 0x29, 0x19, 0x22, 0x22,
    0x12, 0x12, 0x0F, 0x0F, 0x05, 0x05, 0x05, 0x01, 0x05, 0x05, 0x05, 0x02,
    0x0F, 0x0F, 0x12, 0x12, 0x29, 0x19, 0x19, 0x18, 0x18, 0x0D, 0x0C, 0x0A,
    0x08, 0x08, 0x08, 0x16, 0x0C, 0x07, 0x04, 0x03, 0x03, 0x03, 0x03, 0x06,
    0x03, 0x0D, 0x03, 0x00, 0x00, 0x06, 0x06, 0x06, 0x06, 0x06, 0x00, 0x06,
    0x06, 0x03, 0x03, 0x03, 0x06, 0x06, 0x06, 0x06, 0x00, 0x00, 0x01, 0x00,
    0x09, 0x09, 0x00, 0x00, 0x00, 0x09, 0x01, 0x01, 0x01, 0x01, 0x01, 0x05,
    0x05, 0x01, 0x01, 0x01, 0x01, 0x01, 0x01, 0x09, 0x01, 0x01, 0x01, 0x01,
    0x09, 0x01, 0x01, 0x01, 0x01, 0x05, 0x05, 0x05, 0x05, 0x05, 0x05, 0x05,
    0x02, 0x05, 0x05, 0x05, 0x05, 0x05, 0x05, 0x05, 0x05, 0x05, 0x05, 0x05,
    0x01, 0x05, 0x02, 0x05, 0x02, 0x02, 0x02, 0x02, 0x02, 0x02, 0x02, 0x0F,
    0x02, 0x02, 0x02, 0x02, 0x02, 0x0F, 0x12, 0x0F, 0x12, 0x12, 0x12, 0x12,
    0x12, 0x0F, 0x02, 0x02, 0x02, 0x02, 0x02, 0x02, 0x02, 0x02, 0x02, 0x02,
    0x02, 0x0F, 0x02, 0x02, 0x02, 0x02, 0x02, 0x02, 0x02, 0x02, 0x02, 0x02,
    0x02, 0x02, 0x02, 0x02, 0x02, 0x05, 0x02, 0x05, 0x01, 0x01, 0x01, 0x01,
    0x01, 0x01, 0x09, 0x01, 0x01, 0x01, 0x01, 0x01, 0x05, 0x01, 0x01, 0x01,
    0x01, 0x01, 0x09, 0x00, 0x00, 0x00, 0x00, 0x01, 0x01, 0x01, 0x01, 0x09,
    0x09, 0x09, 0x00, 0x09, 0x01, 0x01, 0x00, 0x09, 0x00, 0x00, 0x00, 0x00,
    0x00, 0x06, 0x00, 0x00, 0x00, 0x00, 0x00, 0x06, 0x00, 0x00, 0x00, 0x00,
    0x00, 0x00, 0x06, 0x06, 0x06, 0x03, 0x03, 0x03, 0x04, 0x04, 0x0D, 0x04,
    0x03, 0x0D, 0x04, 0x04, 0x04, 0x0D, 0x03, 0x04, 0x04, 0x04, 0x04, 0x04,
    0x04, 0x04, 0x04, 0x04, 0x04, 0x04, 0x04, 0x04, 0x04, 0x04, 0x07, 0x15,
    0x20, 0x0A, 0x1D, 0x08, 0x0B, 0x0B, 0x0B, 0x0B, 0x08, 0x0A, 0x0A, 0x15,
    0x1B, 0x28, 0x28, 0x28, 0x28, 0x28, 0x1A, 0x1A, 0x1A, 0x1A, 0x1A, 0x1A,
    0x21, 0x21, 0x21, 0x21, 0x14, 0x14, 0x14, 0x14, 0x14, 0x14, 0x14, 0x14,
    0x14, 0x14, 0x14, 0x14, 0x14, 0x14, 0x14, 0x14, 0x14, 0x14, 0x14, 0x14,
    0x14, 0x14, 0x14, 0x14, 0x14, 0x14, 0x14, 0x14, 0x14, 0x14, 0x14, 0x14,
    0x14, 0x14, 0x14, 0x14, 0x48, 0x22, 0x18, 0x19, 0x19, 0x12, 0x12, 0x0F,
    0x0F, 0x0F, 0x0F, 0x0F, 0x0F, 0x0F, 0x0F, 0x0F, 0x12, 0x12, 0x29, 0x19,
    0x19, 0x18, 0x18, 0x18, 0x19, 0x07, 0x0C, 0x0A, 0x08, 0x08, 0x08, 0x0A,
    0x0C, 0x10, 0x04, 0x04, 0x04, 0x04, 0x04, 0x0D, 0x03, 0x03, 0x03, 0x06,
    0x03, 0x03, 0x03, 0x06, 0x03, 0x03, 0x03, 0x06, 0x06, 0x00, 0x00, 0x00,
    0x00, 0x00, 0x00, 0x00, 0x00, 0x00, 0x00, 0x00, 0x00, 0x00, 0x09, 0x09,
    0x09, 0x01, 0x01, 0x01, 0x01, 0x01, 0x09, 0x09, 0x09, 0x09, 0x09, 0x01,
    0x01, 0x01, 0x01, 0x01, 0x01, 0x05, 0x05, 0x01, 0x01, 0x01, 0x05, 0x05,
    0x05, 0x05, 0x02, 0x02, 0x02, 0x02, 0x02, 0x02, 0x02, 0x02, 0x05, 0x05,
    0x05, 0x05, 0x01, 0x01, 0x05, 0x01, 0x05, 0x05, 0x05, 0x05, 0x02, 0x02,
    0x0F, 0x02, 0x02, 0x02, 0x02, 0x02, 0x02, 0x02, 0x02, 0x02, 0x02, 0x02,
    0x0F, 0x12, 0x12, 0x0F, 0x0F, 0x0F, 0x0F, 0x12, 0x0F, 0x02, 0x02, 0x02,
    0x02, 0x02, 0x02, 0x02, 0x02, 0x02, 0x02, 0x02, 0x02, 0x02, 0x02, 0x05,
    0x05, 0x05, 0x05, 0x02, 0x02, 0x02, 0x05, 0x02, 0x02, 0x02, 0x02, 0x05,
    0x05, 0x05, 0x05, 0x05, 0x05, 0x05, 0x01, 0x01, 0x01, 0x01, 0x01, 0x01,
    0x01, 0x01, 0x01, 0x05, 0x05, 0x01, 0x01, 0x01, 0x01, 0x01, 0x01, 0x01,
    0x01, 0x01, 0x09, 0x01, 0x01, 0x01, 0x00, 0x00, 0x00, 0x09, 0x00, 0x00,
    0x01, 0x00, 0x00, 0x00, 0x00, 0x00, 0x00, 0x00, 0x00, 0x00, 0x00, 0x00,
    0x00, 0x00, 0x00, 0x00, 0x00, 0x06, 0x06, 0x06, 0x06, 0x03, 0x03, 0x03,
    0x03, 0x03, 0x03, 0x03, 0x03, 0x03, 0x04, 0x04, 0x04, 0x04, 0x04, 0x04,
    0x04, 0x04, 0x04, 0x04, 0x03, 0x0D, 0x04, 0x04, 0x04, 0x03, 0x03, 0x03,
    0x03, 0x03, 0x03, 0x04, 0x0E, 0x07, 0x15, 0x0C, 0x0A, 0x08, 0x08, 0x0B,
    0x0B, 0x0B, 0x0B, 0x08, 0x0A, 0x0A, 0x15, 0x25, 0x1B, 0x28, 0x28, 0x28,
    0x28, 0x28, 0x28, 0x1A, 0x1A, 0x1A, 0x1A, 0x1A, 0x21, 0x21, 0x21, 0x21,
    0x14, 0x14, 0x14, 0x14, 0x14, 0x14, 0x14, 0x14, 0x14, 0x14, 0x14, 0x14,
    0x14, 0x14, 0x14, 0x14, 0x14, 0x14, 0x14, 0x14, 0x14, 0x14, 0x14, 0x14,
    0x14, 0x14, 0x14, 0x14, 0x14, 0x14, 0x14, 0x14, 0x33, 0x14, 0x14, 0x33,
    0x14, 0x1B, 0x18, 0x19, 0x19, 0x19, 0x29, 0x12, 0x12, 0x12, 0x12, 0x12,
    0x12, 0x12, 0x12, 0x29, 0x29, 0x19, 0x19, 0x19, 0x18, 0x18, 0x18, 0x44,
    0x01, 0x07, 0x0C, 0x0A, 0x08, 0x08, 0x08, 0x0A, 0x0C, 0x10, 0x04, 0x04,
    0x04, 0x04, 0x03, 0x04, 0x04, 0x04, 0x0D, 0x03, 0x03, 0x03, 0x03, 0x03,
    0x06, 0x06, 0x06, 0x06, 0x03, 0x00, 0x00, 0x09, 0x00, 0x00, 0x00, 0x00,
    0x00, 0x06, 0x06, 0x06, 0x06, 0x06, 0x00, 0x00, 0x00, 0x09, 0x00, 0x00,
    0x00, 0x00, 0x00, 0x00, 0x00, 0x09, 0x00, 0x09, 0x01, 0x01, 0x01, 0x05,
    0x01, 0x01, 0x01, 0x01, 0x01, 0x00, 0x09, 0x09, 0x09, 0x01, 0x05, 0x01,
    0x01, 0x05, 0x02, 0x05, 0x05, 0x01, 0x01, 0x05, 0x05, 0x05, 0x05, 0x05,
    0x05, 0x01, 0x05, 0x02, 0x02, 0x02, 0x02, 0x02, 0x02, 0x02, 0x02, 0x02,
    0x02, 0x02, 0x0F, 0x0F, 0x02, 0x12, 0x12, 0x02, 0x0F, 0x0F, 0x02, 0x02,
    0x02, 0x0F, 0x0F, 0x12, 0x0F, 0x02, 0x02, 0x02, 0x02, 0x02, 0x02, 0x02,
    0x02, 0x0F, 0x12, 0x12, 0x0F, 0x0F, 0x02, 0x02, 0x02, 0x02, 0x02, 0x02,
    0x02, 0x05, 0x02, 0x02, 0x02, 0x02, 0x05, 0x02, 0x05, 0x05, 0x02, 0x02,
    0x02, 0x02, 0x02, 0x02, 0x05, 0x05, 0x05, 0x01, 0x01, 0x01, 0x01, 0x01,
    0x01, 0x01, 0x01, 0x01, 0x09, 0x09, 0x09, 0x00, 0x00, 0x00, 0x00, 0x00,
    0x09, 0x09, 0x00, 0x01, 0x01, 0x01, 0x01, 0x01, 0x01, 0x01, 0x09, 0x09,
    0x09, 0x00, 0x00, 0x00, 0x00, 0x00, 0x00, 0x00, 0x00, 0x01, 0x09, 0x01,
    0x01, 0x00, 0x00, 0x00, 0x00, 0x06, 0x03, 0x06, 0x03, 0x06, 0x00, 0x00,
    0x06, 0x06, 0x06, 0x06, 0x03, 0x03, 0x03, 0x03, 0x03, 0x03, 0x03, 0x03,
    0x03, 0x06, 0x06, 0x06, 0x06, 0x03, 0x03, 0x03, 0x3A, 0x04, 0x04, 0x04,
    0x0E, 0x07, 0x15, 0x0C, 0x0A, 0x08, 0x0B, 0x0B, 0x0B, 0x0B, 0x08, 0x3D,
    0x0A, 0x0C, 0x25, 0x1B, 0x1B, 0x28, 0x28, 0x28, 0x28, 0x28, 0x28, 0x1A,
    0x1A, 0x1A, 0x1A, 0x1A, 0x1A, 0x21, 0x21, 0x21, 0x21, 0x14, 0x14, 0x14,
    0x14, 0x14, 0x14, 0x14, 0x14, 0x14, 0x14, 0x14, 0x14, 0x14, 0x14, 0x14,
    0x14, 0x14, 0x14, 0x14, 0x14, 0x14, 0x14, 0x14, 0x14, 0x14, 0x14, 0x14,
    0x14, 0x14, 0x14, 0x14, 0x14, 0x14, 0x14, 0x14, 0x33, 0x14, 0x26, 0x18,
    0x19, 0x19, 0x19, 0x19, 0x19, 0x29, 0x19, 0x19, 0x19, 0x19, 0x19, 0x19,
    0x19, 0x18, 0x18, 0x18, 0x18, 0x18, 0x44, 0x19, 0x0D, 0x07, 0x0C, 0x0A,
    0x08, 0x08, 0x08, 0x0A, 0x0C, 0x10, 0x04, 0x04, 0x03, 0x06, 0x06, 0x06,
    0x03, 0x03, 0x03, 0x06, 0x06, 0x03, 0x03, 0x06, 0x00, 0x00, 0x00, 0x09,
    0x00, 0x00, 0x00, 0x00, 0x00, 0x00, 0x00, 0x00, 0x00, 0x00, 0x00, 0x00,
    0x00, 0x00, 0x00, 0x00, 0x00, 0x09, 0x00, 0x01, 0x01, 0x01, 0x01, 0x09,
    0x09, 0x01, 0x01, 0x01, 0x01, 0x01, 0x09, 0x01, 0x05, 0x05, 0x05, 0x02,
    0x05, 0x05, 0x01, 0x01, 0x01, 0x01, 0x01, 0x01, 0x05, 0x02, 0x02, 0x05,
    0x05, 0x02, 0x02, 0x05, 0x02, 0x0F, 0x0F, 0x02, 0x02, 0x0F, 0x02, 0x02,
    0x02, 0x02, 0x02, 0x02, 0x02, 0x02, 0x02, 0x05, 0x02, 0x02, 0x02, 0x02,
    0x05, 0x05, 0x05, 0x05, 0x05, 0x02, 0x02, 0x0F, 0x02, 0x02, 0x0F, 0x02,
    0x02, 0x02, 0x02, 0x02, 0x0F, 0x02, 0x02, 0x02, 0x02, 0x02, 0x02, 0x02,
    0x02, 0x02, 0x05, 0x02, 0x05, 0x05, 0x02, 0x02, 0x02, 0x02, 0x05, 0x05,
    0x05, 0x05, 0x05, 0x05, 0x01, 0x05, 0x05, 0x05, 0x05, 0x01, 0x01, 0x01,
    0x01, 0x01, 0x01, 0x05, 0x05, 0x01, 0x05, 0x05, 0x01, 0x05, 0x05, 0x05,
    0x01, 0x01, 0x01, 0x05, 0x05, 0x05, 0x05, 0x05, 0x01, 0x05, 0x01, 0x09,
    0x00, 0x00, 0x00, 0x00, 0x00, 0x00, 0x01, 0x09, 0x00, 0x00, 0x00, 0x00,
    0x00, 0x00, 0x00, 0x00, 0x00, 0x00, 0x00, 0x00, 0x00, 0x00, 0x00, 0x00,
    0x00, 0x06, 0x03, 0x03, 0x03, 0x03, 0x03, 0x03, 0x03, 0x03, 0x03, 0x06,
    0x03, 0x03, 0x03, 0x03, 0x0D, 0x0D, 0x04, 0x04, 0x0D, 0x04, 0x04, 0x04,
    0x04, 0x04, 0x04, 0x04, 0x04, 0x04, 0x04, 0x07, 0x10, 0x15, 0x0C, 0x0A,
    0x08, 0x08, 0x0B, 0x0B, 0x0B, 0x08, 0x08, 0x0A, 0x0C, 0x04, 0x1E, 0x28,
    0x28, 0x28, 0x28, 0x28, 0x28, 0x28, 0x28, 0x1A, 0x1A, 0x1A, 0x1A, 0x1A,
    0x1A, 0x21, 0x21, 0x21, 0x21, 0x14, 0x14, 0x14, 0x14, 0x14, 0x14, 0x14,
    0x14, 0x14, 0x14, 0x14, 0x14, 0x14, 0x14, 0x14, 0x14, 0x14, 0x14, 0x14,
    0x14, 0x14, 0x14, 0x14, 0x14, 0x14, 0x14, 0x14, 0x14, 0x14, 0x14, 0x14,
    0x14, 0x14, 0x14, 0x14, 0x1A, 0x1A, 0x14, 0x4B, 0x18, 0x18, 0x18, 0x18,
    0x18, 0x18, 0x18, 0x18, 0x18, 0x18, 0x18, 0x18, 0x18, 0x18, 0x18, 0x18,
    0x18, 0x18, 0x12, 0x00, 0x0D, 0x10, 0x0C, 0x0A, 0x08, 0x08, 0x08, 0x0A,
    0x0C, 0x10, 0x07, 0x0E, 0x04, 0x03, 0x03, 0x03, 0x06, 0x06, 0x06, 0x06,
    0x06, 0x06, 0x03, 0x03, 0x06, 0x03, 0x03, 0x06, 0x00, 0x06, 0x06, 0x00,
    0x00, 0x06, 0x06, 0x06, 0x06, 0x00, 0x00, 0x00, 0x00, 0x00, 0x00, 0x00,
    0x00, 0x00, 0x00, 0x00, 0x00, 0x00, 0x00, 0x00, 0x00, 0x00, 0x09, 0x01,
    0x01, 0x01, 0x01, 0x01, 0x01, 0x01, 0x09, 0x01, 0x01, 0x00, 0x09, 0x01,
    0x01, 0x01, 0x05, 0x01, 0x01, 0x05, 0x05, 0x01, 0x01, 0x01, 0x05, 0x05,
    0x05, 0x02, 0x02, 0x02, 0x02, 0x02, 0x02, 0x02, 0x02, 0x02, 0x02, 0x02,
    0x02, 0x02, 0x02, 0x02, 0x02, 0x02, 0x02, 0x02, 0x0F, 0x12, 0x12, 0x0F,
    0x12, 0x12, 0x12, 0x0F, 0x12, 0x12, 0x12, 0x12, 0x0F, 0x12, 0x02, 0x02,
    0x02, 0x02, 0x02, 0x02, 0x02, 0x02, 0x02, 0x02, 0x02, 0x02, 0x05, 0x05,
    0x05, 0x05, 0x01, 0x05, 0x05, 0x02, 0x02, 0x02, 0x02, 0x02, 0x05, 0x01,
    0x01, 0x01, 0x05, 0x05, 0x05, 0x01, 0x01, 0x09, 0x00, 0x00, 0x00, 0x09,
    0x01, 0x09, 0x09, 0x01, 0x01, 0x01, 0x01, 0x01, 0x01, 0x01, 0x01, 0x09,
    0x09, 0x09, 0x00, 0x00, 0x00, 0x00, 0x00, 0x00, 0x06, 0x06, 0x06, 0x06,
    0x03, 0x06, 0x06, 0x03, 0x03, 0x03, 0x04, 0x04, 0x03, 0x03, 0x03, 0x03,
    0x03, 0x03, 0x03, 0x03, 0x03, 0x03, 0x03, 0x06, 0x00, 0x00, 0x00, 0x00,
    0x00, 0x00, 0x00, 0x00, 0x06, 0x03, 0x03, 0x03, 0x03, 0x03, 0x03, 0x03,
    0x04, 0x04, 0x04, 0x04, 0x0E, 0x0E, 0x07, 0x07, 0x07, 0x07, 0x07, 0x10,
    0x07, 0x07, 0x07, 0x15, 0x15, 0x0C, 0x0A, 0x16, 0x08, 0x0B, 0x0B, 0x0B,
    0x0B, 0x08, 0x0A, 0x0C, 0x0E, 0x1E, 0x1B, 0x1B, 0x1B, 0x1B, 0x1B, 0x28,
    0x28, 0x28, 0x28, 0x1A, 0x1A, 0x1A, 0x1A, 0x1A, 0x1A, 0x21, 0x21, 0x21,
    0x14, 0x21, 0x14, 0x14, 0x14, 0x14, 0x14, 0x14, 0x14, 0x14, 0x14, 0x14,
    0x14, 0x14, 0x14, 0x14, 0x14, 0x14, 0x14, 0x14, 0x14, 0x14, 0x14, 0x14,
    0x14, 0x14, 0x14, 0x14, 0x14, 0x14, 0x14, 0x14, 0x33, 0x33, 0x33, 0x14,
    0x33, 0x1A, 0x33, 0x1A, 0x22, 0x18, 0x18, 0x18, 0x18, 0x18, 0x19, 0x19,
    0x19, 0x19, 0x19, 0x22, 0x22, 0x22, 0x12, 0x12, 0x12, 0x0F, 0x09, 0x0D,
    0x07, 0x10, 0x0A, 0x08, 0x08, 0x08, 0x08, 0x0A, 0x0C, 0x07, 0x04, 0x04,
    0x03, 0x03, 0x03, 0x03, 0x06, 0x06, 0x06, 0x03, 0x03, 0x03, 0x03, 0x03,
    0x03, 0x04, 0x04, 0x04, 0x04, 0x04, 0x04, 0x04, 0x04, 0x0D, 0x03, 0x03,
    0x03, 0x06, 0x06, 0x06, 0x00, 0x06, 0x00, 0x09, 0x01, 0x09, 0x01, 0x01,
    0x09, 0x01, 0x01, 0x09, 0x09, 0x09, 0x00, 0x00, 0x09, 0x01, 0x01, 0x09,
    0x09, 0x09, 0x09, 0x01, 0x01, 0x01, 0x01, 0x09, 0x01, 0x01, 0x05, 0x02,
    0x02, 0x05, 0x05, 0x05, 0x01, 0x01, 0x01, 0x05, 0x02, 0x05, 0x01, 0x01,
    0x01, 0x01, 0x01, 0x01, 0x05, 0x05, 0x05, 0x02, 0x02, 0x02, 0x02, 0x02,
    0x02, 0x02, 0x02, 0x02, 0x02, 0x02, 0x02, 0x02, 0x02, 0x02, 0x02, 0x02,
    0x02, 0x02, 0x02, 0x02, 0x02, 0x02, 0x02, 0x02, 0x02, 0x02, 0x02, 0x02,
    0x02, 0x02, 0x02, 0x02, 0x02, 0x02, 0x02, 0x05, 0x05, 0x05, 0x02, 0x02,
    0x02, 0x02, 0x02, 0x02, 0x02, 0x05, 0x05, 0x01, 0x09, 0x01, 0x01, 0x01,
    0x01, 0x01, 0x01, 0x01, 0x01, 0x01, 0x01, 0x01, 0x05, 0x01, 0x01, 0x01,
    0x01, 0x01, 0x00, 0x00, 0x09, 0x00, 0x00, 0x00, 0x00, 0x00, 0x00, 0x00,
    0x00, 0x00, 0x00, 0x06, 0x06, 0x00, 0x06, 0x03, 0x03, 0x06, 0x00, 0x06,
    0x06, 0x00, 0x00, 0x00, 0x00, 0x00, 0x00, 0x00, 0x00, 0x00, 0x00, 0x00,
    0x00, 0x00, 0x00, 0x06, 0x06, 0x00, 0x06, 0x06, 0x06, 0x06, 0x00, 0x00,
    0x03, 0x03, 0x03, 0x03, 0x03, 0x03, 0x03, 0x03, 0x04, 0x04, 0x03, 0x04,
    0x04, 0x04, 0x0E, 0x04, 0x04, 0x04, 0x0E, 0x07, 0x07, 0x07, 0x07, 0x10,
    0x15, 0x0C, 0x16, 0x08, 0x0B, 0x0B, 0x0B, 0x0B, 0x08, 0x0A, 0x0C, 0x15,
    0x1B, 0x1B, 0x1B, 0x1B, 0x1B, 0x1B, 0x1B, 0x1B, 0x28, 0x28, 0x28, 0x28,
    0x1A, 0x1A, 0x1A, 0x1A, 0x21, 0x1A, 0x21, 0x21, 0x21, 0x14, 0x14, 0x14,
    0x14, 0x14, 0x14, 0x14, 0x14, 0x14, 0x14, 0x14, 0x14, 0x14, 0x14, 0x14,
    0x14, 0x14, 0x14, 0x14, 0x14, 0x14, 0x14, 0x14, 0x14, 0x14, 0x14, 0x14,
    0x14, 0x14, 0x14, 0x14, 0x14, 0x33, 0x33, 0x33, 0x33, 0x33, 0x1A, 0x33,
    0x1B, 0x44, 0x18, 0x19, 0x12, 0x12, 0x0F, 0x0F, 0x0F, 0x0F, 0x0F, 0x0F,
    0x01, 0x01, 0x01, 0x01, 0x09, 0x03, 0x03, 0x07, 0x10, 0x0C, 0x0A, 0x08,
    0x0B, 0x0B, 0x08, 0x1D, 0x0A, 0x15, 0x07, 0x07, 0x04, 0x04, 0x0D, 0x03,
    0x03, 0x03, 0x03, 0x03, 0x03, 0x03, 0x03, 0x03, 0x03, 0x03, 0x03, 0x03,
    0x03, 0x06, 0x03, 0x06, 0x03, 0x06, 0x00, 0x00, 0x00, 0x00, 0x00, 0x00,
    0x00, 0x00, 0x00, 0x00, 0x00, 0x00, 0x00, 0x00, 0x00, 0x00, 0x00, 0x00,
    0x00, 0x00, 0x00, 0x00, 0x09, 0x01, 0x01, 0x01, 0x09, 0x09, 0x01, 0x01,
    0x01, 0x09, 0x00, 0x01, 0x01, 0x01, 0x01, 0x05, 0x05, 0x05, 0x01, 0x01,
    0x01, 0x01, 0x01, 0x05, 0x01, 0x05, 0x01, 0x01, 0x01, 0x05, 0x02, 0x02,
    0x02, 0x02, 0x02, 0x02, 0x02, 0x02, 0x05, 0x02, 0x05, 0x05, 0x05, 0x05,
    0x05, 0x05, 0x02, 0x02, 0x05, 0x05, 0x02, 0x05, 0x12, 0x12, 0x12, 0x0F,
    0x02, 0x02, 0x02, 0x02, 0x02, 0x02, 0x02, 0x02, 0x02, 0x0F, 0x02, 0x05,
    0x05, 0x05, 0x05, 0x01, 0x01, 0x01, 0x02, 0x02, 0x02, 0x05, 0x05, 0x05,
    0x05, 0x01, 0x01, 0x01, 0x01, 0x01, 0x01, 0x01, 0x01, 0x09, 0x09, 0x01,
    0x01, 0x01, 0x01, 0x01, 0x05, 0x01, 0x05, 0x05, 0x01, 0x05, 0x05, 0x05,
    0x05, 0x01, 0x05, 0x01, 0x01, 0x01, 0x01, 0x01, 0x01, 0x01, 0x01, 0x01,
    0x01, 0x09, 0x09, 0x09, 0x00, 0x00, 0x00, 0x00, 0x00, 0x00, 0x00, 0x00,
    0x00, 0x00, 0x06, 0x06, 0x06, 0x06, 0x03, 0x06, 0x00, 0x00, 0x06, 0x06,
    0x06, 0x00, 0x00, 0x03, 0x03, 0x03, 0x06, 0x06, 0x06, 0x03, 0x03, 0x00,
    0x06, 0x03, 0x03, 0x03, 0x04, 0x0D, 0x0D, 0x04, 0x04, 0x04, 0x0E, 0x0E,
    0x04, 0x04, 0x0E, 0x07, 0x07, 0x15, 0x15, 0x15, 0x0C, 0x0A, 0x08, 0x08,
    0x0B, 0x0B, 0x0B, 0x08, 0x08, 0x0A, 0x0C, 0x25, 0x1E, 0x1B, 0x1B, 0x1B,
    0x1B, 0x1B, 0x1B, 0x1B, 0x1B, 0x28, 0x28, 0x28, 0x1A, 0x1A, 0x1A, 0x1A,
    0x21, 0x1A, 0x21, 0x21, 0x21, 0x21, 0x21, 0x14, 0x14, 0x14, 0x14, 0x14,
    0x14, 0x14, 0x14, 0x14, 0x14, 0x34, 0x27, 0x27, 0x27, 0x27, 0x34, 0x14,
    0x14, 0x14, 0x14, 0x14, 0x14, 0x14, 0x14, 0x14, 0x14, 0x14, 0x14, 0x14,
    0x1A, 0x33, 0x1A, 0x1A, 0x1A, 0x1A, 0x1A, 0x1A, 0x14, 0x02, 0x19, 0x12,
    0x0F, 0x0F, 0x01, 0x01, 0x09, 0x09, 0x09, 0x09, 0x09, 0x09, 0x09, 0x03,
    0x03, 0x0D, 0x07, 0x10, 0x0C, 0x0A, 0x08, 0x08, 0x0B, 0x0B, 0x0B, 0x08,
    0x16, 0x0C, 0x20, 0x10, 0x07, 0x04, 0x0D, 0x06, 0x00, 0x00, 0x00, 0x00,
    0x06, 0x03, 0x03, 0x03, 0x03, 0x03, 0x03, 0x03, 0x03, 0x03, 0x06, 0x06,
    0x06, 0x06, 0x06, 0x06, 0x00, 0x00, 0x00, 0x00, 0x00, 0x09, 0x09, 0x09,
    0x01, 0x01, 0x01, 0x01, 0x01, 0x00, 0x00, 0x00, 0x00, 0x00, 0x00, 0x00,
    0x00, 0x00, 0x09, 0x09, 0x09, 0x00, 0x00, 0x00, 0x00, 0x00, 0x00, 0x01,
    0x01, 0x01, 0x05, 0x05, 0x01, 0x01, 0x01, 0x01, 0x01, 0x01, 0x01, 0x01,
    0x01, 0x01, 0x01, 0x01, 0x01, 0x01, 0x05, 0x05, 0x05, 0x02, 0x02, 0x02,
    0x02, 0x02, 0x0F, 0x0F, 0x0F, 0x0F, 0x0F, 0x0F, 0x12, 0x0F, 0x0F, 0x0F,
    0x12, 0x0F, 0x0F, 0x0F, 0x02, 0x02, 0x0F, 0x02, 0x02, 0x02, 0x02, 0x02,
    0x02, 0x02, 0x02, 0x02, 0x02, 0x02, 0x02, 0x02, 0x02, 0x02, 0x02, 0x02,
    0x02, 0x02, 0x02, 0x02, 0x02, 0x05, 0x05, 0x05, 0x05, 0x05, 0x01, 0x01,
    0x01, 0x01, 0x01, 0x01, 0x01, 0x09, 0x09, 0x09, 0x01, 0x01, 0x01, 0x01,
    0x01, 0x01, 0x01, 0x09, 0x09, 0x09, 0x09, 0x00, 0x01, 0x09, 0x01, 0x01,
    0x09, 0x09, 0x00, 0x00, 0x00, 0x00, 0x00, 0x00, 0x00, 0x00, 0x00, 0x00,
    0x09, 0x09, 0x00, 0x00, 0x00, 0x00, 0x00, 0x00, 0x00, 0x00, 0x00, 0x00,
    0x00, 0x06, 0x06, 0x06, 0x06, 0x06, 0x03, 0x03, 0x03, 0x03, 0x0D, 0x03,
    0x0D, 0x04, 0x04, 0x03, 0x03, 0x03, 0x03, 0x03, 0x04, 0x04, 0x04, 0x04,
    0x04, 0x04, 0x04, 0x04, 0x04, 0x04, 0x04, 0x04, 0x0E, 0x0E, 0x07, 0x15,
    0x15, 0x20, 0x0C, 0x0A, 0x16, 0x08, 0x08, 0x0B, 0x0B, 0x0B, 0x0B, 0x08,
    0x0A, 0x0C, 0x0E, 0x1E, 0x1B, 0x1B, 0x1B, 0x1B, 0x1B, 0x1B, 0x1B, 0x1B,
    0x1B, 0x28, 0x28, 0x28, 0x1A, 0x1A, 0x1A, 0x1A, 0x1A, 0x1A, 0x21, 0x21,
    0x21, 0x21, 0x21, 0x14, 0x14, 0x14, 0x14, 0x14, 0x14, 0x14, 0x14, 0x34,
    0x27, 0x31, 0x47, 0x51, 0x30, 0x47, 0x47, 0x47, 0x34, 0x14, 0x14, 0x14,
    0x14, 0x14, 0x14, 0x14, 0x14, 0x14, 0x14, 0x33, 0x1A, 0x33, 0x1A, 0x1A,
    0x1A, 0x1A, 0x1A, 0x1A, 0x1A, 0x1A, 0x02, 0x0F, 0x01, 0x09, 0x09, 0x03,
    0x03, 0x03, 0x03, 0x0D, 0x0D, 0x0D, 0x0D, 0x0D, 0x07, 0x07, 0x10, 0x0C,
    0x0A, 0x0A, 0x08, 0x08, 0x0B, 0x0B, 0x0B, 0x0B, 0x08, 0x16, 0x0A, 0x0C,
    0x15, 0x07, 0x0E, 0x04, 0x03, 0x0D, 0x04, 0x04, 0x04, 0x04, 0x04, 0x04,
    0x04, 0x03, 0x00, 0x06, 0x06, 0x06, 0x03, 0x03, 0x03, 0x03, 0x03, 0x03,
    0x03, 0x06, 0x06, 0x03, 0x03, 0x06, 0x00, 0x00, 0x00, 0x06, 0x00, 0x00,
    0x00, 0x00, 0x00, 0x00, 0x00, 0x00, 0x00, 0x00, 0x00, 0x00, 0x00, 0x09,
    0x01, 0x09, 0x00, 0x09, 0x09, 0x01, 0x01, 0x01, 0x01, 0x05, 0x05, 0x01,
    0x01, 0x01, 0x01, 0x01, 0x01, 0x01, 0x01, 0x01, 0x05, 0x05, 0x05, 0x05,
    0x05, 0x01, 0x01, 0x05, 0x05, 0x05, 0x05, 0x05, 0x05, 0x05, 0x05, 0x05,
    0x02, 0x02, 0x02, 0x02, 0x02, 0x02, 0x02, 0x02, 0x02, 0x02, 0x02, 0x0F,
    0x12, 0x12, 0x12, 0x0F, 0x0F, 0x02, 0x02, 0x0F, 0x0F, 0x12, 0x0F, 0x02,
    0x02, 0x02, 0x02, 0x02, 0x02, 0x02, 0x05, 0x05, 0x05, 0x02, 0x02, 0x05,
    0x01, 0x01, 0x01, 0x01, 0x01, 0x01, 0x09, 0x09, 0x01, 0x01, 0x01, 0x09,
    0x00, 0x00, 0x01, 0x01, 0x01, 0x01, 0x01, 0x01, 0x01, 0x01, 0x01, 0x01,
    0x00, 0x01, 0x01, 0x01, 0x09, 0x00, 0x00, 0x00, 0x00, 0x00, 0x00, 0x00,
    0x00, 0x06, 0x06, 0x06, 0x06, 0x06, 0x06, 0x03, 0x03, 0x06, 0x06, 0x06,
    0x06, 0x06, 0x00, 0x00, 0x06, 0x00, 0x00, 0x00, 0x06, 0x03, 0x03, 0x03,
    0x06, 0x06, 0x06, 0x06, 0x03, 0x00, 0x00, 0x06, 0x06, 0x03, 0x0D, 0x0D,
    0x03, 0x03, 0x0D, 0x04, 0x04, 0x04, 0x04, 0x04, 0x04, 0x04, 0x0E, 0x04,
    0x0E, 0x0E, 0x07, 0x07, 0x10, 0x10, 0x10, 0x15, 0x0C, 0x0C, 0x0A, 0x08,
    0x08, 0x0B, 0x0B, 0x0B, 0x0B, 0x0B, 0x08, 0x0A, 0x0A, 0x10, 0x1B, 0x1E,
    0x1E, 0x1E, 0x1B, 0x1B, 0x1B, 0x1B, 0x1B, 0x1B, 0x1B, 0x28, 0x28, 0x28,
    0x1A, 0x1A, 0x1A, 0x1A, 0x1A, 0x1A, 0x21, 0x21, 0x21, 0x21, 0x21, 0x14,
    0x14, 0x14, 0x14, 0x14, 0x14, 0x14, 0x34, 0x31, 0x47, 0x30, 0x30, 0x30,
    0x45, 0x45, 0x30, 0x30, 0x47, 0x34, 0x14, 0x14, 0x14, 0x14, 0x14, 0x14,
    0x14, 0x14, 0x14, 0x33, 0x1A, 0x1A, 0x1A, 0x1A, 0x1A, 0x1A, 0x1A, 0x1A,
    0x1A, 0x1A, 0x1B, 0x05, 0x09, 0x03, 0x0D, 0x0D, 0x07, 0x07, 0x07, 0x07,
    0x07, 0x07, 0x07, 0x10, 0x10, 0x10, 0x0C, 0x0A, 0x0A, 0x08, 0x08, 0x0B,
    0x0B, 0x0B, 0x0B, 0x0B, 0x08, 0x08, 0x16, 0x0A, 0x0C, 0x15, 0x15, 0x07,
    0x0E, 0x0E, 0x04, 0x03, 0x03, 0x04, 0x0D, 0x0D, 0x04, 0x04, 0x04, 0x04,
    0x04, 0x03, 0x03, 0x03, 0x06, 0x06, 0x06, 0x06, 0x06, 0x06, 0x06, 0x06,
    0x00, 0x00, 0x00, 0x00, 0x09, 0x01, 0x01, 0x01, 0x09, 0x00, 0x01, 0x01,
    0x01, 0x01, 0x01, 0x01, 0x01, 0x01, 0x01, 0x01, 0x09, 0x09, 0x09, 0x00,
    0x00, 0x09, 0x09, 0x01, 0x01, 0x01, 0x01, 0x09, 0x00, 0x09, 0x09, 0x00,
    0x09, 0x01, 0x01, 0x05, 0x01, 0x09, 0x01, 0x05, 0x05, 0x05, 0x05, 0x02,
    0x02, 0x02, 0x02, 0x05, 0x05, 0x05, 0x02, 0x05, 0x02, 0x02, 0x05, 0x05,
    0x02, 0x02, 0x02, 0x02, 0x02, 0x05, 0x05, 0x02, 0x0F, 0x0F, 0x0F, 0x02,
    0x02, 0x02, 0x02, 0x02, 0x02, 0x05, 0x02, 0x02, 0x05, 0x05, 0x02, 0x02,
    0x02, 0x02, 0x02, 0x02, 0x02, 0x01, 0x05, 0x01, 0x01, 0x01, 0x01, 0x05,
    0x02, 0x05, 0x05, 0x05, 0x05, 0x05, 0x01, 0x01, 0x01, 0x09, 0x09, 0x00,
    0x00, 0x00, 0x00, 0x00, 0x00, 0x09, 0x01, 0x05, 0x01, 0x01, 0x01, 0x01,
    0x01, 0x01, 0x00, 0x09, 0x01, 0x01, 0x01, 0x05, 0x01, 0x01, 0x01, 0x00,
    0x00, 0x00, 0x00, 0x00, 0x06, 0x06, 0x06, 0x03, 0x03, 0x06, 0x06, 0x03,
    0x03, 0x03, 0x0D, 0x0D, 0x04, 0x04, 0x04, 0x04, 0x04, 0x0D, 0x03, 0x03,
    0x03, 0x03, 0x03, 0x03, 0x03, 0x03, 0x03, 0x03, 0x03, 0x03, 0x03, 0x03,
    0x03, 0x0D, 0x04, 0x0D, 0x04, 0x04, 0x04, 0x04, 0x0E, 0x07, 0x10, 0x10,
    0x10, 0x15, 0x0C, 0x0C, 0x0A, 0x16, 0x08, 0x08, 0x0B, 0x0B, 0x0B, 0x0B,
    0x0B, 0x08, 0x08, 0x0A, 0x0C, 0x04, 0x1E, 0x1E, 0x1E, 0x1E, 0x1E, 0x1B,
    0x1B, 0x1B, 0x1B, 0x1B, 0x1B, 0x1B, 0x28, 0x28, 0x1A, 0x1A, 0x1A, 0x1A,
    0x1A, 0x1A, 0x21, 0x21, 0x21, 0x21, 0x21, 0x14, 0x14, 0x14, 0x14, 0x14,
    0x14, 0x34, 0x27, 0x31, 0x30, 0x45, 0x16, 0x16, 0x1D, 0x1D, 0x16, 0x16,
    0x30, 0x31, 0x34, 0x14, 0x14, 0x14, 0x14, 0x33, 0x33, 0x33, 0x33, 0x1A,
    0x1A, 0x1A, 0x1A, 0x1A, 0x1A, 0x1A, 0x1A, 0x1A, 0x1A, 0x1A, 0x1A, 0x00,
    0x52, 0x0D, 0x07, 0x07, 0x10, 0x10, 0x10, 0x10, 0x10, 0x0C, 0x0C, 0x0C,
    0x0C, 0x0C, 0x0A, 0x0A, 0x08, 0x08, 0x08, 0x0B, 0x0B, 0x0B, 0x0B, 0x0B,
    0x0B, 0x0B, 0x08, 0x16, 0x0A, 0x0C, 0x15, 0x07, 0x04, 0x04, 0x0D, 0x03,
    0x03, 0x03, 0x0D, 0x04, 0x04, 0x04, 0x04, 0x04, 0x04, 0x04, 0x03, 0x03,
    0x03, 0x03, 0x06, 0x06, 0x03, 0x03, 0x03, 0x03, 0x06, 0x00, 0x00, 0x00,
    0x00, 0x00, 0x00, 0x09, 0x00, 0x00, 0x00, 0x09, 0x09, 0x00, 0x00, 0x00,
    0x00, 0x00, 0x00, 0x00, 0x09, 0x09, 0x01, 0x09, 0x09, 0x01, 0x09, 0x00,
    0x09, 0x00, 0x00, 0x01, 0x01, 0x01, 0x05, 0x01, 0x01, 0x01, 0x01, 0x01,
    0x05, 0x05, 0x01, 0x01, 0x01, 0x01, 0x01, 0x01, 0x01, 0x01, 0x01, 0x02,
    0x02, 0x02, 0x02, 0x02, 0x02, 0x02, 0x02, 0x02, 0x02, 0x02, 0x02, 0x02,
    0x0F, 0x12, 0x0F, 0x12, 0x01, 0x05, 0x02, 0x05, 0x05, 0x05, 0x02, 0x02,
    0x05, 0x05, 0x05, 0x05, 0x05, 0x02, 0x02, 0x02, 0x02, 0x0F, 0x02, 0x02,
    0x02, 0x02, 0x02, 0x02, 0x02, 0x02, 0x02, 0x02, 0x05, 0x05, 0x05, 0x01,
    0x01, 0x01, 0x01, 0x01, 0x09, 0x00, 0x00, 0x06, 0x06, 0x06, 0x00, 0x00,
    0x09, 0x01, 0x01, 0x05, 0x01, 0x01, 0x01, 0x09, 0x00, 0x01, 0x01, 0x01,
    0x01, 0x01, 0x05, 0x02, 0x05, 0x01, 0x01, 0x01, 0x00, 0x00, 0x00, 0x00,
    0x06, 0x03, 0x03, 0x03, 0x06, 0x03, 0x03, 0x03, 0x03, 0x03, 0x03, 0x03,
    0x03, 0x04, 0x04, 0x04, 0x04, 0x04, 0x04, 0x04, 0x04, 0x04, 0x04, 0x04,
    0x04, 0x03, 0x03, 0x0D, 0x04, 0x04, 0x04, 0x04, 0x04, 0x04, 0x04, 0x04,
    0x04, 0x04, 0x04, 0x04, 0x04, 0x0E, 0x07, 0x15, 0x15, 0x15, 0x0C, 0x0A,
    0x16, 0x08, 0x08, 0x0B, 0x0B, 0x0B, 0x0B, 0x0B, 0x08, 0x08, 0x0A, 0x0C,
    0x10, 0x1B, 0x1E, 0x1E, 0x1E, 0x1E, 0x1E, 0x1B, 0x1B, 0x1B, 0x1B, 0x1B,
    0x1B, 0x1B, 0x28, 0x28, 0x28, 0x1A, 0x1A, 0x1A, 0x1A, 0x1A, 0x21, 0x21,
    0x21, 0x21, 0x21, 0x14, 0x14, 0x14, 0x14, 0x14, 0x14, 0x27, 0x31, 0x30,
    0x45, 0x16, 0x1D, 0x08, 0x08, 0x08, 0x08, 0x1D, 0x16, 0x30, 0x47, 0x14,
    0x14, 0x14, 0x33, 0x33, 0x1A, 0x1A, 0x1A, 0x1A, 0x1A, 0x1A, 0x1A, 0x1A,
    0x1A, 0x1A, 0x1A, 0x1A, 0x1A, 0x1A, 0x1A, 0x25, 0x03, 0x0D, 0x07, 0x10,
    0x0C, 0x0C, 0x0C, 0x0C, 0x0C, 0x0C, 0x0C, 0x0C, 0x0A, 0x0A, 0x0A, 0x0A,
    0x08, 0x08, 0x08, 0x0B, 0x0B, 0x0B, 0x0B, 0x0B, 0x0B, 0x0B, 0x0B, 0x08,
    0x08, 0x0A, 0x0C, 0x15, 0x07, 0x07, 0x04, 0x04, 0x03, 0x03, 0x03, 0x03,
    0x03, 0x03, 0x03, 0x06, 0x03, 0x03, 0x06, 0x06, 0x00, 0x00, 0x00, 0x00,
    0x06, 0x03, 0x03, 0x03, 0x03, 0x03, 0x03, 0x03, 0x03, 0x03, 0x06, 0x06,
    0x06, 0x00, 0x06, 0x06, 0x00, 0x06, 0x03, 0x06, 0x00, 0x00, 0x00, 0x01,
    0x05, 0x05, 0x01, 0x01, 0x01, 0x01, 0x01, 0x01, 0x01, 0x09, 0x09, 0x01,
    0x05, 0x05, 0x05, 0x01, 0x01, 0x01, 0x01, 0x01, 0x01, 0x01, 0x09, 0x00,
    0x00, 0x00, 0x00, 0x01, 0x05, 0x05, 0x02, 0x02, 0x02, 0x02, 0x02, 0x02,
    0x02, 0x02, 0x02, 0x02, 0x0F, 0x0F, 0x0F, 0x0F, 0x0F, 0x12, 0x0F, 0x02,
    0x02, 0x02, 0x02, 0x02, 0x02, 0x02, 0x02, 0x02, 0x02, 0x02, 0x02, 0x02,
    0x02, 0x02, 0x02, 0x02, 0x02, 0x02, 0x02, 0x02, 0x02, 0x0F, 0x02, 0x02,
    0x02, 0x02, 0x05, 0x01, 0x01, 0x05, 0x05, 0x05, 0x05, 0x05, 0x01, 0x01,
    0x01, 0x01, 0x09, 0x00, 0x09, 0x09, 0x00, 0x06, 0x06, 0x06, 0x00, 0x00,
    0x00, 0x00, 0x00, 0x00, 0x00, 0x01, 0x01, 0x00, 0x00, 0x00, 0x09, 0x00,
    0x00, 0x00, 0x00, 0x09, 0x09, 0x09, 0x00, 0x09, 0x01, 0x00, 0x00, 0x00,
    0x00, 0x06, 0x00, 0x00, 0x06, 0x06, 0x06, 0x06, 0x06, 0x06, 0x03, 0x03,
    0x03, 0x03, 0x04, 0x04, 0x0D, 0x04, 0x04, 0x03, 0x0D, 0x03, 0x06, 0x03,
    0x03, 0x03, 0x04, 0x04, 0x04, 0x04, 0x04, 0x03, 0x03, 0x03, 0x03, 0x0D,
    0x04, 0x07, 0x10, 0x15, 0x0C, 0x0A, 0x16, 0x08, 0x08, 0x08, 0x0B, 0x0B,
    0x0B, 0x0B, 0x0B, 0x0B, 0x08, 0x16, 0x0C, 0x49, 0x25, 0x17, 0x1E, 0x1E,
    0x1E, 0x1E, 0x1E, 0x1B, 0x1B, 0x1B, 0x1B, 0x1B, 0x1B, 0x1B, 0x28, 0x28,
    0x28, 0x1A, 0x1A, 0x1A, 0x1A, 0x1A, 0x21, 0x21, 0x21, 0x21, 0x21, 0x14,
    0x14, 0x14, 0x14, 0x14, 0x34, 0x27, 0x30, 0x30, 0x16, 0x1D, 0x08, 0x0B,
    0x0B, 0x0B, 0x0B, 0x0B, 0x1D, 0x16, 0x51, 0x27, 0x14, 0x14, 0x33, 0x33,
    0x1A, 0x1A, 0x1A, 0x1A, 0x1A, 0x1A, 0x1A, 0x1A, 0x1A, 0x1A, 0x1A, 0x1A,
    0x1A, 0x1A, 0x1A, 0x1A, 0x25, 0x43, 0x10, 0x0C, 0x0C, 0x0A, 0x0A, 0x0A,
    0x0A, 0x0A, 0x0A, 0x0A, 0x0A, 0x0A, 0x0A, 0x0A, 0x08, 0x08, 0x08, 0x08,
    0x0B, 0x0B, 0x0B, 0x0B, 0x0B, 0x0B, 0x0B, 0x0B, 0x08, 0x08, 0x0A, 0x0C,
    0x15, 0x07, 0x04, 0x03, 0x03, 0x06, 0x00, 0x00, 0x00, 0x00, 0x03, 0x03,
    0x03, 0x03, 0x03, 0x03, 0x03, 0x00, 0x00, 0x00, 0x00, 0x00, 0x00, 0x00,
    0x06, 0x00, 0x06, 0x06, 0x06, 0x03, 0x00, 0x00, 0x00, 0x00, 0x00, 0x00,
    0x00, 0x00, 0x00, 0x00, 0x00, 0x09, 0x01, 0x09, 0x01, 0x01, 0x01, 0x01,
    0x01, 0x01, 0x05, 0x01, 0x01, 0x01, 0x09, 0x01, 0x09, 0x01, 0x01, 0x05,
    0x05, 0x05, 0x01, 0x05, 0x01, 0x01, 0x01, 0x01, 0x01, 0x01, 0x01, 0x01,
    0x01, 0x01, 0x01, 0x01, 0x01, 0x01, 0x01, 0x01, 0x01, 0x05, 0x02, 0x02,
    0x02, 0x02, 0x02, 0x02, 0x02, 0x02, 0x02, 0x02, 0x02, 0x02, 0x02, 0x02,
    0x02, 0x02, 0x02, 0x02, 0x0F, 0x02, 0x02, 0x02, 0x02, 0x02, 0x02, 0x02,
    0x02, 0x02, 0x02, 0x02, 0x02, 0x05, 0x05, 0x05, 0x05, 0x05, 0x01, 0x01,
    0x01, 0x05, 0x05, 0x01, 0x01, 0x05, 0x05, 0x05, 0x01, 0x01, 0x01, 0x01,
    0x05, 0x05, 0x01, 0x01, 0x05, 0x05, 0x01, 0x09, 0x01, 0x01, 0x00, 0x01,
    0x01, 0x01, 0x09, 0x09, 0x00, 0x00, 0x00, 0x00, 0x00, 0x00, 0x00, 0x06,
    0x00, 0x00, 0x00, 0x00, 0x00, 0x00, 0x00, 0x00, 0x00, 0x00, 0x06, 0x03,
    0x03, 0x03, 0x03, 0x06, 0x00, 0x00, 0x00, 0x06, 0x00, 0x00, 0x06, 0x03,
    0x03, 0x03, 0x04, 0x04, 0x0D, 0x03, 0x03, 0x03, 0x03, 0x03, 0x03, 0x06,
    0x03, 0x0D, 0x04, 0x03, 0x0D, 0x04, 0x04, 0x04, 0x0E, 0x10, 0x15, 0x0C,
    0x0A, 0x1D, 0x08, 0x0B, 0x0B, 0x0B, 0x0B, 0x0B, 0x0B, 0x0B, 0x0B, 0x08,
    0x3D, 0x0A, 0x0C, 0x07, 0x1E, 0x1E, 0x1E, 0x1E, 0x1E, 0x1E, 0x1E, 0x1E,
    0x1B, 0x1B, 0x1B, 0x1B, 0x1B, 0x1B, 0x1B, 0x28, 0x28, 0x1A, 0x1A, 0x1A,
    0x1A, 0x1A, 0x21, 0x21, 0x21, 0x21, 0x21, 0x14, 0x14, 0x14, 0x14, 0x14,
    0x34, 0x31, 0x30, 0x45, 0x1D, 0x08, 0x0B, 0x0B, 0x0B, 0x0B, 0x0B, 0x0B,
    0x0B, 0x16, 0x30, 0x31, 0x14, 0x14, 0x33, 0x1A, 0x1A, 0x1A, 0x1A, 0x1A,
    0x1A, 0x1A, 0x1A, 0x1A, 0x1A, 0x1A, 0x1A, 0x1A, 0x1A, 0x1A, 0x1A, 0x1A,
    0x25, 0x04, 0x10, 0x0C, 0x0C, 0x0A, 0x0A, 0x0A, 0x0A, 0x0A, 0x0A, 0x0C,
    0x0A, 0x0A, 0x0A, 0x0A, 0x0A, 0x0A, 0x0A, 0x08, 0x08, 0x08, 0x08, 0x0B,
    0x0B, 0x0B, 0x0B, 0x0B, 0x0B, 0x08, 0x1D, 0x0C, 0x15, 0x07, 0x0E, 0x04,
    0x03, 0x00, 0x00, 0x00, 0x00, 0x06, 0x00, 0x00, 0x06, 0x03, 0x03, 0x04,
    0x04, 0x04, 0x04, 0x04, 0x04, 0x04, 0x0D, 0x03, 0x06, 0x06, 0x06, 0x06,
    0x00, 0x06, 0x06, 0x06, 0x00, 0x00, 0x00, 0x09, 0x09, 0x01, 0x01, 0x01,
    0x09, 0x09, 0x01, 0x01, 0x01, 0x01, 0x01, 0x01, 0x01, 0x09, 0x09, 0x09,
    0x09, 0x00, 0x09, 0x09, 0x01, 0x01, 0x01, 0x01, 0x05, 0x05, 0x05, 0x05,
    0x05, 0x05, 0x02, 0x02, 0x02, 0x02, 0x02, 0x02, 0x02, 0x02, 0x02, 0x02,
    0x02, 0x02, 0x02, 0x02, 0x02, 0x02, 0x02, 0x02, 0x02, 0x02, 0x02, 0x02,
    0x02, 0x02, 0x02, 0x02, 0x0F, 0x02, 0x02, 0x12, 0x12, 0x02, 0x02, 0x02,
    0x0F, 0x02, 0x02, 0x02, 0x02, 0x02, 0x02, 0x02, 0x05, 0x05, 0x05, 0x05,
    0x01, 0x05, 0x01, 0x01, 0x01, 0x01, 0x09, 0x01, 0x01, 0x01, 0x01, 0x05,
    0x05, 0x01, 0x01, 0x01, 0x01, 0x09, 0x09, 0x09, 0x00, 0x00, 0x00, 0x00,
    0x09, 0x00, 0x00, 0x00, 0x00, 0x00, 0x00, 0x00, 0x06, 0x03, 0x00, 0x00,
    0x00, 0x00, 0x00, 0x00, 0x00, 0x00, 0x00, 0x00, 0x00, 0x00, 0x00, 0x06,
    0x06, 0x06, 0x06, 0x03, 0x06, 0x06, 0x03, 0x03, 0x03, 0x03, 0x04, 0x04,
    0x04, 0x04, 0x04, 0x04, 0x04, 0x04, 0x04, 0x03, 0x0D, 0x04, 0x04, 0x04,
    0x04, 0x03, 0x0D, 0x04, 0x03, 0x03, 0x03, 0x0D, 0x04, 0x04, 0x04, 0x04,
    0x04, 0x07, 0x07, 0x10, 0x15, 0x0C, 0x0A, 0x16, 0x08, 0x08, 0x0B, 0x0B,
    0x0B, 0x0B, 0x0B, 0x0B, 0x0B, 0x08, 0x08, 0x3E, 0x0A, 0x0C, 0x10, 0x25,
    0x17, 0x1E, 0x1E, 0x1E, 0x1E, 0x1E, 0x1E, 0x1E, 0x1B, 0x1B, 0x1B, 0x1B,
    0x1B, 0x1B, 0x28, 0x28, 0x28, 0x1A, 0x1A, 0x1A, 0x1A, 0x1A, 0x21, 0x21,
    0x21, 0x21, 0x21, 0x14, 0x14, 0x14, 0x14, 0x14, 0x27, 0x31, 0x30, 0x16,
    0x1D, 0x08, 0x0B, 0x0B, 0x0B, 0x0B, 0x0B, 0x0B, 0x0B, 0x1D, 0x30, 0x31,
    0x34, 0x14, 0x33, 0x1A, 0x1A, 0x1A, 0x1A, 0x1A, 0x1A, 0x1A, 0x1A, 0x1A,
    0x1A, 0x1A, 0x1A, 0x1A, 0x1A, 0x1A, 0x1A, 0x1A, 0x28, 0x04, 0x07, 0x10,
    0x0C, 0x0C, 0x0C, 0x0C, 0x0C, 0x0C, 0x0C, 0x0C, 0x0C, 0x0C, 0x0C, 0x0C,
    0x0C, 0x0C, 0x0C, 0x0A, 0x0A, 0x0A, 0x08, 0x08, 0x08, 0x0B, 0x0B, 0x0B,
    0x0B, 0x0B, 0x08, 0x0A, 0x0C, 0x15, 0x07, 0x04, 0x04, 0x03, 0x03, 0x03,
    0x03, 0x0D, 0x03, 0x03, 0x03, 0x03, 0x03, 0x03, 0x03, 0x03, 0x03, 0x03,
    0x03, 0x06, 0x06, 0x06, 0x00, 0x00, 0x00, 0x00, 0x00, 0x00, 0x00, 0x00,
    0x00, 0x00, 0x09, 0x00, 0x00, 0x00, 0x00, 0x00, 0x00, 0x00, 0x00, 0x01,
    0x09, 0x09, 0x09, 0x01, 0x09, 0x00, 0x00, 0x00, 0x00, 0x00, 0x00, 0x00,
    0x09, 0x09, 0x01, 0x01, 0x05, 0x02, 0x05, 0x01, 0x01, 0x05, 0x01, 0x01,
    0x09, 0x01, 0x01, 0x00, 0x09, 0x01, 0x01, 0x01, 0x01, 0x01, 0x05, 0x05,
    0x01, 0x01, 0x01, 0x01, 0x05, 0x05, 0x02, 0x02, 0x02, 0x02, 0x02, 0x02,
    0x02, 0x02, 0x0F, 0x0F, 0x0F, 0x0F, 0x12, 0x12, 0x12, 0x0F, 0x0F, 0x02,
    0x02, 0x02, 0x02, 0x02, 0x02, 0x02, 0x02, 0x02, 0x02, 0x02, 0x02, 0x02,
    0x02, 0x02, 0x02, 0x02, 0x02, 0x02, 0x05, 0x01, 0x01, 0x01, 0x01, 0x01,
    0x01, 0x09, 0x00, 0x09, 0x00, 0x00, 0x00, 0x00, 0x00, 0x00, 0x00, 0x00,
    0x09, 0x01, 0x01, 0x01, 0x01, 0x01, 0x01, 0x01, 0x01, 0x01, 0x01, 0x09,
    0x00, 0x00, 0x00, 0x00, 0x00, 0x00, 0x00, 0x00, 0x00, 0x00, 0x00, 0x03,
    0x03, 0x03, 0x03, 0x0D, 0x04, 0x03, 0x03, 0x03, 0x03, 0x03, 0x03, 0x03,
    0x03, 0x03, 0x0D, 0x04, 0x0D, 0x04, 0x04, 0x04, 0x04, 0x03, 0x0D, 0x04,
    0x04, 0x04, 0x04, 0x04, 0x04, 0x0E, 0x04, 0x04, 0x07, 0x07, 0x15, 0x15,
    0x0C, 0x0A, 0x16, 0x08, 0x08, 0x0B, 0x0B, 0x0B, 0x0B, 0x0B, 0x0B, 0x0B,
    0x08, 0x08, 0x0A, 0x0A, 0x0C, 0x0D, 0x12, 0x1F, 0x1E, 0x1E, 0x1E, 0x1E,
    0x1E, 0x1E, 0x1E, 0x1E, 0x1E, 0x1B, 0x1B, 0x1B, 0x1B, 0x1B, 0x1B, 0x28,
    0x28, 0x1A, 0x1A, 0x1A, 0x1A, 0x1A, 0x21, 0x21, 0x21, 0x21, 0x21, 0x14,
    0x14, 0x14, 0x14, 0x14, 0x27, 0x31, 0x30, 0x16, 0x1D, 0x08, 0x0B, 0x0B,
    0x0B, 0x0B, 0x0B, 0x0B, 0x0B, 0x1D, 0x45, 0x47, 0x34, 0x14, 0x1A, 0x1A,
    0x1A, 0x1A, 0x1A, 0x1A, 0x1A, 0x1A, 0x1A, 0x1A, 0x1A, 0x1A, 0x1A, 0x1A,
    0x1A, 0x1A, 0x1A, 0x1A, 0x1A, 0x25, 0x0D, 0x07, 0x10, 0x10, 0x0C, 0x0C,
    0x0C, 0x0C, 0x0A, 0x0A, 0x08, 0x08, 0x08, 0x08, 0x0A, 0x0A, 0x0A, 0x0C,
    0x0C, 0x0C, 0x0A, 0x0A, 0x08, 0x08, 0x0B, 0x0B, 0x0B, 0x0B, 0x0B, 0x08,
    0x0A, 0x0C, 0x15, 0x07, 0x04, 0x04, 0x0D, 0x03, 0x03, 0x03, 0x03, 0x03,
    0x06, 0x00, 0x00, 0x00, 0x00, 0x00, 0x00, 0x00, 0x00, 0x00, 0x00, 0x00,
    0x00, 0x00, 0x00, 0x00, 0x00, 0x00, 0x00, 0x00, 0x00, 0x09, 0x01, 0x01,
    0x01, 0x01, 0x01, 0x01, 0x01, 0x01, 0x09, 0x09, 0x09, 0x09, 0x01, 0x01,
    0x01, 0x05, 0x05, 0x05, 0x05, 0x05, 0x05, 0x01, 0x01, 0x05, 0x05, 0x05,
    0x01, 0x05, 0x01, 0x01, 0x05, 0x01, 0x01, 0x01, 0x01, 0x01, 0x01, 0x01,
    0x01, 0x01, 0x01, 0x01, 0x01, 0x05, 0x02, 0x02, 0x02, 0x02, 0x02, 0x02,
    0x02, 0x02, 0x0F, 0x02, 0x02, 0x02, 0x02, 0x02, 0x02, 0x02, 0x0F, 0x12,
    0x0F, 0x0F, 0x0F, 0x0F, 0x02, 0x0F, 0x02, 0x02, 0x02, 0x05, 0x05, 0x05,
    0x05, 0x01, 0x01, 0x01, 0x05, 0x05, 0x02, 0x02, 0x02, 0x02, 0x05, 0x02,
    0x02, 0x05, 0x05, 0x05, 0x05, 0x01, 0x02, 0x02, 0x02, 0x02, 0x05, 0x02,
    0x02, 0x02, 0x02, 0x05, 0x05, 0x05, 0x01, 0x01, 0x01, 0x01, 0x01, 0x01,
    0x01, 0x01, 0x01, 0x01, 0x01, 0x00, 0x00, 0x09, 0x00, 0x00, 0x00, 0x00,
    0x00, 0x00, 0x00, 0x00, 0x00, 0x00, 0x00, 0x00, 0x00, 0x00, 0x06, 0x06,
    0x06, 0x03, 0x06, 0x06, 0x06, 0x06, 0x06, 0x00, 0x00, 0x00, 0x00, 0x06,
    0x06, 0x06, 0x03, 0x03, 0x03, 0x0D, 0x04, 0x0D, 0x03, 0x03, 0x04, 0x04,
    0x04, 0x04, 0x04, 0x07, 0x10, 0x15, 0x20, 0x0C, 0x0A, 0x1D, 0x08, 0x0B,
    0x0B, 0x0B, 0x0B, 0x0B, 0x0B, 0x0B, 0x08, 0x08, 0x0A, 0x0A, 0x0A, 0x10,
    0x01, 0x18, 0x56, 0x1E, 0x17, 0x1E, 0x1E, 0x1E, 0x1E, 0x1E, 0x1E, 0x1E,
    0x1E, 0x1B, 0x1B, 0x1B, 0x1B, 0x1B, 0x1B, 0x28, 0x28, 0x1A, 0x1A, 0x1A,
    0x1A, 0x1A, 0x21, 0x21, 0x21, 0x21, 0x21, 0x14, 0x14, 0x14, 0x14, 0x14,
    0x27, 0x31, 0x30, 0x16, 0x1D, 0x08, 0x0B, 0x0B, 0x0B, 0x0B, 0x0B, 0x0B,
    0x0B, 0x1D, 0x45, 0x47, 0x27, 0x14, 0x1A, 0x1A, 0x1A, 0x1A, 0x1A, 0x1A,
    0x1A, 0x1A, 0x1A, 0x1A, 0x1A, 0x1A, 0x1A, 0x1A, 0x1A, 0x1A, 0x28, 0x28,
    0x28, 0x48, 0x04, 0x10, 0x0C, 0x0C, 0x0A, 0x0A, 0x08, 0x08, 0x0B, 0x0B,
    0x0B, 0x0B, 0x08, 0x08, 0x08, 0x08, 0x08, 0x08, 0x08, 0x08, 0x0A, 0x0C,
    0x0A, 0x08, 0x08, 0x08, 0x0B, 0x0B, 0x0B, 0x08, 0x08, 0x0A, 0x15, 0x07,
    0x04, 0x04, 0x04, 0x04, 0x04, 0x03, 0x03, 0x03, 0x06, 0x00, 0x06, 0x06,
    0x03, 0x03, 0x03, 0x06, 0x06, 0x00, 0x00, 0x00, 0x00, 0x00, 0x00, 0x00,
    0x00, 0x00, 0x06, 0x00, 0x00, 0x00, 0x00, 0x00, 0x09, 0x01, 0x01, 0x01,
    0x00, 0x00, 0x00, 0x00, 0x00, 0x00, 0x00, 0x00, 0x09, 0x01, 0x01, 0x01,
    0x01, 0x01, 0x01, 0x01, 0x01, 0x05, 0x01, 0x01, 0x05, 0x05, 0x01, 0x05,
    0x02, 0x02, 0x02, 0x02, 0x02, 0x0F, 0x0F, 0x02, 0x02, 0x02, 0x0F, 0x0F,
    0x02, 0x02, 0x02, 0x02, 0x02, 0x0F, 0x0F, 0x0F, 0x02, 0x02, 0x02, 0x02,
    0x02, 0x02, 0x02, 0x02, 0x12, 0x12, 0x12, 0x0F, 0x0F, 0x02, 0x02, 0x02,
    0x05, 0x05, 0x05, 0x05, 0x05, 0x02, 0x02, 0x02, 0x05, 0x05, 0x05, 0x02,
    0x05, 0x01, 0x01, 0x01, 0x05, 0x05, 0x01, 0x01, 0x01, 0x01, 0x01, 0x05,
    0x02, 0x02, 0x02, 0x02, 0x05, 0x05, 0x05, 0x02, 0x05, 0x05, 0x05, 0x01,
    0x05, 0x05, 0x05, 0x05, 0x05, 0x05, 0x01, 0x01, 0x01, 0x01, 0x01, 0x09,
    0x09, 0x00, 0x00, 0x00, 0x01, 0x01, 0x01, 0x00, 0x09, 0x01, 0x01, 0x09,
    0x09, 0x00, 0x00, 0x00, 0x00, 0x00, 0x00, 0x00, 0x00, 0x00, 0x06, 0x06,
    0x03, 0x03, 0x03, 0x03, 0x03, 0x03, 0x03, 0x03, 0x06, 0x03, 0x04, 0x0D,
    0x03, 0x04, 0x04, 0x04, 0x04, 0x04, 0x04, 0x04, 0x04, 0x04, 0x04, 0x07,
    0x15, 0x0C, 0x0A, 0x0A, 0x08, 0x08, 0x0B, 0x0B, 0x0B, 0x0B, 0x0B, 0x0B,
    0x08, 0x08, 0x08, 0x0A, 0x0A, 0x0C, 0x03, 0x29, 0x18, 0x18, 0x24, 0x17,
    0x17, 0x1E, 0x1E, 0x1E, 0x1E, 0x1E, 0x1E, 0x1E, 0x1E, 0x1B, 0x1B, 0x1B,
    0x1B, 0x1B, 0x1B, 0x28, 0x28, 0x1B, 0x1A, 0x1A, 0x1A, 0x1A, 0x1A, 0x21,
    0x21, 0x21, 0x21, 0x21, 0x14, 0x14, 0x14, 0x14, 0x27, 0x31, 0x30, 0x16,
    0x1D, 0x08, 0x0B, 0x0B, 0x0B, 0x0B, 0x0B, 0x0B, 0x08, 0x1D, 0x30, 0x31,
    0x34, 0x14, 0x1A, 0x1A, 0x1A, 0x1A, 0x1A, 0x1A, 0x1A, 0x1A, 0x1A, 0x1A,
    0x1A, 0x1A, 0x1A, 0x28, 0x28, 0x1A, 0x21, 0x27, 0x15, 0x20, 0x0A, 0x0A,
    0x08, 0x08, 0x08, 0x08, 0x08, 0x0A, 0x0A, 0x0A, 0x0C, 0x0C, 0x0C, 0x0C,
    0x0C, 0x0C, 0x0C, 0x0A, 0x0A, 0x08, 0x08, 0x08, 0x0A, 0x0A, 0x0A, 0x08,
    0x08, 0x0B, 0x0B, 0x0B, 0x08, 0x0A, 0x20, 0x07, 0x04, 0x04, 0x04, 0x04,
    0x04, 0x04, 0x04, 0x04, 0x03, 0x03, 0x03, 0x06, 0x06, 0x00, 0x06, 0x06,
    0x00, 0x06, 0x03, 0x03, 0x03, 0x03, 0x03, 0x06, 0x00, 0x00, 0x01, 0x01,
    0x09, 0x01, 0x00, 0x00, 0x00, 0x00, 0x00, 0x06, 0x06, 0x06, 0x00, 0x00,
    0x00, 0x00, 0x00, 0x09, 0x01, 0x01, 0x09, 0x01, 0x09, 0x00, 0x09, 0x01,
    0x01, 0x01, 0x01, 0x01, 0x01, 0x05, 0x05, 0x02, 0x02, 0x02, 0x05, 0x05,
    0x02, 0x02, 0x02, 0x02, 0x02, 0x02, 0x12, 0x0F, 0x02, 0x02, 0x02, 0x02,
    0x02, 0x02, 0x02, 0x02, 0x02, 0x02, 0x02, 0x02, 0x02, 0x0F, 0x0F, 0x02,
    0x0F, 0x02, 0x02, 0x02, 0x02, 0x0F, 0x02, 0x02, 0x02, 0x02, 0x02, 0x02,
    0x02, 0x02, 0x02, 0x02, 0x05, 0x05, 0x01, 0x01, 0x01, 0x01, 0x09, 0x01,
    0x01, 0x05, 0x02, 0x02, 0x02, 0x05, 0x05, 0x05, 0x01, 0x01, 0x01, 0x01,
    0x01, 0x01, 0x01, 0x01, 0x01, 0x01, 0x01, 0x01, 0x09, 0x09, 0x01, 0x01,
    0x01, 0x00, 0x00, 0x09, 0x09, 0x09, 0x01, 0x01, 0x01, 0x01, 0x09, 0x00,
    0x00, 0x01, 0x01, 0x00, 0x00, 0x00, 0x01, 0x00, 0x00, 0x00, 0x09, 0x00,
    0x00, 0x00, 0x00, 0x00, 0x00, 0x06, 0x03, 0x06, 0x00, 0x00, 0x00, 0x00,
    0x06, 0x06, 0x06, 0x06, 0x00, 0x06, 0x03, 0x03, 0x03, 0x03, 0x06, 0x03,
    0x06, 0x03, 0x03, 0x04, 0x04, 0x04, 0x0E, 0x07, 0x15, 0x0C, 0x0A, 0x1D,
    0x08, 0x0B, 0x0B, 0x0B, 0x0B, 0x0B, 0x0B, 0x08, 0x08, 0x0A, 0x0A, 0x0A,
    0x07, 0x0F, 0x12, 0x12, 0x19, 0x18, 0x13, 0x17, 0x17, 0x17, 0x1E, 0x17,
    0x1E, 0x1E, 0x1E, 0x1E, 0x1E, 0x1E, 0x1B, 0x1B, 0x1B, 0x1B, 0x1B, 0x1B,
    0x28, 0x1B, 0x1A, 0x1A, 0x1A, 0x1A, 0x1A, 0x21, 0x21, 0x21, 0x21, 0x21,
    0x14, 0x14, 0x14, 0x14, 0x27, 0x31, 0x30, 0x45, 0x16, 0x1D, 0x08, 0x08,
    0x0B, 0x0B, 0x0B, 0x08, 0x1D, 0x16, 0x30, 0x31, 0x34, 0x1A, 0x1A, 0x1A,
    0x1A, 0x1A, 0x1A, 0x1A, 0x1A, 0x1A, 0x1A, 0x1A, 0x28, 0x28, 0x1A, 0x14,
    0x27, 0x15, 0x0C, 0x0A, 0x3E, 0x3D, 0x3D, 0x3D, 0x0A, 0x0C, 0x0C, 0x10,
    0x10, 0x07, 0x07, 0x07, 0x07, 0x43, 0x0D, 0x0D, 0x0D, 0x0D, 0x0D, 0x0D,
    0x07, 0x07, 0x10, 0x0C, 0x0A, 0x0A, 0x0A, 0x0A, 0x08, 0x0B, 0x0B, 0x0B,
    0x08, 0x16, 0x0C, 0x07, 0x04, 0x04, 0x03, 0x00, 0x06, 0x06, 0x06, 0x06,
    0x06, 0x03, 0x06, 0x06, 0x06, 0x06, 0x03, 0x03, 0x03, 0x06, 0x06, 0x03,
    0x06, 0x06, 0x06, 0x00, 0x00, 0x00, 0x00, 0x00, 0x00, 0x00, 0x09, 0x09,
    0x09, 0x01, 0x00, 0x00, 0x01, 0x01, 0x00, 0x09, 0x09, 0x00, 0x00, 0x00,
    0x00, 0x00, 0x00, 0x00, 0x00, 0x09, 0x01, 0x01, 0x01, 0x01, 0x01, 0x01,
    0x09, 0x01, 0x01, 0x05, 0x02, 0x05, 0x05, 0x01, 0x01, 0x01, 0x05, 0x02,
    0x02, 0x05, 0x05, 0x02, 0x02, 0x02, 0x02, 0x05, 0x02, 0x02, 0x02, 0x02,
    0x02, 0x02, 0x02, 0x02, 0x02, 0x02, 0x0F, 0x0F, 0x0F, 0x02, 0x02, 0x02,
    0x02, 0x02, 0x02, 0x02, 0x02, 0x02, 0x02, 0x02, 0x02, 0x02, 0x02, 0x02,
    0x05, 0x05, 0x05, 0x02, 0x02, 0x05, 0x05, 0x02, 0x02, 0x05, 0x05, 0x05,
    0x01, 0x01, 0x01, 0x01, 0x00, 0x00, 0x09, 0x01, 0x01, 0x01, 0x01, 0x01,
    0x01, 0x01, 0x01, 0x01, 0x01, 0x01, 0x09, 0x00, 0x00, 0x00, 0x00, 0x00,
    0x00, 0x00, 0x00, 0x01, 0x01, 0x01, 0x01, 0x09, 0x00, 0x00, 0x00, 0x00,
    0x00, 0x00, 0x00, 0x00, 0x00, 0x09, 0x09, 0x00, 0x00, 0x00, 0x00, 0x00,
    0x06, 0x06, 0x03, 0x06, 0x00, 0x00, 0x00, 0x00, 0x00, 0x00, 0x00, 0x06,
    0x06, 0x06, 0x06, 0x03, 0x06, 0x06, 0x06, 0x06, 0x06, 0x06, 0x03, 0x04,
    0x04, 0x07, 0x10, 0x15, 0x0C, 0x0A, 0x08, 0x08, 0x0B, 0x0B, 0x0B, 0x0B,
    0x0B, 0x0B, 0x08, 0x08, 0x0A, 0x0A, 0x0C, 0x03, 0x12, 0x01, 0x09, 0x22,
    0x18, 0x22, 0x17, 0x13, 0x13, 0x17, 0x17, 0x1E, 0x1E, 0x1E, 0x1E, 0x1E,
    0x1E, 0x1E, 0x1B, 0x1B, 0x1B, 0x1B, 0x1B, 0x28, 0x28, 0x1B, 0x1A, 0x1A,
    0x1A, 0x1A, 0x1A, 0x21, 0x21, 0x21, 0x21, 0x21, 0x14, 0x14, 0x14, 0x14,
    0x27, 0x31, 0x30, 0x30, 0x16, 0x16, 0x1D, 0x08, 0x08, 0x08, 0x08, 0x1D,
    0x16, 0x45, 0x30, 0x27, 0x14, 0x1A, 0x1A, 0x1A, 0x1A, 0x1A, 0x1A, 0x1A,
    0x1A, 0x1A, 0x28, 0x1A, 0x14, 0x27, 0x20, 0x0A, 0x0A, 0x0A, 0x0A, 0x0A,
    0x0A, 0x0C, 0x0C, 0x10, 0x07, 0x07, 0x07, 0x0D, 0x0D, 0x0D, 0x0D, 0x0D,
    0x0D, 0x03, 0x03, 0x03, 0x03, 0x03, 0x03, 0x03, 0x03, 0x03, 0x03, 0x03,
    0x0D, 0x10, 0x0C, 0x0A, 0x08, 0x08, 0x0B, 0x0B, 0x08, 0x08, 0x0C, 0x15,
    0x0E, 0x04, 0x04, 0x03, 0x03, 0x06, 0x06, 0x06, 0x06, 0x06, 0x03, 0x03,
    0x03, 0x06, 0x06, 0x03, 0x03, 0x06, 0x00, 0x00, 0x00, 0x00, 0x00, 0x00,
    0x00, 0x00, 0x00, 0x00, 0x00, 0x00, 0x00, 0x00, 0x00, 0x09, 0x00, 0x00,
    0x09, 0x09, 0x09, 0x00, 0x00, 0x00, 0x00, 0x00, 0x00, 0x09, 0x01, 0x01,
    0x01, 0x01, 0x01, 0x01, 0x01, 0x01, 0x09, 0x00, 0x00, 0x00, 0x00, 0x01,
    0x01, 0x05, 0x05, 0x05, 0x05, 0x05, 0x05, 0x05, 0x05, 0x05, 0x05, 0x05,
    0x05, 0x05, 0x05, 0x01, 0x05, 0x02, 0x02, 0x02, 0x02, 0x0F, 0x02, 0x02,
    0x02, 0x02, 0x02, 0x02, 0x02, 0x02, 0x02, 0x02, 0x02, 0x02, 0x02, 0x02,
    0x05, 0x05, 0x05, 0x05, 0x05, 0x02, 0x02, 0x02, 0x02, 0x02, 0x02, 0x02,
    0x02, 0x02, 0x05, 0x02, 0x0F, 0x02, 0x02, 0x02, 0x02, 0x05, 0x02, 0x05,
    0x01, 0x01, 0x01, 0x01, 0x01, 0x01, 0x01, 0x01, 0x01, 0x00, 0x09, 0x09,
    0x01, 0x01, 0x00, 0x00, 0x00, 0x01, 0x00, 0x09, 0x00, 0x00, 0x00, 0x01,
    0x01, 0x01, 0x01, 0x01, 0x09, 0x01, 0x09, 0x00, 0x00, 0x00, 0x00, 0x06,
    0x00, 0x00, 0x00, 0x00, 0x00, 0x00, 0x00, 0x00, 0x03, 0x03, 0x03, 0x04,
    0x04, 0x04, 0x03, 0x03, 0x04, 0x04, 0x03, 0x03, 0x03, 0x03, 0x0D, 0x03,
    0x03, 0x03, 0x0D, 0x0D, 0x04, 0x04, 0x04, 0x04, 0x04, 0x07, 0x20, 0x0C,
    0x16, 0x08, 0x08, 0x0B, 0x0B, 0x0B, 0x0B, 0x0B, 0x08, 0x08, 0x0A, 0x0A,
    0x0C, 0x07, 0x01, 0x01, 0x07, 0x0D, 0x12, 0x19, 0x18, 0x24, 0x17, 0x13,
    0x13, 0x17, 0x17, 0x1E, 0x1E, 0x1E, 0x1E, 0x1E, 0x1E, 0x1E, 0x1E, 0x1B,
    0x1B, 0x1B, 0x1B, 0x28, 0x28, 0x1B, 0x1A, 0x1A, 0x1A, 0x1A, 0x1A, 0x21,
    0x21, 0x21, 0x21, 0x21, 0x14, 0x14, 0x14, 0x14, 0x34, 0x27, 0x31, 0x30,
    0x45, 0x16, 0x16, 0x1D, 0x1D, 0x1D, 0x1D, 0x16, 0x16, 0x30, 0x31, 0x27,
    0x14, 0x1A, 0x1A, 0x1A, 0x1A, 0x1A, 0x1A, 0x1A, 0x1A, 0x14, 0x27, 0x20,
    0x0A, 0x0A, 0x0A, 0x0A, 0x0A, 0x0A, 0x0C, 0x15, 0x10, 0x07, 0x07, 0x0D,
    0x0D, 0x0D, 0x0D, 0x03, 0x03, 0x03, 0x03, 0x03, 0x03, 0x06, 0x00, 0x00,
    0x09, 0x09, 0x09, 0x09, 0x09, 0x09, 0x09, 0x09, 0x09, 0x09, 0x0D, 0x0C,
    0x0A, 0x08, 0x08, 0x0B, 0x0B, 0x08, 0x0A, 0x20, 0x07, 0x04, 0x03, 0x00,
    0x06, 0x06, 0x00, 0x06, 0x00, 0x00, 0x06, 0x06, 0x06, 0x06, 0x03, 0x03,
    0x03, 0x03, 0x06, 0x06, 0x00, 0x06, 0x00, 0x00, 0x00, 0x06, 0x00, 0x00,
    0x00, 0x00, 0x00, 0x00, 0x00, 0x00, 0x00, 0x00, 0x00, 0x00, 0x00, 0x09,
    0x01, 0x00, 0x01, 0x01, 0x01, 0x09, 0x01, 0x01, 0x01, 0x02, 0x02, 0x05,
    0x05, 0x02, 0x02, 0x05, 0x05, 0x01, 0x01, 0x01, 0x01, 0x01, 0x01, 0x05,
    0x02, 0x02, 0x05, 0x05, 0x05, 0x05, 0x05, 0x05, 0x05, 0x05, 0x02, 0x02,
    0x02, 0x02, 0x02, 0x02, 0x02, 0x02, 0x02, 0x0F, 0x0F, 0x0F, 0x02, 0x02,
    0x05, 0x05, 0x05, 0x05, 0x05, 0x05, 0x02, 0x02, 0x02, 0x05, 0x05, 0x05,
    0x05, 0x02, 0x02, 0x02, 0x02, 0x02, 0x02, 0x02, 0x02, 0x02, 0x02, 0x05,
    0x02, 0x02, 0x05, 0x05, 0x05, 0x05, 0x05, 0x02, 0x05, 0x01, 0x01, 0x01,
    0x01, 0x09, 0x00, 0x00, 0x06, 0x00, 0x00, 0x00, 0x09, 0x01, 0x00, 0x00,
    0x00, 0x00, 0x00, 0x00, 0x00, 0x00, 0x06, 0x06, 0x00, 0x00, 0x00, 0x00,
    0x09, 0x00, 0x00, 0x00, 0x00, 0x00, 0x00, 0x06, 0x06, 0x06, 0x06, 0x00,
    0x00, 0x06, 0x06, 0x03, 0x03, 0x03, 0x03, 0x0D, 0x03, 0x03, 0x06, 0x06,
    0x03, 0x03, 0x03, 0x03, 0x04, 0x04, 0x04, 0x04, 0x04, 0x0E, 0x04, 0x04,
    0x04, 0x0E, 0x07, 0x07, 0x15, 0x0C, 0x0A, 0x16, 0x08, 0x08, 0x0B, 0x0B,
    0x0B, 0x0B, 0x0B, 0x08, 0x08, 0x0A, 0x0A, 0x0C, 0x04, 0x09, 0x03, 0x0A,
    0x07, 0x12, 0x19, 0x19, 0x18, 0x1F, 0x13, 0x13, 0x13, 0x13, 0x17, 0x17,
    0x1E, 0x1E, 0x1E, 0x1E, 0x1E, 0x1E, 0x1E, 0x1B, 0x1B, 0x1B, 0x1B, 0x1B,
    0x1B, 0x1B, 0x1A, 0x1A, 0x1A, 0x1A, 0x1A, 0x21, 0x21, 0x21, 0x21, 0x21,
    0x14, 0x14, 0x14, 0x14, 0x14, 0x27, 0x31, 0x15, 0x30, 0x45, 0x16, 0x16,
    0x16, 0x16, 0x16, 0x30, 0x30, 0x31, 0x27, 0x14, 0x14, 0x1A, 0x1A, 0x1A,
    0x28, 0x1A, 0x21, 0x27, 0x15, 0x0C, 0x0A, 0x0A, 0x0A, 0x0A, 0x0A, 0x0C,
    0x10, 0x10, 0x07, 0x4C, 0x0D, 0x0D, 0x0D, 0x03, 0x03, 0x03, 0x03, 0x00,
    0x09, 0x09, 0x09, 0x09, 0x09, 0x09, 0x01, 0x01, 0x01, 0x01, 0x01, 0x01,
    0x01, 0x01, 0x01, 0x01, 0x01, 0x01, 0x01, 0x07, 0x0A, 0x0A, 0x08, 0x0B,
    0x0B, 0x08, 0x16, 0x0C, 0x15, 0x07, 0x0D, 0x06, 0x03, 0x03, 0x03, 0x03,
    0x06, 0x03, 0x03, 0x03, 0x06, 0x03, 0x03, 0x03, 0x06, 0x03, 0x06, 0x03,
    0x03, 0x06, 0x06, 0x03, 0x03, 0x03, 0x06, 0x06, 0x06, 0x03, 0x06, 0x00,
    0x00, 0x00, 0x00, 0x00, 0x00, 0x00, 0x00, 0x00, 0x01, 0x01, 0x01, 0x01,
    0x01, 0x01, 0x01, 0x01, 0x01, 0x01, 0x01, 0x01, 0x01, 0x05, 0x01, 0x01,
    0x05, 0x01, 0x01, 0x01, 0x01, 0x01, 0x01, 0x01, 0x01, 0x01, 0x09, 0x01,
    0x01, 0x05, 0x05, 0x05, 0x02, 0x02, 0x02, 0x02, 0x02, 0x05, 0x05, 0x01,
    0x05, 0x05, 0x05, 0x05, 0x02, 0x02, 0x02, 0x02, 0x01, 0x01, 0x01, 0x01,
    0x01, 0x05, 0x05, 0x05, 0x01, 0x01, 0x01, 0x05, 0x02, 0x05, 0x02, 0x02,
    0x0F, 0x0F, 0x02, 0x02, 0x05, 0x02, 0x02, 0x02, 0x02, 0x02, 0x02, 0x05,
    0x02, 0x02, 0x05, 0x02, 0x05, 0x05, 0x05, 0x05, 0x01, 0x01, 0x09, 0x00,
    0x00, 0x00, 0x00, 0x00, 0x00, 0x00, 0x00, 0x00, 0x06, 0x00, 0x00, 0x00,
    0x06, 0x06, 0x06, 0x06, 0x06, 0x06, 0x06, 0x00, 0x00, 0x06, 0x00, 0x06,
    0x06, 0x00, 0x00, 0x06, 0x06, 0x06, 0x00, 0x00, 0x00, 0x00, 0x00, 0x06,
    0x06, 0x06, 0x06, 0x03, 0x03, 0x06, 0x00, 0x06, 0x03, 0x04, 0x04, 0x04,
    0x04, 0x04, 0x04, 0x04, 0x04, 0x04, 0x0D, 0x04, 0x04, 0x04, 0x07, 0x15,
    0x15, 0x0C, 0x0A, 0x08, 0x08, 0x0B, 0x0B, 0x0B, 0x0B, 0x0B, 0x08, 0x08,
    0x0A, 0x0A, 0x10, 0x03, 0x03, 0x0E, 0x1D, 0x07, 0x0F, 0x12, 0x22, 0x18,
    0x22, 0x13, 0x13, 0x13, 0x13, 0x13, 0x13, 0x17, 0x17, 0x1E, 0x1E, 0x1E,
    0x1E, 0x1E, 0x1E, 0x1B, 0x1B, 0x1B, 0x1B, 0x1B, 0x1B, 0x1B, 0x28, 0x1A,
    0x1A, 0x1A, 0x1A, 0x21, 0x21, 0x21, 0x21, 0x21, 0x14, 0x14, 0x14, 0x14,
    0x14, 0x34, 0x27, 0x31, 0x15, 0x30, 0x30, 0x30, 0x30, 0x30, 0x30, 0x30,
    0x51, 0x27, 0x34, 0x14, 0x1A, 0x1A, 0x1A, 0x1A, 0x34, 0x15, 0x0C, 0x0A,
    0x0A, 0x0A, 0x0A, 0x0A, 0x0C, 0x15, 0x10, 0x07, 0x04, 0x0D, 0x0D, 0x0D,
    0x03, 0x03, 0x03, 0x03, 0x09, 0x09, 0x09, 0x09, 0x01, 0x01, 0x01, 0x01,
    0x01, 0x02, 0x0F, 0x0F, 0x0F, 0x0F, 0x0F, 0x0F, 0x0F, 0x0F, 0x0F, 0x0F,
    0x0F, 0x0F, 0x0F, 0x09, 0x0C, 0x0A, 0x08, 0x08, 0x0B, 0x08, 0x08, 0x0C,
    0x10, 0x04, 0x03, 0x00, 0x06, 0x06, 0x06, 0x06, 0x03, 0x03, 0x03, 0x06,
    0x06, 0x00, 0x06, 0x06, 0x06, 0x06, 0x06, 0x03, 0x03, 0x03, 0x0D, 0x0D,
    0x04, 0x04, 0x03, 0x03, 0x03, 0x03, 0x03, 0x03, 0x03, 0x03, 0x06, 0x03,
    0x06, 0x00, 0x00, 0x09, 0x01, 0x01, 0x01, 0x01, 0x01, 0x01, 0x01, 0x01,
    0x05, 0x05, 0x02, 0x02, 0x02, 0x02, 0x05, 0x05, 0x05, 0x05, 0x05, 0x05,
    0x01, 0x01, 0x01, 0x01, 0x01, 0x09, 0x00, 0x00, 0x09, 0x09, 0x01, 0x01,
    0x01, 0x01, 0x01, 0x01, 0x01, 0x01, 0x05, 0x01, 0x05, 0x01, 0x05, 0x05,
    0x02, 0x02, 0x02, 0x02, 0x05, 0x01, 0x01, 0x05, 0x01, 0x05, 0x05, 0x05,
    0x05, 0x05, 0x05, 0x05, 0x02, 0x02, 0x05, 0x05, 0x05, 0x02, 0x02, 0x05,
    0x05, 0x05, 0x02, 0x02, 0x02, 0x05, 0x02, 0x05, 0x05, 0x05, 0x01, 0x01,
    0x01, 0x01, 0x01, 0x01, 0x05, 0x05, 0x01, 0x01, 0x01, 0x01, 0x01, 0x01,
    0x01, 0x09, 0x09, 0x09, 0x09, 0x09, 0x09, 0x00, 0x00, 0x00, 0x00, 0x00,
    0x00, 0x06, 0x06, 0x06, 0x00, 0x00, 0x00, 0x00, 0x00, 0x00, 0x00, 0x00,
    0x00, 0x00, 0x00, 0x00, 0x00, 0x00, 0x00, 0x06, 0x06, 0x00, 0x06, 0x06,
    0x06, 0x03, 0x06, 0x06, 0x03, 0x04, 0x0D, 0x04, 0x04, 0x04, 0x04, 0x04,
    0x03, 0x04, 0x04, 0x04, 0x04, 0x07, 0x07, 0x20, 0x0C, 0x0A, 0x08, 0x08,
    0x0B, 0x0B, 0x0B, 0x0B, 0x0B, 0x08, 0x0A, 0x0A, 0x0C, 0x0D, 0x09, 0x0D,
    0x15, 0x1D, 0x07, 0x01, 0x0F, 0x12, 0x22, 0x18, 0x24, 0x13, 0x13, 0x13,
    0x13, 0x13, 0x13, 0x17, 0x17, 0x17, 0x1E, 0x1E, 0x1E, 0x1E, 0x1E, 0x1E,
    0x1B, 0x1B, 0x1B, 0x1B, 0x1B, 0x1B, 0x1B, 0x48, 0x1A, 0x1A, 0x1A, 0x21,
    0x21, 0x21, 0x21, 0x21, 0x14, 0x14, 0x14, 0x14, 0x14, 0x14, 0x34, 0x27,
    0x31, 0x31, 0x30, 0x20, 0x30, 0x30, 0x47, 0x31, 0x27, 0x27, 0x14, 0x1A,
    0x1A, 0x14, 0x31, 0x0C, 0x0A, 0x0A, 0x0C, 0x0A, 0x0A, 0x0C, 0x0C, 0x10,
    0x07, 0x07, 0x0D, 0x0D, 0x03, 0x03, 0x03, 0x03, 0x00, 0x09, 0x09, 0x09,
    0x01, 0x01, 0x01, 0x01, 0x05, 0x0F, 0x0F, 0x0F, 0x0F, 0x0F, 0x12, 0x12,
    0x12, 0x12, 0x12, 0x12, 0x12, 0x12, 0x12, 0x12, 0x12, 0x12, 0x12, 0x12,
    0x07, 0x0A, 0x0A, 0x08, 0x0B, 0x08, 0x08, 0x0C, 0x15, 0x0E, 0x0D, 0x06,
    0x03, 0x03, 0x03, 0x03, 0x03, 0x06, 0x06, 0x06, 0x03, 0x06, 0x03, 0x03,
    0x03, 0x03, 0x03, 0x03, 0x03, 0x03, 0x03, 0x03, 0x03, 0x03, 0x03, 0x03,
    0x03, 0x03, 0x03, 0x03, 0x06, 0x00, 0x00, 0x00, 0x00, 0x00, 0x01, 0x00,
    0x00, 0x00, 0x01, 0x01, 0x01, 0x00, 0x00, 0x01, 0x01, 0x01, 0x05, 0x01,
    0x01, 0x01, 0x01, 0x01, 0x09, 0x09, 0x09, 0x09, 0x05, 0x05, 0x05, 0x05,
    0x05, 0x05, 0x05, 0x05, 0x05, 0x05, 0x05, 0x01, 0x05, 0x02, 0x02, 0x05,
    0x05, 0x05, 0x05, 0x02, 0x02, 0x02, 0x02, 0x05, 0x02, 0x02, 0x02, 0x02,
    0x02, 0x02, 0x02, 0x02, 0x02, 0x02, 0x02, 0x02, 0x02, 0x02, 0x02, 0x02,
    0x02, 0x02, 0x05, 0x02, 0x02, 0x05, 0x05, 0x05, 0x05, 0x02, 0x02, 0x02,
    0x02, 0x05, 0x05, 0x05, 0x02, 0x05, 0x01, 0x05, 0x05, 0x01, 0x05, 0x05,
    0x05, 0x01, 0x01, 0x01, 0x01, 0x01, 0x01, 0x01, 0x01, 0x00, 0x00, 0x00,
    0x00, 0x00, 0x09, 0x09, 0x09, 0x00, 0x00, 0x00, 0x00, 0x06, 0x03, 0x03,
    0x03, 0x0D, 0x03, 0x03, 0x03, 0x03, 0x03, 0x03, 0x06, 0x06, 0x06, 0x03,
    0x06, 0x03, 0x06, 0x06, 0x06, 0x06, 0x00, 0x00, 0x00, 0x00, 0x00, 0x00,
    0x06, 0x06, 0x03, 0x03, 0x0D, 0x04, 0x04, 0x04, 0x0D, 0x04, 0x0E, 0x07,
    0x07, 0x15, 0x0C, 0x0A, 0x1D, 0x08, 0x0B, 0x0B, 0x0B, 0x0B, 0x0B, 0x08,
    0x08, 0x0A, 0x0A, 0x0C, 0x09, 0x09, 0x0D, 0x0C, 0x08, 0x10, 0x06, 0x09,
    0x01, 0x0F, 0x12, 0x18, 0x11, 0x13, 0x13, 0x13, 0x13, 0x13, 0x13, 0x13,
    0x17, 0x17, 0x1E, 0x1E, 0x1E, 0x1E, 0x1E, 0x1E, 0x1B, 0x1B, 0x1B, 0x1B,
    0x1B, 0x1B, 0x1B, 0x48, 0x1A, 0x1A, 0x1A, 0x21, 0x21, 0x21, 0x21, 0x21,
    0x14, 0x14, 0x14, 0x14, 0x14, 0x14, 0x14, 0x34, 0x27, 0x27, 0x31, 0x31,
    0x31, 0x31, 0x31, 0x27, 0x14, 0x14, 0x14, 0x27, 0x20, 0x0A, 0x0A, 0x0C,
    0x0C, 0x0A, 0x0C, 0x0C, 0x10, 0x07, 0x07, 0x0D, 0x0D, 0x03, 0x03, 0x03,
    0x03, 0x09, 0x09, 0x09, 0x09, 0x01, 0x01, 0x01, 0x05, 0x0F, 0x0F, 0x0F,
    0x0F, 0x12, 0x12, 0x12, 0x29, 0x29, 0x29, 0x19, 0x19, 0x19, 0x19, 0x19,
    0x19, 0x19, 0x19, 0x19, 0x19, 0x19, 0x19, 0x19, 0x09, 0x0C, 0x0A, 0x08,
    0x0B, 0x0B, 0x08, 0x16, 0x0C, 0x15, 0x07, 0x04, 0x04, 0x0D, 0x04, 0x0D,
    0x03, 0x03, 0x03, 0x03, 0x03, 0x03, 0x03, 0x03, 0x06, 0x00, 0x06, 0x00,
    0x00, 0x00, 0x00, 0x00, 0x00, 0x00, 0x00, 0x00, 0x00, 0x00, 0x00, 0x00,
    0x00, 0x00, 0x09, 0x09, 0x09, 0x00, 0x09, 0x00, 0x00, 0x00, 0x00, 0x09,
    0x00, 0x09, 0x01, 0x01, 0x01, 0x01, 0x01, 0x01, 0x01, 0x01, 0x01, 0x01,
    0x01, 0x01, 0x01, 0x01, 0x01, 0x01, 0x05, 0x05, 0x02, 0x02, 0x05, 0x05,
    0x02, 0x05, 0x05, 0x01, 0x01, 0x05, 0x02, 0x05, 0x05, 0x05, 0x05, 0x05,
    0x05, 0x01, 0x01, 0x01, 0x09, 0x01, 0x01, 0x05, 0x0F, 0x12, 0x0F, 0x02,
    0x02, 0x02, 0x02, 0x02, 0x02, 0x02, 0x02, 0x02, 0x02, 0x02, 0x02, 0x02,
    0x02, 0x05, 0x01, 0x05, 0x01, 0x05, 0x05, 0x05, 0x01, 0x05, 0x02, 0x05,
    0x05, 0x05, 0x01, 0x01, 0x01, 0x01, 0x01, 0x01, 0x01, 0x05, 0x01, 0x01,
    0x01, 0x01, 0x01, 0x01, 0x00, 0x00, 0x00, 0x00, 0x00, 0x00, 0x01, 0x01,
    0x01, 0x00, 0x09, 0x00, 0x00, 0x00, 0x00, 0x06, 0x00, 0x00, 0x00, 0x00,
    0x01, 0x01, 0x01, 0x09, 0x09, 0x00, 0x00, 0x00, 0x00, 0x00, 0x00, 0x09,
    0x00, 0x00, 0x00, 0x00, 0x06, 0x06, 0x06, 0x03, 0x03, 0x04, 0x03, 0x0D,
    0x04, 0x0D, 0x04, 0x0D, 0x0D, 0x04, 0x04, 0x04, 0x0E, 0x10, 0x0C, 0x0A,
    0x08, 0x08, 0x0B, 0x0B, 0x0B, 0x0B, 0x08, 0x08, 0x0A, 0x0A, 0x10, 0x01,
    0x01, 0x07, 0x0A, 0x08, 0x10, 0x0D, 0x03, 0x00, 0x01, 0x0F, 0x57, 0x19,
    0x1F, 0x13, 0x13, 0x13, 0x13, 0x13, 0x13, 0x13, 0x17, 0x17, 0x17, 0x1E,
    0x1E, 0x1E, 0x1E, 0x1E, 0x1B, 0x1B, 0x1B, 0x1B, 0x1B, 0x1B, 0x1B, 0x48,
    0x1A, 0x1A, 0x1A, 0x1A, 0x21, 0x21, 0x21, 0x21, 0x14, 0x14, 0x14, 0x14,
    0x14, 0x14, 0x14, 0x14, 0x34, 0x34, 0x27, 0x27, 0x27, 0x27, 0x14, 0x14,
    0x27, 0x15, 0x0C, 0x0A, 0x0A, 0x0A, 0x0A, 0x0A, 0x0C, 0x0C, 0x10, 0x07,
    0x04, 0x0D, 0x0D, 0x03, 0x03, 0x03, 0x09, 0x09, 0x09, 0x09, 0x01, 0x01,
    0x01, 0x02, 0x0F, 0x0F, 0x0F, 0x12, 0x12, 0x12, 0x12, 0x12, 0x19, 0x19,
    0x19, 0x19, 0x19, 0x19, 0x18, 0x18, 0x18, 0x18, 0x18, 0x18, 0x18, 0x18,
    0x18, 0x18, 0x18, 0x44, 0x0F, 0x0C, 0x0A, 0x08, 0x08, 0x0B, 0x08, 0x0A,
    0x0C, 0x07, 0x0E, 0x04, 0x04, 0x03, 0x03, 0x03, 0x03, 0x03, 0x06, 0x00,
    0x06, 0x06, 0x06, 0x03, 0x03, 0x03, 0x03, 0x06, 0x06, 0x00, 0x00, 0x00,
    0x00, 0x09, 0x00, 0x01, 0x00, 0x00, 0x00, 0x00, 0x00, 0x00, 0x00, 0x00,
    0x00, 0x09, 0x00, 0x09, 0x01, 0x09, 0x00, 0x00, 0x00, 0x00, 0x00, 0x09,
    0x01, 0x01, 0x01, 0x01, 0x01, 0x01, 0x01, 0x01, 0x01, 0x01, 0x01, 0x01,
    0x01, 0x01, 0x05, 0x05, 0x05, 0x05, 0x02, 0x02, 0x05, 0x05, 0x01, 0x05,
    0x05, 0x05, 0x05, 0x02, 0x02, 0x02, 0x02, 0x02, 0x02, 0x02, 0x02, 0x02,
    0x05, 0x05, 0x05, 0x02, 0x02, 0x05, 0x02, 0x02, 0x01, 0x05, 0x05, 0x01,
    0x01, 0x01, 0x01, 0x01, 0x01, 0x01, 0x01, 0x09, 0x09, 0x09, 0x09, 0x09,
    0x01, 0x01, 0x05, 0x01, 0x01, 0x01, 0x01, 0x01, 0x01, 0x01, 0x09, 0x09,
    0x01, 0x01, 0x01, 0x01, 0x01, 0x09, 0x09, 0x09, 0x01, 0x01, 0x01, 0x09,
    0x09, 0x01, 0x05, 0x01, 0x01, 0x01, 0x01, 0x01, 0x01, 0x00, 0x00, 0x00,
    0x00, 0x00, 0x00, 0x00, 0x00, 0x00, 0x00, 0x00, 0x00, 0x00, 0x00, 0x00,
    0x00, 0x06, 0x03, 0x06, 0x00, 0x00, 0x00, 0x06, 0x06, 0x06, 0x03, 0x03,
    0x03, 0x03, 0x03, 0x03, 0x03, 0x06, 0x06, 0x06, 0x03, 0x03, 0x03, 0x0D,
    0x04, 0x04, 0x07, 0x10, 0x15, 0x0C, 0x0A, 0x08, 0x08, 0x0B, 0x0B, 0x0B,
    0x0B, 0x08, 0x08, 0x0A, 0x0A, 0x07, 0x0F, 0x01, 0x0D, 0x0A, 0x08, 0x10,
    0x0D, 0x0D, 0x03, 0x09, 0x01, 0x0F, 0x19, 0x22, 0x13, 0x13, 0x13, 0x13,
    0x13, 0x13, 0x13, 0x13, 0x13, 0x17, 0x17, 0x1E, 0x1E, 0x1E, 0x1E, 0x1E,
    0x1E, 0x1B, 0x1B, 0x1B, 0x1B, 0x1B, 0x1B, 0x1B, 0x1A, 0x1A, 0x1A, 0x1A,
    0x21, 0x21, 0x21, 0x21, 0x14, 0x14, 0x14, 0x14, 0x14, 0x14, 0x14, 0x14,
    0x14, 0x14, 0x14, 0x14, 0x14, 0x27, 0x31, 0x20, 0x0A, 0x0A, 0x0A, 0x0A,
    0x0A, 0x0A, 0x0C, 0x10, 0x10, 0x07, 0x0D, 0x0D, 0x03, 0x03, 0x03, 0x09,
    0x09, 0x09, 0x01, 0x01, 0x01, 0x01, 0x0F, 0x0F, 0x0F, 0x0F, 0x12, 0x12,
    0x12, 0x29, 0x19, 0x19, 0x19, 0x19, 0x19, 0x18, 0x18, 0x18, 0x18, 0x18,
    0x18, 0x18, 0x18, 0x18, 0x18, 0x18, 0x18, 0x18, 0x18, 0x18, 0x18, 0x44,
    0x12, 0x10, 0x0C, 0x0A, 0x08, 0x0B, 0x08, 0x1D, 0x0C, 0x15, 0x15, 0x0E,
    0x0E, 0x04, 0x04, 0x04, 0x04, 0x03, 0x03, 0x03, 0x03, 0x03, 0x06, 0x03,
    0x03, 0x06, 0x06, 0x06, 0x06, 0x06, 0x06, 0x06, 0x06, 0x06, 0x03, 0x06,
    0x06, 0x03, 0x03, 0x06, 0x06, 0x03, 0x03, 0x03, 0x03, 0x03, 0x03, 0x03,
    0x03, 0x03, 0x06, 0x00, 0x00, 0x00, 0x01, 0x09, 0x00, 0x09, 0x01, 0x01,
    0x01, 0x09, 0x00, 0x09, 0x01, 0x09, 0x09, 0x09, 0x09, 0x09, 0x01, 0x01,
    0x01, 0x01, 0x01, 0x01, 0x05, 0x02, 0x02, 0x02, 0x02, 0x02, 0x02, 0x02,
    0x02, 0x02, 0x02, 0x02, 0x02, 0x02, 0x05, 0x02, 0x02, 0x02, 0x02, 0x02,
    0x02, 0x02, 0x02, 0x02, 0x02, 0x02, 0x02, 0x02, 0x0F, 0x02, 0x02, 0x02,
    0x02, 0x02, 0x02, 0x02, 0x02, 0x02, 0x02, 0x02, 0x02, 0x02, 0x02, 0x05,
    0x02, 0x05, 0x05, 0x05, 0x05, 0x01, 0x01, 0x01, 0x09, 0x00, 0x00, 0x00,
    0x00, 0x00, 0x00, 0x00, 0x01, 0x01, 0x01, 0x01, 0x01, 0x01, 0x01, 0x01,
    0x09, 0x00, 0x00, 0x00, 0x00, 0x00, 0x00, 0x01, 0x09, 0x00, 0x01, 0x01,
    0x00, 0x00, 0x06, 0x03, 0x03, 0x03, 0x06, 0x03, 0x06, 0x03, 0x03, 0x03,
    0x03, 0x03, 0x03, 0x03, 0x03, 0x03, 0x03, 0x0D, 0x0D, 0x03, 0x03, 0x03,
    0x03, 0x06, 0x03, 0x04, 0x0D, 0x04, 0x04, 0x04, 0x04, 0x0E, 0x07, 0x10,
    0x20, 0x0A, 0x1D, 0x08, 0x0B, 0x0B, 0x0B, 0x0B, 0x08, 0x08, 0x0A, 0x0A,
    0x04, 0x12, 0x01, 0x0D, 0x0A, 0x0B, 0x0C, 0x04, 0x04, 0x0D, 0x06, 0x09,
    0x05, 0x12, 0x19, 0x22, 0x13, 0x13, 0x13, 0x13, 0x13, 0x13, 0x13, 0x13,
    0x13, 0x13, 0x17, 0x17, 0x1E, 0x1E, 0x1E, 0x1E, 0x1E, 0x1B, 0x1B, 0x1B,
    0x1B, 0x1B, 0x1B, 0x1B, 0x1A, 0x1A, 0x1A, 0x1A, 0x21, 0x21, 0x21, 0x21,
    0x14, 0x14, 0x14, 0x14, 0x14, 0x14, 0x14, 0x14, 0x1A, 0x1A, 0x14, 0x27,
    0x15, 0x0C, 0x0A, 0x0A, 0x0A, 0x0A, 0x0A, 0x0A, 0x0C, 0x10, 0x07, 0x0D,
    0x0D, 0x03, 0x03, 0x03, 0x09, 0x09, 0x09, 0x01, 0x01, 0x01, 0x05, 0x0F,
    0x0F, 0x0F, 0x12, 0x12, 0x12, 0x29, 0x29, 0x19, 0x19, 0x19, 0x19, 0x18,
    0x18, 0x18, 0x18, 0x19, 0x19, 0x19, 0x19, 0x19, 0x18, 0x18, 0x18, 0x18,
    0x18, 0x18, 0x18, 0x18, 0x18, 0x18, 0x18, 0x18, 0x22, 0x07, 0x0C, 0x0A,
    0x08, 0x08, 0x08, 0x1D, 0x0C, 0x15, 0x07, 0x04, 0x04, 0x03, 0x0D, 0x0D,
    0x04, 0x03, 0x03, 0x04, 0x04, 0x04, 0x04, 0x04, 0x04, 0x03, 0x03, 0x03,
    0x06, 0x06, 0x06, 0x00, 0x06, 0x06, 0x00, 0x00, 0x00, 0x00, 0x00, 0x00,
    0x00, 0x01, 0x01, 0x09, 0x09, 0x09, 0x09, 0x09, 0x01, 0x09, 0x01, 0x01,
    0x09, 0x01, 0x05, 0x01, 0x01, 0x01, 0x01, 0x01, 0x01, 0x01, 0x09, 0x00,
    0x00, 0x09, 0x09, 0x09, 0x01, 0x01, 0x00, 0x00, 0x01, 0x02, 0x05, 0x01,
    0x05, 0x02, 0x02, 0x02, 0x02, 0x02, 0x01, 0x01, 0x05, 0x05, 0x05, 0x02,
    0x02, 0x02, 0x02, 0x02, 0x02, 0x02, 0x02, 0x02, 0x02, 0x02, 0x0F, 0x0F,
    0x02, 0x02, 0x02, 0x02, 0x02, 0x02, 0x02, 0x02, 0x02, 0x02, 0x02, 0x02,
    0x02, 0x02, 0x02, 0x02, 0x05, 0x05, 0x01, 0x01, 0x01, 0x01, 0x01, 0x09,
    0x09, 0x09, 0x09, 0x09, 0x01, 0x01, 0x01, 0x05, 0x01, 0x01, 0x01, 0x01,
    0x01, 0x01, 0x01, 0x01, 0x01, 0x01, 0x01, 0x01, 0x01, 0x01, 0x01, 0x09,
    0x09, 0x01, 0x09, 0x00, 0x00, 0x09, 0x00, 0x00, 0x00, 0x00, 0x00, 0x00,
    0x00, 0x06, 0x06, 0x06, 0x06, 0x06, 0x06, 0x03, 0x03, 0x00, 0x00, 0x06,
    0x06, 0x00, 0x00, 0x00, 0x00, 0x06, 0x03, 0x03, 0x0D, 0x0D, 0x0D, 0x03,
    0x03, 0x04, 0x04, 0x04, 0x04, 0x04, 0x15, 0x0C, 0x0C, 0x0A, 0x08, 0x0B,
    0x0B, 0x0B, 0x0B, 0x08, 0x08, 0x0A, 0x0A, 0x0D, 0x12, 0x01, 0x0D, 0x0C,
    0x0B, 0x0A, 0x04, 0x0D, 0x03, 0x03, 0x09, 0x01, 0x0F, 0x12, 0x19, 0x24,
    0x13, 0x13, 0x13, 0x13, 0x13, 0x13, 0x13, 0x13, 0x13, 0x13, 0x13, 0x17,
    0x17, 0x1E, 0x1E, 0x1E, 0x1E, 0x1B, 0x1B, 0x1B, 0x1B, 0x1B, 0x1B, 0x1A,
    0x1A, 0x1A, 0x1A, 0x1A, 0x21, 0x1A, 0x1A, 0x21, 0x21, 0x14, 0x14, 0x14,
    0x14, 0x14, 0x1A, 0x21, 0x14, 0x27, 0x20, 0x0A, 0x0A, 0x0A, 0x16, 0x16,
    0x0A, 0x0A, 0x0C, 0x10, 0x07, 0x0D, 0x03, 0x03, 0x03, 0x00, 0x09, 0x09,
    0x01, 0x01, 0x01, 0x05, 0x0F, 0x0F, 0x0F, 0x12, 0x12, 0x12, 0x12, 0x22,
    0x19, 0x19, 0x18, 0x18, 0x19, 0x18, 0x18, 0x19, 0x19, 0x12, 0x12, 0x12,
    0x0F, 0x0F, 0x12, 0x12, 0x19, 0x19, 0x29, 0x29, 0x19, 0x18, 0x18, 0x18,
    0x18, 0x18, 0x18, 0x18, 0x19, 0x07, 0x0C, 0x0A, 0x08, 0x08, 0x08, 0x16,
    0x0C, 0x15, 0x07, 0x04, 0x04, 0x0E, 0x04, 0x04, 0x07, 0x07, 0x07, 0x07,
    0x07, 0x0E, 0x04, 0x04, 0x04, 0x04, 0x04, 0x04, 0x04, 0x04, 0x04, 0x03,
    0x03, 0x06, 0x00, 0x00, 0x00, 0x00, 0x00, 0x00, 0x09, 0x00, 0x00, 0x00,
    0x00, 0x09, 0x01, 0x01, 0x01, 0x01, 0x01, 0x01, 0x00, 0x00, 0x09, 0x00,
    0x00, 0x00, 0x00, 0x09, 0x00, 0x00, 0x00, 0x00, 0x00, 0x00, 0x09, 0x01,
    0x05, 0x05, 0x05, 0x05, 0x05, 0x02, 0x05, 0x02, 0x05, 0x02, 0x02, 0x02,
    0x02, 0x05, 0x02, 0x02, 0x02, 0x02, 0x02, 0x02, 0x02, 0x02, 0x02, 0x02,
    0x02, 0x02, 0x02, 0x02, 0x02, 0x02, 0x02, 0x05, 0x02, 0x02, 0x02, 0x05,
    0x02, 0x05, 0x02, 0x02, 0x02, 0x02, 0x02, 0x02, 0x02, 0x02, 0x02, 0x02,
    0x05, 0x01, 0x01, 0x01, 0x01, 0x01, 0x01, 0x01, 0x05, 0x05, 0x01, 0x05,
    0x05, 0x05, 0x01, 0x01, 0x01, 0x01, 0x01, 0x09, 0x00, 0x00, 0x00, 0x00,
    0x09, 0x09, 0x00, 0x09, 0x00, 0x00, 0x09, 0x09, 0x00, 0x00, 0x09, 0x00,
    0x00, 0x01, 0x00, 0x00, 0x09, 0x09, 0x00, 0x00, 0x00, 0x00, 0x00, 0x00,
    0x00, 0x00, 0x03, 0x03, 0x03, 0x06, 0x00, 0x00, 0x06, 0x06, 0x06, 0x06,
    0x06, 0x06, 0x03, 0x03, 0x03, 0x00, 0x00, 0x00, 0x00, 0x00, 0x00, 0x03,
    0x03, 0x04, 0x07, 0x0C, 0x0A, 0x08, 0x08, 0x0B, 0x0B, 0x0B, 0x08, 0x08,
    0x0A, 0x0A, 0x0D, 0x19, 0x01, 0x0D, 0x0C, 0x0B, 0x1D, 0x0E, 0x0D, 0x0D,
    0x06, 0x09, 0x01, 0x02, 0x0F, 0x22, 0x18, 0x24, 0x13, 0x13, 0x13, 0x13,
    0x13, 0x13, 0x13, 0x13, 0x13, 0x13, 0x13, 0x17, 0x17, 0x1E, 0x1E, 0x1E,
    0x1E, 0x1E, 0x1B, 0x1B, 0x1B, 0x1B, 0x1B, 0x1A, 0x1A, 0x1A, 0x1A, 0x1A,
    0x21, 0x1A, 0x1A, 0x21, 0x21, 0x14, 0x14, 0x33, 0x1A, 0x21, 0x27, 0x15,
    0x0C, 0x0A, 0x3E, 0x3B, 0x08, 0x08, 0x08, 0x0A, 0x0C, 0x10, 0x07, 0x0D,
    0x03, 0x03, 0x09, 0x09, 0x09, 0x01, 0x01, 0x01, 0x05, 0x0F, 0x0F, 0x0F,
    0x12, 0x12, 0x12, 0x29, 0x22, 0x19, 0x19, 0x18, 0x18, 0x22, 0x24, 0x1F,
    0x1E, 0x4B, 0x19, 0x12, 0x0F, 0x4F, 0x01, 0x01, 0x01, 0x01, 0x01, 0x0F,
    0x0F, 0x19, 0x0F, 0x01, 0x12, 0x19, 0x19, 0x18, 0x18, 0x18, 0x18, 0x18,
    0x19, 0x07, 0x0C, 0x0A, 0x08, 0x08, 0x08, 0x0A, 0x0C, 0x10, 0x07, 0x04,
    0x04, 0x0E, 0x0E, 0x0E, 0x0E, 0x0E, 0x04, 0x04, 0x04, 0x04, 0x03, 0x0D,
    0x0D, 0x03, 0x03, 0x06, 0x06, 0x06, 0x06, 0x06, 0x06, 0x06, 0x00, 0x00,
    0x06, 0x06, 0x00, 0x00, 0x06, 0x00, 0x00, 0x00, 0x09, 0x09, 0x01, 0x01,
    0x01, 0x01, 0x01, 0x01, 0x09, 0x09, 0x09, 0x00, 0x00, 0x00, 0x00, 0x00,
    0x09, 0x01, 0x01, 0x01, 0x05, 0x05, 0x05, 0x01, 0x01, 0x01, 0x05, 0x01,
    0x01, 0x01, 0x01, 0x05, 0x01, 0x05, 0x05, 0x05, 0x05, 0x05, 0x05, 0x02,
    0x02, 0x02, 0x05, 0x02, 0x02, 0x02, 0x02, 0x02, 0x02, 0x02, 0x02, 0x02,
    0x05, 0x05, 0x02, 0x02, 0x02, 0x02, 0x02, 0x02, 0x0F, 0x0F, 0x02, 0x05,
    0x05, 0x05, 0x02, 0x02, 0x02, 0x05, 0x02, 0x02, 0x05, 0x05, 0x05, 0x01,
    0x01, 0x05, 0x05, 0x05, 0x05, 0x05, 0x01, 0x01, 0x01, 0x01, 0x01, 0x09,
    0x00, 0x00, 0x00, 0x00, 0x06, 0x06, 0x00, 0x00, 0x00, 0x00, 0x00, 0x00,
    0x00, 0x09, 0x01, 0x00, 0x00, 0x09, 0x01, 0x01, 0x09, 0x00, 0x00, 0x00,
    0x00, 0x00, 0x00, 0x00, 0x06, 0x06, 0x00, 0x00, 0x00, 0x00, 0x00, 0x06,
    0x06, 0x06, 0x06, 0x03, 0x03, 0x03, 0x04, 0x03, 0x0D, 0x03, 0x03, 0x03,
    0x03, 0x04, 0x04, 0x04, 0x04, 0x04, 0x04, 0x0E, 0x07, 0x10, 0x20, 0x0A,
    0x08, 0x08, 0x0B, 0x0B, 0x0B, 0x08, 0x08, 0x0A, 0x0A, 0x07, 0x19, 0x0F,
    0x03, 0x10, 0x08, 0x08, 0x07, 0x0D, 0x0D, 0x06, 0x09, 0x01, 0x0F, 0x0F,
    0x29, 0x19, 0x18, 0x11, 0x13, 0x13, 0x13, 0x13, 0x13, 0x13, 0x13, 0x13,
    0x13, 0x13, 0x13, 0x17, 0x17, 0x1E, 0x1E, 0x1E, 0x1E, 0x1E, 0x1B, 0x1B,
    0x1B, 0x1B, 0x1B, 0x1B, 0x1A, 0x1A, 0x1A, 0x1A, 0x1A, 0x21, 0x21, 0x21,
    0x14, 0x21, 0x21, 0x14, 0x27, 0x20, 0x0A, 0x3E, 0x3E, 0x08, 0x08, 0x08,
    0x08, 0x0A, 0x0C, 0x07, 0x0D, 0x03, 0x03, 0x00, 0x09, 0x09, 0x01, 0x01,
    0x01, 0x05, 0x0F, 0x0F, 0x0F, 0x12, 0x12, 0x12, 0x29, 0x19, 0x19, 0x18,
    0x18, 0x18, 0x22, 0x24, 0x26, 0x1E, 0x1B, 0x1B, 0x1B, 0x4D, 0x12, 0x0F,
    0x01, 0x09, 0x09, 0x03, 0x03, 0x09, 0x09, 0x01, 0x4F, 0x12, 0x05, 0x01,
    0x0F, 0x12, 0x19, 0x18, 0x18, 0x18, 0x18, 0x18, 0x22, 0x07, 0x10, 0x0A,
    0x08, 0x08, 0x08, 0x16, 0x0C, 0x15, 0x07, 0x04, 0x04, 0x04, 0x0D, 0x0D,
    0x04, 0x0D, 0x04, 0x03, 0x03, 0x03, 0x03, 0x04, 0x0D, 0x03, 0x03, 0x03,
    0x03, 0x03, 0x03, 0x03, 0x03, 0x06, 0x03, 0x06, 0x00, 0x00, 0x00, 0x00,
    0x00, 0x00, 0x09, 0x09, 0x00, 0x00, 0x00, 0x00, 0x00, 0x00, 0x00, 0x00,
    0x09, 0x01, 0x01, 0x01, 0x01, 0x00, 0x00, 0x01, 0x01, 0x09, 0x01, 0x01,
    0x01, 0x01, 0x01, 0x01, 0x01, 0x01, 0x01, 0x01, 0x00, 0x00, 0x09, 0x01,
    0x01, 0x01, 0x01, 0x05, 0x05, 0x05, 0x05, 0x05, 0x05, 0x05, 0x02, 0x02,
    0x02, 0x02, 0x02, 0x02, 0x02, 0x02, 0x02, 0x02, 0x0F, 0x02, 0x0F, 0x12,
    0x0F, 0x02, 0x02, 0x0F, 0x02, 0x02, 0x12, 0x0F, 0x12, 0x0F, 0x02, 0x02,
    0x02, 0x02, 0x02, 0x05, 0x01, 0x01, 0x01, 0x01, 0x01, 0x01, 0x01, 0x01,
    0x05, 0x05, 0x01, 0x01, 0x01, 0x09, 0x09, 0x09, 0x00, 0x09, 0x09, 0x00,
    0x00, 0x00, 0x09, 0x01, 0x01, 0x09, 0x01, 0x09, 0x01, 0x01, 0x01, 0x01,
    0x09, 0x09, 0x01, 0x01, 0x01, 0x09, 0x09, 0x00, 0x00, 0x00, 0x00, 0x00,
    0x00, 0x00, 0x00, 0x00, 0x00, 0x00, 0x00, 0x00, 0x06, 0x00, 0x06, 0x06,
    0x03, 0x03, 0x03, 0x03, 0x03, 0x03, 0x03, 0x04, 0x04, 0x04, 0x04, 0x04,
    0x04, 0x04, 0x04, 0x0E, 0x07, 0x15, 0x0C, 0x0A, 0x08, 0x0B, 0x0B, 0x0B,
    0x0B, 0x08, 0x0A, 0x0A, 0x10, 0x19, 0x12, 0x03, 0x10, 0x08, 0x0B, 0x20,
    0x0D, 0x0D, 0x06, 0x09, 0x01, 0x0F, 0x12, 0x29, 0x19, 0x18, 0x39, 0x11,
    0x13, 0x13, 0x13, 0x13, 0x13, 0x13, 0x13, 0x13, 0x13, 0x13, 0x13, 0x17,
    0x17, 0x17, 0x1E, 0x1E, 0x1E, 0x1E, 0x1B, 0x1B, 0x1B, 0x1B, 0x28, 0x1B,
    0x1A, 0x1A, 0x1A, 0x1A, 0x21, 0x1A, 0x1A, 0x1A, 0x21, 0x14, 0x15, 0x0C,
    0x0A, 0x42, 0x08, 0x08, 0x08, 0x08, 0x08, 0x0A, 0x15, 0x07, 0x0D, 0x03,
    0x03, 0x09, 0x09, 0x09, 0x01, 0x01, 0x01, 0x0F, 0x0F, 0x0F, 0x12, 0x12,
    0x12, 0x22, 0x19, 0x19, 0x19, 0x18, 0x18, 0x22, 0x4B, 0x4D, 0x1B, 0x1B,
    0x1B, 0x32, 0x17, 0x17, 0x32, 0x26, 0x0F, 0x01, 0x09, 0x03, 0x0D, 0x0D,
    0x0D, 0x0D, 0x03, 0x09, 0x01, 0x0F, 0x09, 0x09, 0x05, 0x0F, 0x12, 0x19,
    0x18, 0x18, 0x18, 0x44, 0x12, 0x07, 0x10, 0x0A, 0x08, 0x08, 0x08, 0x16,
    0x0C, 0x10, 0x04, 0x03, 0x04, 0x0D, 0x03, 0x03, 0x04, 0x03, 0x03, 0x03,
    0x03, 0x03, 0x03, 0x03, 0x03, 0x03, 0x03, 0x04, 0x0D, 0x04, 0x03, 0x03,
    0x06, 0x00, 0x00, 0x00, 0x00, 0x01, 0x01, 0x00, 0x00, 0x09, 0x00, 0x01,
    0x01, 0x01, 0x01, 0x01, 0x01, 0x09, 0x09, 0x01, 0x01, 0x00, 0x00, 0x00,
    0x00, 0x00, 0x00, 0x00, 0x00, 0x01, 0x01, 0x01, 0x01, 0x01, 0x01, 0x01,
    0x01, 0x01, 0x01, 0x01, 0x01, 0x01, 0x01, 0x01, 0x05, 0x02, 0x05, 0x05,
    0x02, 0x05, 0x02, 0x02, 0x02, 0x02, 0x02, 0x02, 0x0F, 0x02, 0x02, 0x02,
    0x02, 0x02, 0x02, 0x02, 0x02, 0x02, 0x05, 0x02, 0x02, 0x02, 0x02, 0x02,
    0x02, 0x02, 0x02, 0x02, 0x02, 0x02, 0x05, 0x01, 0x01, 0x05, 0x05, 0x05,
    0x05, 0x05, 0x01, 0x01, 0x01, 0x09, 0x00, 0x00, 0x00, 0x00, 0x09, 0x09,
    0x09, 0x09, 0x01, 0x01, 0x01, 0x01, 0x00, 0x00, 0x00, 0x00, 0x00, 0x00,
    0x06, 0x06, 0x00, 0x00, 0x00, 0x00, 0x00, 0x09, 0x09, 0x00, 0x00, 0x00,
    0x06, 0x06, 0x06, 0x06, 0x00, 0x00, 0x00, 0x00, 0x06, 0x06, 0x06, 0x06,
    0x03, 0x03, 0x03, 0x03, 0x03, 0x06, 0x03, 0x03, 0x03, 0x03, 0x03, 0x06,
    0x03, 0x04, 0x03, 0x03, 0x04, 0x04, 0x04, 0x04, 0x04, 0x04, 0x04, 0x07,
    0x15, 0x0C, 0x16, 0x08, 0x08, 0x0B, 0x0B, 0x0B, 0x08, 0x08, 0x0A, 0x0C,
    0x12, 0x19, 0x09, 0x07, 0x0A, 0x0B, 0x0A, 0x04, 0x0D, 0x06, 0x09, 0x01,
    0x0F, 0x12, 0x19, 0x18, 0x18, 0x59, 0x18, 0x11, 0x1C, 0x1C, 0x13, 0x13,
    0x13, 0x13, 0x13, 0x13, 0x13, 0x13, 0x13, 0x13, 0x17, 0x17, 0x1E, 0x1E,
    0x1E, 0x1E, 0x1B, 0x1B, 0x1B, 0x1B, 0x1B, 0x1B, 0x1A, 0x48, 0x1A, 0x1A,
    0x1A, 0x1A, 0x25, 0x27, 0x15, 0x0A, 0x16, 0x3D, 0x08, 0x08, 0x0B, 0x08,
    0x08, 0x0C, 0x10, 0x07, 0x0D, 0x03, 0x09, 0x09, 0x09, 0x01, 0x01, 0x01,
    0x0F, 0x0F, 0x0F, 0x12, 0x12, 0x12, 0x29, 0x19, 0x19, 0x18, 0x18, 0x18,
    0x22, 0x24, 0x4D, 0x1B, 0x1B, 0x1B, 0x17, 0x17, 0x17, 0x17, 0x17, 0x17,
    0x17, 0x1E, 0x01, 0x09, 0x0D, 0x04, 0x07, 0x07, 0x07, 0x07, 0x0D, 0x03,
    0x09, 0x09, 0x00, 0x09, 0x05, 0x0F, 0x12, 0x19, 0x18, 0x18, 0x18, 0x44,
    0x0F, 0x07, 0x10, 0x0A, 0x08, 0x08, 0x08, 0x08, 0x0A, 0x15, 0x07, 0x0E,
    0x07, 0x07, 0x0E, 0x0E, 0x0E, 0x0E, 0x04, 0x04, 0x03, 0x03, 0x0D, 0x04,
    0x04, 0x04, 0x0D, 0x04, 0x04, 0x04, 0x03, 0x06, 0x03, 0x06, 0x06, 0x06,
    0x06, 0x00, 0x00, 0x00, 0x00, 0x00, 0x00, 0x00, 0x00, 0x00, 0x00, 0x00,
    0x00, 0x00, 0x00, 0x00, 0x00, 0x00, 0x00, 0x00, 0x00, 0x00, 0x00, 0x00,
    0x00, 0x00, 0x00, 0x00, 0x00, 0x09, 0x01, 0x01, 0x01, 0x01, 0x01, 0x01,
    0x01, 0x01, 0x01, 0x01, 0x09, 0x09, 0x09, 0x09, 0x01, 0x01, 0x01, 0x05,
    0x05, 0x02, 0x02, 0x05, 0x05, 0x05, 0x05, 0x05, 0x02, 0x05, 0x05, 0x05,
    0x02, 0x02, 0x02, 0x02, 0x02, 0x0F, 0x0F, 0x02, 0x0F, 0x0F, 0x02, 0x02,
    0x02, 0x02, 0x02, 0x02, 0x02, 0x02, 0x05, 0x05, 0x01, 0x02, 0x05, 0x05,
    0x01, 0x01, 0x01, 0x01, 0x05, 0x01, 0x01, 0x01, 0x01, 0x05, 0x05, 0x01,
    0x01, 0x01, 0x09, 0x01, 0x01, 0x05, 0x01, 0x01, 0x01, 0x01, 0x09, 0x00,
    0x00, 0x00, 0x00, 0x00, 0x00, 0x09, 0x09, 0x00, 0x00, 0x00, 0x00, 0x09,
    0x09, 0x00, 0x00, 0x00, 0x00, 0x00, 0x00, 0x00, 0x06, 0x06, 0x00, 0x00,
    0x06, 0x06, 0x06, 0x06, 0x06, 0x03, 0x03, 0x04, 0x04, 0x0D, 0x03, 0x04,
    0x04, 0x0D, 0x0D, 0x03, 0x0D, 0x04, 0x0E, 0x07, 0x10, 0x0C, 0x0A, 0x08,
    0x0B, 0x0B, 0x0B, 0x08, 0x08, 0x0A, 0x0C, 0x01, 0x18, 0x01, 0x0D, 0x0C,
    0x08, 0x08, 0x07, 0x0D, 0x03, 0x09, 0x01, 0x0F, 0x12, 0x19, 0x18, 0x18,
    0x18, 0x18, 0x22, 0x1F, 0x1C, 0x1C, 0x13, 0x13, 0x13, 0x13, 0x13, 0x13,
    0x13, 0x13, 0x13, 0x13, 0x17, 0x17, 0x1E, 0x1E, 0x1E, 0x1E, 0x1B, 0x1B,
    0x1B, 0x1B, 0x1B, 0x1B, 0x48, 0x1B, 0x1A, 0x1A, 0x14, 0x27, 0x20, 0x0A,
    0x0A, 0x3D, 0x08, 0x08, 0x0B, 0x08, 0x42, 0x0C, 0x10, 0x04, 0x03, 0x06,
    0x09, 0x09, 0x01, 0x01, 0x01, 0x0F, 0x0F, 0x0F, 0x12, 0x12, 0x12, 0x50,
    0x22, 0x19, 0x19, 0x18, 0x18, 0x22, 0x24, 0x1F, 0x1E, 0x1B, 0x32, 0x32,
    0x17, 0x17, 0x17, 0x17, 0x17, 0x17, 0x17, 0x17, 0x17, 0x17, 0x09, 0x03,
    0x0D, 0x10, 0x10, 0x10, 0x10, 0x10, 0x07, 0x0D, 0x09, 0x09, 0x06, 0x01,
    0x05, 0x0F, 0x12, 0x22, 0x18, 0x18, 0x18, 0x44, 0x01, 0x07, 0x10, 0x0A,
    0x08, 0x08, 0x08, 0x0A, 0x20, 0x07, 0x0E, 0x04, 0x04, 0x04, 0x04, 0x04,
    0x04, 0x04, 0x0D, 0x04, 0x03, 0x0D, 0x03, 0x03, 0x03, 0x03, 0x03, 0x06,
    0x03, 0x03, 0x03, 0x03, 0x03, 0x03, 0x03, 0x03, 0x03, 0x00, 0x00, 0x00,
    0x00, 0x01, 0x01, 0x01, 0x09, 0x09, 0x01, 0x01, 0x00, 0x00, 0x00, 0x09,
    0x00, 0x00, 0x00, 0x00, 0x01, 0x01, 0x01, 0x09, 0x01, 0x01, 0x01, 0x01,
    0x01, 0x01, 0x01, 0x01, 0x01, 0x01, 0x05, 0x05, 0x01, 0x05, 0x02, 0x02,
    0x02, 0x02, 0x05, 0x05, 0x05, 0x01, 0x05, 0x05, 0x02, 0x02, 0x02, 0x02,
    0x02, 0x02, 0x02, 0x02, 0x02, 0x02, 0x02, 0x02, 0x0F, 0x0F, 0x0F, 0x02,
    0x02, 0x02, 0x02, 0x02, 0x02, 0x02, 0x02, 0x02, 0x05, 0x01, 0x01, 0x01,
    0x09, 0x09, 0x01, 0x01, 0x01, 0x01, 0x01, 0x01, 0x01, 0x01, 0x01, 0x09,
    0x00, 0x01, 0x09, 0x00, 0x09, 0x01, 0x01, 0x01, 0x01, 0x01, 0x09, 0x09,
    0x01, 0x00, 0x00, 0x00, 0x01, 0x09, 0x00, 0x00, 0x00, 0x09, 0x09, 0x00,
    0x00, 0x09, 0x09, 0x00, 0x00, 0x00, 0x00, 0x00, 0x00, 0x00, 0x00, 0x00,
    0x06, 0x03, 0x06, 0x00, 0x00, 0x06, 0x03, 0x03, 0x03, 0x03, 0x04, 0x04,
    0x04, 0x04, 0x04, 0x04, 0x04, 0x04, 0x04, 0x04, 0x04, 0x0D, 0x0D, 0x03,
    0x0D, 0x04, 0x04, 0x07, 0x15, 0x0C, 0x16, 0x08, 0x0B, 0x0B, 0x0B, 0x08,
    0x0A, 0x0A, 0x0D, 0x18, 0x0F, 0x03, 0x10, 0x08, 0x0B, 0x20, 0x0D, 0x03,
    0x09, 0x01, 0x0F, 0x12, 0x19, 0x18, 0x18, 0x19, 0x12, 0x19, 0x22, 0x11,
    0x1C, 0x11, 0x1C, 0x1C, 0x13, 0x13, 0x13, 0x13, 0x13, 0x13, 0x13, 0x13,
    0x13, 0x17, 0x17, 0x1E, 0x1E, 0x1E, 0x1E, 0x1B, 0x1B, 0x1B, 0x1B, 0x1B,
    0x1B, 0x48, 0x14, 0x15, 0x0C, 0x0A, 0x0A, 0x3D, 0x08, 0x08, 0x0B, 0x08,
    0x0A, 0x0C, 0x10, 0x0D, 0x03, 0x09, 0x09, 0x01, 0x01, 0x01, 0x02, 0x0F,
    0x0F, 0x12, 0x12, 0x12, 0x29, 0x19, 0x19, 0x19, 0x18, 0x18, 0x18, 0x29,
    0x1F, 0x17, 0x1B, 0x32, 0x17, 0x17, 0x17, 0x17, 0x17, 0x17, 0x17, 0x17,
    0x17, 0x17, 0x17, 0x17, 0x17, 0x17, 0x00, 0x0D, 0x07, 0x10, 0x0C, 0x0C,
    0x0C, 0x10, 0x07, 0x0D, 0x00, 0x06, 0x00, 0x01, 0x02, 0x0F, 0x12, 0x19,
    0x18, 0x18, 0x18, 0x18, 0x06, 0x07, 0x0C, 0x0A, 0x08, 0x08, 0x08, 0x0A,
    0x0C, 0x15, 0x07, 0x04, 0x0E, 0x04, 0x03, 0x04, 0x04, 0x0D, 0x0D, 0x04,
    0x04, 0x04, 0x04, 0x04, 0x04, 0x04, 0x04, 0x03, 0x06, 0x00, 0x00, 0x00,
    0x00, 0x00, 0x00, 0x00, 0x00, 0x00, 0x00, 0x00, 0x00, 0x00, 0x00, 0x00,
    0x00, 0x00, 0x00, 0x00, 0x06, 0x06, 0x03, 0x06, 0x00, 0x00, 0x00, 0x00,
    0x00, 0x00, 0x09, 0x00, 0x00, 0x00, 0x09, 0x00, 0x00, 0x00, 0x09, 0x01,
    0x01, 0x01, 0x01, 0x01, 0x01, 0x01, 0x05, 0x05, 0x05, 0x05, 0x05, 0x01,
    0x05, 0x05, 0x05, 0x05, 0x05, 0x05, 0x02, 0x02, 0x02, 0x02, 0x02, 0x02,
    0x05, 0x02, 0x02, 0x02, 0x12, 0x12, 0x12, 0x0F, 0x02, 0x02, 0x02, 0x02,
    0x02, 0x02, 0x02, 0x02, 0x02, 0x02, 0x05, 0x05, 0x02, 0x02, 0x05, 0x05,
    0x05, 0x02, 0x02, 0x02, 0x02, 0x02, 0x05, 0x05, 0x01, 0x01, 0x01, 0x09,
    0x00, 0x01, 0x05, 0x05, 0x05, 0x05, 0x01, 0x01, 0x01, 0x00, 0x00, 0x00,
    0x00, 0x00, 0x09, 0x01, 0x01, 0x01, 0x01, 0x01, 0x01, 0x09, 0x00, 0x00,
    0x00, 0x00, 0x06, 0x00, 0x00, 0x06, 0x06, 0x06, 0x06, 0x06, 0x06, 0x06,
    0x00, 0x06, 0x06, 0x06, 0x06, 0x03, 0x06, 0x06, 0x03, 0x03, 0x06, 0x06,
    0x06, 0x03, 0x03, 0x03, 0x03, 0x04, 0x04, 0x04, 0x0D, 0x04, 0x0E, 0x10,
    0x20, 0x0A, 0x08, 0x08, 0x0B, 0x0B, 0x08, 0x08, 0x0A, 0x10, 0x19, 0x22,
    0x09, 0x0E, 0x0A, 0x08, 0x08, 0x04, 0x03, 0x09, 0x01, 0x0F, 0x12, 0x19,
    0x18, 0x19, 0x12, 0x0F, 0x0F, 0x12, 0x24, 0x1C, 0x11, 0x11, 0x1C, 0x1C,
    0x13, 0x13, 0x13, 0x13, 0x13, 0x13, 0x13, 0x13, 0x13, 0x17, 0x17, 0x1E,
    0x1E, 0x1E, 0x1E, 0x1B, 0x1B, 0x1B, 0x1B, 0x25, 0x27, 0x15, 0x0A, 0x0A,
    0x0A, 0x08, 0x08, 0x0B, 0x08, 0x08, 0x0A, 0x0C, 0x07, 0x0D, 0x03, 0x09,
    0x09, 0x01, 0x01, 0x05, 0x0F, 0x0F, 0x0F, 0x12, 0x12, 0x29, 0x19, 0x19,
    0x19, 0x18, 0x18, 0x18, 0x22, 0x4B, 0x17, 0x1B, 0x32, 0x32, 0x17, 0x17,
    0x17, 0x17, 0x17, 0x17, 0x17, 0x17, 0x17, 0x17, 0x17, 0x17, 0x17, 0x17,
    0x17, 0x17, 0x00, 0x4C, 0x10, 0x0C, 0x0C, 0x0C, 0x0C, 0x10, 0x07, 0x03,
    0x06, 0x03, 0x09, 0x01, 0x02, 0x0F, 0x12, 0x19, 0x18, 0x18, 0x18, 0x29,
    0x0D, 0x07, 0x0C, 0x0A, 0x08, 0x08, 0x1D, 0x0A, 0x15, 0x07, 0x04, 0x03,
    0x04, 0x03, 0x03, 0x06, 0x03, 0x03, 0x03, 0x03, 0x0D, 0x04, 0x04, 0x03,
    0x03, 0x03, 0x0D, 0x03, 0x03, 0x06, 0x03, 0x06, 0x06, 0x06, 0x00, 0x00,
    0x00, 0x00, 0x00, 0x00, 0x00, 0x00, 0x00, 0x00, 0x00, 0x00, 0x00, 0x00,
    0x00, 0x00, 0x01, 0x01, 0x01, 0x01, 0x01, 0x01, 0x01, 0x01, 0x01, 0x01,
    0x01, 0x09, 0x01, 0x01, 0x09, 0x00, 0x00, 0x01, 0x05, 0x05, 0x05, 0x05,
    0x05, 0x01, 0x01, 0x01, 0x01, 0x01, 0x05, 0x05, 0x02, 0x02, 0x02, 0x0F,
    0x02, 0x02, 0x05, 0x05, 0x05, 0x05, 0x05, 0x05, 0x05, 0x02, 0x02, 0x02,
    0x05, 0x02, 0x02, 0x02, 0x02, 0x02, 0x05, 0x05, 0x01, 0x05, 0x02, 0x05,
    0x05, 0x05, 0x05, 0x02, 0x02, 0x05, 0x05, 0x05, 0x02, 0x05, 0x05, 0x05,
    0x01, 0x05, 0x05, 0x01, 0x01, 0x01, 0x01, 0x01, 0x01, 0x01, 0x01, 0x00,
    0x09, 0x09, 0x01, 0x09, 0x01, 0x00, 0x00, 0x00, 0x09, 0x00, 0x09, 0x09,
    0x00, 0x00, 0x00, 0x00, 0x00, 0x00, 0x00, 0x00, 0x00, 0x00, 0x06, 0x06,
    0x06, 0x03, 0x03, 0x06, 0x06, 0x00, 0x00, 0x00, 0x00, 0x00, 0x06, 0x06,
    0x06, 0x03, 0x03, 0x03, 0x03, 0x03, 0x06, 0x06, 0x06, 0x03, 0x03, 0x03,
    0x03, 0x03, 0x03, 0x04, 0x04, 0x04, 0x04, 0x10, 0x0C, 0x0A, 0x08, 0x0B,
    0x0B, 0x08, 0x08, 0x0A, 0x0A, 0x09, 0x18, 0x0F, 0x03, 0x10, 0x08, 0x0B,
    0x15, 0x0D, 0x06, 0x01, 0x0F, 0x12, 0x19, 0x18, 0x22, 0x0F, 0x01, 0x01,
    0x01, 0x0F, 0x2B, 0x1C, 0x11, 0x11, 0x11, 0x1C, 0x13, 0x13, 0x13, 0x13,
    0x13, 0x13, 0x13, 0x13, 0x13, 0x17, 0x17, 0x1E, 0x1E, 0x1E, 0x1E, 0x1E,
    0x1B, 0x25, 0x27, 0x20, 0x0A, 0x0A, 0x0A, 0x08, 0x08, 0x0B, 0x08, 0x08,
    0x0A, 0x15, 0x07, 0x0D, 0x00, 0x09, 0x01, 0x01, 0x01, 0x0F, 0x0F, 0x0F,
    0x12, 0x12, 0x12, 0x19, 0x19, 0x19, 0x18, 0x18, 0x18, 0x22, 0x24, 0x4D,
    0x1E, 0x1B, 0x17, 0x17, 0x17, 0x17, 0x17, 0x17, 0x17, 0x17, 0x17, 0x17,
    0x17, 0x17, 0x17, 0x17, 0x17, 0x17, 0x17, 0x17, 0x17, 0x17, 0x06, 0x07,
    0x10, 0x0C, 0x0C, 0x0C, 0x0C, 0x10, 0x0D, 0x06, 0x04, 0x00, 0x01, 0x01,
    0x0F, 0x12, 0x22, 0x18, 0x18, 0x18, 0x18, 0x0F, 0x0D, 0x10, 0x0C, 0x0A,
    0x08, 0x08, 0x3B, 0x0C, 0x15, 0x07, 0x07, 0x04, 0x04, 0x04, 0x04, 0x04,
    0x04, 0x04, 0x04, 0x04, 0x04, 0x04, 0x0D, 0x03, 0x03, 0x03, 0x03, 0x03,
    0x03, 0x03, 0x0D, 0x04, 0x0D, 0x04, 0x03, 0x03, 0x06, 0x06, 0x00, 0x00,
    0x06, 0x06, 0x03, 0x00, 0x00, 0x06, 0x06, 0x00, 0x00, 0x00, 0x00, 0x00,
    0x01, 0x09, 0x09, 0x01, 0x01, 0x01, 0x01, 0x01, 0x01, 0x01, 0x01, 0x01,
    0x01, 0x01, 0x01, 0x01, 0x01, 0x01, 0x01, 0x01, 0x01, 0x01, 0x01, 0x01,
    0x01, 0x01, 0x05, 0x05, 0x05, 0x05, 0x05, 0x05, 0x01, 0x01, 0x05, 0x05,
    0x05, 0x05, 0x05, 0x05, 0x05, 0x05, 0x05, 0x05, 0x02, 0x02, 0x02, 0x02,
    0x05, 0x02, 0x02, 0x05, 0x05, 0x01, 0x05, 0x05, 0x05, 0x02, 0x02, 0x05,
    0x02, 0x02, 0x05, 0x05, 0x02, 0x02, 0x02, 0x02, 0x02, 0x02, 0x02, 0x02,
    0x02, 0x05, 0x01, 0x05, 0x05, 0x01, 0x01, 0x01, 0x01, 0x01, 0x01, 0x09,
    0x01, 0x01, 0x01, 0x00, 0x00, 0x00, 0x00, 0x00, 0x00, 0x06, 0x06, 0x06,
    0x06, 0x06, 0x06, 0x00, 0x00, 0x06, 0x06, 0x06, 0x06, 0x00, 0x06, 0x03,
    0x00, 0x00, 0x00, 0x00, 0x00, 0x00, 0x00, 0x00, 0x00, 0x06, 0x06, 0x06,
    0x06, 0x06, 0x06, 0x06, 0x06, 0x06, 0x03, 0x03, 0x03, 0x06, 0x03, 0x03,
    0x04, 0x0E, 0x07, 0x15, 0x0C, 0x16, 0x08, 0x0B, 0x0B, 0x08, 0x0A, 0x0A,
    0x10, 0x19, 0x12, 0x09, 0x0E, 0x0A, 0x08, 0x08, 0x04, 0x03, 0x09, 0x0F,
    0x12, 0x18, 0x18, 0x12, 0x01, 0x01, 0x09, 0x09, 0x09, 0x01, 0x02, 0x11,
    0x11, 0x11, 0x11, 0x11, 0x1C, 0x13, 0x13, 0x13, 0x13, 0x13, 0x13, 0x13,
    0x13, 0x17, 0x17, 0x17, 0x17, 0x1E, 0x1B, 0x04, 0x15, 0x0C, 0x0A, 0x0A,
    0x08, 0x08, 0x08, 0x0B, 0x08, 0x0A, 0x0C, 0x10, 0x04, 0x03, 0x09, 0x01,
    0x01, 0x01, 0x02, 0x0F, 0x0F, 0x12, 0x12, 0x29, 0x29, 0x19, 0x19, 0x18,
    0x18, 0x18, 0x18, 0x29, 0x1F, 0x17, 0x32, 0x32, 0x32, 0x17, 0x17, 0x17,
    0x17, 0x17, 0x17, 0x17, 0x17, 0x17, 0x17, 0x17, 0x17, 0x17, 0x17, 0x17,
    0x17, 0x17, 0x17, 0x17, 0x17, 0x17, 0x06, 0x07, 0x10, 0x0C, 0x0C, 0x0C,
    0x20, 0x04, 0x00, 0x0E, 0x03, 0x01, 0x01, 0x01, 0x0F, 0x12, 0x19, 0x18,
    0x18, 0x18, 0x18, 0x09, 0x0D, 0x10, 0x0A, 0x08, 0x08, 0x08, 0x0A, 0x0C,
    0x15, 0x07, 0x04, 0x04, 0x04, 0x04, 0x04, 0x04, 0x04, 0x03, 0x03, 0x03,
    0x03, 0x03, 0x03, 0x03, 0x06, 0x03, 0x06, 0x06, 0x06, 0x06, 0x03, 0x06,
    0x06, 0x06, 0x06, 0x06, 0x06, 0x06, 0x06, 0x00, 0x00, 0x06, 0x06, 0x06,
    0x00, 0x00, 0x00, 0x00, 0x00, 0x01, 0x01, 0x00, 0x09, 0x01, 0x05, 0x05,
    0x01, 0x01, 0x01, 0x01, 0x01, 0x01, 0x01, 0x01, 0x01, 0x01, 0x05, 0x05,
    0x01, 0x01, 0x05, 0x01, 0x01, 0x01, 0x05, 0x02, 0x02, 0x05, 0x01, 0x05,
    0x05, 0x01, 0x01, 0x01, 0x09, 0x01, 0x01, 0x01, 0x01, 0x05, 0x05, 0x05,
    0x05, 0x05, 0x05, 0x02, 0x02, 0x02, 0x0F, 0x0F, 0x02, 0x02, 0x02, 0x02,
    0x02, 0x02, 0x02, 0x0F, 0x02, 0x0F, 0x02, 0x02, 0x02, 0x02, 0x05, 0x05,
    0x05, 0x05, 0x01, 0x01, 0x01, 0x01, 0x01, 0x01, 0x01, 0x01, 0x01, 0x09,
    0x09, 0x09, 0x09, 0x09, 0x09, 0x00, 0x00, 0x09, 0x09, 0x00, 0x09, 0x01,
    0x01, 0x01, 0x09, 0x09, 0x00, 0x00, 0x00, 0x00, 0x00, 0x06, 0x00, 0x00,
    0x00, 0x00, 0x00, 0x00, 0x06, 0x03, 0x03, 0x03, 0x03, 0x03, 0x0D, 0x0D,
    0x04, 0x04, 0x03, 0x03, 0x03, 0x04, 0x03, 0x0D, 0x04, 0x03, 0x0D, 0x03,
    0x03, 0x0D, 0x03, 0x03, 0x03, 0x04, 0x03, 0x03, 0x04, 0x04, 0x07, 0x15,
    0x0A, 0x08, 0x08, 0x0B, 0x0B, 0x08, 0x0A, 0x0C, 0x09, 0x18, 0x0F, 0x06,
    0x10, 0x0A, 0x0B, 0x0C, 0x03, 0x09, 0x05, 0x12, 0x19, 0x18, 0x12, 0x01,
    0x09, 0x03, 0x03, 0x03, 0x03, 0x09, 0x02, 0x11, 0x11, 0x11, 0x11, 0x11,
    0x1C, 0x1C, 0x13, 0x13, 0x13, 0x13, 0x13, 0x13, 0x13, 0x13, 0x13, 0x1E,
    0x2A, 0x0E, 0x20, 0x0A, 0x0A, 0x0A, 0x08, 0x08, 0x0B, 0x0B, 0x08, 0x0A,
    0x0C, 0x10, 0x0D, 0x03, 0x09, 0x01, 0x01, 0x05, 0x0F, 0x0F, 0x0F, 0x12,
    0x12, 0x29, 0x19, 0x19, 0x19, 0x18, 0x18, 0x18, 0x19, 0x24, 0x4D, 0x1B,
    0x1B, 0x32, 0x17, 0x17, 0x17, 0x17, 0x17, 0x17, 0x17, 0x17, 0x17, 0x17,
    0x17, 0x17, 0x17, 0x17, 0x17, 0x17, 0x17, 0x17, 0x17, 0x17, 0x17, 0x17,
    0x17, 0x17, 0x06, 0x43, 0x10, 0x10, 0x0C, 0x10, 0x0E, 0x06, 0x0E, 0x03,
    0x09, 0x01, 0x01, 0x0F, 0x12, 0x19, 0x18, 0x18, 0x18, 0x18, 0x12, 0x03,
    0x07, 0x0C, 0x0A, 0x08, 0x08, 0x08, 0x0A, 0x0C, 0x10, 0x07, 0x0E, 0x04,
    0x04, 0x04, 0x0E, 0x0E, 0x04, 0x04, 0x0E, 0x04, 0x04, 0x03, 0x04, 0x04,
    0x03, 0x0D, 0x0D, 0x03, 0x03, 0x04, 0x03, 0x06, 0x00, 0x06, 0x00, 0x00,
    0x00, 0x00, 0x00, 0x00, 0x00, 0x00, 0x06, 0x00, 0x00, 0x09, 0x01, 0x01,
    0x09, 0x09, 0x01, 0x01, 0x00, 0x00, 0x00, 0x09, 0x00, 0x00, 0x09, 0x09,
    0x01, 0x01, 0x00, 0x09, 0x09, 0x09, 0x09, 0x01, 0x01, 0x01, 0x01, 0x01,
    0x01, 0x01, 0x01, 0x05, 0x05, 0x05, 0x02, 0x02, 0x05, 0x05, 0x01, 0x01,
    0x05, 0x01, 0x05, 0x01, 0x05, 0x02, 0x02, 0x02, 0x02, 0x02, 0x05, 0x05,
    0x02, 0x02, 0x02, 0x02, 0x0F, 0x02, 0x0F, 0x12, 0x0F, 0x12, 0x0F, 0x02,
    0x02, 0x02, 0x02, 0x05, 0x02, 0x05, 0x05, 0x02, 0x02, 0x02, 0x02, 0x05,
    0x05, 0x01, 0x01, 0x01, 0x01, 0x01, 0x09, 0x09, 0x00, 0x00, 0x09, 0x09,
    0x00, 0x00, 0x00, 0x00, 0x09, 0x09, 0x00, 0x00, 0x00, 0x01, 0x00, 0x00,
    0x00, 0x00, 0x00, 0x00, 0x00, 0x06, 0x00, 0x00, 0x00, 0x00, 0x00, 0x00,
    0x00, 0x00, 0x06, 0x06, 0x03, 0x03, 0x03, 0x03, 0x0D, 0x03, 0x06, 0x06,
    0x06, 0x03, 0x03, 0x03, 0x04, 0x04, 0x0D, 0x04, 0x04, 0x0E, 0x0E, 0x04,
    0x04, 0x04, 0x04, 0x04, 0x04, 0x07, 0x15, 0x0C, 0x16, 0x08, 0x0B, 0x0B,
    0x08, 0x08, 0x0A, 0x10, 0x22, 0x19, 0x01, 0x03, 0x0C, 0x08, 0x0B, 0x10,
    0x06, 0x01, 0x0F, 0x19, 0x18, 0x12, 0x01, 0x09, 0x03, 0x0D, 0x0D, 0x0D,
    0x0D, 0x03, 0x26, 0x11, 0x11, 0x11, 0x11, 0x11, 0x11, 0x1C, 0x1C, 0x13,
    0x13, 0x13, 0x13, 0x13, 0x13, 0x1E, 0x25, 0x15, 0x0C, 0x0A, 0x0A, 0x0A,
    0x08, 0x08, 0x0B, 0x08, 0x08, 0x0A, 0x10, 0x07, 0x0D, 0x00, 0x09, 0x01,
    0x01, 0x0F, 0x0F, 0x0F, 0x12, 0x12, 0x12, 0x19, 0x19, 0x19, 0x18, 0x18,
    0x18, 0x18, 0x22, 0x1F, 0x1B, 0x28, 0x64, 0x32, 0x17, 0x17, 0x17, 0x17,
    0x17, 0x17, 0x17, 0x17, 0x17, 0x17, 0x17, 0x17, 0x17, 0x17, 0x17, 0x17,
    0x17, 0x17, 0x17, 0x17, 0x17, 0x17, 0x17, 0x17, 0x17, 0x17, 0x00, 0x0D,
    0x07, 0x10, 0x10, 0x0D, 0x06, 0x0E, 0x0D, 0x09, 0x09, 0x01, 0x01, 0x0F,
    0x12, 0x19, 0x18, 0x18, 0x18, 0x18, 0x09, 0x0D, 0x07, 0x0C, 0x0A, 0x08,
    0x08, 0x08, 0x0A, 0x0C, 0x10, 0x07, 0x0E, 0x0E, 0x0E, 0x04, 0x04, 0x04,
    0x04, 0x04, 0x04, 0x04, 0x0E, 0x04, 0x04, 0x04, 0x0D, 0x04, 0x03, 0x03,
    0x03, 0x03, 0x03, 0x03, 0x06, 0x03, 0x03, 0x06, 0x06, 0x00, 0x00, 0x00,
    0x09, 0x01, 0x00, 0x00, 0x01, 0x01, 0x09, 0x00, 0x00, 0x00, 0x00, 0x00,
    0x00, 0x00, 0x01, 0x01, 0x01, 0x09, 0x09, 0x01, 0x01, 0x01, 0x09, 0x09,
    0x00, 0x00, 0x09, 0x01, 0x01, 0x01, 0x01, 0x09, 0x01, 0x05, 0x05, 0x01,
    0x01, 0x01, 0x01, 0x05, 0x01, 0x01, 0x01, 0x01, 0x05, 0x05, 0x01, 0x01,
    0x01, 0x05, 0x02, 0x02, 0x02, 0x02, 0x02, 0x02, 0x02, 0x05, 0x05, 0x02,
    0x02, 0x02, 0x02, 0x02, 0x02, 0x02, 0x02, 0x05, 0x02, 0x02, 0x02, 0x05,
    0x05, 0x02, 0x02, 0x05, 0x05, 0x05, 0x02, 0x02, 0x02, 0x05, 0x01, 0x01,
    0x05, 0x02, 0x01, 0x01, 0x01, 0x01, 0x01, 0x01, 0x09, 0x01, 0x09, 0x09,
    0x09, 0x01, 0x01, 0x01, 0x01, 0x01, 0x01, 0x01, 0x01, 0x01, 0x00, 0x00,
    0x00, 0x00, 0x00, 0x09, 0x09, 0x01, 0x01, 0x01, 0x00, 0x00, 0x00, 0x00,
    0x06, 0x06, 0x06, 0x03, 0x03, 0x06, 0x00, 0x00, 0x00, 0x00, 0x00, 0x00,
    0x00, 0x06, 0x06, 0x03, 0x04, 0x03, 0x04, 0x04, 0x04, 0x04, 0x04, 0x04,
    0x04, 0x07, 0x15, 0x0C, 0x16, 0x08, 0x0B, 0x0B, 0x08, 0x0A, 0x0C, 0x0D,
    0x18, 0x0F, 0x09, 0x0D, 0x0C, 0x08, 0x08, 0x0E, 0x09, 0x0F, 0x12, 0x18,
    0x12, 0x01, 0x09, 0x03, 0x0D, 0x07, 0x10, 0x07, 0x07, 0x0D, 0x26, 0x11,
    0x11, 0x11, 0x11, 0x11, 0x11, 0x1C, 0x1C, 0x1C, 0x1C, 0x11, 0x13, 0x2A,
    0x0E, 0x20, 0x0C, 0x0A, 0x0A, 0x08, 0x08, 0x0B, 0x08, 0x08, 0x0A, 0x0C,
    0x10, 0x07, 0x03, 0x09, 0x01, 0x01, 0x0F, 0x0F, 0x0F, 0x12, 0x12, 0x12,
    0x22, 0x19, 0x19, 0x19, 0x18, 0x18, 0x18, 0x19, 0x24, 0x26, 0x1B, 0x1B,
    0x1B, 0x32, 0x32, 0x17, 0x17, 0x17, 0x17, 0x17, 0x17, 0x17, 0x17, 0x17,
    0x17, 0x17, 0x17, 0x17, 0x17, 0x17, 0x17, 0x17, 0x17, 0x17, 0x17, 0x17,
    0x17, 0x17, 0x17, 0x17, 0x17, 0x17, 0x00, 0x03, 0x0D, 0x07, 0x0D, 0x06,
    0x0E, 0x03, 0x09, 0x09, 0x01, 0x01, 0x0F, 0x12, 0x19, 0x18, 0x18, 0x18,
    0x18, 0x0F, 0x03, 0x0D, 0x10, 0x0A, 0x08, 0x08, 0x08, 0x16, 0x0C, 0x15,
    0x10, 0x07, 0x0E, 0x04, 0x04, 0x03, 0x0D, 0x03, 0x03, 0x03, 0x06, 0x06,
    0x06, 0x03, 0x03, 0x03, 0x03, 0x03, 0x03, 0x03, 0x0D, 0x03, 0x03, 0x03,
    0x03, 0x03, 0x0D, 0x04, 0x04, 0x03, 0x06, 0x06, 0x06, 0x00, 0x00, 0x00,
    0x00, 0x00, 0x00, 0x00, 0x00, 0x00, 0x00, 0x00, 0x09, 0x09, 0x01, 0x01,
    0x01, 0x01, 0x01, 0x01, 0x01, 0x01, 0x01, 0x05, 0x01, 0x01, 0x01, 0x01,
    0x09, 0x01, 0x09, 0x01, 0x01, 0x05, 0x05, 0x02, 0x02, 0x02, 0x02, 0x02,
    0x02, 0x05, 0x05, 0x02, 0x02, 0x02, 0x02, 0x02, 0x02, 0x0F, 0x0F, 0x0F,
    0x02, 0x02, 0x02, 0x02, 0x02, 0x02, 0x02, 0x02, 0x02, 0x02, 0x02, 0x02,
    0x05, 0x05, 0x01, 0x01, 0x05, 0x05, 0x05, 0x01, 0x05, 0x05, 0x05, 0x01,
    0x05, 0x05, 0x02, 0x05, 0x01, 0x01, 0x01, 0x01, 0x01, 0x01, 0x01, 0x09,
    0x01, 0x01, 0x01, 0x09, 0x09, 0x01, 0x01, 0x01, 0x01, 0x01, 0x01, 0x01,
    0x00, 0x00, 0x09, 0x00, 0x09, 0x01, 0x01, 0x01, 0x01, 0x09, 0x09, 0x09,
    0x09, 0x00, 0x00, 0x00, 0x00, 0x06, 0x06, 0x06, 0x03, 0x06, 0x06, 0x06,
    0x06, 0x03, 0x03, 0x0D, 0x04, 0x04, 0x04, 0x0D, 0x04, 0x04, 0x04, 0x0D,
    0x0D, 0x03, 0x03, 0x04, 0x04, 0x04, 0x04, 0x04, 0x0D, 0x04, 0x15, 0x0C,
    0x0A, 0x08, 0x0B, 0x08, 0x08, 0x0A, 0x0C, 0x01, 0x19, 0x02, 0x09, 0x07,
    0x0C, 0x08, 0x08, 0x0D, 0x01, 0x12, 0x18, 0x19, 0x01, 0x09, 0x03, 0x07,
    0x10, 0x10, 0x10, 0x10, 0x07, 0x0D, 0x2F, 0x11, 0x11, 0x1C, 0x1C, 0x1C,
    0x1C, 0x11, 0x11, 0x11, 0x1E, 0x3A, 0x15, 0x0C, 0x0C, 0x0A, 0x0A, 0x08,
    0x0B, 0x0B, 0x08, 0x16, 0x0A, 0x20, 0x07, 0x0D, 0x03, 0x09, 0x01, 0x05,
    0x0F, 0x0F, 0x0F, 0x12, 0x12, 0x22, 0x19, 0x19, 0x19, 0x18, 0x18, 0x18,
    0x18, 0x22, 0x1F, 0x1B, 0x28, 0x28, 0x1B, 0x32, 0x32, 0x17, 0x17, 0x17,
    0x17, 0x17, 0x17, 0x17, 0x17, 0x17, 0x17, 0x17, 0x17, 0x17, 0x17, 0x17,
    0x17, 0x17, 0x17, 0x17, 0x17, 0x17, 0x17, 0x17, 0x17, 0x17, 0x17, 0x17,
    0x17, 0x17, 0x01, 0x03, 0x0D, 0x03, 0x06, 0x0E, 0x06, 0x09, 0x09, 0x01,
    0x01, 0x0F, 0x12, 0x19, 0x18, 0x18, 0x18, 0x18, 0x19, 0x09, 0x0D, 0x07,
    0x0C, 0x0A, 0x08, 0x08, 0x08, 0x0A, 0x20, 0x07, 0x0E, 0x04, 0x04, 0x04,
    0x04, 0x04, 0x04, 0x04, 0x04, 0x03, 0x03, 0x03, 0x06, 0x03, 0x03, 0x04,
    0x03, 0x03, 0x03, 0x03, 0x0D, 0x03, 0x03, 0x03, 0x03, 0x03, 0x03, 0x03,
    0x06, 0x06, 0x06, 0x06, 0x06, 0x06, 0x06, 0x06, 0x06, 0x06, 0x00, 0x00,
    0x00, 0x00, 0x00, 0x00, 0x00, 0x00, 0x01, 0x09, 0x00, 0x00, 0x00, 0x00,
    0x00, 0x00, 0x09, 0x09, 0x01, 0x01, 0x01, 0x01, 0x01, 0x01, 0x01, 0x01,
    0x01, 0x01, 0x05, 0x02, 0x02, 0x05, 0x05, 0x02, 0x05, 0x02, 0x02, 0x02,
    0x02, 0x02, 0x02, 0x02, 0x02, 0x02, 0x02, 0x02, 0x02, 0x02, 0x05, 0x05,
    0x02, 0x02, 0x02, 0x02, 0x02, 0x02, 0x02, 0x02, 0x05, 0x02, 0x05, 0x05,
    0x05, 0x05, 0x05, 0x01, 0x01, 0x01, 0x01, 0x01, 0x05, 0x05, 0x01, 0x01,
    0x05, 0x01, 0x05, 0x05, 0x01, 0x09, 0x09, 0x01, 0x01, 0x01, 0x01, 0x05,
    0x05, 0x01, 0x05, 0x01, 0x01, 0x01, 0x01, 0x01, 0x01, 0x01, 0x01, 0x01,
    0x09, 0x00, 0x00, 0x00, 0x00, 0x00, 0x00, 0x00, 0x00, 0x00, 0x00, 0x00,
    0x06, 0x03, 0x03, 0x06, 0x06, 0x00, 0x00, 0x00, 0x00, 0x00, 0x00, 0x06,
    0x03, 0x03, 0x03, 0x03, 0x03, 0x03, 0x03, 0x03, 0x03, 0x04, 0x04, 0x04,
    0x04, 0x0D, 0x04, 0x04, 0x07, 0x10, 0x15, 0x0A, 0x16, 0x08, 0x0B, 0x08,
    0x08, 0x0C, 0x10, 0x12, 0x19, 0x01, 0x06, 0x07, 0x0C, 0x08, 0x08, 0x03,
    0x05, 0x19, 0x19, 0x0F, 0x09, 0x03, 0x0D, 0x07, 0x10, 0x0C, 0x0C, 0x10,
    0x07, 0x0D, 0x00, 0x11, 0x11, 0x1C, 0x11, 0x66, 0x11, 0x2C, 0x25, 0x0E,
    0x20, 0x0C, 0x0A, 0x0A, 0x08, 0x08, 0x0B, 0x08, 0x08, 0x0A, 0x0C, 0x10,
    0x07, 0x0D, 0x00, 0x01, 0x01, 0x0F, 0x0F, 0x0F, 0x12, 0x12, 0x29, 0x19,
    0x19, 0x19, 0x18, 0x18, 0x18, 0x18, 0x18, 0x24, 0x26, 0x1B, 0x1A, 0x28,
    0x1B, 0x1B, 0x1B, 0x32, 0x32, 0x17, 0x17, 0x17, 0x17, 0x17, 0x17, 0x17,
    0x17, 0x17, 0x17, 0x17, 0x17, 0x17, 0x17, 0x17, 0x17, 0x17, 0x17, 0x17,
    0x17, 0x17, 0x17, 0x17, 0x17, 0x17, 0x17, 0x17, 0x17, 0x17, 0x05, 0x09,
    0x09, 0x0D, 0x0D, 0x06, 0x09, 0x09, 0x09, 0x01, 0x02, 0x0F, 0x22, 0x18,
    0x18, 0x18, 0x18, 0x18, 0x02, 0x03, 0x0D, 0x10, 0x0C, 0x0A, 0x08, 0x08,
    0x08, 0x0C, 0x15, 0x07, 0x04, 0x03, 0x06, 0x06, 0x06, 0x03, 0x03, 0x0D,
    0x03, 0x03, 0x04, 0x03, 0x03, 0x03, 0x03, 0x06, 0x00, 0x06, 0x06, 0x06,
    0x06, 0x06, 0x06, 0x06, 0x06, 0x03, 0x03, 0x06, 0x00, 0x00, 0x00, 0x06,
    0x06, 0x06, 0x06, 0x00, 0x00, 0x06, 0x06, 0x00, 0x00, 0x06, 0x00, 0x00,
    0x00, 0x00, 0x01, 0x01, 0x09, 0x01, 0x09, 0x00, 0x01, 0x01, 0x09, 0x00,
    0x01, 0x01, 0x01, 0x01, 0x05, 0x01, 0x05, 0x05, 0x05, 0x05, 0x02, 0x02,
    0x05, 0x05, 0x02, 0x05, 0x05, 0x02, 0x05, 0x05, 0x02, 0x02, 0x02, 0x05,
    0x05, 0x01, 0x05, 0x02, 0x02, 0x02, 0x02, 0x02, 0x02, 0x02, 0x02, 0x02,
    0x05, 0x05, 0x01, 0x05, 0x05, 0x05, 0x02, 0x02, 0x02, 0x02, 0x02, 0x02,
    0x02, 0x05, 0x05, 0x05, 0x05, 0x05, 0x05, 0x05, 0x05, 0x05, 0x05, 0x05,
    0x05, 0x01, 0x01, 0x01, 0x01, 0x05, 0x05, 0x01, 0x00, 0x00, 0x01, 0x09,
    0x01, 0x00, 0x00, 0x00, 0x09, 0x01, 0x09, 0x09, 0x01, 0x00, 0x00, 0x00,
    0x00, 0x00, 0x06, 0x06, 0x03, 0x06, 0x06, 0x06, 0x06, 0x06, 0x06, 0x06,
    0x06, 0x03, 0x03, 0x03, 0x03, 0x03, 0x03, 0x03, 0x03, 0x06, 0x03, 0x03,
    0x03, 0x03, 0x03, 0x0D, 0x03, 0x0D, 0x0D, 0x04, 0x04, 0x04, 0x04, 0x04,
    0x07, 0x15, 0x0C, 0x0A, 0x08, 0x08, 0x0B, 0x08, 0x0A, 0x0C, 0x07, 0x19,
    0x12, 0x01, 0x03, 0x07, 0x0C, 0x08, 0x08, 0x03, 0x0F, 0x19, 0x12, 0x01,
    0x09, 0x0D, 0x07, 0x10, 0x0C, 0x0C, 0x0C, 0x10, 0x07, 0x0D, 0x00, 0x11,
    0x11, 0x11, 0x1F, 0x2A, 0x04, 0x15, 0x0C, 0x0A, 0x0A, 0x1D, 0x08, 0x0B,
    0x08, 0x08, 0x0A, 0x0C, 0x10, 0x07, 0x0D, 0x03, 0x09, 0x01, 0x02, 0x0F,
    0x0F, 0x12, 0x12, 0x12, 0x22, 0x19, 0x19, 0x18, 0x18, 0x18, 0x18, 0x18,
    0x22, 0x4B, 0x1B, 0x1A, 0x1A, 0x28, 0x1B, 0x1B, 0x1B, 0x32, 0x32, 0x32,
    0x32, 0x17, 0x17, 0x17, 0x17, 0x17, 0x17, 0x17, 0x17, 0x17, 0x17, 0x17,
    0x17, 0x17, 0x17, 0x17, 0x17, 0x17, 0x17, 0x17, 0x17, 0x17, 0x17, 0x17,
    0x17, 0x13, 0x17, 0x17, 0x17, 0x4D, 0x02, 0x09, 0x0D, 0x0D, 0x09, 0x09,
    0x09, 0x09, 0x01, 0x01, 0x0F, 0x29, 0x18, 0x18, 0x18, 0x18, 0x18, 0x12,
    0x09, 0x0D, 0x07, 0x0C, 0x0A, 0x08, 0x08, 0x08, 0x0A, 0x0C, 0x20, 0x15,
    0x0E, 0x04, 0x0D, 0x03, 0x03, 0x03, 0x0D, 0x0D, 0x0D, 0x03, 0x04, 0x04,
    0x03, 0x03, 0x03, 0x06, 0x00, 0x00, 0x00, 0x06, 0x00, 0x00, 0x00, 0x00,
    0x06, 0x06, 0x03, 0x03, 0x03, 0x03, 0x03, 0x03, 0x06, 0x06, 0x06, 0x00,
    0x00, 0x00, 0x00, 0x01, 0x00, 0x00, 0x00, 0x00, 0x00, 0x09, 0x01, 0x09,
    0x01, 0x01, 0x01, 0x01, 0x01, 0x01, 0x01, 0x05, 0x01, 0x01, 0x01, 0x01,
    0x01, 0x01, 0x01, 0x01, 0x05, 0x05, 0x01, 0x05, 0x05, 0x05, 0x05, 0x05,
    0x05, 0x05, 0x05, 0x05, 0x05, 0x05, 0x01, 0x01, 0x01, 0x01, 0x01, 0x01,
    0x05, 0x05, 0x02, 0x02, 0x02, 0x02, 0x02, 0x02, 0x02, 0x05, 0x05, 0x01,
    0x01, 0x05, 0x05, 0x05, 0x05, 0x02, 0x02, 0x02, 0x02, 0x02, 0x05, 0x01,
    0x01, 0x01, 0x01, 0x01, 0x05, 0x02, 0x05, 0x05, 0x05, 0x02, 0x05, 0x01,
    0x01, 0x01, 0x01, 0x01, 0x00, 0x09, 0x09, 0x09, 0x00, 0x00, 0x00, 0x00,
    0x00, 0x00, 0x00, 0x00, 0x00, 0x00, 0x00, 0x06, 0x06, 0x06, 0x06, 0x06,
    0x06, 0x06, 0x00, 0x00, 0x06, 0x06, 0x03, 0x03, 0x03, 0x03, 0x03, 0x03,
    0x03, 0x06, 0x06, 0x00, 0x00, 0x00, 0x06, 0x06, 0x06, 0x03, 0x04, 0x04,
    0x04, 0x04, 0x04, 0x04, 0x04, 0x04, 0x04, 0x04, 0x0E, 0x07, 0x0C, 0x0A,
    0x08, 0x08, 0x08, 0x08, 0x0A, 0x0C, 0x0D, 0x19, 0x12, 0x01, 0x06, 0x0D,
    0x0C, 0x08, 0x0B, 0x0E, 0x12, 0x19, 0x0F, 0x09, 0x03, 0x07, 0x10, 0x0C,
    0x0C, 0x0C, 0x0C, 0x10, 0x07, 0x03, 0x01, 0x1F, 0x2A, 0x04, 0x15, 0x0C,
    0x0A, 0x0A, 0x16, 0x08, 0x0B, 0x0B, 0x08, 0x08, 0x0A, 0x0C, 0x10, 0x07,
    0x0D, 0x00, 0x09, 0x01, 0x0F, 0x0F, 0x0F, 0x12, 0x12, 0x29, 0x19, 0x19,
    0x19, 0x18, 0x18, 0x18, 0x18, 0x18, 0x29, 0x26, 0x1B, 0x1A, 0x1A, 0x28,
    0x1B, 0x1B, 0x1B, 0x1B, 0x1B, 0x1B, 0x32, 0x17, 0x17, 0x17, 0x17, 0x17,
    0x17, 0x17, 0x17, 0x17, 0x17, 0x17, 0x17, 0x17, 0x17, 0x17, 0x17, 0x17,
    0x17, 0x17, 0x13, 0x13, 0x13, 0x17, 0x17, 0x13, 0x13, 0x17, 0x17, 0x13,
    0x13, 0x1F, 0x01, 0x03, 0x06, 0x01, 0x01, 0x09, 0x01, 0x01, 0x01, 0x0F,
    0x12, 0x19, 0x18, 0x18, 0x18, 0x18, 0x19, 0x01, 0x03, 0x07, 0x10, 0x0C,
    0x0A, 0x08, 0x08, 0x16, 0x0A, 0x15, 0x07, 0x0E, 0x04, 0x0D, 0x0D, 0x04,
    0x04, 0x04, 0x04, 0x04, 0x03, 0x03, 0x03, 0x03, 0x03, 0x03, 0x03, 0x06,
    0x03, 0x03, 0x04, 0x04, 0x03, 0x0D, 0x03, 0x03, 0x06, 0x06, 0x00, 0x06,
    0x06, 0x06, 0x03, 0x06, 0x03, 0x03, 0x06, 0x00, 0x06, 0x00, 0x00, 0x09,
    0x01, 0x01, 0x09, 0x00, 0x00, 0x00, 0x00, 0x00, 0x00, 0x00, 0x09, 0x05,
    0x01, 0x01, 0x05, 0x05, 0x01, 0x01, 0x01, 0x09, 0x01, 0x01, 0x01, 0x01,
    0x01, 0x01, 0x01, 0x01, 0x01, 0x01, 0x01, 0x01, 0x05, 0x05, 0x05, 0x05,
    0x01, 0x01, 0x01, 0x01, 0x01, 0x01, 0x02, 0x05, 0x05, 0x02, 0x02, 0x05,
    0x02, 0x0F, 0x02, 0x0F, 0x0F, 0x02, 0x02, 0x02, 0x02, 0x02, 0x02, 0x02,
    0x02, 0x02, 0x02, 0x02, 0x02, 0x02, 0x02, 0x05, 0x01, 0x01, 0x01, 0x09,
    0x09, 0x09, 0x01, 0x01, 0x01, 0x01, 0x01, 0x05, 0x01, 0x01, 0x01, 0x00,
    0x00, 0x00, 0x00, 0x00, 0x09, 0x00, 0x00, 0x09, 0x01, 0x01, 0x01, 0x09,
    0x00, 0x00, 0x00, 0x00, 0x00, 0x00, 0x06, 0x03, 0x03, 0x03, 0x06, 0x03,
    0x03, 0x03, 0x03, 0x03, 0x03, 0x03, 0x03, 0x0D, 0x03, 0x0D, 0x04, 0x0D,
    0x04, 0x04, 0x04, 0x04, 0x04, 0x04, 0x04, 0x04, 0x0D, 0x04, 0x03, 0x03,
    0x03, 0x03, 0x04, 0x04, 0x04, 0x07, 0x15, 0x0A, 0x08, 0x08, 0x08, 0x08,
    0x0A, 0x0C, 0x03, 0x18, 0x12, 0x01, 0x09, 0x0D, 0x10, 0x08, 0x0B, 0x0C,
    0x0F, 0x19, 0x01, 0x09, 0x0D, 0x07, 0x10, 0x10, 0x0C, 0x0C, 0x10, 0x07,
    0x07, 0x0D, 0x07, 0x15, 0x0C, 0x0A, 0x3E, 0x08, 0x08, 0x0B, 0x0B, 0x08,
    0x08, 0x0A, 0x0C, 0x10, 0x07, 0x0D, 0x03, 0x09, 0x01, 0x0F, 0x0F, 0x0F,
    0x12, 0x12, 0x29, 0x19, 0x19, 0x19, 0x18, 0x18, 0x18, 0x18, 0x18, 0x22,
    0x24, 0x1E, 0x48, 0x1A, 0x1A, 0x28, 0x1B, 0x1B, 0x1B, 0x1B, 0x1B, 0x32,
    0x32, 0x1B, 0x32, 0x17, 0x17, 0x17, 0x17, 0x17, 0x17, 0x17, 0x17, 0x17,
    0x17, 0x17, 0x17, 0x17, 0x13, 0x13, 0x13, 0x13, 0x13, 0x13, 0x13, 0x13,
    0x13, 0x13, 0x13, 0x13, 0x13, 0x13, 0x13, 0x13, 0x13, 0x26, 0x09, 0x01,
    0x01, 0x01, 0x01, 0x01, 0x01, 0x01, 0x0F, 0x12, 0x19, 0x18, 0x18, 0x18,
    0x18, 0x19, 0x01, 0x09, 0x0D, 0x10, 0x0C, 0x0A, 0x08, 0x08, 0x08, 0x16,
    0x0C, 0x20, 0x15, 0x07, 0x07, 0x0E, 0x0E, 0x0E, 0x0E, 0x0E, 0x0E, 0x0E,
    0x04, 0x04, 0x04, 0x04, 0x04, 0x04, 0x04, 0x04, 0x03, 0x0D, 0x03, 0x03,
    0x0D, 0x04, 0x03, 0x03, 0x03, 0x06, 0x06, 0x06, 0x00, 0x00, 0x00, 0x00,
    0x00, 0x00, 0x00, 0x00, 0x00, 0x00, 0x00, 0x00, 0x00, 0x00, 0x09, 0x09,
    0x00, 0x00, 0x00, 0x00, 0x00, 0x00, 0x00, 0x09, 0x01, 0x01, 0x01, 0x01,
    0x01, 0x01, 0x09, 0x09, 0x00, 0x09, 0x00, 0x09, 0x01, 0x01, 0x01, 0x01,
    0x05, 0x02, 0x05, 0x05, 0x05, 0x05, 0x05, 0x05, 0x01, 0x01, 0x01, 0x01,
    0x01, 0x01, 0x01, 0x01, 0x05, 0x05, 0x02, 0x05, 0x0F, 0x12, 0x12, 0x12,
    0x0F, 0x0F, 0x02, 0x0F, 0x02, 0x02, 0x02, 0x02, 0x05, 0x05, 0x05, 0x05,
    0x05, 0x05, 0x05, 0x01, 0x05, 0x05, 0x02, 0x05, 0x05, 0x05, 0x05, 0x01,
    0x01, 0x05, 0x01, 0x01, 0x05, 0x05, 0x05, 0x01, 0x01, 0x00, 0x00, 0x00,
    0x09, 0x09, 0x00, 0x00, 0x00, 0x00, 0x00, 0x09, 0x00, 0x00, 0x09, 0x09,
    0x01, 0x01, 0x00, 0x00, 0x00, 0x00, 0x00, 0x00, 0x00, 0x00, 0x00, 0x00,
    0x00, 0x00, 0x09, 0x09, 0x00, 0x00, 0x06, 0x03, 0x03, 0x03, 0x03, 0x0D,
    0x04, 0x04, 0x04, 0x04, 0x03, 0x0D, 0x04, 0x03, 0x0D, 0x04, 0x04, 0x04,
    0x0E, 0x10, 0x20, 0x0A, 0x08, 0x08, 0x08, 0x08, 0x0A, 0x10, 0x03, 0x19,
    0x12, 0x01, 0x09, 0x03, 0x07, 0x0A, 0x0B, 0x08, 0x07, 0x0F, 0x0F, 0x09,
    0x03, 0x0D, 0x07, 0x10, 0x10, 0x10, 0x10, 0x10, 0x0C, 0x0C, 0x0A, 0x3E,
    0x08, 0x08, 0x0B, 0x0B, 0x08, 0x08, 0x0A, 0x0C, 0x20, 0x10, 0x07, 0x0D,
    0x09, 0x01, 0x05, 0x0F, 0x0F, 0x0F, 0x12, 0x29, 0x19, 0x19, 0x19, 0x19,
    0x18, 0x18, 0x18, 0x18, 0x18, 0x22, 0x1F, 0x1B, 0x1A, 0x1A, 0x28, 0x28,
    0x1B, 0x1B, 0x1B, 0x1B, 0x1B, 0x1B, 0x1B, 0x32, 0x32, 0x32, 0x17, 0x17,
    0x17, 0x17, 0x17, 0x17, 0x17, 0x17, 0x17, 0x17, 0x17, 0x17, 0x17, 0x13,
    0x13, 0x13, 0x13, 0x13, 0x13, 0x13, 0x13, 0x13, 0x13, 0x13, 0x13, 0x13,
    0x13, 0x13, 0x13, 0x1F, 0x13, 0x1F, 0x0F, 0x05, 0x01, 0x01, 0x01, 0x01,
    0x01, 0x0F, 0x12, 0x19, 0x18, 0x18, 0x18, 0x18, 0x19, 0x0F, 0x09, 0x0D,
    0x07, 0x15, 0x0A, 0x0A, 0x08, 0x08, 0x0A, 0x0C, 0x0C, 0x15, 0x07, 0x04,
    0x04, 0x04, 0x04, 0x04, 0x04, 0x04, 0x04, 0x04, 0x03, 0x03, 0x04, 0x04,
    0x04, 0x0D, 0x03, 0x03, 0x03, 0x06, 0x00, 0x06, 0x06, 0x06, 0x06, 0x06,
    0x03, 0x06, 0x06, 0x00, 0x00, 0x00, 0x00, 0x00, 0x00, 0x09, 0x09, 0x01,
    0x00, 0x00, 0x00, 0x00, 0x00, 0x00, 0x00, 0x00, 0x00, 0x00, 0x00, 0x01,
    0x01, 0x09, 0x09, 0x09, 0x01, 0x01, 0x01, 0x01, 0x01, 0x01, 0x01, 0x05,
    0x01, 0x01, 0x01, 0x01, 0x01, 0x01, 0x01, 0x01, 0x01, 0x01, 0x01, 0x01,
    0x05, 0x05, 0x05, 0x05, 0x02, 0x02, 0x02, 0x02, 0x02, 0x02, 0x02, 0x02,
    0x02, 0x0F, 0x0F, 0x02, 0x12, 0x0F, 0x0F, 0x0F, 0x0F, 0x02, 0x02, 0x02,
    0x02, 0x02, 0x02, 0x02, 0x02, 0x02, 0x02, 0x02, 0x12, 0x0F, 0x02, 0x02,
    0x02, 0x02, 0x02, 0x02, 0x02, 0x02, 0x05, 0x02, 0x02, 0x02, 0x02, 0x02,
    0x05, 0x02, 0x05, 0x01, 0x01, 0x09, 0x00, 0x00, 0x00, 0x00, 0x00, 0x09,
    0x01, 0x09, 0x09, 0x09, 0x09, 0x00, 0x09, 0x09, 0x01, 0x01, 0x00, 0x00,
    0x00, 0x00, 0x00, 0x00, 0x00, 0x00, 0x00, 0x00, 0x00, 0x06, 0x00, 0x00,
    0x00, 0x06, 0x06, 0x03, 0x03, 0x06, 0x03, 0x03, 0x03, 0x03, 0x03, 0x03,
    0x0D, 0x04, 0x04, 0x04, 0x04, 0x04, 0x04, 0x04, 0x04, 0x07, 0x15, 0x0A,
    0x08, 0x08, 0x08, 0x08, 0x0C, 0x10, 0x63, 0x18, 0x12, 0x0F, 0x09, 0x03,
    0x0D, 0x0C, 0x08, 0x0B, 0x08, 0x10, 0x0D, 0x0D, 0x07, 0x10, 0x10, 0x10,
    0x0C, 0x0C, 0x0C, 0x0A, 0x0A, 0x08, 0x08, 0x0B, 0x08, 0x08, 0x08, 0x0A,
    0x0C, 0x0C, 0x10, 0x07, 0x0D, 0x03, 0x09, 0x01, 0x02, 0x0F, 0x0F, 0x12,
    0x12, 0x29, 0x19, 0x19, 0x19, 0x18, 0x18, 0x18, 0x18, 0x18, 0x19, 0x24,
    0x26, 0x1B, 0x28, 0x28, 0x1B, 0x1B, 0x1B, 0x1B, 0x1B, 0x1B, 0x1B, 0x1B,
    0x1B, 0x1B, 0x1B, 0x1B, 0x32, 0x17, 0x17, 0x17, 0x17, 0x17, 0x17, 0x17,
    0x17, 0x17, 0x17, 0x17, 0x17, 0x13, 0x13, 0x13, 0x13, 0x13, 0x13, 0x13,
    0x13, 0x13, 0x13, 0x13, 0x13, 0x13, 0x13, 0x13, 0x13, 0x13, 0x13, 0x1F,
    0x13, 0x4B, 0x0F, 0x02, 0x01, 0x01, 0x01, 0x55, 0x0F, 0x12, 0x19, 0x18,
    0x18, 0x18, 0x18, 0x18, 0x0F, 0x09, 0x03, 0x07, 0x10, 0x0C, 0x0A, 0x08,
    0x08, 0x08, 0x0A, 0x0C, 0x15, 0x07, 0x07, 0x0E, 0x0E, 0x0E, 0x04, 0x04,
    0x0E, 0x0E, 0x04, 0x04, 0x04, 0x04, 0x03, 0x03, 0x04, 0x03, 0x06, 0x03,
    0x06, 0x06, 0x03, 0x03, 0x03, 0x03, 0x06, 0x06, 0x06, 0x00, 0x00, 0x00,
    0x00, 0x00, 0x00, 0x00, 0x06, 0x00, 0x00, 0x00, 0x00, 0x00, 0x09, 0x09,
    0x01, 0x01, 0x01, 0x00, 0x01, 0x01, 0x01, 0x01, 0x01, 0x01, 0x01, 0x01,
    0x01, 0x05, 0x05, 0x05, 0x05, 0x01, 0x01, 0x01, 0x01, 0x01, 0x09, 0x09,
    0x01, 0x01, 0x01, 0x01, 0x05, 0x05, 0x02, 0x02, 0x02, 0x02, 0x05, 0x05,
    0x02, 0x02, 0x02, 0x02, 0x02, 0x02, 0x02, 0x02, 0x02, 0x02, 0x02, 0x02,
    0x02, 0x02, 0x02, 0x02, 0x02, 0x02, 0x02, 0x02, 0x02, 0x05, 0x02, 0x05,
    0x02, 0x02, 0x02, 0x02, 0x02, 0x02, 0x05, 0x01, 0x01, 0x01, 0x01, 0x01,
    0x01, 0x05, 0x01, 0x01, 0x05, 0x01, 0x01, 0x01, 0x01, 0x01, 0x01, 0x01,
    0x01, 0x01, 0x09, 0x00, 0x00, 0x00, 0x00, 0x00, 0x00, 0x00, 0x00, 0x01,
    0x01, 0x09, 0x00, 0x00, 0x00, 0x00, 0x00, 0x00, 0x00, 0x00, 0x00, 0x09,
    0x00, 0x00, 0x06, 0x03, 0x03, 0x06, 0x06, 0x06, 0x06, 0x06, 0x03, 0x03,
    0x06, 0x03, 0x03, 0x03, 0x03, 0x03, 0x06, 0x06, 0x03, 0x03, 0x03, 0x03,
    0x04, 0x04, 0x04, 0x04, 0x07, 0x15, 0x0C, 0x0A, 0x08, 0x08, 0x08, 0x08,
    0x0C, 0x10, 0x03, 0x18, 0x12, 0x0F, 0x01, 0x09, 0x03, 0x07, 0x0C, 0x08,
    0x0B, 0x08, 0x08, 0x08, 0x0A, 0x0A, 0x0A, 0x0A, 0x0A, 0x08, 0x08, 0x08,
    0x0B, 0x08, 0x08, 0x0A, 0x0A, 0x0C, 0x10, 0x10, 0x07, 0x0D, 0x03, 0x09,
    0x01, 0x01, 0x0F, 0x0F, 0x12, 0x12, 0x29, 0x19, 0x19, 0x19, 0x18, 0x18,
    0x18, 0x18, 0x18, 0x18, 0x22, 0x4B, 0x1E, 0x1B, 0x1B, 0x1B, 0x1B, 0x1B,
    0x1B, 0x1B, 0x1B, 0x1B, 0x1B, 0x1B, 0x1B, 0x1B, 0x1B, 0x1B, 0x1B, 0x17,
    0x17, 0x17, 0x17, 0x17, 0x17, 0x17, 0x17, 0x17, 0x17, 0x17, 0x17, 0x17,
    0x13, 0x13, 0x13, 0x13, 0x13, 0x13, 0x13, 0x13, 0x13, 0x13, 0x13, 0x13,
    0x13, 0x1F, 0x1F, 0x1F, 0x1F, 0x1F, 0x1F, 0x1F, 0x13, 0x4B, 0x0F, 0x0F,
    0x55, 0x55, 0x0F, 0x0F, 0x12, 0x19, 0x18, 0x18, 0x18, 0x18, 0x18, 0x0F,
    0x09, 0x03, 0x0D, 0x10, 0x0C, 0x0A, 0x08, 0x08, 0x08, 0x0A, 0x0C, 0x0C,
    0x15, 0x10, 0x07, 0x0E, 0x0E, 0x0E, 0x0E, 0x04, 0x04, 0x04, 0x04, 0x04,
    0x04, 0x04, 0x03, 0x06, 0x06, 0x03, 0x03, 0x03, 0x03, 0x04, 0x03, 0x04,
    0x04, 0x04, 0x03, 0x03, 0x03, 0x06, 0x06, 0x00, 0x00, 0x00, 0x00, 0x00,
    0x06, 0x06, 0x00, 0x00, 0x00, 0x00, 0x09, 0x09, 0x09, 0x09, 0x00, 0x00,
    0x00, 0x00, 0x00, 0x00, 0x00, 0x00, 0x00, 0x09, 0x09, 0x01, 0x01, 0x01,
    0x01, 0x09, 0x09, 0x01, 0x05, 0x01, 0x01, 0x01, 0x01, 0x01, 0x01, 0x01,
    0x05, 0x01, 0x01, 0x05, 0x02, 0x02, 0x02, 0x02, 0x05, 0x02, 0x02, 0x02,
    0x02, 0x02, 0x02, 0x02, 0x02, 0x02, 0x02, 0x02, 0x02, 0x02, 0x02, 0x02,
    0x02, 0x02, 0x02, 0x02, 0x02, 0x02, 0x02, 0x02, 0x02, 0x02, 0x02, 0x02,
    0x02, 0x02, 0x02, 0x02, 0x02, 0x05, 0x05, 0x05, 0x05, 0x01, 0x02, 0x02,
    0x02, 0x02, 0x05, 0x01, 0x01, 0x01, 0x05, 0x02, 0x02, 0x05, 0x05, 0x05,
    0x05, 0x01, 0x01, 0x09, 0x00, 0x00, 0x00, 0x00, 0x00, 0x00, 0x00, 0x00,
    0x00, 0x06, 0x06, 0x00, 0x06, 0x03, 0x03, 0x06, 0x00, 0x00, 0x00, 0x06,
    0x00, 0x00, 0x00, 0x00, 0x00, 0x00, 0x00, 0x00, 0x00, 0x00, 0x06, 0x03,
    0x03, 0x03, 0x06, 0x03, 0x03, 0x03, 0x03, 0x06, 0x06, 0x03, 0x0D, 0x04,
    0x04, 0x07, 0x15, 0x0C, 0x08, 0x08, 0x08, 0x0A, 0x0C, 0x10, 0x03, 0x18,
    0x22, 0x0F, 0x05, 0x01, 0x09, 0x03, 0x0D, 0x10, 0x0A, 0x08, 0x0B, 0x0B,
    0x0B, 0x08, 0x08, 0x0B, 0x0B, 0x0B, 0x08, 0x08, 0x0A, 0x0C, 0x0C, 0x10,
    0x10, 0x07, 0x0D, 0x03, 0x06, 0x09, 0x01, 0x0F, 0x0F, 0x12, 0x12, 0x29,
    0x19, 0x19, 0x19, 0x18, 0x18, 0x18, 0x18, 0x18, 0x18, 0x18, 0x29, 0x1F,
    0x1E, 0x1B, 0x1B, 0x1B, 0x1B, 0x1B, 0x1B, 0x1B, 0x1B, 0x1B, 0x1B, 0x1B,
    0x1B, 0x1B, 0x1B, 0x1B, 0x1B, 0x1B, 0x32, 0x17, 0x17, 0x17, 0x17, 0x17,
    0x17, 0x17, 0x17, 0x17, 0x17, 0x17, 0x13, 0x13, 0x13, 0x13, 0x13, 0x13,
    0x13, 0x13, 0x13, 0x13, 0x13, 0x13, 0x13, 0x13, 0x13, 0x1F, 0x1F, 0x1F,
    0x1F, 0x1F, 0x1F, 0x1F, 0x1F, 0x29, 0x12, 0x0F, 0x0F, 0x0F, 0x12, 0x22,
    0x18, 0x18, 0x18, 0x18, 0x18, 0x18, 0x0F, 0x01, 0x03, 0x0D, 0x10, 0x0C,
    0x0A, 0x0A, 0x08, 0x08, 0x0A, 0x0C, 0x20, 0x10, 0x07, 0x0E, 0x04, 0x04,
    0x0D, 0x04, 0x04, 0x04, 0x03, 0x03, 0x03, 0x03, 0x03, 0x03, 0x03, 0x03,
    0x03, 0x03, 0x03, 0x03, 0x03, 0x03, 0x03, 0x03, 0x03, 0x03, 0x03, 0x06,
    0x03, 0x03, 0x03, 0x00, 0x00, 0x00, 0x00, 0x06, 0x06, 0x00, 0x00, 0x00,
    0x00, 0x00, 0x00, 0x00, 0x01, 0x01, 0x01, 0x01, 0x01, 0x09, 0x01, 0x01,
    0x01, 0x01, 0x01, 0x01, 0x05, 0x05, 0x05, 0x01, 0x01, 0x05, 0x01, 0x05,
    0x02, 0x02, 0x02, 0x05, 0x05, 0x02, 0x05, 0x05, 0x05, 0x01, 0x01, 0x01,
    0x05, 0x05, 0x05, 0x05, 0x05, 0x05, 0x02, 0x05, 0x01, 0x01, 0x01, 0x01,
    0x02, 0x0F, 0x02, 0x02, 0x05, 0x05, 0x02, 0x02, 0x05, 0x05, 0x05, 0x02,
    0x05, 0x02, 0x02, 0x05, 0x02, 0x02, 0x05, 0x02, 0x02, 0x05, 0x05, 0x01,
    0x05, 0x05, 0x05, 0x05, 0x05, 0x01, 0x01, 0x01, 0x01, 0x01, 0x01, 0x01,
    0x01, 0x01, 0x01, 0x01, 0x01, 0x01, 0x01, 0x05, 0x01, 0x01, 0x01, 0x01,
    0x01, 0x01, 0x09, 0x00, 0x00, 0x00, 0x00, 0x00, 0x00, 0x00, 0x00, 0x00,
    0x00, 0x00, 0x01, 0x09, 0x00, 0x00, 0x00, 0x00, 0x00, 0x00, 0x00, 0x00,
    0x00, 0x00, 0x00, 0x06, 0x06, 0x06, 0x06, 0x03, 0x06, 0x06, 0x03, 0x06,
    0x06, 0x03, 0x0D, 0x03, 0x04, 0x04, 0x0D, 0x04, 0x04, 0x07, 0x15, 0x0C,
    0x08, 0x08, 0x08, 0x08, 0x0C, 0x10, 0x0D, 0x19, 0x19, 0x12, 0x0F, 0x01,
    0x01, 0x09, 0x09, 0x03, 0x0D, 0x07, 0x0C, 0x0A, 0x0A, 0x08, 0x08, 0x0A,
    0x0C, 0x0C, 0x15, 0x10, 0x07, 0x07, 0x0D, 0x0D, 0x03, 0x00, 0x09, 0x01,
    0x02, 0x0F, 0x0F, 0x12, 0x12, 0x29, 0x19, 0x19, 0x19, 0x18, 0x18, 0x18,
    0x18, 0x18, 0x18, 0x22, 0x24, 0x1F, 0x1E, 0x17, 0x1E, 0x1E, 0x1E, 0x1B,
    0x1B, 0x1B, 0x1B, 0x1B, 0x1B, 0x1B, 0x1B, 0x1B, 0x1B, 0x1B, 0x1B, 0x1B,
    0x32, 0x17, 0x17, 0x17, 0x17, 0x17, 0x17, 0x17, 0x17, 0x17, 0x17, 0x17,
    0x13, 0x13, 0x13, 0x13, 0x13, 0x13, 0x13, 0x13, 0x13, 0x13, 0x13, 0x13,
    0x1F, 0x1F, 0x13, 0x1F, 0x1F, 0x1F, 0x1F, 0x1F, 0x1F, 0x1F, 0x1F, 0x1F,
    0x1F, 0x29, 0x12, 0x0F, 0x0F, 0x12, 0x19, 0x18, 0x18, 0x18, 0x18, 0x18,
    0x19, 0x0F, 0x01, 0x03, 0x0D, 0x07, 0x0C, 0x0A, 0x0A, 0x08, 0x08, 0x0A,
    0x0A, 0x0C, 0x15, 0x07, 0x04, 0x04, 0x04, 0x04, 0x04, 0x04, 0x04, 0x04,
    0x04, 0x04, 0x04, 0x0D, 0x0D, 0x03, 0x03, 0x03, 0x04, 0x03, 0x0D, 0x04,
    0x03, 0x0D, 0x04, 0x03, 0x03, 0x03, 0x03, 0x03, 0x03, 0x03, 0x03, 0x03,
    0x03, 0x03, 0x03, 0x03, 0x06, 0x03, 0x06, 0x06, 0x00, 0x00, 0x00, 0x09,
    0x01, 0x09, 0x00, 0x00, 0x00, 0x00, 0x00, 0x00, 0x00, 0x00, 0x00, 0x09,
    0x09, 0x09, 0x09, 0x01, 0x01, 0x01, 0x01, 0x05, 0x05, 0x05, 0x01, 0x01,
    0x05, 0x05, 0x05, 0x05, 0x05, 0x02, 0x02, 0x02, 0x05, 0x05, 0x05, 0x05,
    0x05, 0x05, 0x05, 0x05, 0x05, 0x0F, 0x02, 0x02, 0x0F, 0x12, 0x0F, 0x12,
    0x02, 0x02, 0x02, 0x02, 0x02, 0x02, 0x05, 0x05, 0x01, 0x01, 0x01, 0x09,
    0x09, 0x01, 0x01, 0x01, 0x01, 0x01, 0x01, 0x05, 0x01, 0x01, 0x01, 0x01,
    0x05, 0x05, 0x01, 0x01, 0x01, 0x01, 0x01, 0x09, 0x00, 0x01, 0x01, 0x01,
    0x01, 0x01, 0x09, 0x09, 0x09, 0x00, 0x00, 0x00, 0x00, 0x00, 0x00, 0x00,
    0x00, 0x00, 0x00, 0x00, 0x00, 0x00, 0x00, 0x00, 0x00, 0x00, 0x00, 0x06,
    0x06, 0x00, 0x00, 0x00, 0x00, 0x00, 0x00, 0x06, 0x06, 0x00, 0x00, 0x03,
    0x03, 0x03, 0x06, 0x06, 0x03, 0x03, 0x03, 0x03, 0x03, 0x03, 0x03, 0x03,
    0x04, 0x0D, 0x04, 0x04, 0x0E, 0x07, 0x15, 0x0C, 0x16, 0x08, 0x08, 0x08,
    0x0A, 0x10, 0x0D, 0x12, 0x18, 0x29, 0x12, 0x0F, 0x05, 0x01, 0x01, 0x09,
    0x09, 0x09, 0x03, 0x03, 0x03, 0x0D, 0x0D, 0x0D, 0x0D, 0x0D, 0x03, 0x03,
    0x06, 0x09, 0x09, 0x01, 0x01, 0x02, 0x0F, 0x0F, 0x12, 0x12, 0x12, 0x50,
    0x19, 0x19, 0x18, 0x18, 0x18, 0x18, 0x18, 0x18, 0x18, 0x22, 0x11, 0x13,
    0x17, 0x17, 0x17, 0x17, 0x1E, 0x1E, 0x1E, 0x1E, 0x1E, 0x1B, 0x1B, 0x1B,
    0x1B, 0x1B, 0x1B, 0x1B, 0x1B, 0x1B, 0x1B, 0x32, 0x32, 0x17, 0x17, 0x17,
    0x17, 0x17, 0x17, 0x17, 0x17, 0x17, 0x17, 0x17, 0x13, 0x13, 0x13, 0x13,
    0x13, 0x13, 0x13, 0x13, 0x13, 0x13, 0x13, 0x13, 0x1F, 0x1F, 0x1F, 0x1F,
    0x1F, 0x1F, 0x1F, 0x1F, 0x1F, 0x1F, 0x1F, 0x13, 0x1F, 0x22, 0x12, 0x12,
    0x12, 0x19, 0x18, 0x18, 0x18, 0x18, 0x18, 0x19, 0x0F, 0x09, 0x03, 0x0D,
    0x07, 0x10, 0x0C, 0x0A, 0x08, 0x08, 0x08, 0x0A, 0x0C, 0x0C, 0x15, 0x10,
    0x07, 0x0E, 0x07, 0x0E, 0x0E, 0x04, 0x04, 0x04, 0x04, 0x04, 0x04, 0x04,
    0x04, 0x04, 0x04, 0x0D, 0x04, 0x04, 0x03, 0x03, 0x03, 0x03, 0x03, 0x06,
    0x06, 0x06, 0x06, 0x00, 0x00, 0x06, 0x03, 0x03, 0x03, 0x03, 0x06, 0x03,
    0x03, 0x03, 0x03, 0x03, 0x03, 0x0D, 0x03, 0x06, 0x06, 0x06, 0x06, 0x06,
    0x00, 0x06, 0x06, 0x00, 0x00, 0x00, 0x09, 0x09, 0x09, 0x01, 0x09, 0x01,
    0x01, 0x09, 0x09, 0x01, 0x01, 0x05, 0x05, 0x05, 0x05, 0x01, 0x01, 0x01,
    0x01, 0x01, 0x01, 0x01, 0x01, 0x01, 0x05, 0x05, 0x02, 0x02, 0x05, 0x05,
    0x05, 0x05, 0x05, 0x05, 0x05, 0x02, 0x02, 0x0F, 0x02, 0x02, 0x02, 0x02,
    0x02, 0x02, 0x02, 0x02, 0x02, 0x02, 0x02, 0x02, 0x02, 0x02, 0x02, 0x02,
    0x02, 0x02, 0x02, 0x02, 0x02, 0x02, 0x02, 0x02, 0x05, 0x02, 0x05, 0x05,
    0x02, 0x02, 0x02, 0x02, 0x05, 0x05, 0x01, 0x00, 0x00, 0x00, 0x00, 0x00,
    0x00, 0x00, 0x00, 0x00, 0x00, 0x00, 0x00, 0x00, 0x00, 0x00, 0x00, 0x00,
    0x00, 0x00, 0x00, 0x00, 0x06, 0x00, 0x00, 0x06, 0x06, 0x00, 0x00, 0x06,
    0x06, 0x03, 0x06, 0x06, 0x03, 0x06, 0x00, 0x06, 0x06, 0x00, 0x00, 0x06,
    0x03, 0x03, 0x03, 0x03, 0x03, 0x03, 0x03, 0x03, 0x06, 0x03, 0x03, 0x03,
    0x04, 0x07, 0x15, 0x0C, 0x16, 0x08, 0x08, 0x08, 0x0A, 0x10, 0x07, 0x0F,
    0x18, 0x19, 0x29, 0x12, 0x0F, 0x0F, 0x05, 0x01, 0x01, 0x01, 0x01, 0x01,
    0x01, 0x01, 0x01, 0x01, 0x01, 0x01, 0x01, 0x01, 0x01, 0x05, 0x0F, 0x0F,
    0x0F, 0x12, 0x12, 0x12, 0x22, 0x19, 0x19, 0x19, 0x18, 0x18, 0x18, 0x18,
    0x18, 0x18, 0x22, 0x24, 0x1F, 0x13, 0x17, 0x13, 0x17, 0x17, 0x17, 0x1E,
    0x1E, 0x1E, 0x1E, 0x1E, 0x1E, 0x1E, 0x1E, 0x1B, 0x1B, 0x1B, 0x1B, 0x1B,
    0x1B, 0x1B, 0x32, 0x17, 0x17, 0x17, 0x17, 0x17, 0x17, 0x17, 0x17, 0x17,
    0x17, 0x17, 0x17, 0x13, 0x13, 0x13, 0x13, 0x13, 0x13, 0x13, 0x13, 0x13,
    0x13, 0x13, 0x13, 0x1F, 0x1F, 0x1F, 0x1F, 0x1F, 0x1F, 0x1F, 0x1F, 0x1F,
    0x1F, 0x1F, 0x1F, 0x13, 0x24, 0x19, 0x12, 0x22, 0x19, 0x18, 0x18, 0x18,
    0x18, 0x18, 0x19, 0x01, 0x09, 0x03, 0x0D, 0x07, 0x10, 0x0C, 0x0A, 0x1D,
    0x08, 0x08, 0x0A, 0x0A, 0x0C, 0x15, 0x10, 0x07, 0x0E, 0x0E, 0x04, 0x0E,
    0x0E, 0x0E, 0x04, 0x04, 0x04, 0x04, 0x04, 0x04, 0x04, 0x04, 0x0E, 0x04,
    0x04, 0x0D, 0x0D, 0x03, 0x03, 0x03, 0x03, 0x03, 0x03, 0x03, 0x03, 0x0D,
    0x0D, 0x03, 0x03, 0x0D, 0x03, 0x06, 0x00, 0x06, 0x00, 0x00, 0x00, 0x00,
    0x00, 0x00, 0x00, 0x00, 0x00, 0x00, 0x00, 0x00, 0x09, 0x09, 0x01, 0x01,
    0x01, 0x01, 0x05, 0x05, 0x05, 0x05, 0x05, 0x05, 0x02, 0x02, 0x02, 0x01,
    0x09, 0x01, 0x01, 0x09, 0x09, 0x01, 0x01, 0x01, 0x01, 0x01, 0x01, 0x01,
    0x01, 0x01, 0x01, 0x05, 0x05, 0x05, 0x05, 0x02, 0x02, 0x02, 0x02, 0x02,
    0x02, 0x02, 0x02, 0x02, 0x02, 0x05, 0x05, 0x05, 0x02, 0x02, 0x02, 0x02,
    0x02, 0x02, 0x02, 0x02, 0x02, 0x02, 0x02, 0x02, 0x05, 0x01, 0x05, 0x05,
    0x05, 0x05, 0x02, 0x02, 0x05, 0x01, 0x01, 0x01, 0x01, 0x01, 0x01, 0x09,
    0x00, 0x09, 0x01, 0x01, 0x00, 0x00, 0x00, 0x00, 0x00, 0x00, 0x06, 0x06,
    0x06, 0x06, 0x00, 0x06, 0x00, 0x00, 0x00, 0x09, 0x09, 0x00, 0x00, 0x00,
    0x00, 0x00, 0x00, 0x00, 0x00, 0x00, 0x00, 0x00, 0x06, 0x00, 0x06, 0x00,
    0x00, 0x06, 0x06, 0x06, 0x06, 0x03, 0x03, 0x03, 0x0D, 0x03, 0x04, 0x04,
    0x04, 0x0D, 0x03, 0x03, 0x06, 0x03, 0x03, 0x03, 0x04, 0x0E, 0x10, 0x20,
    0x0A, 0x08, 0x08, 0x08, 0x0A, 0x10, 0x07, 0x09, 0x18, 0x18, 0x19, 0x19,
    0x12, 0x12, 0x0F, 0x0F, 0x0F, 0x05, 0x05, 0x05, 0x05, 0x05, 0x05, 0x05,
    0x05, 0x0F, 0x0F, 0x0F, 0x0F, 0x0F, 0x12, 0x12, 0x12, 0x12, 0x19, 0x19,
    0x19, 0x18, 0x18, 0x18, 0x18, 0x18, 0x18, 0x56, 0x2D, 0x11, 0x1F, 0x13,
    0x13, 0x13, 0x13, 0x13, 0x17, 0x17, 0x17, 0x17, 0x1E, 0x1E, 0x17, 0x17,
    0x1E, 0x17, 0x17, 0x1E, 0x1E, 0x1E, 0x1E, 0x1E, 0x17, 0x17, 0x17, 0x17,
    0x17, 0x17, 0x17, 0x17, 0x17, 0x17, 0x17, 0x17, 0x17, 0x13, 0x13, 0x13,
    0x13, 0x13, 0x13, 0x13, 0x13, 0x13, 0x13, 0x13, 0x13, 0x13, 0x13, 0x1F,
    0x1F, 0x1F, 0x1F, 0x1F, 0x1F, 0x1F, 0x1F, 0x1F, 0x1F, 0x1F, 0x1F, 0x1F,
    0x29, 0x19, 0x19, 0x18, 0x18, 0x18, 0x18, 0x18, 0x18, 0x12, 0x01, 0x09,
    0x03, 0x0D, 0x07, 0x10, 0x0C, 0x0A, 0x08, 0x08, 0x1D, 0x0A, 0x0C, 0x15,
    0x15, 0x07, 0x04, 0x04, 0x04, 0x04, 0x04, 0x04, 0x04, 0x04, 0x04, 0x04,
    0x04, 0x04, 0x03, 0x03, 0x04, 0x0D, 0x04, 0x04, 0x04, 0x0D, 0x03, 0x03,
    0x03, 0x03, 0x03, 0x03, 0x03, 0x03, 0x03, 0x03, 0x0D, 0x03, 0x03, 0x03,
    0x03, 0x03, 0x06, 0x06, 0x06, 0x06, 0x06, 0x00, 0x00, 0x00, 0x00, 0x00,
    0x00, 0x06, 0x00, 0x00, 0x00, 0x00, 0x00, 0x09, 0x09, 0x09, 0x09, 0x00,
    0x00, 0x09, 0x00, 0x00, 0x00, 0x09, 0x01, 0x01, 0x01, 0x09, 0x00, 0x00,
    0x09, 0x09, 0x09, 0x01, 0x01, 0x01, 0x01, 0x01, 0x01, 0x01, 0x01, 0x05,
    0x05, 0x05, 0x02, 0x02, 0x02, 0x02, 0x02, 0x02, 0x02, 0x02, 0x0F, 0x02,
    0x02, 0x02, 0x02, 0x02, 0x02, 0x02, 0x02, 0x02, 0x02, 0x02, 0x02, 0x02,
    0x02, 0x02, 0x02, 0x02, 0x05, 0x05, 0x05, 0x01, 0x01, 0x01, 0x01, 0x01,
    0x01, 0x05, 0x05, 0x05, 0x01, 0x05, 0x05, 0x01, 0x09, 0x05, 0x01, 0x01,
    0x01, 0x00, 0x00, 0x00, 0x00, 0x00, 0x00, 0x00, 0x00, 0x00, 0x00, 0x00,
    0x00, 0x00, 0x06, 0x06, 0x00, 0x00, 0x06, 0x06, 0x03, 0x03, 0x03, 0x03,
    0x03, 0x03, 0x03, 0x03, 0x0D, 0x03, 0x03, 0x0D, 0x0D, 0x04, 0x04, 0x04,
    0x04, 0x04, 0x0E, 0x07, 0x0E, 0x0E, 0x04, 0x04, 0x04, 0x04, 0x04, 0x04,
    0x04, 0x0E, 0x04, 0x04, 0x0E, 0x07, 0x07, 0x15, 0x0A, 0x16, 0x08, 0x08,
    0x0A, 0x0C, 0x07, 0x03, 0x12, 0x18, 0x18, 0x19, 0x19, 0x29, 0x12, 0x12,
    0x12, 0x0F, 0x0F, 0x0F, 0x0F, 0x0F, 0x0F, 0x0F, 0x0F, 0x0F, 0x0F, 0x12,
    0x12, 0x29, 0x29, 0x19, 0x19, 0x19, 0x18, 0x18, 0x18, 0x18, 0x18, 0x18,
    0x18, 0x22, 0x24, 0x11, 0x13, 0x13, 0x13, 0x13, 0x13, 0x13, 0x13, 0x13,
    0x13, 0x17, 0x17, 0x17, 0x17, 0x17, 0x17, 0x17, 0x17, 0x17, 0x17, 0x17,
    0x17, 0x17, 0x17, 0x17, 0x17, 0x17, 0x17, 0x17, 0x17, 0x17, 0x17, 0x17,
    0x17, 0x17, 0x17, 0x17, 0x17, 0x13, 0x13, 0x13, 0x13, 0x13, 0x13, 0x13,
    0x13, 0x13, 0x13, 0x13, 0x13, 0x13, 0x1F, 0x1F, 0x1F, 0x1F, 0x1F, 0x1F,
    0x1F, 0x1F, 0x1F, 0x1F, 0x1F, 0x1F, 0x1F, 0x1F, 0x22, 0x19, 0x18, 0x18,
    0x18, 0x18, 0x18, 0x19, 0x12, 0x01, 0x09, 0x03, 0x0D, 0x07, 0x10, 0x0C,
    0x0A, 0x08, 0x08, 0x1D, 0x0A, 0x0C, 0x0C, 0x15, 0x07, 0x0E, 0x04, 0x0E,
    0x04, 0x04, 0x04, 0x04, 0x04, 0x04, 0x04, 0x04, 0x04, 0x0E, 0x0E, 0x0E,
    0x0E, 0x0E, 0x0E, 0x04, 0x04, 0x04, 0x04, 0x03, 0x03, 0x0D, 0x03, 0x04,
    0x04, 0x0D, 0x0D, 0x03, 0x06, 0x00, 0x06, 0x00, 0x00, 0x00, 0x00, 0x00,
    0x00, 0x06, 0x06, 0x06, 0x00, 0x00, 0x00, 0x00, 0x00, 0x00, 0x00, 0x00,
    0x00, 0x00, 0x00, 0x00, 0x00, 0x09, 0x09, 0x01, 0x01, 0x01, 0x01, 0x01,
    0x09, 0x00, 0x00, 0x01, 0x01, 0x09, 0x09, 0x00, 0x09, 0x09, 0x01, 0x01,
    0x01, 0x01, 0x01, 0x01, 0x05, 0x05, 0x01, 0x01, 0x05, 0x05, 0x05, 0x05,
    0x01, 0x01, 0x01, 0x05, 0x01, 0x01, 0x05, 0x05, 0x02, 0x02, 0x02, 0x02,
    0x05, 0x05, 0x05, 0x05, 0x05, 0x02, 0x02, 0x05, 0x02, 0x02, 0x02, 0x05,
    0x01, 0x05, 0x05, 0x01, 0x01, 0x01, 0x01, 0x01, 0x01, 0x01, 0x01, 0x01,
    0x01, 0x01, 0x01, 0x09, 0x00, 0x09, 0x09, 0x09, 0x00, 0x00, 0x09, 0x00,
    0x09, 0x01, 0x01, 0x01, 0x01, 0x01, 0x01, 0x01, 0x01, 0x00, 0x00, 0x00,
    0x00, 0x00, 0x00, 0x00, 0x06, 0x06, 0x06, 0x06, 0x06, 0x03, 0x03, 0x03,
    0x03, 0x03, 0x03, 0x04, 0x04, 0x04, 0x03, 0x03, 0x03, 0x03, 0x03, 0x03,
    0x03, 0x03, 0x03, 0x03, 0x03, 0x03, 0x03, 0x03, 0x06, 0x03, 0x04, 0x04,
    0x04, 0x04, 0x07, 0x15, 0x0A, 0x16, 0x08, 0x08, 0x0A, 0x0C, 0x10, 0x0D,
    0x09, 0x18, 0x18, 0x18, 0x18, 0x19, 0x19, 0x19, 0x29, 0x12, 0x12, 0x12,
    0x12, 0x12, 0x12, 0x12, 0x12, 0x12, 0x29, 0x19, 0x19, 0x19, 0x19, 0x18,
    0x18, 0x18, 0x18, 0x18, 0x18, 0x18, 0x22, 0x2D, 0x11, 0x1C, 0x1C, 0x1C,
    0x1C, 0x13, 0x13, 0x13, 0x13, 0x13, 0x13, 0x13, 0x13, 0x13, 0x17, 0x17,
    0x17, 0x17, 0x17, 0x17, 0x17, 0x17, 0x17, 0x17, 0x17, 0x17, 0x17, 0x17,
    0x17, 0x17, 0x17, 0x17, 0x17, 0x17, 0x17, 0x17, 0x17, 0x17, 0x17, 0x17,
    0x17, 0x13, 0x13, 0x13, 0x13, 0x13, 0x13, 0x13, 0x13, 0x13, 0x13, 0x13,
    0x13, 0x13, 0x1F, 0x1F, 0x1F, 0x1F, 0x1F, 0x1F, 0x1F, 0x1F, 0x1F, 0x1F,
    0x1F, 0x1F, 0x1F, 0x11, 0x18, 0x18, 0x18, 0x18, 0x18, 0x18, 0x19, 0x0F,
    0x01, 0x09, 0x03, 0x07, 0x10, 0x0C, 0x0C, 0x0A, 0x16, 0x08, 0x08, 0x0A,
    0x0A, 0x0C, 0x15, 0x10, 0x07, 0x07, 0x0E, 0x0E, 0x04, 0x04, 0x0E, 0x0E,
    0x04, 0x0E, 0x07, 0x0E, 0x04, 0x0E, 0x04, 0x04, 0x04, 0x04, 0x04, 0x04,
    0x0D, 0x0D, 0x03, 0x03, 0x06, 0x06, 0x03, 0x03, 0x06, 0x06, 0x03, 0x03,
    0x06, 0x06, 0x03, 0x03, 0x03, 0x03, 0x03, 0x03, 0x03, 0x03, 0x03, 0x06,
    0x06, 0x06, 0x00, 0x00, 0x00, 0x06, 0x06, 0x06, 0x00, 0x00, 0x00, 0x00,
    0x00, 0x09, 0x09, 0x09, 0x09, 0x09, 0x09, 0x09, 0x09, 0x00, 0x00, 0x00,
    0x01, 0x01, 0x01, 0x01, 0x01, 0x05, 0x05, 0x05, 0x05, 0x02, 0x02, 0x02,
    0x02, 0x05, 0x05, 0x05, 0x01, 0x01, 0x05, 0x01, 0x01, 0x01, 0x05, 0x02,
    0x02, 0x02, 0x02, 0x05, 0x0F, 0x0F, 0x0F, 0x02, 0x02, 0x02, 0x02, 0x02,
    0x02, 0x02, 0x05, 0x02, 0x02, 0x02, 0x02, 0x05, 0x05, 0x01, 0x01, 0x01,
    0x01, 0x01, 0x01, 0x01, 0x05, 0x01, 0x01, 0x01, 0x01, 0x01, 0x01, 0x09,
    0x09, 0x09, 0x01, 0x09, 0x00, 0x00, 0x00, 0x00, 0x00, 0x00, 0x00, 0x00,
    0x00, 0x00, 0x00, 0x09, 0x09, 0x01, 0x01, 0x09, 0x00, 0x00, 0x00, 0x00,
    0x00, 0x00, 0x00, 0x00, 0x00, 0x00, 0x00, 0x00, 0x00, 0x00, 0x00, 0x00,
    0x00, 0x06, 0x00, 0x00, 0x06, 0x03, 0x03, 0x04, 0x04, 0x04, 0x0E, 0x04,
    0x04, 0x04, 0x04, 0x04, 0x04, 0x04, 0x04, 0x04, 0x0E, 0x07, 0x10, 0x20,
    0x0C, 0x16, 0x08, 0x08, 0x08, 0x0A, 0x10, 0x07, 0x03, 0x0F, 0x18, 0x18,
    0x18, 0x18, 0x18, 0x19, 0x19, 0x19, 0x19, 0x19, 0x19, 0x19, 0x19, 0x19,
    0x19, 0x19, 0x19, 0x18, 0x18, 0x18, 0x18, 0x18, 0x18, 0x18, 0x18, 0x22,
    0x2D, 0x11, 0x11, 0x1C, 0x1C, 0x1C, 0x11, 0x1C, 0x1C, 0x13, 0x13, 0x13,
    0x13, 0x13, 0x13, 0x13, 0x13, 0x13, 0x13, 0x17, 0x17, 0x17, 0x17, 0x17,
    0x17, 0x17, 0x17, 0x17, 0x17, 0x17, 0x17, 0x17, 0x17, 0x17, 0x17, 0x17,
    0x17, 0x17, 0x17, 0x17, 0x17, 0x17, 0x13, 0x13, 0x13, 0x13, 0x13, 0x13,
    0x13, 0x13, 0x13, 0x13, 0x13, 0x13, 0x1F, 0x1F, 0x1F, 0x1F, 0x1F, 0x1F,
    0x1F, 0x1F, 0x1F, 0x1F, 0x1F, 0x1F, 0x1F, 0x1F, 0x1F, 0x1F, 0x1F, 0x2D,
    0x18, 0x18, 0x18, 0x18, 0x18, 0x12, 0x02, 0x09, 0x03, 0x0D, 0x07, 0x10,
    0x0C, 0x0A, 0x0A, 0x08, 0x08, 0x08, 0x16, 0x0A, 0x0C, 0x0C, 0x10, 0x07,
    0x07, 0x04, 0x04, 0x04, 0x04, 0x04, 0x04, 0x04, 0x04, 0x04, 0x0E, 0x0E,
    0x04, 0x04, 0x04, 0x04, 0x04, 0x04, 0x04, 0x04, 0x0E, 0x04, 0x04, 0x03,
    0x03, 0x03, 0x03, 0x03, 0x03, 0x06, 0x00, 0x00, 0x00, 0x00, 0x00, 0x00,
    0x00, 0x00, 0x00, 0x00, 0x00, 0x00, 0x00, 0x00, 0x00, 0x00, 0x00, 0x00,
    0x00, 0x06, 0x00, 0x00, 0x00, 0x00, 0x00, 0x00, 0x09, 0x01, 0x09, 0x09,
    0x09, 0x09, 0x00, 0x00, 0x00, 0x00, 0x00, 0x00, 0x00, 0x01, 0x01, 0x09,
    0x00, 0x09, 0x01, 0x01, 0x01, 0x01, 0x01, 0x05, 0x02, 0x02, 0x02, 0x02,
    0x02, 0x02, 0x02, 0x02, 0x02, 0x02, 0x02, 0x02, 0x0F, 0x02, 0x02, 0x0F,
    0x05, 0x05, 0x05, 0x05, 0x05, 0x02, 0x02, 0x02, 0x02, 0x02, 0x02, 0x05,
    0x02, 0x02, 0x02, 0x05, 0x05, 0x05, 0x05, 0x02, 0x02, 0x02, 0x02, 0x02,
    0x02, 0x05, 0x05, 0x05, 0x01, 0x01, 0x09, 0x00, 0x09, 0x01, 0x01, 0x00,
    0x00, 0x00, 0x00, 0x00, 0x00, 0x00, 0x00, 0x00, 0x00, 0x00, 0x00, 0x00,
    0x00, 0x00, 0x00, 0x00, 0x00, 0x00, 0x06, 0x06, 0x00, 0x00, 0x00, 0x06,
    0x06, 0x00, 0x06, 0x03, 0x03, 0x06, 0x03, 0x06, 0x03, 0x03, 0x03, 0x0D,
    0x03, 0x0D, 0x0D, 0x03, 0x03, 0x03, 0x03, 0x03, 0x03, 0x0D, 0x04, 0x04,
    0x0D, 0x04, 0x04, 0x0E, 0x0E, 0x07, 0x07, 0x15, 0x0C, 0x0A, 0x08, 0x08,
    0x08, 0x0A, 0x0C, 0x07, 0x0D, 0x09, 0x0F, 0x18, 0x18, 0x18, 0x18, 0x18,
    0x18, 0x18, 0x18, 0x18, 0x18, 0x18, 0x18, 0x18, 0x18, 0x18, 0x18, 0x18,
    0x18, 0x18, 0x18, 0x18, 0x18, 0x56, 0x11, 0x1C, 0x1C, 0x1C, 0x1C, 0x11,
    0x11, 0x1C, 0x11, 0x1C, 0x1C, 0x1C, 0x13, 0x13, 0x13, 0x13, 0x13, 0x13,
    0x13, 0x13, 0x13, 0x13, 0x17, 0x17, 0x17, 0x17, 0x17, 0x17, 0x17, 0x17,
    0x17, 0x17, 0x17, 0x17, 0x17, 0x17, 0x17, 0x17, 0x17, 0x17, 0x17, 0x17,
    0x17, 0x17, 0x13, 0x13, 0x13, 0x13, 0x13, 0x13, 0x13, 0x13, 0x13, 0x13,
    0x13, 0x13, 0x1F, 0x1F, 0x1F, 0x1F, 0x1F, 0x1F, 0x1F, 0x1F, 0x1F, 0x1F,
    0x1F, 0x1F, 0x1F, 0x1F, 0x1F, 0x1F, 0x1F, 0x22, 0x18, 0x18, 0x18, 0x19,
    0x0F, 0x01, 0x09, 0x03, 0x0D, 0x07, 0x10, 0x0C, 0x0A, 0x0A, 0x08, 0x08,
    0x08, 0x16, 0x0A, 0x0C, 0x0C, 0x15, 0x10, 0x07, 0x07, 0x0E, 0x0E, 0x0E,
    0x0E, 0x07, 0x0E, 0x0E, 0x07, 0x07, 0x07, 0x0E, 0x0E, 0x04, 0x04, 0x04,
    0x04, 0x04, 0x04, 0x04, 0x04, 0x04, 0x04, 0x04, 0x04, 0x04, 0x04, 0x04,
    0x04, 0x04, 0x04, 0x04, 0x03, 0x03, 0x03, 0x03, 0x03, 0x03, 0x03, 0x06,
    0x06, 0x00, 0x00, 0x00, 0x00, 0x00, 0x09, 0x00, 0x00, 0x00, 0x00, 0x00,
    0x00, 0x01, 0x01, 0x01, 0x01, 0x01, 0x01, 0x09, 0x01, 0x09, 0x00, 0x00,
    0x00, 0x00, 0x00, 0x09, 0x01, 0x09, 0x09, 0x09, 0x01, 0x01, 0x05, 0x01,
    0x01, 0x01, 0x01, 0x01, 0x01, 0x01, 0x01, 0x05, 0x02, 0x02, 0x05, 0x05,
    0x05, 0x02, 0x02, 0x05, 0x05, 0x05, 0x05, 0x05, 0x12, 0x12, 0x0F, 0x0F,
    0x02, 0x02, 0x02, 0x02, 0x0F, 0x02, 0x02, 0x02, 0x02, 0x05, 0x05, 0x01,
    0x01, 0x01, 0x01, 0x01, 0x01, 0x01, 0x01, 0x01, 0x01, 0x01, 0x01, 0x01,
    0x01, 0x09, 0x09, 0x00, 0x00, 0x01, 0x01, 0x09, 0x09, 0x00, 0x00, 0x00,
    0x09, 0x00, 0x00, 0x00, 0x00, 0x00, 0x01, 0x00, 0x00, 0x00, 0x00, 0x00,
    0x00, 0x00, 0x00, 0x06, 0x06, 0x00, 0x00, 0x00, 0x06, 0x03, 0x03, 0x03,
    0x0D, 0x0D, 0x04, 0x04, 0x04, 0x04, 0x04, 0x0E, 0x0E, 0x04, 0x04, 0x04,
    0x04, 0x04, 0x04, 0x04, 0x04, 0x0E, 0x04, 0x0E, 0x0E, 0x04, 0x04, 0x0D,
    0x0D, 0x03, 0x0D, 0x07, 0x15, 0x0A, 0x16, 0x08, 0x08, 0x0A, 0x0A, 0x10,
    0x07, 0x03, 0x09, 0x0F, 0x19, 0x18, 0x18, 0x18, 0x18, 0x18, 0x18, 0x18,
    0x18, 0x18, 0x18, 0x18, 0x18, 0x18, 0x18, 0x18, 0x19, 0x19, 0x19, 0x19,
    0x19, 0x19, 0x11, 0x1C, 0x11, 0x11, 0x11, 0x11, 0x11, 0x1C, 0x1C, 0x11,
    0x1C, 0x1C, 0x13, 0x13, 0x13, 0x13, 0x13, 0x13, 0x13, 0x13, 0x13, 0x13,
    0x13, 0x17, 0x17, 0x17, 0x17, 0x17, 0x17, 0x17, 0x17, 0x17, 0x17, 0x17,
    0x17, 0x17, 0x17, 0x17, 0x17, 0x17, 0x17, 0x17, 0x13, 0x13, 0x13, 0x13,
    0x13, 0x13, 0x13, 0x13, 0x13, 0x13, 0x13, 0x13, 0x1F, 0x1F, 0x1F, 0x1F,
    0x1F, 0x1F, 0x1F, 0x1F, 0x1F, 0x1F, 0x1F, 0x1F, 0x1F, 0x1F, 0x1F, 0x1F,
    0x1F, 0x1F, 0x11, 0x18, 0x18, 0x18, 0x12, 0x0F, 0x01, 0x09, 0x03, 0x0D,
    0x07, 0x10, 0x0C, 0x0A, 0x0A, 0x08, 0x08, 0x16, 0x0A, 0x0C, 0x0C, 0x10,
    0x07, 0x07, 0x07, 0x07, 0x07, 0x07, 0x07, 0x07, 0x07, 0x07, 0x0E, 0x0E,
    0x0E, 0x0E, 0x07, 0x0E, 0x0E, 0x07, 0x07, 0x07, 0x07, 0x0E, 0x04, 0x04,
    0x04, 0x04, 0x03, 0x04, 0x04, 0x04, 0x04, 0x04, 0x03, 0x03, 0x03, 0x06,
    0x00, 0x00, 0x00, 0x00, 0x00, 0x06, 0x06, 0x00, 0x00, 0x00, 0x00, 0x00,
    0x06, 0x00, 0x00, 0x06, 0x00, 0x00, 0x06, 0x00, 0x00, 0x00, 0x00, 0x00,
    0x00, 0x00, 0x00, 0x00, 0x00, 0x00, 0x00, 0x00, 0x00, 0x01, 0x01, 0x01,
    0x01, 0x00, 0x00, 0x09, 0x09, 0x01, 0x01, 0x01, 0x05, 0x01, 0x05, 0x05,
    0x05, 0x05, 0x05, 0x05, 0x02, 0x02, 0x02, 0x05, 0x05, 0x02, 0x02, 0x05,
    0x05, 0x05, 0x01, 0x01, 0x05, 0x02, 0x05, 0x02, 0x05, 0x05, 0x05, 0x01,
    0x01, 0x01, 0x01, 0x01, 0x01, 0x01, 0x02, 0x02, 0x02, 0x02, 0x05, 0x01,
    0x05, 0x05, 0x05, 0x01, 0x01, 0x01, 0x01, 0x01, 0x01, 0x01, 0x01, 0x01,
    0x09, 0x00, 0x00, 0x00, 0x00, 0x00, 0x06, 0x06, 0x06, 0x03, 0x00, 0x06,
    0x03, 0x06, 0x00, 0x00, 0x00, 0x00, 0x00, 0x00, 0x00, 0x00, 0x00, 0x00,
    0x00, 0x00, 0x00, 0x00, 0x00, 0x00, 0x00, 0x00, 0x06, 0x06, 0x06, 0x03,
    0x03, 0x03, 0x03, 0x04, 0x0D, 0x0D, 0x03, 0x0D, 0x04, 0x04, 0x04, 0x04,
    0x04, 0x07, 0x07, 0x07, 0x07, 0x07, 0x07, 0x07, 0x07, 0x07, 0x07, 0x15,
    0x20, 0x0C, 0x0A, 0x08, 0x08, 0x08, 0x0A, 0x0C, 0x10, 0x0D, 0x03, 0x09,
    0x01, 0x12, 0x19, 0x19, 0x18, 0x18, 0x18, 0x18, 0x18, 0x18, 0x18, 0x19,
    0x19, 0x22, 0x12, 0x12, 0x0F, 0x0F, 0x0F, 0x0F, 0x12, 0x12, 0x24, 0x1C,
    0x11, 0x11, 0x11, 0x1C, 0x11, 0x1C, 0x1C, 0x11, 0x1C, 0x1C, 0x13, 0x13,
    0x13, 0x13, 0x13, 0x13, 0x13, 0x13, 0x13, 0x13, 0x13, 0x13, 0x17, 0x17,
    0x17, 0x17, 0x17, 0x17, 0x17, 0x17, 0x17, 0x17, 0x17, 0x17, 0x17, 0x17,
    0x17, 0x17, 0x13, 0x13, 0x13, 0x13, 0x13, 0x13, 0x13, 0x13, 0x13, 0x13,
    0x13, 0x13, 0x13, 0x13, 0x1F, 0x1F, 0x11, 0x11, 0x11, 0x11, 0x11, 0x11,
    0x11, 0x11, 0x11, 0x11, 0x11, 0x11, 0x11, 0x11, 0x11, 0x1F, 0x22, 0x18,
    0x19, 0x0F, 0x01, 0x09, 0x03, 0x0D, 0x07, 0x10, 0x0C, 0x0C, 0x0A, 0x0A,
    0x08, 0x08, 0x08, 0x16, 0x0A, 0x0C, 0x0C, 0x15, 0x10, 0x10, 0x07, 0x07,
    0x07, 0x07, 0x07, 0x07, 0x07, 0x07, 0x07, 0x04, 0x0E, 0x0E, 0x0E, 0x04,
    0x04, 0x04, 0x04, 0x07, 0x07, 0x0E, 0x04, 0x04, 0x04, 0x04, 0x04, 0x04,
    0x04, 0x04, 0x04, 0x04, 0x04, 0x04, 0x04, 0x04, 0x04, 0x0D, 0x03, 0x03,
    0x03, 0x03, 0x03, 0x06, 0x03, 0x03, 0x06, 0x06, 0x03, 0x03, 0x03, 0x06,
    0x00, 0x00, 0x00, 0x00, 0x00, 0x00, 0x00, 0x00, 0x00, 0x00, 0x06, 0x00,
    0x00, 0x00, 0x01, 0x09, 0x00, 0x00, 0x00, 0x09, 0x09, 0x00, 0x00, 0x00,
    0x00, 0x00, 0x00, 0x09, 0x09, 0x09, 0x01, 0x05, 0x05, 0x05, 0x01, 0x01,
    0x05, 0x05, 0x05, 0x05, 0x05, 0x02, 0x02, 0x02, 0x02, 0x02, 0x02, 0x02,
    0x02, 0x02, 0x02, 0x02, 0x05, 0x02, 0x02, 0x02, 0x02, 0x02, 0x02, 0x02,
    0x02, 0x02, 0x02, 0x02, 0x02, 0x02, 0x02, 0x02, 0x02, 0x02, 0x02, 0x05,
    0x01, 0x01, 0x01, 0x01, 0x01, 0x09, 0x01, 0x01, 0x05, 0x01, 0x01, 0x01,
    0x09, 0x00, 0x00, 0x00, 0x00, 0x00, 0x06, 0x06, 0x03, 0x06, 0x06, 0x06,
    0x03, 0x03, 0x06, 0x00, 0x00, 0x00, 0x00, 0x00, 0x00, 0x06, 0x06, 0x06,
    0x03, 0x03, 0x06, 0x06, 0x06, 0x00, 0x00, 0x00, 0x00, 0x00, 0x00, 0x06,
    0x06, 0x06, 0x03, 0x03, 0x03, 0x0D, 0x04, 0x0D, 0x04, 0x04, 0x04, 0x04,
    0x04, 0x0E, 0x0E, 0x07, 0x0E, 0x0E, 0x07, 0x07, 0x10, 0x15, 0x0C, 0x0A,
    0x08, 0x08, 0x16, 0x0A, 0x0C, 0x10, 0x0D, 0x03, 0x09, 0x09, 0x01, 0x0F,
    0x0F, 0x12, 0x12, 0x12, 0x12, 0x12, 0x0F, 0x0F, 0x0F, 0x01, 0x01, 0x01,
    0x01, 0x01, 0x01, 0x01, 0x01, 0x0F, 0x2B, 0x11, 0x1C, 0x1C, 0x1C, 0x1C,
    0x1C, 0x11, 0x1C, 0x1C, 0x1C, 0x1C, 0x1C, 0x13, 0x13, 0x13, 0x13, 0x13,
    0x13, 0x13, 0x13, 0x13, 0x13, 0x13, 0x17, 0x17, 0x17, 0x17, 0x17, 0x17,
    0x17, 0x17, 0x17, 0x17, 0x17, 0x17, 0x17, 0x13, 0x13, 0x17, 0x13, 0x13,
    0x13, 0x13, 0x13, 0x13, 0x13, 0x13, 0x13, 0x13, 0x13, 0x13, 0x1F, 0x1F,
    0x1F, 0x1F, 0x11, 0x11, 0x11, 0x11, 0x11, 0x11, 0x11, 0x11, 0x11, 0x11,
    0x11, 0x11, 0x11, 0x11, 0x11, 0x11, 0x22, 0x12, 0x0F, 0x01, 0x09, 0x03,
    0x0D, 0x07, 0x10, 0x0C, 0x0A, 0x0A, 0x16, 0x08, 0x08, 0x16, 0x0A, 0x0A,
    0x0C, 0x0C, 0x15, 0x15, 0x07, 0x07, 0x0E, 0x0E, 0x0E, 0x0E, 0x07, 0x07,
    0x0E, 0x0E, 0x0E, 0x04, 0x04, 0x0D, 0x03, 0x03, 0x03, 0x0D, 0x04, 0x04,
    0x04, 0x04, 0x04, 0x04, 0x04, 0x04, 0x03, 0x03, 0x03, 0x06, 0x03, 0x03,
    0x03, 0x03, 0x0D, 0x03, 0x03, 0x04, 0x03, 0x03, 0x03, 0x03, 0x06, 0x00,
    0x06, 0x06, 0x00, 0x06, 0x00, 0x00, 0x00, 0x00, 0x00, 0x00, 0x00, 0x00,
    0x00, 0x00, 0x01, 0x01, 0x00, 0x09, 0x00, 0x09, 0x09, 0x09, 0x01, 0x09,
    0x01, 0x01, 0x05, 0x05, 0x01, 0x01, 0x01, 0x09, 0x09, 0x00, 0x00, 0x00,
    0x00, 0x00, 0x00, 0x09, 0x01, 0x01, 0x01, 0x01, 0x01, 0x01, 0x02, 0x02,
    0x05, 0x02, 0x02, 0x02, 0x05, 0x02, 0x02, 0x02, 0x02, 0x02, 0x02, 0x02,
    0x02, 0x02, 0x02, 0x02, 0x02, 0x02, 0x02, 0x02, 0x05, 0x05, 0x05, 0x05,
    0x05, 0x05, 0x05, 0x05, 0x05, 0x05, 0x01, 0x01, 0x01, 0x01, 0x01, 0x09,
    0x01, 0x01, 0x01, 0x01, 0x01, 0x01, 0x01, 0x05, 0x01, 0x01, 0x01, 0x09,
    0x01, 0x01, 0x01, 0x01, 0x01, 0x09, 0x00, 0x00, 0x00, 0x00, 0x00, 0x00,
    0x00, 0x00, 0x00, 0x00, 0x00, 0x00, 0x03, 0x06, 0x06, 0x03, 0x03, 0x03,
    0x03, 0x06, 0x06, 0x06, 0x06, 0x00, 0x06, 0x03, 0x03, 0x03, 0x03, 0x04,
    0x04, 0x04, 0x0E, 0x04, 0x03, 0x0D, 0x0D, 0x0D, 0x04, 0x04, 0x04, 0x04,
    0x04, 0x0E, 0x07, 0x07, 0x10, 0x15, 0x0C, 0x0A, 0x16, 0x08, 0x08, 0x0A,
    0x0A, 0x0C, 0x10, 0x07, 0x0D, 0x03, 0x09, 0x09, 0x09, 0x01, 0x01, 0x01,
    0x01, 0x01, 0x01, 0x09, 0x09, 0x09, 0x09, 0x03, 0x03, 0x03, 0x03, 0x03,
    0x09, 0x01, 0x02, 0x11, 0x1C, 0x11, 0x1C, 0x1C, 0x1C, 0x1C, 0x1C, 0x1C,
    0x1C, 0x1C, 0x1C, 0x1C, 0x13, 0x13, 0x13, 0x13, 0x13, 0x13, 0x13, 0x13,
    0x13, 0x13, 0x13, 0x13, 0x17, 0x17, 0x17, 0x17, 0x17, 0x17, 0x17, 0x17,
    0x13, 0x13, 0x13, 0x13, 0x13, 0x13, 0x13, 0x13, 0x13, 0x13, 0x13, 0x13,
    0x13, 0x13, 0x13, 0x13, 0x13, 0x1F, 0x1F, 0x1F, 0x11, 0x11, 0x11, 0x11,
    0x11, 0x11, 0x11, 0x11, 0x11, 0x11, 0x11, 0x11, 0x11, 0x11, 0x11, 0x11,
    0x11, 0x24, 0x12, 0x01, 0x09, 0x03, 0x0D, 0x07, 0x10, 0x10, 0x0C, 0x0A,
    0x0A, 0x08, 0x08, 0x16, 0x16, 0x0A, 0x0A, 0x0C, 0x20, 0x15, 0x15, 0x15,
    0x10, 0x07, 0x0E, 0x07, 0x0E, 0x0E, 0x04, 0x04, 0x0E, 0x0E, 0x07, 0x07,
    0x04, 0x04, 0x04, 0x04, 0x04, 0x04, 0x0D, 0x03, 0x04, 0x04, 0x04, 0x04,
    0x0E, 0x0E, 0x0E, 0x07, 0x07, 0x04, 0x04, 0x0D, 0x04, 0x03, 0x03, 0x03,
    0x0D, 0x04, 0x0D, 0x03, 0x03, 0x06, 0x06, 0x00, 0x00, 0x00, 0x00, 0x00,
    0x00, 0x00, 0x00, 0x00, 0x00, 0x00, 0x00, 0x00, 0x00, 0x00, 0x00, 0x00,
    0x00, 0x00, 0x00, 0x00, 0x00, 0x00, 0x09, 0x01, 0x01, 0x01, 0x01, 0x05,
    0x01, 0x05, 0x05, 0x01, 0x01, 0x05, 0x02, 0x05, 0x02, 0x05, 0x05, 0x01,
    0x05, 0x02, 0x02, 0x02, 0x05, 0x02, 0x02, 0x02, 0x05, 0x05, 0x05, 0x05,
    0x05, 0x05, 0x02, 0x02, 0x02, 0x02, 0x0F, 0x0F, 0x02, 0x02, 0x02, 0x02,
    0x02, 0x02, 0x02, 0x02, 0x05, 0x02, 0x02, 0x02, 0x05, 0x01, 0x01, 0x05,
    0x05, 0x01, 0x01, 0x09, 0x01, 0x09, 0x09, 0x00, 0x00, 0x00, 0x09, 0x01,
    0x01, 0x09, 0x00, 0x09, 0x00, 0x09, 0x00, 0x00, 0x00, 0x00, 0x00, 0x00,
    0x00, 0x06, 0x06, 0x06, 0x06, 0x00, 0x00, 0x03, 0x03, 0x03, 0x03, 0x03,
    0x06, 0x03, 0x03, 0x06, 0x06, 0x00, 0x06, 0x06, 0x06, 0x03, 0x03, 0x04,
    0x04, 0x0D, 0x04, 0x04, 0x0D, 0x03, 0x04, 0x04, 0x04, 0x0E, 0x0E, 0x0E,
    0x07, 0x07, 0x07, 0x07, 0x07, 0x07, 0x07, 0x07, 0x07, 0x07, 0x07, 0x15,
    0x07, 0x15, 0x0C, 0x0C, 0x0A, 0x08, 0x08, 0x08, 0x0A, 0x0C, 0x0C, 0x10,
    0x07, 0x07, 0x0D, 0x03, 0x03, 0x03, 0x03, 0x03, 0x03, 0x03, 0x03, 0x03,
    0x03, 0x0D, 0x0D, 0x0D, 0x07, 0x07, 0x07, 0x0D, 0x0D, 0x40, 0x01, 0x02,
    0x1C, 0x11, 0x1C, 0x1C, 0x1C, 0x1C, 0x1C, 0x1C, 0x1C, 0x1C, 0x1C, 0x1C,
    0x1C, 0x13, 0x13, 0x13, 0x13, 0x13, 0x13, 0x13, 0x13, 0x13, 0x13, 0x13,
    0x13, 0x13, 0x13, 0x13, 0x13, 0x13, 0x13, 0x13, 0x13, 0x13, 0x13, 0x13,
    0x13, 0x13, 0x13, 0x13, 0x13, 0x13, 0x13, 0x13, 0x13, 0x13, 0x13, 0x13,
    0x1F, 0x1F, 0x1F, 0x1F, 0x11, 0x11, 0x11, 0x11, 0x11, 0x11, 0x11, 0x11,
    0x11, 0x11, 0x11, 0x11, 0x11, 0x11, 0x11, 0x11, 0x11, 0x2B, 0x4F, 0x09,
    0x03, 0x0D, 0x07, 0x10, 0x0C, 0x0C, 0x0A, 0x0A, 0x08, 0x08, 0x08, 0x16,
    0x0A, 0x0A, 0x0C, 0x0C, 0x15, 0x15, 0x15, 0x15, 0x15, 0x10, 0x07, 0x07,
    0x07, 0x07, 0x0E, 0x0E, 0x07, 0x07, 0x07, 0x0E, 0x0E, 0x04, 0x04, 0x0E,
    0x04, 0x0E, 0x0E, 0x0E, 0x0E, 0x0E, 0x0E, 0x0E, 0x0E, 0x04, 0x04, 0x04,
    0x04, 0x04, 0x03, 0x03, 0x0D, 0x03, 0x03, 0x03, 0x06, 0x06, 0x06, 0x06,
    0x00, 0x00, 0x00, 0x00, 0x00, 0x00, 0x00, 0x00, 0x00, 0x00, 0x00, 0x00,
    0x00, 0x00, 0x00, 0x00, 0x00, 0x00, 0x00, 0x06, 0x06, 0x06, 0x00, 0x00,
    0x00, 0x00, 0x09, 0x01, 0x01, 0x01, 0x01, 0x09, 0x01, 0x01, 0x01, 0x00,
    0x00, 0x00, 0x00, 0x00, 0x09, 0x09, 0x00, 0x09, 0x01, 0x01, 0x01, 0x01,
    0x09, 0x09, 0x09, 0x01, 0x01, 0x05, 0x05, 0x05, 0x02, 0x02, 0x02, 0x05,
    0x02, 0x02, 0x02, 0x02, 0x02, 0x02, 0x02, 0x02, 0x02, 0x02, 0x02, 0x02,
    0x02, 0x02, 0x05, 0x01, 0x01, 0x05, 0x05, 0x02, 0x05, 0x05, 0x05, 0x05,
    0x02, 0x02, 0x05, 0x05, 0x02, 0x05, 0x01, 0x01, 0x01, 0x09, 0x01, 0x09,
    0x00, 0x00, 0x00, 0x00, 0x00, 0x00, 0x00, 0x00, 0x00, 0x00, 0x00, 0x00,
    0x00, 0x01, 0x01, 0x01, 0x01, 0x01, 0x01, 0x01, 0x09, 0x09, 0x01, 0x00,
    0x00, 0x06, 0x06, 0x06, 0x06, 0x03, 0x03, 0x03, 0x06, 0x06, 0x03, 0x03,
    0x0D, 0x04, 0x04, 0x04, 0x0E, 0x07, 0x04, 0x04, 0x04, 0x04, 0x04, 0x04,
    0x04, 0x04, 0x04, 0x04, 0x0E, 0x07, 0x0E, 0x07, 0x07, 0x10, 0x15, 0x0C,
    0x0A, 0x16, 0x08, 0x08, 0x08, 0x0A, 0x0A, 0x0C, 0x0C, 0x10, 0x10, 0x07,
    0x07, 0x07, 0x0D, 0x0D, 0x0D, 0x0D, 0x07, 0x07, 0x07, 0x07, 0x07, 0x10,
    0x10, 0x10, 0x10, 0x10, 0x07, 0x0D, 0x40, 0x01, 0x11, 0x1C, 0x1C, 0x1C,
    0x1C, 0x1C, 0x1C, 0x1C, 0x1C, 0x1C, 0x1C, 0x1C, 0x1C, 0x13, 0x13, 0x13,
    0x13, 0x13, 0x13, 0x13, 0x13, 0x13, 0x13, 0x13, 0x13, 0x13, 0x13, 0x13,
    0x13, 0x13, 0x13, 0x13, 0x13, 0x13, 0x13, 0x13, 0x13, 0x13, 0x13, 0x13,
    0x13, 0x13, 0x13, 0x13, 0x13, 0x13, 0x13, 0x1F, 0x1F, 0x1F, 0x11, 0x11,
    0x11, 0x11, 0x11, 0x11, 0x11, 0x11, 0x11, 0x11, 0x11, 0x11, 0x11, 0x11,
    0x11, 0x11, 0x11, 0x11, 0x11, 0x02, 0x09, 0x03, 0x0D, 0x07, 0x10, 0x0C,
    0x0A, 0x0A, 0x08, 0x08, 0x08, 0x16, 0x16, 0x0A, 0x0C, 0x0C, 0x15, 0x15,
    0x15, 0x15, 0x10, 0x07, 0x07, 0x07, 0x07, 0x07, 0x07, 0x07, 0x07, 0x07,
    0x07, 0x07, 0x04, 0x0E, 0x04, 0x04, 0x0E, 0x0E, 0x0E, 0x0E, 0x0E, 0x0E,
    0x04, 0x04, 0x04, 0x04, 0x04, 0x04, 0x03, 0x03, 0x03, 0x03, 0x03, 0x03,
    0x03, 0x03, 0x03, 0x04, 0x0D, 0x03, 0x03, 0x06, 0x00, 0x00, 0x00, 0x00,
    0x00, 0x00, 0x00, 0x00, 0x00, 0x00, 0x00, 0x00, 0x00, 0x00, 0x00, 0x00,
    0x01, 0x01, 0x01, 0x01, 0x01, 0x01, 0x01, 0x01, 0x01, 0x01, 0x01, 0x01,
    0x01, 0x01, 0x01, 0x01, 0x01, 0x01, 0x01, 0x01, 0x01, 0x01, 0x01, 0x09,
    0x01, 0x01, 0x01, 0x01, 0x01, 0x05, 0x02, 0x02, 0x02, 0x02, 0x02, 0x02,
    0x02, 0x02, 0x02, 0x02, 0x02, 0x02, 0x02, 0x02, 0x02, 0x0F, 0x0F, 0x0F,
    0x12, 0x0F, 0x0F, 0x02, 0x05, 0x02, 0x02, 0x05, 0x01, 0x05, 0x02, 0x05,
    0x05, 0x02, 0x05, 0x05, 0x01, 0x01, 0x01, 0x09, 0x01, 0x01, 0x01, 0x01,
    0x01, 0x01, 0x01, 0x09, 0x09, 0x01, 0x01, 0x01, 0x01, 0x01, 0x01, 0x01,
    0x01, 0x01, 0x01, 0x09, 0x09, 0x00, 0x00, 0x09, 0x00, 0x00, 0x00, 0x00,
    0x00, 0x00, 0x06, 0x03, 0x06, 0x03, 0x03, 0x03, 0x03, 0x03, 0x03, 0x06,
    0x06, 0x06, 0x06, 0x06, 0x06, 0x06, 0x03, 0x03, 0x03, 0x0D, 0x0D, 0x03,
    0x0D, 0x04, 0x04, 0x04, 0x0D, 0x04, 0x04, 0x04, 0x04, 0x04, 0x04, 0x04,
    0x04, 0x04, 0x04, 0x07, 0x07, 0x07, 0x15, 0x15, 0x0C, 0x0A, 0x16, 0x1D,
    0x08, 0x08, 0x16, 0x0A, 0x0A, 0x0C, 0x0C, 0x10, 0x10, 0x10, 0x10, 0x10,
    0x10, 0x10, 0x10, 0x10, 0x10, 0x0C, 0x0C, 0x0C, 0x0C, 0x0C, 0x0C, 0x0C,
    0x10, 0x07, 0x0D, 0x09, 0x02, 0x1C, 0x11, 0x1C, 0x1C, 0x1C, 0x1C, 0x1C,
    0x1C, 0x1C, 0x1C, 0x1C, 0x1C, 0x13, 0x13, 0x13, 0x13, 0x13, 0x13, 0x13,
    0x13, 0x13, 0x13, 0x13, 0x13, 0x13, 0x13, 0x13, 0x13, 0x13, 0x13, 0x13,
    0x13, 0x13, 0x13, 0x13, 0x13, 0x13, 0x13, 0x13, 0x13, 0x13, 0x13, 0x13,
    0x13, 0x1F, 0x1F, 0x1F, 0x11, 0x11, 0x11, 0x11, 0x11, 0x11, 0x11, 0x11,
    0x11, 0x11, 0x11, 0x11, 0x11, 0x11, 0x11, 0x11, 0x11, 0x11, 0x11, 0x11,
    0x02, 0x09, 0x03, 0x0D, 0x07, 0x0C, 0x0C, 0x0A, 0x16, 0x08, 0x08, 0x08,
    0x16, 0x0A, 0x0A, 0x0C, 0x0C, 0x20, 0x15, 0x10, 0x07, 0x07, 0x07, 0x07,
    0x07, 0x07, 0x07, 0x0E, 0x07, 0x07, 0x07, 0x07, 0x07, 0x04, 0x04, 0x04,
    0x04, 0x04, 0x04, 0x0D, 0x04, 0x04, 0x04, 0x04, 0x04, 0x04, 0x04, 0x04,
    0x04, 0x03, 0x03, 0x03, 0x03, 0x03, 0x03, 0x03, 0x03, 0x0D, 0x0D, 0x0D,
    0x0D, 0x03, 0x06, 0x00, 0x00, 0x00, 0x09, 0x00, 0x00, 0x06, 0x06, 0x03,
    0x03, 0x06, 0x06, 0x00, 0x06, 0x00, 0x00, 0x00, 0x00, 0x00, 0x00, 0x00,
    0x00, 0x00, 0x00, 0x00, 0x00, 0x00, 0x00, 0x00, 0x09, 0x01, 0x01, 0x01,
    0x05, 0x05, 0x02, 0x05, 0x05, 0x05, 0x05, 0x05, 0x05, 0x02, 0x05, 0x05,
    0x02, 0x02, 0x02, 0x02, 0x02, 0x05, 0x01, 0x01, 0x01, 0x01, 0x01, 0x01,
    0x01, 0x05, 0x02, 0x02, 0x02, 0x02, 0x02, 0x02, 0x02, 0x02, 0x02, 0x05,
    0x02, 0x02, 0x02, 0x02, 0x05, 0x05, 0x02, 0x02, 0x01, 0x01, 0x01, 0x01,
    0x00, 0x09, 0x09, 0x00, 0x01, 0x01, 0x01, 0x01, 0x01, 0x01, 0x01, 0x01,
    0x01, 0x01, 0x01, 0x01, 0x01, 0x01, 0x00, 0x00, 0x09, 0x01, 0x00, 0x00,
    0x00, 0x00, 0x00, 0x00, 0x00, 0x00, 0x00, 0x00, 0x00, 0x00, 0x00, 0x00,
    0x00, 0x00, 0x00, 0x00, 0x00, 0x00, 0x00, 0x00, 0x06, 0x00, 0x00, 0x00,
    0x06, 0x06, 0x06, 0x06, 0x06, 0x06, 0x04, 0x03, 0x03, 0x04, 0x04, 0x0D,
    0x03, 0x03, 0x03, 0x04, 0x04, 0x04, 0x04, 0x04, 0x04, 0x04, 0x04, 0x04,
    0x04, 0x04, 0x07, 0x07, 0x15, 0x0C, 0x0C, 0x0A, 0x0A, 0x08, 0x08, 0x08,
    0x0A, 0x0A, 0x0A, 0x0A, 0x0C, 0x0C, 0x0C, 0x0C, 0x0C, 0x0C, 0x0C, 0x0C,
    0x0C, 0x0A, 0x0A, 0x0A, 0x0A, 0x0A, 0x0A, 0x0C, 0x0C, 0x10, 0x0E, 0x03,
    0x01, 0x11, 0x11, 0x1C, 0x1C, 0x1C, 0x1C, 0x1C, 0x1C, 0x1C, 0x1C, 0x1C,
    0x1C, 0x1C, 0x13, 0x13, 0x13, 0x13, 0x13, 0x13, 0x13, 0x13, 0x13, 0x13,
    0x13, 0x13, 0x13, 0x13, 0x13, 0x13, 0x13, 0x13, 0x13, 0x13, 0x13, 0x13,
    0x13, 0x13, 0x13, 0x13, 0x13, 0x13, 0x13, 0x1F, 0x1F, 0x1F, 0x1F, 0x1F,
    0x11, 0x11, 0x11, 0x11, 0x11, 0x11, 0x11, 0x11, 0x11, 0x11, 0x11, 0x11,
    0x11, 0x11, 0x11, 0x11, 0x11, 0x11, 0x11, 0x1F, 0x01, 0x03, 0x0D, 0x10,
    0x0C, 0x0A, 0x0A, 0x08, 0x08, 0x08, 0x08, 0x0A, 0x0A, 0x0C, 0x0C, 0x15,
    0x15, 0x10, 0x10, 0x07, 0x07, 0x07, 0x0E, 0x0E, 0x0E, 0x04, 0x04, 0x0D,
    0x04, 0x04, 0x04, 0x0E, 0x04, 0x04, 0x04, 0x04, 0x04, 0x04, 0x04, 0x04,
    0x04, 0x04, 0x0D, 0x0D, 0x04, 0x04, 0x04, 0x04, 0x04, 0x04, 0x04, 0x04,
    0x04, 0x04, 0x04, 0x04, 0x04, 0x0D, 0x03, 0x03, 0x03, 0x03, 0x03, 0x03,
    0x03, 0x06, 0x06, 0x00, 0x00, 0x06, 0x06, 0x00, 0x00, 0x00, 0x00, 0x00,
    0x00, 0x00, 0x06, 0x06, 0x06, 0x06, 0x06, 0x06, 0x06, 0x00, 0x00, 0x01,
    0x00, 0x01, 0x09, 0x00, 0x00, 0x09, 0x00, 0x01, 0x01, 0x01, 0x01, 0x00,
    0x09, 0x01, 0x01, 0x01, 0x01, 0x01, 0x01, 0x01, 0x05, 0x05, 0x05, 0x05,
    0x02, 0x02, 0x02, 0x02, 0x02, 0x02, 0x02, 0x02, 0x02, 0x02, 0x02, 0x02,
    0x02, 0x02, 0x02, 0x02, 0x02, 0x02, 0x02, 0x02, 0x02, 0x02, 0x02, 0x02,
    0x05, 0x05, 0x05, 0x05, 0x05, 0x01, 0x05, 0x01, 0x01, 0x02, 0x02, 0x05,
    0x05, 0x05, 0x01, 0x01, 0x01, 0x09, 0x00, 0x00, 0x00, 0x00, 0x00, 0x09,
    0x01, 0x09, 0x09, 0x01, 0x09, 0x01, 0x09, 0x09, 0x09, 0x00, 0x00, 0x00,
    0x00, 0x00, 0x06, 0x06, 0x06, 0x06, 0x00, 0x00, 0x00, 0x09, 0x00, 0x00,
    0x00, 0x00, 0x06, 0x06, 0x03, 0x03, 0x03, 0x03, 0x06, 0x00, 0x00, 0x06,
    0x06, 0x06, 0x06, 0x03, 0x03, 0x03, 0x03, 0x0D, 0x03, 0x03, 0x03, 0x03,
    0x03, 0x0D, 0x04, 0x04, 0x0D, 0x04, 0x04, 0x04, 0x04, 0x04, 0x04, 0x07,
    0x07, 0x15, 0x20, 0x0C, 0x0A, 0x16, 0x08, 0x08, 0x08, 0x08, 0x08, 0x08,
    0x0A, 0x0A, 0x0A, 0x0A, 0x0A, 0x0A, 0x0A, 0x0A, 0x0A, 0x0A, 0x0A, 0x0A,
    0x08, 0x0A, 0x0A, 0x0A, 0x0C, 0x10, 0x07, 0x03, 0x09, 0x02, 0x11, 0x1C,
    0x11, 0x1C, 0x1C, 0x1C, 0x1C, 0x1C, 0x1C, 0x1C, 0x1C, 0x1C, 0x1C, 0x1C,
    0x13, 0x13, 0x13, 0x13, 0x13, 0x13, 0x13, 0x13, 0x13, 0x13, 0x13, 0x13,
    0x13, 0x13, 0x13, 0x13, 0x13, 0x13, 0x13, 0x13, 0x13, 0x13, 0x13, 0x13,
    0x13, 0x13, 0x13, 0x1F, 0x1F, 0x1F, 0x11, 0x11, 0x11, 0x11, 0x11, 0x11,
    0x11, 0x11, 0x11, 0x11, 0x11, 0x11, 0x11, 0x11, 0x11, 0x11, 0x11, 0x11,
    0x11, 0x11, 0x11, 0x02, 0x52, 0x0D, 0x07, 0x0C, 0x0A, 0x0A, 0x08, 0x08,
    0x08, 0x16, 0x0A, 0x0C, 0x0C, 0x20, 0x15, 0x10, 0x07, 0x07, 0x07, 0x07,
    0x07, 0x0E, 0x07, 0x07, 0x0E, 0x04, 0x04, 0x04, 0x04, 0x04, 0x04, 0x0D,
    0x04, 0x04, 0x04, 0x04, 0x04, 0x04, 0x04, 0x0E, 0x0E, 0x04, 0x04, 0x03,
    0x04, 0x03, 0x03, 0x0D, 0x04, 0x03, 0x03, 0x0D, 0x04, 0x04, 0x04, 0x03,
    0x06, 0x03, 0x03, 0x03, 0x06, 0x06, 0x06, 0x06, 0x06, 0x06, 0x03, 0x03,
    0x00, 0x00, 0x00, 0x00, 0x06, 0x00, 0x00, 0x00, 0x00, 0x00, 0x00, 0x00,
    0x00, 0x00, 0x00, 0x00, 0x01, 0x09, 0x09, 0x09, 0x09, 0x00, 0x00, 0x00,
    0x00, 0x00, 0x00, 0x01, 0x01, 0x01, 0x01, 0x05, 0x01, 0x01, 0x01, 0x01,
    0x05, 0x01, 0x01, 0x01, 0x01, 0x01, 0x01, 0x01, 0x01, 0x05, 0x05, 0x05,
    0x02, 0x02, 0x02, 0x02, 0x02, 0x02, 0x02, 0x02, 0x02, 0x02, 0x02, 0x02,
    0x02, 0x02, 0x02, 0x02, 0x05, 0x05, 0x05, 0x05, 0x05, 0x02, 0x02, 0x05,
    0x02, 0x02, 0x02, 0x05, 0x05, 0x05, 0x02, 0x02, 0x02, 0x02, 0x05, 0x02,
    0x05, 0x05, 0x05, 0x01, 0x09, 0x09, 0x00, 0x00, 0x00, 0x09, 0x09, 0x09,
    0x01, 0x00, 0x00, 0x00, 0x00, 0x00, 0x00, 0x00, 0x06, 0x06, 0x00, 0x00,
    0x06, 0x06, 0x00, 0x00, 0x00, 0x00, 0x00, 0x00, 0x06, 0x06, 0x00, 0x06,
    0x06, 0x03, 0x03, 0x03, 0x06, 0x06, 0x03, 0x03, 0x03, 0x06, 0x03, 0x03,
    0x0D, 0x04, 0x04, 0x04, 0x04, 0x07, 0x07, 0x07, 0x07, 0x0E, 0x0E, 0x04,
    0x04, 0x0E, 0x07, 0x07, 0x07, 0x07, 0x07, 0x10, 0x10, 0x15, 0x20, 0x20,
    0x0C, 0x0A, 0x08, 0x08, 0x08, 0x08, 0x08, 0x08, 0x08, 0x08, 0x08, 0x08,
    0x0A, 0x0A, 0x0A, 0x0A, 0x0A, 0x0A, 0x0A, 0x08, 0x08, 0x08, 0x0A, 0x0A,
    0x0C, 0x10, 0x07, 0x0D, 0x09, 0x02, 0x11, 0x1C, 0x1C, 0x1C, 0x11, 0x11,
    0x1C, 0x1C, 0x1C, 0x1C, 0x1C, 0x1C, 0x1C, 0x1C, 0x1C, 0x13, 0x13, 0x13,
    0x13, 0x13, 0x13, 0x13, 0x13, 0x13, 0x13, 0x13, 0x13, 0x13, 0x13, 0x13,
    0x13, 0x13, 0x13, 0x13, 0x13, 0x13, 0x13, 0x13, 0x13, 0x13, 0x1F, 0x1F,
    0x1F, 0x1F, 0x11, 0x11, 0x11, 0x11, 0x11, 0x11, 0x11, 0x11, 0x11, 0x11,
    0x11, 0x11, 0x11, 0x11, 0x11, 0x11, 0x11, 0x11, 0x11, 0x11, 0x4B, 0x09,
    0x03, 0x07, 0x10, 0x0C, 0x0A, 0x08, 0x08, 0x08, 0x16, 0x0A, 0x0A, 0x0C,
    0x0C, 0x0C, 0x20, 0x20, 0x15, 0x15, 0x15, 0x10, 0x07, 0x07, 0x07, 0x07,
    0x07, 0x07, 0x07, 0x07, 0x07, 0x07, 0x0E, 0x0E, 0x04, 0x04, 0x04, 0x04,
    0x04, 0x04, 0x04, 0x04, 0x04, 0x04, 0x04, 0x04, 0x0D, 0x03, 0x03, 0x04,
    0x04, 0x03, 0x03, 0x04, 0x04, 0x04, 0x03, 0x03, 0x03, 0x03, 0x03, 0x03,
    0x03, 0x03, 0x06, 0x06, 0x06, 0x03, 0x06, 0x06, 0x00, 0x06, 0x03, 0x03,
    0x06, 0x06, 0x00, 0x01, 0x00, 0x00, 0x00, 0x00, 0x09, 0x00, 0x00, 0x00,
    0x01, 0x01, 0x05, 0x01, 0x01, 0x01, 0x01, 0x01, 0x01, 0x01, 0x01, 0x01,
    0x00, 0x00, 0x09, 0x09, 0x09, 0x01, 0x09, 0x09, 0x01, 0x05, 0x05, 0x01,
    0x01, 0x01, 0x01, 0x05, 0x01, 0x01, 0x01, 0x01, 0x02, 0x02, 0x02, 0x02,
    0x02, 0x02, 0x02, 0x02, 0x05, 0x01, 0x01, 0x05, 0x05, 0x01, 0x05, 0x05,
    0x05, 0x02, 0x05, 0x05, 0x02, 0x02, 0x05, 0x05, 0x02, 0x02, 0x05, 0x05,
    0x05, 0x01, 0x05, 0x05, 0x01, 0x01, 0x05, 0x05, 0x01, 0x01, 0x05, 0x05,
    0x01, 0x01, 0x09, 0x00, 0x00, 0x00, 0x00, 0x00, 0x03, 0x03, 0x06, 0x06,
    0x00, 0x00, 0x00, 0x00, 0x00, 0x00, 0x00, 0x06, 0x06, 0x03, 0x03, 0x03,
    0x03, 0x03, 0x03, 0x03, 0x03, 0x03, 0x00, 0x06, 0x03, 0x03, 0x03, 0x0D,
    0x04, 0x04, 0x04, 0x04, 0x04, 0x0D, 0x03, 0x03, 0x04, 0x04, 0x0D, 0x04,
    0x04, 0x04, 0x04, 0x04, 0x0E, 0x04, 0x0E, 0x0E, 0x0E, 0x07, 0x07, 0x07,
    0x07, 0x07, 0x07, 0x10, 0x15, 0x10, 0x15, 0x20, 0x0C, 0x0A, 0x08, 0x08,
    0x0B, 0x0B, 0x0B, 0x0B, 0x08, 0x08, 0x08, 0x08, 0x0A, 0x0A, 0x0A, 0x0A,
    0x0A, 0x0A, 0x0A, 0x0A, 0x0A, 0x0A, 0x0A, 0x0A, 0x0C, 0x10, 0x07, 0x0D,
    0x09, 0x54, 0x2B, 0x11, 0x1C, 0x1C, 0x1C, 0x1C, 0x1C, 0x1C, 0x1C, 0x1C,
    0x1C, 0x1C, 0x1C, 0x1C, 0x1C, 0x1C, 0x13, 0x13, 0x13, 0x13, 0x13, 0x13,
    0x13, 0x13, 0x13, 0x13, 0x13, 0x13, 0x13, 0x13, 0x13, 0x13, 0x13, 0x13,
    0x13, 0x13, 0x13, 0x13, 0x13, 0x1F, 0x1F, 0x1F, 0x1F, 0x11, 0x11, 0x11,
    0x11, 0x11, 0x11, 0x11, 0x11, 0x11, 0x11, 0x11, 0x11, 0x11, 0x11, 0x11,
    0x11, 0x11, 0x11, 0x11, 0x11, 0x11, 0x01, 0x03, 0x0D, 0x10, 0x0C, 0x0A,
    0x08, 0x08, 0x08, 0x08, 0x16, 0x0A, 0x0C, 0x0C, 0x20, 0x15, 0x15, 0x10,
    0x10, 0x10, 0x10, 0x10, 0x07, 0x07, 0x07, 0x07, 0x10, 0x07, 0x10, 0x07,
    0x07, 0x07, 0x07, 0x07, 0x07, 0x0E, 0x04, 0x0E, 0x0E, 0x04, 0x04, 0x04,
    0x04, 0x04, 0x0E, 0x04, 0x04, 0x04, 0x04, 0x04, 0x04, 0x04, 0x04, 0x04,
    0x03, 0x0D, 0x0D, 0x04, 0x04, 0x04, 0x04, 0x0D, 0x04, 0x04, 0x04, 0x03,
    0x03, 0x0D, 0x03, 0x03, 0x03, 0x06, 0x06, 0x03, 0x03, 0x06, 0x06, 0x00,
    0x00, 0x00, 0x00, 0x00, 0x00, 0x09, 0x00, 0x00, 0x00, 0x00, 0x00, 0x00,
    0x01, 0x01, 0x01, 0x01, 0x05, 0x01, 0x01, 0x01, 0x01, 0x01, 0x00, 0x00,
    0x00, 0x00, 0x00, 0x00, 0x09, 0x01, 0x01, 0x01, 0x01, 0x01, 0x01, 0x01,
    0x01, 0x09, 0x09, 0x01, 0x01, 0x01, 0x01, 0x02, 0x02, 0x05, 0x02, 0x05,
    0x02, 0x05, 0x01, 0x05, 0x01, 0x01, 0x05, 0x01, 0x01, 0x05, 0x05, 0x05,
    0x05, 0x02, 0x05, 0x02, 0x02, 0x02, 0x02, 0x05, 0x05, 0x05, 0x02, 0x05,
    0x05, 0x02, 0x05, 0x01, 0x01, 0x01, 0x01, 0x01, 0x01, 0x09, 0x01, 0x05,
    0x01, 0x01, 0x01, 0x09, 0x00, 0x00, 0x00, 0x00, 0x00, 0x00, 0x00, 0x00,
    0x00, 0x00, 0x00, 0x00, 0x06, 0x06, 0x06, 0x03, 0x03, 0x03, 0x0D, 0x03,
    0x06, 0x06, 0x00, 0x00, 0x03, 0x03, 0x06, 0x06, 0x03, 0x03, 0x03, 0x03,
    0x03, 0x03, 0x03, 0x04, 0x04, 0x04, 0x04, 0x03, 0x03, 0x04, 0x04, 0x0D,
    0x04, 0x04, 0x04, 0x0E, 0x0E, 0x07, 0x0E, 0x04, 0x0E, 0x0E, 0x0E, 0x07,
    0x07, 0x07, 0x07, 0x10, 0x20, 0x0C, 0x16, 0x08, 0x0B, 0x0B, 0x0B, 0x0B,
    0x08, 0x08, 0x08, 0x0A, 0x08, 0x0A, 0x0A, 0x0A, 0x0A, 0x0A, 0x0A, 0x0A,
    0x0A, 0x0A, 0x0A, 0x0C, 0x0C, 0x10, 0x07, 0x0D, 0x09, 0x4F, 0x12, 0x2D,
    0x1C, 0x11, 0x11, 0x11, 0x1C, 0x1C, 0x1C, 0x1C, 0x1C, 0x1C, 0x1C, 0x1C,
    0x1C, 0x1C, 0x13, 0x13, 0x13, 0x13, 0x13, 0x13, 0x13, 0x13, 0x13, 0x13,
    0x13, 0x13, 0x13, 0x13, 0x13, 0x13, 0x13, 0x13, 0x13, 0x13, 0x13, 0x13,
    0x13, 0x11, 0x1F, 0x11, 0x11, 0x11, 0x11, 0x11, 0x11, 0x11, 0x11, 0x11,
    0x11, 0x11, 0x11, 0x11, 0x11, 0x11, 0x11, 0x11, 0x11, 0x11, 0x11, 0x11,
    0x11, 0x02, 0x09, 0x03, 0x07, 0x0C, 0x0A, 0x08, 0x08, 0x08, 0x1D, 0x0A,
    0x0A, 0x0C, 0x20, 0x15, 0x10, 0x07, 0x07, 0x07, 0x07, 0x07, 0x07, 0x07,
    0x07, 0x10, 0x10, 0x07, 0x07, 0x07, 0x07, 0x0E, 0x0E, 0x0E, 0x0E, 0x0E,
    0x0E, 0x04, 0x04, 0x04, 0x0D, 0x0D, 0x04, 0x0D, 0x03, 0x04, 0x04, 0x04,
    0x04, 0x04, 0x04, 0x04, 0x04, 0x04, 0x04, 0x04, 0x04, 0x0D, 0x0D, 0x03,
    0x0D, 0x04, 0x04, 0x03, 0x04, 0x0D, 0x04, 0x04, 0x0D, 0x03, 0x0D, 0x0D,
    0x03, 0x03, 0x03, 0x03, 0x06, 0x06, 0x06, 0x06, 0x00, 0x00, 0x00, 0x09,
    0x09, 0x09, 0x00, 0x01, 0x01, 0x01, 0x01, 0x01, 0x01, 0x01, 0x09, 0x09,
    0x09, 0x00, 0x00, 0x01, 0x05, 0x01, 0x01, 0x01, 0x01, 0x09, 0x01, 0x01,
    0x01, 0x01, 0x01, 0x01, 0x01, 0x01, 0x01, 0x01, 0x01, 0x01, 0x01, 0x05,
    0x01, 0x05, 0x01, 0x05, 0x05, 0x02, 0x02, 0x02, 0x0F, 0x0F, 0x05, 0x05,
    0x05, 0x05, 0x05, 0x01, 0x01, 0x01, 0x05, 0x01, 0x05, 0x05, 0x01, 0x01,
    0x05, 0x01, 0x05, 0x01, 0x01, 0x01, 0x01, 0x01, 0x09, 0x01, 0x01, 0x00,
    0x00, 0x00, 0x00, 0x00, 0x00, 0x00, 0x00, 0x00, 0x00, 0x09, 0x00, 0x00,
    0x01, 0x09, 0x00, 0x00, 0x09, 0x00, 0x09, 0x01, 0x01, 0x01, 0x01, 0x09,
    0x09, 0x00, 0x00, 0x00, 0x00, 0x06, 0x03, 0x06, 0x00, 0x00, 0x00, 0x00,
    0x00, 0x06, 0x00, 0x00, 0x03, 0x03, 0x06, 0x03, 0x03, 0x06, 0x03, 0x03,
    0x03, 0x03, 0x04, 0x04, 0x03, 0x04, 0x04, 0x04, 0x04, 0x03, 0x04, 0x04,
    0x04, 0x04, 0x04, 0x0E, 0x0E, 0x04, 0x07, 0x07, 0x07, 0x07, 0x07, 0x10,
    0x20, 0x0C, 0x16, 0x08, 0x0B, 0x0B, 0x0B, 0x0B, 0x08, 0x08, 0x08, 0x0A,
    0x0D, 0x09, 0x09, 0x03, 0x03, 0x03, 0x0D, 0x03, 0x0D, 0x03, 0x03, 0x03,
    0x09, 0x01, 0x01, 0x0F, 0x0F, 0x12, 0x50, 0x22, 0x11, 0x1C, 0x11, 0x11,
    0x1C, 0x1C, 0x1C, 0x1C, 0x1C, 0x1C, 0x1C, 0x1C, 0x1C, 0x1C, 0x1C, 0x1C,
    0x1C, 0x13, 0x13, 0x13, 0x13, 0x13, 0x13, 0x13, 0x13, 0x13, 0x13, 0x13,
    0x13, 0x13, 0x13, 0x13, 0x13, 0x13, 0x13, 0x1F, 0x1F, 0x11, 0x11, 0x11,
    0x11, 0x11, 0x11, 0x11, 0x11, 0x11, 0x11, 0x11, 0x11, 0x11, 0x11, 0x11,
    0x11, 0x11, 0x11, 0x11, 0x11, 0x11, 0x11, 0x11, 0x24, 0x01, 0x03, 0x07,
    0x10, 0x0C, 0x0A, 0x08, 0x08, 0x08, 0x0A, 0x0C, 0x0C, 0x15, 0x15, 0x10,
    0x10, 0x07, 0x07, 0x07, 0x07, 0x07, 0x07, 0x0E, 0x07, 0x07, 0x07, 0x07,
    0x07, 0x07, 0x07, 0x07, 0x07, 0x07, 0x0E, 0x07, 0x07, 0x07, 0x07, 0x0E,
    0x0E, 0x07, 0x07, 0x0E, 0x0E, 0x07, 0x04, 0x04, 0x04, 0x04, 0x04, 0x04,
    0x04, 0x04, 0x04, 0x04, 0x0D, 0x03, 0x03, 0x03, 0x03, 0x0D, 0x03, 0x03,
    0x06, 0x03, 0x03, 0x03, 0x03, 0x03, 0x03, 0x03, 0x03, 0x03, 0x03, 0x03,
    0x03, 0x03, 0x03, 0x06, 0x06, 0x06, 0x06, 0x06, 0x06, 0x06, 0x00, 0x00,
    0x00, 0x00, 0x00, 0x00, 0x00, 0x00, 0x00, 0x06, 0x06, 0x06, 0x00, 0x00,
    0x09, 0x01, 0x01, 0x09, 0x01, 0x01, 0x01, 0x05, 0x05, 0x01, 0x01, 0x05,
    0x02, 0x02, 0x0F, 0x02, 0x02, 0x02, 0x02, 0x02, 0x02, 0x02, 0x05, 0x05,
    0x05, 0x05, 0x02, 0x02, 0x02, 0x02, 0x05, 0x01, 0x01, 0x05, 0x01, 0x01,
    0x01, 0x05, 0x01, 0x01, 0x01, 0x01, 0x01, 0x01, 0x01, 0x01, 0x01, 0x01,
    0x05, 0x05, 0x01, 0x01, 0x01, 0x01, 0x09, 0x01, 0x01, 0x01, 0x00, 0x09,
    0x00, 0x00, 0x00, 0x00, 0x00, 0x00, 0x00, 0x00, 0x00, 0x00, 0x00, 0x00,
    0x00, 0x09, 0x09, 0x00, 0x00, 0x00, 0x00, 0x00, 0x00, 0x00, 0x00, 0x00,
    0x00, 0x01, 0x00, 0x00, 0x00, 0x00, 0x06, 0x06, 0x06, 0x03, 0x06, 0x06,
    0x03, 0x0D, 0x03, 0x03, 0x03, 0x03, 0x03, 0x0D, 0x04, 0x04, 0x04, 0x04,
    0x04, 0x04, 0x04, 0x04, 0x03, 0x0D, 0x04, 0x04, 0x04, 0x04, 0x04, 0x0E,
    0x07, 0x07, 0x10, 0x10, 0x10, 0x07, 0x07, 0x15, 0x0C, 0x0C, 0x16, 0x08,
    0x0B, 0x0B, 0x0B, 0x0B, 0x08, 0x0A, 0x0C, 0x01, 0x19, 0x12, 0x12, 0x0F,
    0x0F, 0x0F, 0x01, 0x01, 0x01, 0x01, 0x01, 0x01, 0x01, 0x01, 0x01, 0x01,
    0x01, 0x01, 0x01, 0x0F, 0x24, 0x11, 0x1C, 0x1C, 0x11, 0x1C, 0x1C, 0x1C,
    0x1C, 0x1C, 0x1C, 0x1C, 0x1C, 0x1C, 0x1C, 0x1C, 0x13, 0x13, 0x13, 0x13,
    0x13, 0x13, 0x13, 0x13, 0x13, 0x13, 0x13, 0x13, 0x13, 0x13, 0x13, 0x13,
    0x13, 0x13, 0x1F, 0x11, 0x11, 0x11, 0x11, 0x11, 0x11, 0x11, 0x11, 0x11,
    0x11, 0x11, 0x11, 0x11, 0x11, 0x11, 0x11, 0x11, 0x11, 0x11, 0x11, 0x11,
    0x11, 0x11, 0x11, 0x11, 0x02, 0x09, 0x0D, 0x07, 0x0C, 0x0A, 0x08, 0x08,
    0x08, 0x1D, 0x0A, 0x0C, 0x15, 0x15, 0x10, 0x10, 0x10, 0x10, 0x07, 0x10,
    0x07, 0x0E, 0x04, 0x07, 0x07, 0x07, 0x07, 0x07, 0x07, 0x07, 0x07, 0x10,
    0x10, 0x07, 0x07, 0x07, 0x07, 0x07, 0x07, 0x07, 0x07, 0x07, 0x07, 0x07,
    0x07, 0x10, 0x07, 0x07, 0x0E, 0x0E, 0x04, 0x04, 0x0E, 0x04, 0x04, 0x04,
    0x0D, 0x03, 0x03, 0x03, 0x03, 0x03, 0x03, 0x0D, 0x04, 0x0D, 0x04, 0x04,
    0x04, 0x0D, 0x04, 0x04, 0x04, 0x04, 0x04, 0x03, 0x03, 0x03, 0x03, 0x03,
    0x03, 0x03, 0x03, 0x03, 0x06, 0x00, 0x09, 0x00, 0x00, 0x00, 0x00, 0x09,
    0x00, 0x00, 0x00, 0x00, 0x00, 0x00, 0x09, 0x00, 0x00, 0x00, 0x00, 0x00,
    0x01, 0x01, 0x01, 0x01, 0x01, 0x05, 0x05, 0x05, 0x05, 0x05, 0x05, 0x01,
    0x01, 0x05, 0x05, 0x02, 0x02, 0x02, 0x02, 0x02, 0x02, 0x02, 0x02, 0x02,
    0x02, 0x02, 0x02, 0x02, 0x02, 0x02, 0x02, 0x0F, 0x02, 0x0F, 0x02, 0x02,
    0x02, 0x02, 0x02, 0x02, 0x02, 0x02, 0x02, 0x02, 0x05, 0x02, 0x05, 0x05,
    0x05, 0x01, 0x01, 0x09, 0x09, 0x00, 0x00, 0x00, 0x00, 0x00, 0x00, 0x00,
    0x00, 0x00, 0x00, 0x00, 0x00, 0x00, 0x00, 0x00, 0x00, 0x00, 0x00, 0x00,
    0x00, 0x00, 0x00, 0x06, 0x06, 0x00, 0x00, 0x06, 0x06, 0x00, 0x00, 0x00,
    0x00, 0x06, 0x03, 0x03, 0x04, 0x04, 0x04, 0x04, 0x04, 0x04, 0x04, 0x04,
    0x04, 0x04, 0x04, 0x04, 0x04, 0x04, 0x04, 0x04, 0x04, 0x04, 0x04, 0x04,
    0x04, 0x0E, 0x0E, 0x07, 0x0E, 0x0E, 0x07, 0x0E, 0x07, 0x07, 0x07, 0x07,
    0x07, 0x07, 0x07, 0x10, 0x15, 0x0C, 0x16, 0x08, 0x0B, 0x0B, 0x0B, 0x08,
    0x0A, 0x0A, 0x01, 0x19, 0x0F, 0x01, 0x01, 0x09, 0x09, 0x03, 0x03, 0x03,
    0x0D, 0x0D, 0x0D, 0x0D, 0x0D, 0x07, 0x07, 0x07, 0x07, 0x07, 0x0D, 0x03,
    0x0F, 0x24, 0x1C, 0x11, 0x11, 0x1C, 0x1C, 0x1C, 0x1C, 0x1C, 0x1C, 0x1C,
    0x1C, 0x1C, 0x1C, 0x1C, 0x1C, 0x1C, 0x1C, 0x1C, 0x1C, 0x1C, 0x13, 0x13,
    0x13, 0x13, 0x13, 0x13, 0x13, 0x13, 0x11, 0x11, 0x11, 0x11, 0x11, 0x11,
    0x11, 0x11, 0x11, 0x11, 0x11, 0x11, 0x11, 0x11, 0x11, 0x11, 0x11, 0x11,
    0x11, 0x11, 0x11, 0x11, 0x11, 0x11, 0x11, 0x11, 0x11, 0x11, 0x11, 0x02,
    0x09, 0x03, 0x07, 0x10, 0x0A, 0x0A, 0x08, 0x08, 0x08, 0x16, 0x0A, 0x0C,
    0x20, 0x15, 0x15, 0x15, 0x10, 0x10, 0x10, 0x07, 0x07, 0x07, 0x07, 0x10,
    0x15, 0x10, 0x07, 0x07, 0x07, 0x07, 0x07, 0x07, 0x07, 0x07, 0x0E, 0x07,
    0x07, 0x07, 0x0E, 0x07, 0x07, 0x07, 0x07, 0x07, 0x0E, 0x0E, 0x0E, 0x0E,
    0x07, 0x07, 0x07, 0x07, 0x07, 0x07, 0x07, 0x07, 0x0E, 0x0E, 0x04, 0x04,
    0x04, 0x04, 0x04, 0x04, 0x03, 0x03, 0x03, 0x06, 0x06, 0x06, 0x06, 0x06,
    0x06, 0x00, 0x00, 0x00, 0x00, 0x00, 0x01, 0x01, 0x01, 0x01, 0x01, 0x09,
    0x00, 0x00, 0x00, 0x00, 0x00, 0x00, 0x01, 0x09, 0x00, 0x00, 0x00, 0x00,
    0x06, 0x00, 0x00, 0x00, 0x00, 0x00, 0x00, 0x00, 0x09, 0x01, 0x01, 0x01,
    0x01, 0x01, 0x01, 0x01, 0x01, 0x01, 0x01, 0x01, 0x01, 0x05, 0x05, 0x02,
    0x02, 0x05, 0x02, 0x02, 0x02, 0x05, 0x05, 0x05, 0x02, 0x02, 0x02, 0x02,
    0x02, 0x02, 0x02, 0x02, 0x05, 0x02, 0x02, 0x02, 0x02, 0x02, 0x05, 0x05,
    0x05, 0x05, 0x01, 0x01, 0x01, 0x01, 0x01, 0x01, 0x01, 0x01, 0x01, 0x09,
    0x00, 0x01, 0x01, 0x01, 0x01, 0x01, 0x01, 0x01, 0x01, 0x01, 0x01, 0x01,
    0x01, 0x09, 0x01, 0x01, 0x09, 0x00, 0x01, 0x09, 0x00, 0x09, 0x00, 0x00,
    0x01, 0x00, 0x00, 0x01, 0x01, 0x00, 0x00, 0x00, 0x00, 0x00, 0x00, 0x00,
    0x06, 0x06, 0x00, 0x00, 0x00, 0x00, 0x06, 0x06, 0x06, 0x06, 0x03, 0x06,
    0x06, 0x03, 0x06, 0x03, 0x03, 0x03, 0x03, 0x04, 0x04, 0x04, 0x0E, 0x04,
    0x04, 0x0E, 0x0E, 0x0E, 0x0E, 0x07, 0x07, 0x07, 0x07, 0x07, 0x07, 0x10,
    0x15, 0x0C, 0x16, 0x08, 0x0B, 0x0B, 0x08, 0x08, 0x0A, 0x07, 0x19, 0x0F,
    0x01, 0x60, 0x0D, 0x07, 0x10, 0x49, 0x0C, 0x0A, 0x0A, 0x0A, 0x16, 0x1D,
    0x1D, 0x08, 0x08, 0x16, 0x0A, 0x0A, 0x0C, 0x07, 0x09, 0x12, 0x24, 0x1C,
    0x1C, 0x11, 0x1C, 0x11, 0x1C, 0x1C, 0x1C, 0x1C, 0x1C, 0x1C, 0x1C, 0x1C,
    0x1C, 0x1C, 0x1C, 0x1C, 0x1C, 0x1C, 0x1C, 0x1C, 0x1C, 0x1C, 0x13, 0x13,
    0x11, 0x11, 0x11, 0x11, 0x11, 0x11, 0x11, 0x11, 0x11, 0x11, 0x11, 0x11,
    0x11, 0x11, 0x11, 0x11, 0x11, 0x11, 0x11, 0x11, 0x11, 0x11, 0x11, 0x11,
    0x11, 0x11, 0x11, 0x11, 0x11, 0x11, 0x24, 0x01, 0x03, 0x0D, 0x10, 0x0C,
    0x0A, 0x08, 0x08, 0x08, 0x16, 0x0C, 0x0C, 0x15, 0x10, 0x07, 0x07, 0x07,
    0x0E, 0x0E, 0x07, 0x07, 0x07, 0x07, 0x10, 0x10, 0x07, 0x07, 0x07, 0x07,
    0x07, 0x07, 0x07, 0x07, 0x07, 0x07, 0x07, 0x07, 0x07, 0x04, 0x04, 0x04,
    0x0E, 0x0E, 0x07, 0x07, 0x04, 0x04, 0x04, 0x04, 0x0E, 0x07, 0x0E, 0x0E,
    0x0E, 0x04, 0x04, 0x04, 0x04, 0x04, 0x04, 0x04, 0x04, 0x04, 0x04, 0x04,
    0x03, 0x03, 0x06, 0x03, 0x03, 0x06, 0x00, 0x06, 0x06, 0x06, 0x06, 0x06,
    0x00, 0x00, 0x00, 0x00, 0x00, 0x00, 0x00, 0x00, 0x00, 0x00, 0x00, 0x00,
    0x06, 0x00, 0x09, 0x00, 0x00, 0x00, 0x09, 0x09, 0x09, 0x01, 0x01, 0x01,
    0x01, 0x01, 0x05, 0x05, 0x01, 0x01, 0x01, 0x05, 0x05, 0x05, 0x02, 0x02,
    0x02, 0x02, 0x02, 0x02, 0x02, 0x02, 0x02, 0x02, 0x02, 0x02, 0x02, 0x02,
    0x02, 0x02, 0x02, 0x02, 0x02, 0x02, 0x02, 0x02, 0x02, 0x05, 0x05, 0x02,
    0x02, 0x02, 0x02, 0x02, 0x0F, 0x02, 0x02, 0x02, 0x05, 0x05, 0x01, 0x01,
    0x01, 0x00, 0x00, 0x09, 0x00, 0x00, 0x00, 0x00, 0x00, 0x00, 0x00, 0x00,
    0x00, 0x00, 0x00, 0x09, 0x00, 0x00, 0x00, 0x00, 0x00, 0x00, 0x00, 0x00,
    0x00, 0x00, 0x00, 0x00, 0x00, 0x00, 0x00, 0x00, 0x00, 0x00, 0x00, 0x00,
    0x00, 0x00, 0x03, 0x03, 0x06, 0x03, 0x06, 0x00, 0x06, 0x06, 0x06, 0x06,
    0x06, 0x03, 0x03, 0x03, 0x0D, 0x0D, 0x04, 0x04, 0x04, 0x04, 0x04, 0x04,
    0x04, 0x0E, 0x0E, 0x04, 0x04, 0x0E, 0x0E, 0x0E, 0x0E, 0x07, 0x07, 0x0E,
    0x0E, 0x0E, 0x07, 0x07, 0x07, 0x07, 0x07, 0x10, 0x15, 0x0C, 0x16, 0x08,
    0x0B, 0x0B, 0x08, 0x0A, 0x0A, 0x01, 0x12, 0x01, 0x09, 0x0D, 0x10, 0x0C,
    0x0A, 0x1D, 0x08, 0x0B, 0x0B, 0x0B, 0x0B, 0x0B, 0x0B, 0x0B, 0x08, 0x08,
    0x0A, 0x0A, 0x0C, 0x10, 0x03, 0x0F, 0x22, 0x11, 0x1C, 0x1C, 0x11, 0x1C,
    0x1C, 0x1C, 0x1C, 0x1C, 0x1C, 0x1C, 0x1C, 0x1C, 0x1C, 0x1C, 0x1C, 0x11,
    0x1C, 0x1C, 0x1C, 0x1C, 0x11, 0x11, 0x11, 0x11, 0x11, 0x11, 0x11, 0x11,
    0x11, 0x11, 0x11, 0x11, 0x11, 0x11, 0x11, 0x11, 0x11, 0x11, 0x11, 0x11,
    0x11, 0x11, 0x11, 0x11, 0x11, 0x11, 0x11, 0x11, 0x11, 0x11, 0x11, 0x11,
    0x11, 0x24, 0x01, 0x09, 0x0D, 0x07, 0x0C, 0x0A, 0x08, 0x08, 0x08, 0x08,
    0x0A, 0x0C, 0x20, 0x15, 0x10, 0x10, 0x15, 0x10, 0x07, 0x10, 0x10, 0x10,
    0x10, 0x10, 0x10, 0x07, 0x07, 0x07, 0x07, 0x07, 0x07, 0x07, 0x07, 0x07,
    0x07, 0x07, 0x07, 0x0E, 0x0E, 0x07, 0x0E, 0x04, 0x0E, 0x07, 0x07, 0x07,
    0x07, 0x07, 0x0E, 0x0E, 0x0E, 0x04, 0x04, 0x04, 0x04, 0x04, 0x04, 0x04,
    0x04, 0x04, 0x04, 0x04, 0x04, 0x04, 0x04, 0x03, 0x03, 0x03, 0x03, 0x06,
    0x03, 0x06, 0x06, 0x03, 0x06, 0x06, 0x06, 0x00, 0x00, 0x00, 0x00, 0x00,
    0x00, 0x00, 0x00, 0x00, 0x00, 0x06, 0x06, 0x06, 0x06, 0x06, 0x06, 0x03,
    0x06, 0x00, 0x00, 0x00, 0x00, 0x00, 0x00, 0x00, 0x00, 0x00, 0x09, 0x00,
    0x00, 0x00, 0x09, 0x09, 0x09, 0x01, 0x01, 0x01, 0x01, 0x05, 0x05, 0x05,
    0x02, 0x05, 0x05, 0x05, 0x05, 0x05, 0x05, 0x05, 0x01, 0x01, 0x05, 0x05,
    0x02, 0x02, 0x02, 0x02, 0x02, 0x02, 0x02, 0x02, 0x02, 0x02, 0x02, 0x02,
    0x02, 0x02, 0x02, 0x02, 0x05, 0x05, 0x05, 0x01, 0x05, 0x05, 0x05, 0x05,
    0x01, 0x01, 0x01, 0x09, 0x09, 0x00, 0x00, 0x00, 0x00, 0x00, 0x00, 0x00,
    0x00, 0x00, 0x00, 0x00, 0x00, 0x00, 0x00, 0x00, 0x00, 0x06, 0x00, 0x00,
    0x00, 0x00, 0x00, 0x00, 0x00, 0x00, 0x00, 0x06, 0x03, 0x03, 0x03, 0x03,
    0x03, 0x04, 0x0D, 0x0D, 0x04, 0x03, 0x0D, 0x04, 0x04, 0x04, 0x04, 0x04,
    0x04, 0x04, 0x04, 0x04, 0x04, 0x04, 0x04, 0x04, 0x04, 0x04, 0x04, 0x04,
    0x04, 0x04, 0x04, 0x04, 0x04, 0x04, 0x04, 0x04, 0x04, 0x0E, 0x04, 0x07,
    0x07, 0x07, 0x07, 0x10, 0x15, 0x0C, 0x16, 0x08, 0x0B, 0x08, 0x08, 0x0A,
    0x0C, 0x0F, 0x12, 0x01, 0x09, 0x03, 0x07, 0x10, 0x20, 0x0C, 0x0A, 0x0A,
    0x0A, 0x0A, 0x0A, 0x0A, 0x0C, 0x0C, 0x15, 0x10, 0x10, 0x07, 0x07, 0x07,
    0x03, 0x02, 0x12, 0x22, 0x11, 0x1C, 0x11, 0x1C, 0x1C, 0x1C, 0x1C, 0x1C,
    0x1C, 0x1C, 0x1C, 0x1C, 0x1C, 0x1C, 0x1C, 0x11, 0x11, 0x11, 0x11, 0x11,
    0x11, 0x11, 0x11, 0x11, 0x11, 0x11, 0x11, 0x11, 0x11, 0x11, 0x11, 0x11,
    0x11, 0x11, 0x11, 0x11, 0x11, 0x11, 0x11, 0x11, 0x11, 0x11, 0x11, 0x11,
    0x11, 0x11, 0x11, 0x11, 0x11, 0x11, 0x11, 0x11, 0x11, 0x05, 0x09, 0x0D,
    0x07, 0x10, 0x0A, 0x0A, 0x08, 0x08, 0x08, 0x08, 0x16, 0x0A, 0x0C, 0x20,
    0x20, 0x15, 0x10, 0x15, 0x10, 0x10, 0x10, 0x07, 0x07, 0x07, 0x07, 0x07,
    0x0E, 0x07, 0x07, 0x07, 0x07, 0x0E, 0x0E, 0x07, 0x07, 0x07, 0x07, 0x04,
    0x04, 0x04, 0x04, 0x0E, 0x07, 0x07, 0x07, 0x0E, 0x0E, 0x07, 0x0E, 0x04,
    0x03, 0x04, 0x04, 0x04, 0x04, 0x04, 0x04, 0x04, 0x04, 0x04, 0x04, 0x04,
    0x04, 0x04, 0x0D, 0x04, 0x03, 0x03, 0x03, 0x03, 0x06, 0x06, 0x06, 0x00,
    0x00, 0x00, 0x00, 0x00, 0x00, 0x00, 0x00, 0x00, 0x00, 0x00, 0x00, 0x00,
    0x00, 0x00, 0x00, 0x00, 0x00, 0x00, 0x00, 0x00, 0x00, 0x00, 0x00, 0x00,
    0x00, 0x00, 0x00, 0x00, 0x00, 0x00, 0x00, 0x00, 0x00, 0x09, 0x01, 0x09,
    0x09, 0x01, 0x01, 0x01, 0x01, 0x05, 0x01, 0x05, 0x05, 0x02, 0x02, 0x05,
    0x05, 0x05, 0x05, 0x01, 0x01, 0x01, 0x01, 0x01, 0x02, 0x02, 0x02, 0x05,
    0x02, 0x02, 0x05, 0x05, 0x05, 0x05, 0x05, 0x05, 0x01, 0x05, 0x05, 0x05,
    0x05, 0x05, 0x05, 0x02, 0x02, 0x02, 0x02, 0x02, 0x02, 0x02, 0x02, 0x05,
    0x05, 0x05, 0x01, 0x01, 0x01, 0x01, 0x05, 0x01, 0x00, 0x00, 0x00, 0x00,
    0x00, 0x00, 0x00, 0x00, 0x06, 0x06, 0x06, 0x06, 0x03, 0x03, 0x03, 0x03,
    0x06, 0x06, 0x03, 0x03, 0x06, 0x06, 0x03, 0x03, 0x03, 0x03, 0x03, 0x06,
    0x06, 0x00, 0x00, 0x00, 0x00, 0x00, 0x00, 0x06, 0x06, 0x06, 0x03, 0x0D,
    0x03, 0x03, 0x03, 0x03, 0x03, 0x04, 0x04, 0x04, 0x04, 0x04, 0x0E, 0x07,
    0x07, 0x07, 0x07, 0x07, 0x0E, 0x0E, 0x0E, 0x07, 0x07, 0x07, 0x07, 0x15,
    0x20, 0x0C, 0x08, 0x08, 0x0B, 0x08, 0x08, 0x0A, 0x10, 0x12, 0x12, 0x01,
    0x01, 0x09, 0x03, 0x03, 0x0D, 0x0D, 0x0D, 0x07, 0x07, 0x07, 0x07, 0x07,
    0x07, 0x07, 0x04, 0x0D, 0x0D, 0x0D, 0x0D, 0x0D, 0x03, 0x01, 0x0F, 0x19,
    0x22, 0x11, 0x1C, 0x11, 0x1C, 0x1C, 0x1C, 0x1C, 0x1C, 0x1C, 0x1C, 0x1C,
    0x1C, 0x11, 0x11, 0x11, 0x11, 0x11, 0x11, 0x11, 0x11, 0x11, 0x11, 0x11,
    0x11, 0x11, 0x11, 0x11, 0x11, 0x11, 0x11, 0x11, 0x11, 0x11, 0x11, 0x11,
    0x11, 0x11, 0x11, 0x11, 0x11, 0x11, 0x11, 0x11, 0x11, 0x11, 0x11, 0x11,
    0x11, 0x11, 0x11, 0x11, 0x02, 0x09, 0x03, 0x07, 0x10, 0x0C, 0x0A, 0x08,
    0x08, 0x08, 0x0C, 0x07, 0x07, 0x04, 0x04, 0x07, 0x0D, 0x07, 0x07, 0x04,
    0x03, 0x07, 0x07, 0x07, 0x07, 0x07, 0x07, 0x10, 0x15, 0x10, 0x07, 0x07,
    0x07, 0x07, 0x07, 0x07, 0x07, 0x07, 0x07, 0x0E, 0x0E, 0x07, 0x07, 0x07,
    0x07, 0x0E, 0x0E, 0x04, 0x04, 0x0E, 0x04, 0x04, 0x0E, 0x0E, 0x04, 0x04,
    0x04, 0x0D, 0x04, 0x03, 0x03, 0x03, 0x03, 0x03, 0x03, 0x0D, 0x04, 0x03,
    0x03, 0x03, 0x03, 0x03, 0x03, 0x03, 0x03, 0x03, 0x03, 0x03, 0x03, 0x03,
    0x03, 0x03, 0x06, 0x06, 0x00, 0x00, 0x00, 0x00, 0x00, 0x01, 0x01, 0x01,
    0x01, 0x01, 0x01, 0x01, 0x01, 0x01, 0x01, 0x01, 0x01, 0x09, 0x01, 0x05,
    0x01, 0x09, 0x00, 0x01, 0x01, 0x01, 0x01, 0x09, 0x09, 0x01, 0x01, 0x01,
    0x09, 0x09, 0x09, 0x01, 0x01, 0x01, 0x01, 0x05, 0x01, 0x05, 0x05, 0x05,
    0x05, 0x02, 0x02, 0x02, 0x0F, 0x02, 0x02, 0x02, 0x02, 0x02, 0x02, 0x02,
    0x02, 0x02, 0x02, 0x02, 0x02, 0x02, 0x02, 0x02, 0x02, 0x02, 0x02, 0x02,
    0x05, 0x05, 0x05, 0x02, 0x05, 0x05, 0x01, 0x01, 0x01, 0x01, 0x01, 0x01,
    0x01, 0x01, 0x01, 0x01, 0x09, 0x00, 0x00, 0x00, 0x00, 0x01, 0x01, 0x09,
    0x09, 0x01, 0x00, 0x00, 0x00, 0x00, 0x06, 0x06, 0x03, 0x03, 0x03, 0x06,
    0x00, 0x00, 0x03, 0x03, 0x03, 0x03, 0x03, 0x03, 0x03, 0x03, 0x04, 0x04,
    0x04, 0x03, 0x0D, 0x03, 0x03, 0x03, 0x03, 0x03, 0x03, 0x04, 0x03, 0x04,
    0x04, 0x04, 0x04, 0x04, 0x04, 0x04, 0x04, 0x04, 0x0E, 0x0E, 0x0E, 0x07,
    0x07, 0x07, 0x07, 0x07, 0x07, 0x07, 0x07, 0x07, 0x10, 0x0C, 0x0A, 0x08,
    0x08, 0x08, 0x08, 0x0C, 0x10, 0x12, 0x12, 0x0F, 0x01, 0x01, 0x09, 0x09,
    0x09, 0x09, 0x09, 0x03, 0x03, 0x03, 0x03, 0x03, 0x03, 0x03, 0x03, 0x03,
    0x03, 0x03, 0x03, 0x03, 0x09, 0x01, 0x0F, 0x12, 0x19, 0x22, 0x11, 0x1C,
    0x11, 0x1C, 0x1C, 0x1C, 0x1C, 0x1C, 0x1C, 0x1C, 0x1C, 0x11, 0x11, 0x11,
    0x11, 0x11, 0x11, 0x11, 0x11, 0x11, 0x11, 0x11, 0x11, 0x11, 0x11, 0x11,
    0x11, 0x11, 0x11, 0x11, 0x11, 0x11, 0x11, 0x11, 0x11, 0x11, 0x11, 0x11,
    0x11, 0x11, 0x11, 0x11, 0x11, 0x11, 0x11, 0x11, 0x11, 0x11, 0x11, 0x02,
    0x09, 0x03, 0x0D, 0x10, 0x0C, 0x0A, 0x08, 0x08, 0x08, 0x08, 0x01, 0x2E,
    0x35, 0x35, 0x22, 0x01, 0x35, 0x01, 0x20, 0x18, 0x35, 0x0E, 0x10, 0x07,
    0x07, 0x07, 0x07, 0x07, 0x07, 0x07, 0x07, 0x07, 0x07, 0x07, 0x07, 0x07,
    0x07, 0x0E, 0x04, 0x04, 0x04, 0x04, 0x04, 0x04, 0x04, 0x0E, 0x0E, 0x0E,
    0x07, 0x07, 0x0E, 0x07, 0x0E, 0x04, 0x04, 0x04, 0x04, 0x0D, 0x04, 0x04,
    0x0D, 0x03, 0x04, 0x04, 0x03, 0x03, 0x03, 0x03, 0x03, 0x03, 0x06, 0x00,
    0x00, 0x00, 0x00, 0x00, 0x00, 0x06, 0x06, 0x00, 0x00, 0x00, 0x01, 0x00,
    0x00, 0x00, 0x01, 0x00, 0x00, 0x00, 0x01, 0x09, 0x01, 0x01, 0x09, 0x01,
    0x01, 0x01, 0x01, 0x01, 0x01, 0x09, 0x01, 0x01, 0x00, 0x01, 0x01, 0x01,
    0x09, 0x09, 0x01, 0x05, 0x05, 0x05, 0x05, 0x05, 0x05, 0x05, 0x01, 0x01,
    0x01, 0x01, 0x01, 0x01, 0x05, 0x05, 0x02, 0x05, 0x05, 0x05, 0x05, 0x05,
    0x02, 0x02, 0x02, 0x02, 0x02, 0x02, 0x02, 0x02, 0x02, 0x02, 0x0F, 0x0F,
    0x02, 0x02, 0x02, 0x02, 0x05, 0x05, 0x05, 0x01, 0x01, 0x01, 0x01, 0x01,
    0x01, 0x01, 0x01, 0x09, 0x01, 0x01, 0x00, 0x00, 0x00, 0x00, 0x00, 0x06,
    0x00, 0x00, 0x00, 0x00, 0x00, 0x00, 0x00, 0x00, 0x00, 0x00, 0x00, 0x00,
    0x00, 0x06, 0x06, 0x03, 0x06, 0x06, 0x06, 0x06, 0x06, 0x00, 0x00, 0x06,
    0x03, 0x03, 0x04, 0x04, 0x04, 0x04, 0x04, 0x04, 0x04, 0x04, 0x04, 0x04,
    0x04, 0x0E, 0x0E, 0x0E, 0x04, 0x04, 0x0E, 0x07, 0x0E, 0x04, 0x04, 0x04,
    0x04, 0x0E, 0x0E, 0x0E, 0x0E, 0x0E, 0x0E, 0x07, 0x07, 0x07, 0x0E, 0x07,
    0x07, 0x07, 0x10, 0x15, 0x20, 0x0A, 0x08, 0x08, 0x08, 0x08, 0x08, 0x0C,
    0x10, 0x0F, 0x19, 0x12, 0x0F, 0x0F, 0x01, 0x01, 0x01, 0x01, 0x01, 0x09,
    0x09, 0x09, 0x09, 0x09, 0x09, 0x09, 0x09, 0x09, 0x09, 0x09, 0x09, 0x09,
    0x01, 0x0F, 0x12, 0x19, 0x19, 0x19, 0x22, 0x11, 0x1C, 0x11, 0x1C, 0x1C,
    0x1C, 0x1C, 0x1C, 0x1C, 0x1C, 0x11, 0x11, 0x11, 0x11, 0x11, 0x11, 0x11,
    0x11, 0x11, 0x11, 0x11, 0x11, 0x11, 0x11, 0x11, 0x11, 0x11, 0x11, 0x11,
    0x11, 0x11, 0x11, 0x11, 0x11, 0x11, 0x11, 0x11, 0x11, 0x11, 0x11, 0x11,
    0x11, 0x11, 0x11, 0x11, 0x11, 0x11, 0x02, 0x09, 0x03, 0x0D, 0x10, 0x0C,
    0x0A, 0x3D, 0x08, 0x08, 0x08, 0x08, 0x0A, 0x10, 0x2E, 0x03, 0x0C, 0x09,
    0x35, 0x12, 0x07, 0x2E, 0x2E, 0x07, 0x15, 0x07, 0x07, 0x07, 0x07, 0x07,
    0x07, 0x07, 0x07, 0x07, 0x07, 0x07, 0x07, 0x07, 0x0E, 0x0E, 0x07, 0x07,
    0x07, 0x07, 0x07, 0x07, 0x07, 0x07, 0x07, 0x07, 0x07, 0x07, 0x07, 0x07,
    0x07, 0x07, 0x07, 0x07, 0x07, 0x07, 0x07, 0x07, 0x0E, 0x04, 0x04, 0x04,
    0x04, 0x04, 0x03, 0x06, 0x03, 0x03, 0x03, 0x03, 0x06, 0x00, 0x00, 0x00,
    0x00, 0x06, 0x00, 0x00, 0x00, 0x00, 0x00, 0x00, 0x00, 0x00, 0x00, 0x00,
    0x00, 0x00, 0x00, 0x00, 0x00, 0x00, 0x00, 0x00, 0x00, 0x00, 0x00, 0x00,
    0x00, 0x00, 0x00, 0x00, 0x00, 0x00, 0x09, 0x00, 0x00, 0x09, 0x01, 0x01,
    0x01, 0x01, 0x01, 0x01, 0x01, 0x01, 0x01, 0x01, 0x09, 0x01, 0x09, 0x01,
    0x01, 0x05, 0x02, 0x02, 0x02, 0x05, 0x05, 0x01, 0x02, 0x02, 0x02, 0x02,
    0x02, 0x02, 0x02, 0x02, 0x02, 0x02, 0x02, 0x02, 0x05, 0x05, 0x01, 0x05,
    0x05, 0x05, 0x05, 0x02, 0x05, 0x05, 0x05, 0x05, 0x01, 0x01, 0x01, 0x01,
    0x01, 0x01, 0x09, 0x09, 0x00, 0x00, 0x00, 0x00, 0x00, 0x00, 0x09, 0x01,
    0x00, 0x00, 0x00, 0x00, 0x00, 0x00, 0x00, 0x00, 0x00, 0x00, 0x00, 0x00,
    0x00, 0x00, 0x00, 0x00, 0x00, 0x00, 0x00, 0x00, 0x06, 0x03, 0x03, 0x03,
    0x06, 0x03, 0x03, 0x03, 0x00, 0x00, 0x06, 0x06, 0x03, 0x03, 0x0D, 0x0D,
    0x04, 0x04, 0x0E, 0x0E, 0x07, 0x07, 0x07, 0x07, 0x07, 0x0E, 0x0E, 0x07,
    0x0E, 0x0E, 0x07, 0x07, 0x07, 0x07, 0x07, 0x07, 0x07, 0x07, 0x10, 0x15,
    0x20, 0x0C, 0x16, 0x08, 0x08, 0x08, 0x0A, 0x0C, 0x10, 0x09, 0x18, 0x12,
    0x12, 0x0F, 0x0F, 0x0F, 0x0F, 0x0F, 0x0F, 0x0F, 0x0F, 0x01, 0x01, 0x01,
    0x01, 0x01, 0x01, 0x01, 0x0F, 0x0F, 0x0F, 0x0F, 0x0F, 0x12, 0x12, 0x19,
    0x19, 0x18, 0x18, 0x18, 0x11, 0x1C, 0x1C, 0x11, 0x1C, 0x1C, 0x1C, 0x1C,
    0x1C, 0x11, 0x11, 0x11, 0x11, 0x11, 0x11, 0x11, 0x11, 0x11, 0x11, 0x11,
    0x11, 0x11, 0x11, 0x11, 0x11, 0x11, 0x11, 0x11, 0x11, 0x11, 0x11, 0x11,
    0x11, 0x11, 0x11, 0x11, 0x11, 0x11, 0x11, 0x11, 0x11, 0x11, 0x11, 0x11,
    0x24, 0x02, 0x09, 0x03, 0x0D, 0x07, 0x0C, 0x0A, 0x0A, 0x08, 0x08, 0x08,
    0x16, 0x0C, 0x0C, 0x15, 0x2E, 0x03, 0x20, 0x01, 0x2E, 0x22, 0x00, 0x18,
    0x18, 0x07, 0x20, 0x15, 0x15, 0x15, 0x10, 0x10, 0x10, 0x07, 0x07, 0x07,
    0x10, 0x07, 0x07, 0x07, 0x07, 0x07, 0x07, 0x07, 0x07, 0x07, 0x07, 0x07,
    0x07, 0x07, 0x07, 0x07, 0x0E, 0x0E, 0x0E, 0x0E, 0x04, 0x04, 0x04, 0x04,
    0x04, 0x04, 0x04, 0x04, 0x04, 0x04, 0x04, 0x04, 0x03, 0x0D, 0x0D, 0x03,
    0x03, 0x03, 0x03, 0x03, 0x03, 0x06, 0x00, 0x00, 0x00, 0x06, 0x00, 0x00,
    0x00, 0x00, 0x06, 0x06, 0x06, 0x00, 0x00, 0x00, 0x00, 0x00, 0x09, 0x01,
    0x00, 0x00, 0x01, 0x01, 0x01, 0x01, 0x00, 0x09, 0x01, 0x09, 0x09, 0x00,
    0x00, 0x01, 0x01, 0x09, 0x09, 0x01, 0x01, 0x09, 0x00, 0x01, 0x01, 0x05,
    0x01, 0x01, 0x05, 0x05, 0x05, 0x05, 0x05, 0x05, 0x02, 0x02, 0x02, 0x02,
    0x02, 0x02, 0x02, 0x05, 0x02, 0x02, 0x02, 0x05, 0x05, 0x01, 0x01, 0x01,
    0x09, 0x09, 0x09, 0x09, 0x01, 0x01, 0x01, 0x01, 0x05, 0x05, 0x01, 0x01,
    0x01, 0x05, 0x05, 0x01, 0x05, 0x05, 0x01, 0x01, 0x01, 0x01, 0x01, 0x01,
    0x01, 0x01, 0x01, 0x01, 0x00, 0x00, 0x09, 0x09, 0x01, 0x01, 0x05, 0x01,
    0x01, 0x01, 0x01, 0x01, 0x01, 0x00, 0x00, 0x00, 0x00, 0x09, 0x00, 0x00,
    0x00, 0x00, 0x00, 0x00, 0x06, 0x06, 0x03, 0x03, 0x03, 0x03, 0x03, 0x03,
    0x03, 0x03, 0x03, 0x03, 0x03, 0x04, 0x03, 0x03, 0x04, 0x04, 0x04, 0x04,
    0x04, 0x04, 0x04, 0x04, 0x07, 0x0E, 0x04, 0x0E, 0x0E, 0x0E, 0x07, 0x07,
    0x07, 0x07, 0x07, 0x07, 0x10, 0x15, 0x15, 0x15, 0x0C, 0x0A, 0x16, 0x08,
    0x08, 0x08, 0x08, 0x0C, 0x10, 0x0D, 0x19, 0x18, 0x19, 0x12, 0x12, 0x12,
    0x12, 0x12, 0x12, 0x12, 0x12, 0x12, 0x12, 0x12, 0x12, 0x12, 0x12, 0x12,
    0x12, 0x12, 0x12, 0x12, 0x12, 0x19, 0x19, 0x19, 0x18, 0x18, 0x18, 0x59,
    0x39, 0x2D, 0x1C, 0x11, 0x11, 0x11, 0x11, 0x1C, 0x1C, 0x11, 0x11, 0x11,
    0x11, 0x11, 0x11, 0x11, 0x11, 0x11, 0x11, 0x11, 0x11, 0x11, 0x11, 0x11,
    0x11, 0x11, 0x11, 0x11, 0x11, 0x11, 0x11, 0x11, 0x11, 0x11, 0x11, 0x11,
    0x11, 0x11, 0x11, 0x11, 0x11, 0x11, 0x11, 0x2B, 0x02, 0x09, 0x03, 0x0D,
    0x07, 0x0C, 0x0A, 0x0A, 0x08, 0x08, 0x08, 0x1D, 0x0A, 0x0C, 0x0C, 0x15,
    0x2E, 0x03, 0x0C, 0x05, 0x19, 0x22, 0x19, 0x12, 0x18, 0x04, 0x15, 0x10,
    0x10, 0x10, 0x07, 0x07, 0x07, 0x07, 0x10, 0x07, 0x07, 0x07, 0x07, 0x07,
    0x10, 0x10, 0x07, 0x07, 0x10, 0x10, 0x07, 0x07, 0x07, 0x07, 0x07, 0x07,
    0x0E, 0x04, 0x04, 0x04, 0x03, 0x03, 0x03, 0x06, 0x06, 0x06, 0x03, 0x03,
    0x03, 0x03, 0x03, 0x03, 0x0D, 0x04, 0x04, 0x0D, 0x03, 0x03, 0x03, 0x04,
    0x04, 0x03, 0x04, 0x04, 0x04, 0x04, 0x04, 0x04, 0x03, 0x03, 0x03, 0x06,
    0x06, 0x00, 0x00, 0x00, 0x00, 0x00, 0x00, 0x00, 0x01, 0x09, 0x00, 0x01,
    0x01, 0x09, 0x09, 0x01, 0x01, 0x01, 0x01, 0x00, 0x09, 0x01, 0x01, 0x09,
    0x01, 0x05, 0x05, 0x02, 0x02, 0x05, 0x02, 0x02, 0x02, 0x02, 0x02, 0x05,
    0x02, 0x02, 0x02, 0x02, 0x02, 0x02, 0x02, 0x02, 0x02, 0x05, 0x05, 0x02,
    0x02, 0x05, 0x02, 0x05, 0x05, 0x01, 0x05, 0x05, 0x02, 0x02, 0x02, 0x05,
    0x02, 0x02, 0x02, 0x02, 0x02, 0x02, 0x05, 0x05, 0x05, 0x05, 0x05, 0x02,
    0x05, 0x01, 0x01, 0x05, 0x01, 0x05, 0x01, 0x01, 0x09, 0x09, 0x01, 0x05,
    0x01, 0x01, 0x01, 0x09, 0x01, 0x01, 0x01, 0x01, 0x00, 0x09, 0x01, 0x01,
    0x00, 0x00, 0x00, 0x00, 0x00, 0x06, 0x00, 0x00, 0x00, 0x00, 0x00, 0x01,
    0x01, 0x09, 0x00, 0x00, 0x06, 0x00, 0x00, 0x00, 0x06, 0x06, 0x06, 0x06,
    0x06, 0x03, 0x06, 0x03, 0x06, 0x06, 0x03, 0x06, 0x06, 0x03, 0x04, 0x03,
    0x03, 0x04, 0x04, 0x0E, 0x0E, 0x0E, 0x07, 0x07, 0x07, 0x07, 0x07, 0x07,
    0x07, 0x07, 0x07, 0x07, 0x15, 0x0C, 0x0A, 0x08, 0x08, 0x08, 0x08, 0x0A,
    0x10, 0x07, 0x09, 0x18, 0x18, 0x19, 0x19, 0x19, 0x19, 0x19, 0x19, 0x19,
    0x19, 0x19, 0x19, 0x19, 0x19, 0x19, 0x19, 0x19, 0x19, 0x19, 0x19, 0x18,
    0x18, 0x18, 0x18, 0x18, 0x18, 0x18, 0x18, 0x19, 0x19, 0x19, 0x2D, 0x11,
    0x1C, 0x11, 0x11, 0x1C, 0x1C, 0x11, 0x11, 0x11, 0x11, 0x11, 0x11, 0x11,
    0x11, 0x11, 0x11, 0x11, 0x11, 0x11, 0x11, 0x11, 0x11, 0x11, 0x11, 0x11,
    0x11, 0x11, 0x11, 0x11, 0x11, 0x11, 0x11, 0x11, 0x11, 0x11, 0x11, 0x11,
    0x11, 0x11, 0x2B, 0x01, 0x09, 0x03, 0x0D, 0x07, 0x0C, 0x0C, 0x0A, 0x08,
    0x08, 0x08, 0x1D, 0x0A, 0x0C, 0x0C, 0x15, 0x07, 0x2E, 0x06, 0x20, 0x02,
    0x22, 0x12, 0x35, 0x01, 0x18, 0x0D, 0x07, 0x07, 0x07, 0x07, 0x07, 0x07,
    0x07, 0x07, 0x07, 0x07, 0x07, 0x07, 0x07, 0x07, 0x07, 0x07, 0x07, 0x07,
    0x0E, 0x07, 0x04, 0x04, 0x04, 0x0E, 0x04, 0x0E, 0x0E, 0x04, 0x04, 0x04,
    0x04, 0x04, 0x0D, 0x03, 0x04, 0x04, 0x0D, 0x04, 0x04, 0x03, 0x03, 0x0D,
    0x0D, 0x0D, 0x03, 0x03, 0x03, 0x03, 0x04, 0x03, 0x03, 0x03, 0x0D, 0x0D,
    0x04, 0x03, 0x06, 0x00, 0x00, 0x00, 0x00, 0x09, 0x01, 0x01, 0x00, 0x00,
    0x00, 0x00, 0x00, 0x00, 0x00, 0x00, 0x09, 0x09, 0x01, 0x01, 0x01, 0x00,
    0x00, 0x00, 0x00, 0x01, 0x01, 0x05, 0x01, 0x01, 0x01, 0x01, 0x05, 0x05,
    0x05, 0x05, 0x05, 0x02, 0x02, 0x02, 0x02, 0x05, 0x05, 0x05, 0x05, 0x05,
    0x02, 0x0F, 0x02, 0x02, 0x0F, 0x12, 0x12, 0x0F, 0x0F, 0x02, 0x02, 0x02,
    0x02, 0x02, 0x02, 0x02, 0x02, 0x02, 0x05, 0x05, 0x01, 0x01, 0x05, 0x01,
    0x01, 0x01, 0x01, 0x01, 0x01, 0x01, 0x01, 0x01, 0x01, 0x01, 0x01, 0x09,
    0x09, 0x09, 0x09, 0x09, 0x09, 0x01, 0x01, 0x00, 0x00, 0x00, 0x00, 0x00,
    0x00, 0x00, 0x00, 0x00, 0x00, 0x00, 0x00, 0x00, 0x00, 0x00, 0x01, 0x01,
    0x09, 0x00, 0x00, 0x01, 0x01, 0x01, 0x00, 0x00, 0x00, 0x06, 0x06, 0x06,
    0x03, 0x03, 0x03, 0x04, 0x0D, 0x04, 0x03, 0x03, 0x04, 0x04, 0x04, 0x0E,
    0x04, 0x04, 0x04, 0x0E, 0x04, 0x04, 0x04, 0x04, 0x04, 0x04, 0x04, 0x04,
    0x04, 0x04, 0x04, 0x04, 0x04, 0x04, 0x0E, 0x0E, 0x0E, 0x0E, 0x07, 0x07,
    0x10, 0x0C, 0x0A, 0x1D, 0x08, 0x08, 0x08, 0x0A, 0x0C, 0x07, 0x0D, 0x09,
    0x12, 0x18, 0x18, 0x18, 0x18, 0x18, 0x18, 0x18, 0x18, 0x18, 0x18, 0x18,
    0x18, 0x18, 0x18, 0x18, 0x18, 0x18, 0x19, 0x19, 0x19, 0x12, 0x12, 0x12,
    0x0F, 0x0F, 0x0F, 0x0F, 0x0F, 0x0F, 0x12, 0x12, 0x11, 0x11, 0x1C, 0x1C,
    0x11, 0x11, 0x1C, 0x11, 0x11, 0x11, 0x11, 0x11, 0x11, 0x11, 0x11, 0x11,
    0x11, 0x11, 0x11, 0x11, 0x11, 0x11, 0x11, 0x11, 0x11, 0x11, 0x11, 0x11,
    0x11, 0x11, 0x11, 0x11, 0x11, 0x11, 0x11, 0x11, 0x24, 0x02, 0x01, 0x09,
    0x03, 0x0D, 0x07, 0x10, 0x0C, 0x0A, 0x08, 0x08, 0x08, 0x1D, 0x0A, 0x0A,
    0x0C, 0x0C, 0x20, 0x10, 0x35, 0x03, 0x16, 0x02, 0x22, 0x01, 0x35, 0x0D,
    0x2E, 0x0E, 0x15, 0x07, 0x07, 0x07, 0x07, 0x07, 0x07, 0x07, 0x0E, 0x07,
    0x07, 0x07, 0x07, 0x07, 0x07, 0x07, 0x07, 0x0E, 0x0E, 0x0E, 0x0E, 0x04,
    0x0E, 0x07, 0x07, 0x07, 0x07, 0x07, 0x07, 0x07, 0x07, 0x07, 0x0E, 0x04,
    0x04, 0x04, 0x04, 0x04, 0x04, 0x04, 0x04, 0x04, 0x03, 0x06, 0x06, 0x06,
    0x06, 0x06, 0x06, 0x06, 0x03, 0x03, 0x06, 0x06, 0x03, 0x06, 0x00, 0x06,
    0x06, 0x03, 0x06, 0x06, 0x06, 0x06, 0x06, 0x03, 0x00, 0x00, 0x00, 0x00,
    0x00, 0x00, 0x00, 0x00, 0x00, 0x00, 0x00, 0x00, 0x00, 0x09, 0x09, 0x09,
    0x00, 0x09, 0x00, 0x00, 0x09, 0x09, 0x00, 0x09, 0x01, 0x01, 0x01, 0x05,
    0x05, 0x05, 0x02, 0x02, 0x02, 0x02, 0x02, 0x02, 0x0F, 0x12, 0x0F, 0x02,
    0x02, 0x02, 0x02, 0x02, 0x05, 0x05, 0x05, 0x05, 0x02, 0x05, 0x05, 0x05,
    0x01, 0x05, 0x05, 0x05, 0x01, 0x01, 0x01, 0x01, 0x01, 0x01, 0x01, 0x01,
    0x01, 0x01, 0x01, 0x01, 0x00, 0x00, 0x09, 0x00, 0x00, 0x06, 0x06, 0x06,
    0x00, 0x00, 0x00, 0x00, 0x00, 0x00, 0x00, 0x00, 0x00, 0x00, 0x00, 0x00,
    0x00, 0x00, 0x00, 0x00, 0x00, 0x00, 0x00, 0x00, 0x00, 0x06, 0x06, 0x06,
    0x03, 0x06, 0x03, 0x03, 0x03, 0x0D, 0x04, 0x0D, 0x03, 0x03, 0x04, 0x04,
    0x04, 0x04, 0x04, 0x0E, 0x07, 0x0E, 0x0E, 0x04, 0x04, 0x0E, 0x04, 0x04,
    0x04, 0x04, 0x04, 0x04, 0x04, 0x04, 0x04, 0x04, 0x04, 0x04, 0x04, 0x0E,
    0x0E, 0x0E, 0x07, 0x07, 0x07, 0x07, 0x07, 0x07, 0x15, 0x0C, 0x0A, 0x0A,
    0x08, 0x08, 0x08, 0x0A, 0x0C, 0x10, 0x0D, 0x03, 0x09, 0x01, 0x0F, 0x0F,
    0x12, 0x12, 0x12, 0x12, 0x12, 0x12, 0x12, 0x12, 0x12, 0x12, 0x0F, 0x0F,
    0x0F, 0x0F, 0x0F, 0x0F, 0x01, 0x01, 0x01, 0x01, 0x01, 0x01, 0x01, 0x01,
    0x01, 0x01, 0x01, 0x0F, 0x0F, 0x2B, 0x11, 0x11, 0x1C, 0x11, 0x11, 0x11,
    0x1C, 0x11, 0x11, 0x11, 0x11, 0x11, 0x11, 0x11, 0x11, 0x11, 0x11, 0x11,
    0x11, 0x11, 0x11, 0x11, 0x11, 0x11, 0x11, 0x11, 0x11, 0x11, 0x11, 0x11,
    0x11, 0x11, 0x11, 0x2B, 0x02, 0x01, 0x09, 0x0D, 0x07, 0x10, 0x0C, 0x0A,
    0x0A, 0x08, 0x08, 0x08, 0x08, 0x0A, 0x0A, 0x0C, 0x0C, 0x20, 0x20, 0x15,
    0x02, 0x07, 0x0C, 0x03, 0x09, 0x04, 0x0F, 0x07, 0x02, 0x07, 0x10, 0x10,
    0x07, 0x07, 0x07, 0x07, 0x07, 0x0E, 0x0E, 0x0E, 0x07, 0x07, 0x07, 0x07,
    0x07, 0x07, 0x07, 0x07, 0x07, 0x07, 0x07, 0x07, 0x07, 0x07, 0x07, 0x07,
    0x0E, 0x0E, 0x04, 0x04, 0x04, 0x04, 0x04, 0x04, 0x04, 0x0E, 0x0E, 0x04,
    0x04, 0x04, 0x04, 0x04, 0x04, 0x04, 0x04, 0x04, 0x0D, 0x04, 0x04, 0x04,
    0x0D, 0x0D, 0x03, 0x03, 0x03, 0x06, 0x06, 0x03, 0x06, 0x06, 0x06, 0x03,
    0x03, 0x03, 0x03, 0x06, 0x00, 0x00, 0x00, 0x00, 0x00, 0x00, 0x00, 0x00,
    0x00, 0x06, 0x06, 0x03, 0x06, 0x00, 0x00, 0x00, 0x00, 0x09, 0x00, 0x00,
    0x00, 0x00, 0x09, 0x01, 0x09, 0x00, 0x01, 0x01, 0x01, 0x01, 0x01, 0x01,
    0x05, 0x01, 0x01, 0x01, 0x01, 0x02, 0x01, 0x05, 0x05, 0x05, 0x01, 0x01,
    0x02, 0x02, 0x02, 0x02, 0x02, 0x02, 0x02, 0x02, 0x02, 0x02, 0x02, 0x05,
    0x05, 0x05, 0x05, 0x05, 0x01, 0x05, 0x01, 0x01, 0x01, 0x09, 0x09, 0x01,
    0x01, 0x01, 0x01, 0x01, 0x01, 0x01, 0x01, 0x00, 0x00, 0x00, 0x00, 0x00,
    0x01, 0x01, 0x01, 0x09, 0x09, 0x00, 0x00, 0x00, 0x00, 0x00, 0x00, 0x00,
    0x00, 0x00, 0x00, 0x00, 0x00, 0x00, 0x00, 0x00, 0x06, 0x00, 0x06, 0x06,
    0x03, 0x03, 0x03, 0x03, 0x03, 0x06, 0x03, 0x03, 0x03, 0x06, 0x06, 0x03,
    0x03, 0x06, 0x06, 0x06, 0x06, 0x06, 0x03, 0x03, 0x06, 0x03, 0x04, 0x04,
    0x0D, 0x04, 0x04, 0x04, 0x04, 0x04, 0x04, 0x04, 0x0E, 0x0E, 0x07, 0x07,
    0x07, 0x07, 0x07, 0x07, 0x10, 0x15, 0x0C, 0x0A, 0x08, 0x08, 0x08, 0x16,
    0x0A, 0x0C, 0x10, 0x0D, 0x03, 0x03, 0x09, 0x01, 0x01, 0x01, 0x01, 0x01,
    0x01, 0x01, 0x01, 0x01, 0x01, 0x01, 0x01, 0x01, 0x01, 0x01, 0x09, 0x09,
    0x09, 0x09, 0x09, 0x03, 0x03, 0x03, 0x03, 0x03, 0x03, 0x03, 0x09, 0x09,
    0x01, 0x54, 0x0F, 0x2B, 0x11, 0x11, 0x11, 0x1C, 0x11, 0x11, 0x11, 0x11,
    0x11, 0x11, 0x11, 0x11, 0x11, 0x11, 0x11, 0x11, 0x11, 0x11, 0x11, 0x11,
    0x11, 0x11, 0x11, 0x11, 0x11, 0x11, 0x11, 0x11, 0x24, 0x2B, 0x02, 0x01,
    0x09, 0x03, 0x0D, 0x07, 0x10, 0x0C, 0x0C, 0x0A, 0x08, 0x08, 0x08, 0x08,
    0x0A, 0x0A, 0x0C, 0x0C, 0x15, 0x10, 0x10, 0x07, 0x15, 0x10, 0x07, 0x10,
    0x10, 0x10, 0x10, 0x07, 0x10, 0x07, 0x07, 0x07, 0x07, 0x07, 0x07, 0x07,
    0x07, 0x0E, 0x07, 0x07, 0x07, 0x07, 0x07, 0x0E, 0x0E, 0x07, 0x0E, 0x07,
    0x07, 0x07, 0x07, 0x07, 0x0E, 0x0E, 0x0E, 0x0E, 0x04, 0x04, 0x04, 0x04,
    0x04, 0x04, 0x04, 0x04, 0x04, 0x04, 0x04, 0x04, 0x0D, 0x03, 0x03, 0x03,
    0x03, 0x06, 0x06, 0x03, 0x03, 0x03, 0x03, 0x03, 0x03, 0x03, 0x06, 0x06,
    0x00, 0x00, 0x00, 0x00, 0x00, 0x00, 0x06, 0x03, 0x06, 0x06, 0x06, 0x06,
    0x06, 0x06, 0x06, 0x00, 0x00, 0x00, 0x00, 0x00, 0x09, 0x09, 0x00, 0x00,
    0x00, 0x00, 0x00, 0x00, 0x00, 0x01, 0x01, 0x01, 0x01, 0x05, 0x05, 0x05,
    0x01, 0x01, 0x01, 0x01, 0x05, 0x02, 0x05, 0x05, 0x05, 0x05, 0x02, 0x02,
    0x05, 0x05, 0x05, 0x05, 0x05, 0x05, 0x05, 0x05, 0x02, 0x02, 0x02, 0x02,
    0x05, 0x05, 0x05, 0x05, 0x05, 0x05, 0x01, 0x01, 0x01, 0x01, 0x01, 0x05,
    0x05, 0x05, 0x05, 0x02, 0x05, 0x01, 0x01, 0x05, 0x05, 0x05, 0x05, 0x05,
    0x05, 0x01, 0x01, 0x01, 0x01, 0x09, 0x09, 0x09, 0x09, 0x00, 0x00, 0x00,
    0x00, 0x00, 0x00, 0x00, 0x00, 0x00, 0x00, 0x00, 0x00, 0x00, 0x00, 0x00,
    0x00, 0x00, 0x00, 0x00, 0x06, 0x06, 0x06, 0x06, 0x03, 0x03, 0x06, 0x00,
    0x06, 0x06, 0x06, 0x06, 0x06, 0x06, 0x06, 0x06, 0x03, 0x03, 0x03, 0x03,
    0x03, 0x03, 0x04, 0x04, 0x04, 0x04, 0x04, 0x0E, 0x0E, 0x07, 0x0E, 0x0E,
    0x07, 0x07, 0x07, 0x10, 0x07, 0x07, 0x07, 0x07, 0x10, 0x10, 0x10, 0x07,
    0x10, 0x15, 0x0C, 0x0A, 0x16, 0x08, 0x08, 0x08, 0x0A, 0x0C, 0x0C, 0x10,
    0x07, 0x0D, 0x03, 0x03, 0x03, 0x03, 0x09, 0x09, 0x09, 0x09, 0x09, 0x03,
    0x03, 0x03, 0x03, 0x03, 0x03, 0x03, 0x03, 0x03, 0x0D, 0x0D, 0x0D, 0x0D,
    0x0D, 0x07, 0x07, 0x07, 0x07, 0x0D, 0x0D, 0x03, 0x03, 0x09, 0x01, 0x01,
    0x02, 0x2B, 0x11, 0x11, 0x11, 0x1C, 0x11, 0x11, 0x11, 0x11, 0x11, 0x11,
    0x11, 0x11, 0x11, 0x11, 0x11, 0x11, 0x11, 0x11, 0x11, 0x11, 0x11, 0x11,
    0x11, 0x11, 0x24, 0x24, 0x02, 0x01, 0x09, 0x09, 0x03, 0x0D, 0x07, 0x10,
    0x0C, 0x0A, 0x0A, 0x08, 0x08, 0x08, 0x08, 0x0A, 0x0A, 0x0C, 0x0C, 0x15,
    0x10, 0x10, 0x07, 0x07, 0x07, 0x07, 0x07, 0x07, 0x07, 0x10, 0x07, 0x10,
    0x07, 0x07, 0x07, 0x07, 0x07, 0x07, 0x10, 0x10, 0x07, 0x10, 0x10, 0x15,
    0x15, 0x10, 0x10, 0x07, 0x07, 0x10, 0x10, 0x07, 0x07, 0x07, 0x07, 0x07,
    0x07, 0x07, 0x0E, 0x0E, 0x04, 0x03, 0x04, 0x04, 0x04, 0x04, 0x04, 0x04,
    0x04, 0x04, 0x04, 0x04, 0x03, 0x03, 0x04, 0x04, 0x0D, 0x03, 0x03, 0x03,
    0x06, 0x03, 0x03, 0x03, 0x03, 0x03, 0x03, 0x03, 0x03, 0x03, 0x03, 0x03,
    0x03, 0x06, 0x06, 0x03, 0x06, 0x00, 0x00, 0x00, 0x00, 0x00, 0x00, 0x00,
    0x00, 0x00, 0x01, 0x01, 0x01, 0x01, 0x01, 0x01, 0x01, 0x01, 0x01, 0x00,
    0x09, 0x01, 0x09, 0x01, 0x01, 0x09, 0x09, 0x01, 0x01, 0x05, 0x01, 0x01,
    0x01, 0x05, 0x05, 0x05, 0x05, 0x05, 0x05, 0x05, 0x02, 0x02, 0x02, 0x05,
    0x05, 0x05, 0x02, 0x02, 0x02, 0x02, 0x02, 0x02, 0x02, 0x02, 0x02, 0x02,
    0x02, 0x02, 0x02, 0x05, 0x02, 0x02, 0x02, 0x05, 0x05, 0x02, 0x02, 0x05,
    0x05, 0x05, 0x05, 0x05, 0x01, 0x01, 0x01, 0x01, 0x01, 0x01, 0x01, 0x01,
    0x01, 0x01, 0x01, 0x01, 0x01, 0x01, 0x09, 0x00, 0x01, 0x09, 0x00, 0x00,
    0x00, 0x00, 0x01, 0x00, 0x00, 0x00, 0x00, 0x00, 0x00, 0x06, 0x06, 0x06,
    0x03, 0x06, 0x03, 0x03, 0x06, 0x03, 0x06, 0x06, 0x06, 0x03, 0x03, 0x06,
    0x03, 0x03, 0x04, 0x04, 0x04, 0x04, 0x04, 0x04, 0x04, 0x0D, 0x0D, 0x04,
    0x04, 0x04, 0x0E, 0x07, 0x07, 0x07, 0x07, 0x07, 0x07, 0x07, 0x04, 0x07,
    0x07, 0x07, 0x07, 0x07, 0x07, 0x07, 0x07, 0x07, 0x07, 0x10, 0x15, 0x0C,
    0x0A, 0x16, 0x08, 0x08, 0x08, 0x0A, 0x0C, 0x0C, 0x10, 0x07, 0x07, 0x07,
    0x0D, 0x0D, 0x0D, 0x0D, 0x0D, 0x0D, 0x0D, 0x0D, 0x0D, 0x0D, 0x43, 0x07,
    0x07, 0x07, 0x07, 0x07, 0x07, 0x07, 0x10, 0x10, 0x10, 0x10, 0x10, 0x10,
    0x10, 0x10, 0x10, 0x07, 0x0D, 0x0D, 0x03, 0x09, 0x01, 0x01, 0x02, 0x2B,
    0x24, 0x11, 0x11, 0x11, 0x11, 0x11, 0x11, 0x11, 0x11, 0x11, 0x11, 0x11,
    0x11, 0x11, 0x11, 0x11, 0x11, 0x11, 0x11, 0x24, 0x24, 0x02, 0x0F, 0x01,
    0x09, 0x09, 0x03, 0x0D, 0x07, 0x10, 0x10, 0x0C, 0x0A, 0x16, 0x08, 0x08,
    0x08, 0x16, 0x16, 0x0A, 0x0C, 0x0C, 0x15, 0x15, 0x15, 0x15, 0x15, 0x15,
    0x15, 0x15, 0x15, 0x10, 0x10, 0x10, 0x07, 0x07, 0x07, 0x10, 0x15, 0x10,
    0x10, 0x15, 0x15, 0x15, 0x10, 0x07, 0x07, 0x07, 0x07, 0x07, 0x10, 0x07,
    0x07, 0x07, 0x07, 0x07, 0x07, 0x04, 0x04, 0x0E, 0x04, 0x0E, 0x0E, 0x04,
    0x04, 0x04, 0x0E, 0x0E, 0x0E, 0x04, 0x04, 0x03, 0x03, 0x03, 0x03, 0x03,
    0x03, 0x03, 0x03, 0x0D, 0x03, 0x04, 0x04, 0x0D, 0x03, 0x03, 0x06, 0x03,
    0x03, 0x03, 0x03, 0x03, 0x06, 0x06, 0x06, 0x06, 0x00, 0x00, 0x00, 0x00,
    0x00, 0x00, 0x00, 0x00, 0x09, 0x00, 0x00, 0x00, 0x00, 0x00, 0x00, 0x00,
    0x01, 0x01, 0x00, 0x09, 0x01, 0x01, 0x05, 0x05, 0x01, 0x01, 0x01, 0x01,
    0x01, 0x01, 0x01, 0x01, 0x05, 0x01, 0x05, 0x05, 0x01, 0x01, 0x05, 0x05,
    0x05, 0x05, 0x01, 0x01, 0x01, 0x05, 0x05, 0x01, 0x05, 0x02, 0x02, 0x02,
    0x02, 0x02, 0x02, 0x02, 0x02, 0x05, 0x02, 0x02, 0x05, 0x05, 0x02, 0x02,
    0x02, 0x02, 0x02, 0x02, 0x02, 0x02, 0x02, 0x05, 0x05, 0x02, 0x02, 0x02,
    0x05, 0x01, 0x05, 0x02, 0x02, 0x05, 0x01, 0x05, 0x05, 0x01, 0x01, 0x01,
    0x09, 0x09, 0x00, 0x00, 0x00, 0x00, 0x00, 0x00, 0x06, 0x06, 0x06, 0x06,
    0x06, 0x03, 0x03, 0x03, 0x03, 0x03, 0x03, 0x06, 0x03, 0x03, 0x03, 0x03,
    0x03, 0x0D, 0x03, 0x04, 0x04, 0x03, 0x03, 0x03, 0x03, 0x04, 0x04, 0x04,
    0x04, 0x04, 0x04, 0x04, 0x03, 0x03, 0x03, 0x0D, 0x04, 0x0D, 0x04, 0x04,
    0x04, 0x04, 0x04, 0x04, 0x0E, 0x04, 0x04, 0x04, 0x04, 0x07, 0x0E, 0x04,
    0x0E, 0x07, 0x07, 0x07, 0x07, 0x15, 0x15, 0x0C, 0x0A, 0x16, 0x08, 0x08,
    0x08, 0x08, 0x0A, 0x0A, 0x0C, 0x0C, 0x10, 0x10, 0x10, 0x10, 0x10, 0x10,
    0x10, 0x10, 0x10, 0x10, 0x10, 0x10, 0x10, 0x10, 0x10, 0x10, 0x10, 0x10,
    0x0C, 0x0C, 0x0C, 0x0C, 0x0C, 0x0C, 0x0C, 0x0C, 0x0C, 0x0C, 0x0C, 0x10,
    0x10, 0x07, 0x0D, 0x0D, 0x03, 0x09, 0x09, 0x01, 0x4F, 0x0F, 0x0F, 0x2B,
    0x24, 0x24, 0x11, 0x11, 0x11, 0x11, 0x11, 0x11, 0x11, 0x11, 0x11, 0x24,
    0x24, 0x2B, 0x12, 0x0F, 0x54, 0x01, 0x09, 0x09, 0x03, 0x0D, 0x07, 0x07,
    0x10, 0x0C, 0x0A, 0x0A, 0x08, 0x08, 0x08, 0x08, 0x08, 0x16, 0x0A, 0x0A,
    0x0C, 0x0C, 0x20, 0x15, 0x15, 0x15, 0x20, 0x15, 0x15, 0x15, 0x15, 0x10,
    0x07, 0x07, 0x07, 0x07, 0x07, 0x07, 0x07, 0x07, 0x07, 0x07, 0x07, 0x07,
    0x07, 0x07, 0x0E, 0x07, 0x0E, 0x0E, 0x07, 0x07, 0x0E, 0x0E, 0x07, 0x07,
    0x07, 0x07, 0x07, 0x07, 0x07, 0x07, 0x07, 0x07, 0x07, 0x07, 0x07, 0x07,
    0x07, 0x07, 0x0E, 0x0E, 0x0E, 0x0E, 0x04, 0x0E, 0x0E, 0x04, 0x04, 0x0D,
    0x0D, 0x04, 0x0D, 0x03, 0x03, 0x03, 0x03, 0x03, 0x03, 0x03, 0x03, 0x03,
    0x00, 0x06, 0x06, 0x00, 0x00, 0x00, 0x09, 0x01, 0x00, 0x00, 0x09, 0x01,
    0x09, 0x00, 0x09, 0x09, 0x09, 0x09, 0x09, 0x09, 0x01, 0x01, 0x01, 0x01,
    0x05, 0x05, 0x05, 0x01, 0x01, 0x01, 0x09, 0x09, 0x00, 0x00, 0x09, 0x01,
    0x09, 0x01, 0x01, 0x01, 0x01, 0x01, 0x01, 0x01, 0x01, 0x01, 0x01, 0x01,
    0x01, 0x01, 0x01, 0x01, 0x01, 0x05, 0x05, 0x01, 0x05, 0x02, 0x02, 0x02,
    0x02, 0x02, 0x02, 0x02, 0x02, 0x02, 0x05, 0x05, 0x01, 0x01, 0x01, 0x01,
    0x01, 0x05, 0x02, 0x02, 0x02, 0x02, 0x02, 0x01, 0x01, 0x01, 0x09, 0x01,
    0x01, 0x01, 0x05, 0x02, 0x05, 0x01, 0x01, 0x01, 0x00, 0x00, 0x00, 0x00,
    0x00, 0x00, 0x00, 0x00, 0x00, 0x00, 0x00, 0x00, 0x00, 0x00, 0x00, 0x06,
    0x06, 0x06, 0x00, 0x00, 0x00, 0x00, 0x00, 0x09, 0x01, 0x00, 0x00, 0x06,
    0x00, 0x00, 0x06, 0x0D, 0x04, 0x04, 0x04, 0x04, 0x04, 0x04, 0x04, 0x04,
    0x04, 0x04, 0x0E, 0x0E, 0x0E, 0x04, 0x0E, 0x0E, 0x0E, 0x07, 0x07, 0x07,
    0x07, 0x07, 0x07, 0x07, 0x07, 0x07, 0x07, 0x07, 0x07, 0x07, 0x07, 0x07,
    0x07, 0x07, 0x10, 0x15, 0x0C, 0x0A, 0x16, 0x08, 0x08, 0x08, 0x08, 0x0A,
    0x0A, 0x0A, 0x0C, 0x0C, 0x0C, 0x0C, 0x0C, 0x0C, 0x0C, 0x0C, 0x0C, 0x0C,
    0x0C, 0x0C, 0x0C, 0x0C, 0x0C, 0x0C, 0x0A, 0x0A, 0x0A, 0x0A, 0x0A, 0x0A,
    0x0A, 0x0A, 0x0A, 0x0A, 0x0A, 0x0A, 0x0A, 0x0C, 0x0C, 0x10, 0x10, 0x07,
    0x07, 0x0D, 0x03, 0x03, 0x09, 0x09, 0x01, 0x01, 0x0F, 0x0F, 0x0F, 0x0F,
    0x0F, 0x12, 0x12, 0x0F, 0x0F, 0x0F, 0x0F, 0x0F, 0x01, 0x01, 0x01, 0x09,
    0x09, 0x03, 0x03, 0x0D, 0x07, 0x07, 0x10, 0x0C, 0x0C, 0x0A, 0x0A, 0x08,
    0x08, 0x08, 0x08, 0x16, 0x0A, 0x0C, 0x0C, 0x0C, 0x0C, 0x15, 0x15, 0x15,
    0x15, 0x20, 0x15, 0x15, 0x15, 0x15, 0x15, 0x15, 0x10, 0x10, 0x10, 0x15,
    0x15, 0x10, 0x10, 0x10, 0x15, 0x15, 0x15, 0x15, 0x15, 0x15, 0x10, 0x10,
    0x07, 0x07, 0x07, 0x07, 0x07, 0x07, 0x07, 0x07, 0x07, 0x07, 0x0E, 0x07,
    0x07, 0x07, 0x07, 0x0E, 0x0E, 0x07, 0x07, 0x07, 0x07, 0x0E, 0x07, 0x0E,
    0x04, 0x04, 0x04, 0x04, 0x04, 0x03, 0x03, 0x06, 0x06, 0x03, 0x03, 0x03,
    0x03, 0x03, 0x03, 0x06, 0x06, 0x06, 0x06, 0x00, 0x06, 0x06, 0x06, 0x06,
    0x03, 0x03, 0x03, 0x06, 0x06, 0x00, 0x00, 0x00, 0x09, 0x09, 0x09, 0x00,
    0x00, 0x00, 0x00, 0x00, 0x00, 0x00, 0x09, 0x01, 0x05, 0x05, 0x05, 0x01,
    0x01, 0x01, 0x01, 0x00, 0x00, 0x09, 0x09, 0x01, 0x01, 0x01, 0x01, 0x01,
    0x05, 0x02, 0x05, 0x05, 0x05, 0x02, 0x05, 0x02, 0x05, 0x05, 0x02, 0x0F,
    0x0F, 0x0F, 0x02, 0x02, 0x02, 0x02, 0x02, 0x02, 0x12, 0x0F, 0x02, 0x02,
    0x02, 0x02, 0x02, 0x02, 0x05, 0x05, 0x05, 0x05, 0x05, 0x02, 0x02, 0x02,
    0x02, 0x02, 0x02, 0x02, 0x01, 0x01, 0x01, 0x01, 0x01, 0x01, 0x01, 0x01,
    0x01, 0x01, 0x01, 0x01, 0x01, 0x01, 0x01, 0x00, 0x00, 0x00, 0x00, 0x06,
    0x06, 0x06, 0x00, 0x00, 0x00, 0x00, 0x00, 0x00, 0x00, 0x00, 0x00, 0x00,
    0x00, 0x00, 0x06, 0x06, 0x06, 0x00, 0x06, 0x00, 0x00, 0x00, 0x06, 0x06,
    0x06, 0x06, 0x03, 0x03, 0x0D, 0x0D, 0x03, 0x04, 0x04, 0x04, 0x04, 0x04,
    0x04, 0x0E, 0x0E, 0x0E, 0x0E, 0x0E, 0x0E, 0x0E, 0x04, 0x04, 0x0E, 0x07,
    0x07, 0x0E, 0x07, 0x07, 0x07, 0x07, 0x07, 0x07, 0x07, 0x07, 0x07, 0x07,
    0x10, 0x20, 0x0C, 0x0A, 0x0A, 0x16, 0x16, 0x0A, 0x0A, 0x0A, 0x0A, 0x0A,
    0x0A, 0x0A, 0x0A, 0x0A, 0x0A, 0x0A, 0x0A, 0x0A, 0x0A, 0x0A, 0x0A, 0x0A,
    0x0A, 0x0A, 0x0A, 0x0A, 0x0A, 0x0A, 0x16, 0x16, 0x16, 0x08, 0x08, 0x08,
    0x08, 0x08, 0x08, 0x0A, 0x0A, 0x0A, 0x0C, 0x0C, 0x10, 0x07, 0x07, 0x0D,
    0x0D, 0x03, 0x03, 0x09, 0x09, 0x09, 0x01, 0x01, 0x01, 0x01, 0x01, 0x01,
    0x09, 0x09, 0x03, 0x03, 0x03, 0x0D, 0x0D, 0x0D, 0x0D, 0x07, 0x07, 0x07,
    0x10, 0x0C, 0x0C, 0x0A, 0x0A, 0x0A, 0x08, 0x08, 0x08, 0x08, 0x16, 0x16,
    0x0A, 0x0C, 0x0C, 0x0C, 0x0C, 0x20, 0x15, 0x15, 0x15, 0x10, 0x10, 0x10,
    0x07, 0x15, 0x10, 0x10, 0x15, 0x15, 0x15, 0x15, 0x10, 0x15, 0x15, 0x10,
    0x15, 0x10, 0x10, 0x10, 0x10, 0x07, 0x07, 0x07, 0x07, 0x07, 0x07, 0x07,
    0x0E, 0x0E, 0x07, 0x0E, 0x07, 0x0E, 0x04, 0x04, 0x04, 0x04, 0x04, 0x04,
    0x04, 0x04, 0x04, 0x04, 0x04, 0x04, 0x04, 0x04, 0x04, 0x04, 0x04, 0x0D,
    0x03, 0x03, 0x06, 0x06, 0x06, 0x00, 0x06, 0x06, 0x03, 0x03, 0x03, 0x03,
    0x06, 0x00, 0x00, 0x00, 0x00, 0x00, 0x00, 0x06, 0x06, 0x00, 0x06, 0x06,
    0x06, 0x00, 0x00, 0x00, 0x09, 0x01, 0x01, 0x01, 0x09, 0x01, 0x00, 0x00,
    0x00, 0x00, 0x00, 0x01, 0x01, 0x01, 0x01, 0x01, 0x01, 0x01, 0x01, 0x01,
    0x01, 0x09, 0x09, 0x09, 0x09, 0x09, 0x09, 0x09, 0x01, 0x05, 0x05, 0x05,
    0x05, 0x05, 0x05, 0x02, 0x02, 0x05, 0x05, 0x02, 0x02, 0x02, 0x02, 0x02,
    0x02, 0x02, 0x02, 0x02, 0x02, 0x02, 0x02, 0x02, 0x02, 0x05, 0x05, 0x02,
    0x02, 0x05, 0x01, 0x01, 0x01, 0x01, 0x01, 0x01, 0x05, 0x01, 0x01, 0x05,
    0x01, 0x01, 0x09, 0x00, 0x00, 0x09, 0x00, 0x00, 0x00, 0x09, 0x00, 0x00,
    0x09, 0x01, 0x01, 0x01, 0x01, 0x01, 0x01, 0x01, 0x09, 0x00, 0x00, 0x00,
    0x00, 0x00, 0x06, 0x06, 0x06, 0x06, 0x06, 0x06, 0x03, 0x03, 0x03, 0x03,
    0x0D, 0x03, 0x03, 0x03, 0x06, 0x06, 0x03, 0x03, 0x06, 0x03, 0x03, 0x03,
    0x04, 0x0D, 0x03, 0x03, 0x04, 0x04, 0x04, 0x04, 0x03, 0x04, 0x04, 0x04,
    0x04, 0x0D, 0x03, 0x03, 0x0D, 0x04, 0x04, 0x04, 0x04, 0x04, 0x04, 0x0E,
    0x07, 0x07, 0x07, 0x07, 0x07, 0x07, 0x07, 0x10, 0x15, 0x20, 0x0C, 0x0A,
    0x0A, 0x0A, 0x16, 0x16, 0x16, 0x16, 0x1D, 0x16, 0x1D, 0x16, 0x08, 0x08,
    0x08, 0x08, 0x08, 0x08, 0x08, 0x08, 0x08, 0x08, 0x08, 0x08, 0x08, 0x08,
    0x08, 0x08, 0x08, 0x08, 0x08, 0x08, 0x08, 0x08, 0x08, 0x08, 0x08, 0x08,
    0x08, 0x08, 0x16, 0x0A, 0x0A, 0x0C, 0x0C, 0x0C, 0x10, 0x10, 0x07, 0x07,
    0x0D, 0x0D, 0x03, 0x03, 0x03, 0x03, 0x03, 0x0D, 0x07, 0x07, 0x10, 0x10,
    0x0C, 0x0C, 0x0C, 0x0C, 0x0C, 0x0C, 0x0C, 0x0C, 0x0C, 0x0A, 0x0A, 0x0A,
    0x08, 0x08, 0x08, 0x08, 0x08, 0x16, 0x0A, 0x0A, 0x0A, 0x0A, 0x16, 0x16,
    0x16, 0x16, 0x16, 0x0A, 0x0C, 0x20, 0x15, 0x15, 0x15, 0x10, 0x10, 0x10,
    0x10, 0x10, 0x10, 0x07, 0x07, 0x07, 0x07, 0x07, 0x07, 0x07, 0x0E, 0x0E,
    0x04, 0x04, 0x0E, 0x07, 0x0E, 0x0E, 0x0E, 0x07, 0x07, 0x07, 0x07, 0x07,
    0x07, 0x07, 0x07, 0x0E, 0x0E, 0x0E, 0x0E, 0x07, 0x0E, 0x04, 0x0E, 0x0E,
    0x0E, 0x0E, 0x04, 0x04, 0x04, 0x04, 0x04, 0x04, 0x04, 0x04, 0x04, 0x04,
    0x0D, 0x0D, 0x03, 0x0D, 0x03, 0x03, 0x03, 0x03, 0x03, 0x03, 0x06, 0x03,
    0x03, 0x06, 0x03, 0x03, 0x06, 0x00, 0x06, 0x00, 0x06, 0x06, 0x00, 0x00,
    0x00, 0x00, 0x00, 0x09, 0x00, 0x00, 0x00, 0x00, 0x00, 0x00, 0x00, 0x00,
    0x00, 0x00, 0x00, 0x00, 0x00, 0x00, 0x01, 0x01, 0x01, 0x01, 0x01, 0x05,
    0x05, 0x05, 0x05, 0x05, 0x01, 0x01, 0x01, 0x05, 0x01, 0x01, 0x01, 0x05,
    0x05, 0x05, 0x01, 0x05, 0x05, 0x01, 0x05, 0x05, 0x02, 0x02, 0x02, 0x02,
    0x02, 0x05, 0x05, 0x05, 0x01, 0x05, 0x05, 0x05, 0x02, 0x05, 0x02, 0x02,
    0x02, 0x02, 0x02, 0x02, 0x05, 0x02, 0x02, 0x02, 0x05, 0x01, 0x05, 0x01,
    0x01, 0x01, 0x01, 0x01, 0x01, 0x01, 0x01, 0x09, 0x09, 0x00, 0x09, 0x00,
    0x00, 0x00, 0x06, 0x00, 0x06, 0x00, 0x00, 0x06, 0x06, 0x06, 0x06, 0x06,
    0x06, 0x03, 0x06, 0x00, 0x06, 0x06, 0x06, 0x06, 0x06, 0x06, 0x06, 0x06,
    0x06, 0x06, 0x06, 0x06, 0x03, 0x03, 0x03, 0x03, 0x03, 0x03, 0x03, 0x04,
    0x04, 0x04, 0x04, 0x04, 0x04, 0x0E, 0x0E, 0x0E, 0x04, 0x04, 0x04, 0x0D,
    0x04, 0x04, 0x0E, 0x0E, 0x0E, 0x07, 0x07, 0x07, 0x0E, 0x04, 0x04, 0x04,
    0x04, 0x04, 0x0E, 0x07, 0x10, 0x15, 0x15, 0x0C, 0x0C, 0x0C, 0x0A, 0x0A,
    0x0A, 0x0A, 0x16, 0x16, 0x08, 0x08, 0x08, 0x08, 0x0B, 0x0B, 0x0B, 0x0B,
    0x0B, 0x0B, 0x0B, 0x0B, 0x0B, 0x0B, 0x0B, 0x0B, 0x08, 0x08, 0x08, 0x08,
    0x08, 0x08, 0x08, 0x08, 0x08, 0x0B, 0x0B, 0x0B, 0x0B, 0x0B, 0x08, 0x08,
    0x08, 0x08, 0x08, 0x08, 0x0A, 0x0A, 0x0A, 0x0C, 0x10, 0x10, 0x07, 0x07,
    0x07, 0x07, 0x10, 0x0C, 0x0A, 0x0A, 0x08, 0x08, 0x08, 0x08, 0x08, 0x08,
    0x08, 0x08, 0x08, 0x08, 0x08, 0x08, 0x08, 0x08, 0x08, 0x08, 0x08, 0x16,
    0x0A, 0x0A, 0x0A, 0x0A, 0x0A, 0x16, 0x08, 0x08, 0x0B, 0x08, 0x08, 0x08,
    0x08, 0x0A, 0x0C, 0x15, 0x10, 0x15, 0x10, 0x10, 0x10, 0x15, 0x10, 0x07,
    0x10, 0x10, 0x10, 0x10, 0x10, 0x07, 0x07, 0x0E, 0x04, 0x0E, 0x07, 0x07,
    0x07, 0x07, 0x07, 0x07, 0x07, 0x0E, 0x04, 0x04, 0x04, 0x04, 0x04, 0x04,
    0x0E, 0x04, 0x0E, 0x07, 0x07, 0x04, 0x04, 0x0E, 0x04, 0x04, 0x04, 0x04,
    0x04, 0x04, 0x04, 0x04, 0x04, 0x04, 0x04, 0x04, 0x04, 0x04, 0x0D, 0x0D,
    0x03, 0x03, 0x03, 0x03, 0x03, 0x03, 0x03, 0x03, 0x03, 0x03, 0x03, 0x06,
    0x06, 0x06, 0x00, 0x00, 0x00, 0x00, 0x09, 0x09, 0x09, 0x09, 0x01, 0x01,
    0x09, 0x00, 0x00, 0x00, 0x00, 0x09, 0x01, 0x01, 0x01, 0x01, 0x01, 0x01,
    0x00, 0x00, 0x01, 0x01, 0x01, 0x09, 0x00, 0x09, 0x01, 0x01, 0x01, 0x09,
    0x01, 0x01, 0x01, 0x05, 0x05, 0x01, 0x01, 0x01, 0x05, 0x05, 0x05, 0x05,
    0x05, 0x02, 0x02, 0x05, 0x0F, 0x12, 0x12, 0x12, 0x02, 0x02, 0x02, 0x02,
    0x05, 0x01, 0x01, 0x01, 0x01, 0x05, 0x05, 0x05, 0x05, 0x05, 0x01, 0x01,
    0x01, 0x01, 0x01, 0x09, 0x01, 0x01, 0x01, 0x01, 0x01, 0x01, 0x01, 0x05,
    0x01, 0x01, 0x01, 0x01, 0x01, 0x09, 0x09, 0x09, 0x01, 0x00, 0x00, 0x00,
    0x00, 0x00, 0x00, 0x06, 0x00, 0x00, 0x00, 0x00, 0x00, 0x00, 0x00, 0x00,
    0x00, 0x00, 0x00, 0x00, 0x00, 0x06, 0x06, 0x06, 0x06, 0x00, 0x00, 0x06,
    0x06, 0x03, 0x06, 0x03, 0x03, 0x03, 0x03, 0x03, 0x03, 0x03, 0x04, 0x04,
    0x04, 0x04, 0x04, 0x04, 0x0E, 0x0E, 0x0E, 0x0E, 0x04, 0x0E, 0x04, 0x04,
    0x0E, 0x07, 0x07, 0x07, 0x07, 0x07, 0x07, 0x10, 0x10, 0x07, 0x07, 0x07,
    0x07, 0x07, 0x10, 0x15, 0x15, 0x20, 0x0C, 0x0C, 0x0C, 0x0A, 0x0A, 0x16,
    0x08, 0x08, 0x0B, 0x0B, 0x0B, 0x0B, 0x0B, 0x0B, 0x0B, 0x0B, 0x0B, 0x0B,
    0x0B, 0x0B, 0x0B, 0x0B, 0x0B, 0x0B, 0x0B, 0x08, 0x08, 0x08, 0x08, 0x0B,
    0x0B, 0x0B, 0x0B, 0x0B, 0x0B, 0x0B, 0x0B, 0x0B, 0x0B, 0x0B, 0x0B, 0x0B,
    0x0B, 0x0B, 0x0B, 0x08, 0x08, 0x0A, 0x0C, 0x0C, 0x0C, 0x0A, 0x08, 0x08,
    0x0B, 0x0B, 0x0B, 0x0B, 0x0B, 0x0B, 0x0B, 0x0B, 0x0B, 0x0B, 0x0B, 0x0B,
    0x0B, 0x08, 0x08, 0x08, 0x1D, 0x0A, 0x0A, 0x0A, 0x0C, 0x0C, 0x0C, 0x0A,
    0x08, 0x08, 0x0B, 0x0B, 0x0B, 0x0B, 0x0B, 0x0B, 0x0B, 0x08, 0x16, 0x0C,
    0x15, 0x10, 0x10, 0x07, 0x07, 0x07, 0x07, 0x10, 0x07, 0x10, 0x10, 0x10,
    0x10, 0x10, 0x07, 0x07, 0x07, 0x07, 0x07, 0x07, 0x07, 0x07, 0x10, 0x10,
    0x07, 0x07, 0x07, 0x07, 0x07, 0x07, 0x04, 0x04, 0x04, 0x04, 0x04, 0x04,
    0x04, 0x04, 0x04, 0x04, 0x04, 0x04, 0x04, 0x04, 0x04, 0x04, 0x03, 0x04,
    0x04, 0x04, 0x04, 0x04, 0x04, 0x03, 0x03, 0x06, 0x06, 0x03, 0x00, 0x00,
    0x00, 0x00, 0x06, 0x06, 0x06, 0x03, 0x03, 0x03, 0x03, 0x00, 0x00, 0x00,
    0x00, 0x00, 0x00, 0x00, 0x00, 0x00, 0x00, 0x00, 0x00, 0x00, 0x00, 0x00,
    0x09, 0x01, 0x01, 0x01, 0x01, 0x01, 0x01, 0x01, 0x01, 0x01, 0x01, 0x01,
    0x01, 0x01, 0x01, 0x01, 0x01, 0x09, 0x09, 0x01, 0x01, 0x05, 0x05, 0x05,
    0x05, 0x05, 0x02, 0x02, 0x02, 0x02, 0x02, 0x02, 0x02, 0x02, 0x02, 0x02,
    0x02, 0x02, 0x02, 0x05, 0x05, 0x05, 0x05, 0x05, 0x05, 0x01, 0x01, 0x01,
    0x05, 0x01, 0x01, 0x01, 0x01, 0x01, 0x05, 0x05, 0x05, 0x05, 0x05, 0x05,
    0x05, 0x01, 0x01, 0x09, 0x00, 0x00, 0x00, 0x00, 0x00, 0x09, 0x00, 0x09,
    0x01, 0x09, 0x09, 0x01, 0x00, 0x00, 0x00, 0x00, 0x00, 0x00, 0x00, 0x01,
    0x01, 0x01, 0x00, 0x00, 0x01, 0x01, 0x01, 0x01, 0x00, 0x00, 0x00, 0x00,
    0x00, 0x00, 0x00, 0x00, 0x06, 0x00, 0x00, 0x06, 0x06, 0x03, 0x03, 0x0D,
    0x04, 0x0D, 0x0D, 0x0D, 0x04, 0x04, 0x04, 0x04, 0x04, 0x04, 0x04, 0x04,
    0x04, 0x04, 0x04, 0x04, 0x04, 0x0E, 0x0E, 0x04, 0x04, 0x0E, 0x04, 0x0E,
    0x0E, 0x0E, 0x0E, 0x07, 0x07, 0x07, 0x07, 0x07, 0x07, 0x07, 0x07, 0x10,
    0x15, 0x15, 0x15, 0x20, 0x0C, 0x0C, 0x0A, 0x08, 0x08, 0x0B, 0x0B, 0x0B,
    0x0B, 0x0B, 0x0B, 0x0B, 0x0B, 0x0B, 0x0B, 0x0B, 0x0B, 0x0B, 0x0B, 0x0B,
    0x0B, 0x0B, 0x0B, 0x0B, 0x0B, 0x0B, 0x0B, 0x0B, 0x0B, 0x0B, 0x0B, 0x0B,
    0x0B, 0x0B, 0x0B, 0x0B, 0x0B, 0x0B, 0x0B, 0x0B, 0x0B, 0x0B, 0x0B, 0x0B,
    0x0B, 0x08, 0x08, 0x08, 0x08, 0x0B, 0x0B, 0x0B, 0x0B, 0x0B, 0x0B, 0x0B,
    0x0B, 0x0B, 0x0B, 0x0B, 0x0B, 0x0B, 0x0B, 0x0B, 0x0B, 0x0B, 0x08, 0x08,
    0x0A, 0x0A, 0x0C, 0x0C, 0x20, 0x0C, 0x0A, 0x08, 0x0B, 0x0B, 0x0B, 0x0B,
    0x0B, 0x0B, 0x0B, 0x0B, 0x0B, 0x0B, 0x0B, 0x08, 0x0A, 0x0C, 0x15, 0x10,
    0x10, 0x10, 0x10, 0x07, 0x07, 0x07, 0x07, 0x07, 0x10, 0x07, 0x07, 0x07,
    0x07, 0x07, 0x0E, 0x07, 0x07, 0x0E, 0x0E, 0x0E, 0x0E, 0x0E, 0x0E, 0x0E,
    0x0E, 0x07, 0x0E, 0x0E, 0x04, 0x04, 0x04, 0x04, 0x04, 0x0D, 0x0D, 0x04,
    0x0E, 0x04, 0x04, 0x04, 0x04, 0x0D, 0x04, 0x04, 0x0D, 0x03, 0x03, 0x03,
    0x03, 0x03, 0x03, 0x03, 0x03, 0x03, 0x03, 0x03, 0x03, 0x0D, 0x03, 0x03,
    0x03, 0x03, 0x03, 0x03, 0x03, 0x03, 0x06, 0x06, 0x06, 0x00, 0x00, 0x00,
    0x00, 0x00, 0x01, 0x01, 0x01, 0x01, 0x09, 0x00, 0x00, 0x00, 0x00, 0x00,
    0x00, 0x00, 0x00, 0x01, 0x01, 0x01, 0x01, 0x01, 0x01, 0x01, 0x01, 0x05,
    0x05, 0x05, 0x05, 0x05, 0x02, 0x02, 0x02, 0x02, 0x02, 0x0F, 0x02, 0x02,
    0x02, 0x02, 0x02, 0x02, 0x02, 0x02, 0x02, 0x0F, 0x02, 0x02, 0x02, 0x05,
    0x05, 0x02, 0x02, 0x05, 0x02, 0x02, 0x02, 0x02, 0x02, 0x02, 0x02, 0x02,
    0x02, 0x05, 0x05, 0x05, 0x05, 0x05, 0x05, 0x01, 0x05, 0x01, 0x01, 0x01,
    0x01, 0x01, 0x01, 0x01, 0x01, 0x01, 0x01, 0x09, 0x01, 0x01, 0x01, 0x09,
    0x00, 0x00, 0x00, 0x09, 0x01, 0x01, 0x09, 0x00, 0x01, 0x01, 0x09, 0x00,
    0x00, 0x00, 0x00, 0x00, 0x00, 0x06, 0x03, 0x03, 0x0D, 0x0D, 0x03, 0x03,
    0x04, 0x04, 0x04, 0x04, 0x04, 0x04, 0x04, 0x04, 0x04, 0x04, 0x04, 0x04,
    0x04, 0x04, 0x04, 0x04, 0x04, 0x04, 0x04, 0x04, 0x0D, 0x04, 0x04, 0x0E,
    0x0E, 0x0E, 0x07, 0x07, 0x07, 0x07, 0x07, 0x07, 0x07, 0x07, 0x07, 0x07,
    0x07, 0x07, 0x15, 0x15, 0x15, 0x15, 0x15, 0x15, 0x15, 0x15, 0x15, 0x15,
    0x20, 0x0C, 0x0A, 0x08, 0x0B, 0x0B, 0x0B, 0x0B, 0x08, 0x08, 0x08, 0x08,
    0x0A, 0x0A, 0x0A, 0x0A, 0x08, 0x08, 0x08, 0x08, 0x0B, 0x0B, 0x0B, 0x0B,
    0x0B, 0x0B, 0x0B, 0x0B, 0x0B, 0x0B, 0x0B, 0x0B, 0x0B, 0x0B, 0x0B, 0x0B,
    0x0B, 0x0B, 0x0B, 0x0B, 0x0B, 0x0B, 0x0B, 0x0B, 0x0B, 0x0B, 0x0B, 0x0B,
    0x0B, 0x0B, 0x0B, 0x0B, 0x0B, 0x08, 0x08, 0x0A, 0x0A, 0x0A, 0x0A, 0x08,
    0x08, 0x08, 0x0B, 0x0B, 0x0B, 0x0B, 0x0B, 0x08, 0x1D, 0x0A, 0x0C, 0x0C,
    0x0C, 0x0A, 0x08, 0x0B, 0x0B, 0x0B, 0x08, 0x08, 0x0A, 0x0A, 0x0A, 0x08,
    0x08, 0x0B, 0x0B, 0x0B, 0x08, 0x0A, 0x20, 0x15, 0x10, 0x10, 0x10, 0x15,
    0x15, 0x10, 0x10, 0x10, 0x07, 0x07, 0x07, 0x07, 0x07, 0x07, 0x07, 0x07,
    0x07, 0x07, 0x10, 0x07, 0x07, 0x07, 0x07, 0x07, 0x07, 0x07, 0x07, 0x07,
    0x07, 0x07, 0x07, 0x07, 0x07, 0x0E, 0x0E, 0x04, 0x04, 0x04, 0x04, 0x04,
    0x03, 0x03, 0x0D, 0x0D, 0x03, 0x03, 0x03, 0x03, 0x03, 0x03, 0x03, 0x06,
    0x06, 0x06, 0x03, 0x06, 0x06, 0x03, 0x06, 0x06, 0x06, 0x06, 0x06, 0x00,
    0x00, 0x00, 0x00, 0x00, 0x00, 0x00, 0x00, 0x00, 0x00, 0x00, 0x09, 0x00,
    0x00, 0x01, 0x09, 0x09, 0x01, 0x09, 0x09, 0x01, 0x01, 0x01, 0x01, 0x01,
    0x01, 0x01, 0x05, 0x05, 0x01, 0x01, 0x01, 0x01, 0x05, 0x02, 0x05, 0x02,
    0x02, 0x0F, 0x02, 0x02, 0x05, 0x05, 0x05, 0x05, 0x01, 0x01, 0x09, 0x01,
    0x01, 0x01, 0x01, 0x01, 0x02, 0x02, 0x02, 0x02, 0x02, 0x02, 0x02, 0x02,
    0x02, 0x02, 0x02, 0x02, 0x02, 0x02, 0x02, 0x02, 0x02, 0x02, 0x02, 0x02,
    0x05, 0x02, 0x02, 0x05, 0x01, 0x01, 0x01, 0x01, 0x01, 0x01, 0x01, 0x01,
    0x01, 0x09, 0x00, 0x00, 0x00, 0x00, 0x00, 0x00, 0x01, 0x00, 0x00, 0x00,
    0x09, 0x00, 0x00, 0x00, 0x00, 0x00, 0x00, 0x00, 0x06, 0x03, 0x03, 0x00,
    0x00, 0x00, 0x00, 0x06, 0x00, 0x00, 0x00, 0x00, 0x06, 0x06, 0x06, 0x03,
    0x03, 0x03, 0x03, 0x03, 0x03, 0x06, 0x06, 0x06, 0x06, 0x03, 0x04, 0x03,
    0x03, 0x04, 0x04, 0x04, 0x04, 0x04, 0x04, 0x07, 0x07, 0x07, 0x0E, 0x0E,
    0x07, 0x07, 0x07, 0x07, 0x07, 0x10, 0x07, 0x10, 0x15, 0x10, 0x07, 0x07,
    0x07, 0x07, 0x10, 0x10, 0x07, 0x07, 0x07, 0x15, 0x20, 0x0A, 0x08, 0x0B,
    0x0B, 0x0B, 0x08, 0x0A, 0x0A, 0x0A, 0x0A, 0x08, 0x08, 0x08, 0x08, 0x08,
    0x0A, 0x0C, 0x0A, 0x0A, 0x0A, 0x08, 0x08, 0x0B, 0x0B, 0x0B, 0x0B, 0x08,
    0x08, 0x0A, 0x0A, 0x0A, 0x0A, 0x0A, 0x0A, 0x0A, 0x0A, 0x0A, 0x0A, 0x0A,
    0x0A, 0x0A, 0x08, 0x08, 0x0B, 0x0B, 0x0B, 0x0B, 0x0B, 0x0B, 0x0B, 0x08,
    0x0A, 0x0A, 0x08, 0x08, 0x08, 0x0C, 0x0C, 0x0C, 0x0C, 0x0A, 0x0A, 0x08,
    0x0B, 0x0B, 0x0B, 0x0B, 0x08, 0x16, 0x0A, 0x0C, 0x0C, 0x16, 0x08, 0x0B,
    0x0B, 0x08, 0x0A, 0x08, 0x0B, 0x0B, 0x0A, 0x0A, 0x0A, 0x08, 0x0B, 0x0B,
    0x08, 0x0A, 0x15, 0x07, 0x07, 0x07, 0x10, 0x07, 0x07, 0x07, 0x07, 0x07,
    0x07, 0x07, 0x07, 0x07, 0x07, 0x07, 0x07, 0x07, 0x07, 0x07, 0x07, 0x07,
    0x07, 0x07, 0x07, 0x07, 0x07, 0x07, 0x07, 0x07, 0x0E, 0x04, 0x0E, 0x04,
    0x04, 0x04, 0x04, 0x04, 0x04, 0x04, 0x04, 0x04, 0x04, 0x04, 0x04, 0x04,
    0x0D, 0x04, 0x04, 0x04, 0x04, 0x04, 0x04, 0x04, 0x03, 0x03, 0x06, 0x06,
    0x06, 0x06, 0x06, 0x00, 0x00, 0x00, 0x00, 0x00, 0x00, 0x00, 0x00, 0x00,
    0x00, 0x00, 0x00, 0x00, 0x00, 0x00, 0x00, 0x00, 0x00, 0x00, 0x09, 0x09,
    0x09, 0x01, 0x01, 0x01, 0x01, 0x01, 0x09, 0x01, 0x00, 0x00, 0x09, 0x00,
    0x09, 0x01, 0x01, 0x01, 0x05, 0x05, 0x01, 0x01, 0x05, 0x01, 0x01, 0x01,
    0x01, 0x01, 0x01, 0x05, 0x02, 0x02, 0x02, 0x02, 0x02, 0x02, 0x02, 0x02,
    0x02, 0x02, 0x02, 0x02, 0x02, 0x02, 0x0F, 0x0F, 0x0F, 0x0F, 0x0F, 0x0F,
    0x02, 0x02, 0x02, 0x02, 0x05, 0x05, 0x05, 0x05, 0x05, 0x05, 0x02, 0x02,
    0x02, 0x02, 0x05, 0x01, 0x01, 0x01, 0x09, 0x09, 0x00, 0x00, 0x01, 0x01,
    0x01, 0x09, 0x00, 0x01, 0x01, 0x00, 0x00, 0x00, 0x00, 0x00, 0x00, 0x00,
    0x00, 0x00, 0x06, 0x03, 0x03, 0x03, 0x03, 0x03, 0x0D, 0x03, 0x03, 0x03,
    0x03, 0x03, 0x03, 0x0D, 0x03, 0x03, 0x04, 0x04, 0x03, 0x03, 0x0D, 0x0D,
    0x03, 0x06, 0x06, 0x06, 0x03, 0x03, 0x06, 0x03, 0x03, 0x04, 0x04, 0x04,
    0x04, 0x04, 0x04, 0x04, 0x04, 0x0E, 0x0E, 0x04, 0x0E, 0x07, 0x07, 0x07,
    0x07, 0x07, 0x0E, 0x04, 0x04, 0x04, 0x04, 0x04, 0x07, 0x07, 0x07, 0x07,
    0x07, 0x07, 0x07, 0x15, 0x0C, 0x08, 0x0B, 0x0B, 0x08, 0x0A, 0x0A, 0x08,
    0x0B, 0x0B, 0x0B, 0x0B, 0x0B, 0x0B, 0x0B, 0x0B, 0x08, 0x16, 0x0A, 0x0A,
    0x0C, 0x0A, 0x0A, 0x08, 0x0B, 0x0B, 0x08, 0x0A, 0x08, 0x08, 0x08, 0x08,
    0x08, 0x08, 0x1D, 0x16, 0x0A, 0x0A, 0x0A, 0x0A, 0x0A, 0x0A, 0x0C, 0x0A,
    0x08, 0x0B, 0x0B, 0x0B, 0x0B, 0x08, 0x0A, 0x0A, 0x08, 0x0B, 0x0B, 0x0B,
    0x0B, 0x1D, 0x0A, 0x0A, 0x0A, 0x0C, 0x0C, 0x0A, 0x0A, 0x08, 0x0B, 0x0B,
    0x0B, 0x08, 0x16, 0x0A, 0x16, 0x08, 0x0B, 0x0B, 0x08, 0x0A, 0x08, 0x0B,
    0x0B, 0x0B, 0x08, 0x0A, 0x16, 0x0A, 0x08, 0x0B, 0x0B, 0x08, 0x0C, 0x10,
    0x07, 0x07, 0x07, 0x07, 0x07, 0x07, 0x07, 0x07, 0x07, 0x07, 0x07, 0x07,
    0x07, 0x07, 0x07, 0x07, 0x07, 0x07, 0x07, 0x07, 0x07, 0x07, 0x04, 0x04,
    0x04, 0x04, 0x04, 0x04, 0x04, 0x04, 0x0E, 0x0E, 0x04, 0x04, 0x04, 0x04,
    0x04, 0x04, 0x04, 0x04, 0x04, 0x04, 0x04, 0x04, 0x04, 0x04, 0x04, 0x04,
    0x03, 0x03, 0x06, 0x03, 0x03, 0x06, 0x03, 0x06, 0x06, 0x06, 0x06, 0x00,
    0x00, 0x00, 0x09, 0x09, 0x09, 0x00, 0x00, 0x00, 0x00, 0x00, 0x00, 0x00,
    0x00, 0x00, 0x00, 0x01, 0x01, 0x05, 0x05, 0x01, 0x01, 0x01, 0x01, 0x00,
    0x00, 0x00, 0x09, 0x01, 0x05, 0x05, 0x01, 0x01, 0x01, 0x01, 0x01, 0x01,
    0x01, 0x01, 0x01, 0x01, 0x01, 0x01, 0x01, 0x01, 0x09, 0x01, 0x01, 0x01,
    0x01, 0x01, 0x01, 0x05, 0x01, 0x01, 0x05, 0x05, 0x02, 0x02, 0x02, 0x02,
    0x05, 0x05, 0x05, 0x05, 0x02, 0x02, 0x02, 0x02, 0x02, 0x02, 0x02, 0x02,
    0x05, 0x01, 0x01, 0x01, 0x01, 0x09, 0x01, 0x05, 0x05, 0x01, 0x01, 0x01,
    0x01, 0x01, 0x01, 0x01, 0x01, 0x01, 0x01, 0x01, 0x09, 0x09, 0x09, 0x01,
    0x09, 0x00, 0x00, 0x00, 0x09, 0x09, 0x00, 0x00, 0x00, 0x00, 0x00, 0x06,
    0x06, 0x03, 0x03, 0x0D, 0x03, 0x03, 0x0D, 0x04, 0x04, 0x04, 0x04, 0x04,
    0x0D, 0x04, 0x04, 0x04, 0x0D, 0x04, 0x04, 0x04, 0x04, 0x04, 0x03, 0x03,
    0x03, 0x03, 0x03, 0x03, 0x03, 0x04, 0x04, 0x04, 0x04, 0x04, 0x04, 0x0E,
    0x0E, 0x0E, 0x04, 0x04, 0x04, 0x0E, 0x07, 0x07, 0x07, 0x07, 0x07, 0x07,
    0x07, 0x07, 0x0E, 0x0E, 0x0E, 0x0E, 0x07, 0x07, 0x07, 0x07, 0x07, 0x15,
    0x0A, 0x08, 0x0B, 0x08, 0x0A, 0x08, 0x0B, 0x0B, 0x0B, 0x0B, 0x0B, 0x0B,
    0x0B, 0x0B, 0x0B, 0x0B, 0x0B, 0x0B, 0x0B, 0x0B, 0x08, 0x0A, 0x08, 0x0A,
    0x08, 0x08, 0x0C, 0x1D, 0x0B, 0x0B, 0x0B, 0x0B, 0x0B, 0x0B, 0x08, 0x08,
    0x08, 0x08, 0x08, 0x08, 0x08, 0x08, 0x0A, 0x16, 0x0A, 0x08, 0x0B, 0x0B,
    0x08, 0x0A, 0x08, 0x0B, 0x0B, 0x0B, 0x08, 0x08, 0x08, 0x08, 0x08, 0x08,
    0x16, 0x0A, 0x0A, 0x0C, 0x0C, 0x0A, 0x08, 0x0B, 0x0B, 0x08, 0x16, 0x0A,
    0x08, 0x0B, 0x0B, 0x08, 0x0C, 0x08, 0x0B, 0x0B, 0x0B, 0x08, 0x1D, 0x0A,
    0x16, 0x1D, 0x0C, 0x08, 0x0B, 0x0B, 0x16, 0x20, 0x10, 0x07, 0x07, 0x07,
    0x07, 0x07, 0x07, 0x07, 0x07, 0x07, 0x07, 0x07, 0x07, 0x07, 0x07, 0x07,
    0x07, 0x07, 0x07, 0x07, 0x07, 0x07, 0x07, 0x07, 0x07, 0x04, 0x04, 0x04,
    0x04, 0x04, 0x04, 0x04, 0x04, 0x04, 0x04, 0x04, 0x04, 0x04, 0x04, 0x04,
    0x04, 0x04, 0x0D, 0x04, 0x04, 0x03, 0x03, 0x03, 0x06, 0x03, 0x03, 0x03,
    0x03, 0x06, 0x06, 0x06, 0x03, 0x03, 0x03, 0x03, 0x03, 0x03, 0x00, 0x00,
    0x00, 0x00, 0x00, 0x00, 0x00, 0x00, 0x00, 0x06, 0x06, 0x00, 0x00, 0x00,
    0x00, 0x00, 0x00, 0x00, 0x01, 0x01, 0x01, 0x01, 0x01, 0x01, 0x01, 0x01,
    0x01, 0x01, 0x01, 0x01, 0x01, 0x05, 0x05, 0x05, 0x05, 0x05, 0x01, 0x01,
    0x01, 0x01, 0x01, 0x01, 0x01, 0x01, 0x01, 0x01, 0x01, 0x01, 0x01, 0x01,
    0x01, 0x01, 0x01, 0x01, 0x02, 0x02, 0x02, 0x02, 0x02, 0x02, 0x02, 0x02,
    0x02, 0x02, 0x05, 0x01, 0x01, 0x01, 0x05, 0x05, 0x05, 0x05, 0x02, 0x05,
    0x05, 0x01, 0x01, 0x01, 0x01, 0x09, 0x09, 0x01, 0x01, 0x01, 0x02, 0x02,
    0x05, 0x05, 0x01, 0x01, 0x00, 0x00, 0x01, 0x01, 0x00, 0x00, 0x00, 0x00,
    0x00, 0x00, 0x06, 0x06, 0x06, 0x03, 0x06, 0x06, 0x06, 0x06, 0x00, 0x00,
    0x00, 0x00, 0x00, 0x00, 0x00, 0x00, 0x06, 0x06, 0x00, 0x06, 0x06, 0x03,
    0x03, 0x03, 0x03, 0x03, 0x03, 0x0D, 0x03, 0x03, 0x06, 0x06, 0x03, 0x03,
    0x0D, 0x0D, 0x03, 0x03, 0x04, 0x04, 0x04, 0x04, 0x04, 0x04, 0x04, 0x0E,
    0x0E, 0x04, 0x04, 0x04, 0x0E, 0x0E, 0x0E, 0x04, 0x04, 0x04, 0x04, 0x04,
    0x04, 0x0E, 0x07, 0x07, 0x07, 0x07, 0x10, 0x0C, 0x08, 0x0B, 0x0B, 0x0A,
    0x0A, 0x0B, 0x0B, 0x0B, 0x08, 0x16, 0x16, 0x16, 0x16, 0x16, 0x16, 0x16,
    0x08, 0x08, 0x0B, 0x0B, 0x08, 0x3E, 0x0B, 0x0A, 0x0A, 0x0A, 0x04, 0x16,
    0x0B, 0x16, 0x1D, 0x1D, 0x1D, 0x1D, 0x1D, 0x1D, 0x1D, 0x1D, 0x16, 0x16,
    0x1D, 0x08, 0x0A, 0x08, 0x0A, 0x0A, 0x0B, 0x08, 0x0C, 0x08, 0x0B, 0x0B,
    0x08, 0x16, 0x20, 0x36, 0x27, 0x36, 0x15, 0x16, 0x08, 0x08, 0x16, 0x0A,
    0x0C, 0x16, 0x0A, 0x08, 0x0B, 0x0B, 0x08, 0x0A, 0x08, 0x0B, 0x0B, 0x0A,
    0x0A, 0x0B, 0x0B, 0x1D, 0x0C, 0x15, 0x0A, 0x1D, 0x0A, 0x1D, 0x0A, 0x0A,
    0x0B, 0x0B, 0x08, 0x0C, 0x10, 0x07, 0x07, 0x0E, 0x07, 0x07, 0x07, 0x07,
    0x07, 0x07, 0x07, 0x07, 0x07, 0x07, 0x0E, 0x07, 0x07, 0x07, 0x04, 0x0E,
    0x07, 0x0E, 0x0E, 0x04, 0x04, 0x04, 0x0D, 0x03, 0x0D, 0x04, 0x04, 0x04,
    0x04, 0x04, 0x0E, 0x0E, 0x07, 0x07, 0x07, 0x04, 0x04, 0x04, 0x04, 0x04,
    0x04, 0x04, 0x04, 0x0E, 0x0E, 0x0E, 0x04, 0x04, 0x04, 0x03, 0x06, 0x03,
    0x03, 0x06, 0x03, 0x03, 0x03, 0x03, 0x03, 0x03, 0x03, 0x06, 0x06, 0x00,
    0x00, 0x00, 0x00, 0x00, 0x00, 0x00, 0x00, 0x00, 0x00, 0x00, 0x06, 0x00,
    0x00, 0x01, 0x01, 0x01, 0x05, 0x05, 0x05, 0x05, 0x01, 0x01, 0x01, 0x01,
    0x01, 0x01, 0x01, 0x01, 0x09, 0x01, 0x01, 0x01, 0x01, 0x01, 0x01, 0x01,
    0x05, 0x05, 0x05, 0x05, 0x05, 0x02, 0x02, 0x02, 0x02, 0x02, 0x02, 0x02,
    0x05, 0x05, 0x05, 0x05, 0x01, 0x05, 0x05, 0x05, 0x02, 0x02, 0x02, 0x05,
    0x05, 0x05, 0x01, 0x05, 0x01, 0x01, 0x01, 0x09, 0x01, 0x01, 0x01, 0x01,
    0x01, 0x01, 0x01, 0x01, 0x01, 0x00, 0x01, 0x01, 0x01, 0x05, 0x01, 0x01,
    0x01, 0x09, 0x00, 0x01, 0x01, 0x01, 0x01, 0x01, 0x09, 0x00, 0x00, 0x00,
    0x00, 0x00, 0x06, 0x06, 0x00, 0x00, 0x00, 0x00, 0x00, 0x00, 0x06, 0x00,
    0x06, 0x06, 0x06, 0x06, 0x00, 0x00, 0x00, 0x06, 0x03, 0x03, 0x0D, 0x04,
    0x04, 0x04, 0x04, 0x04, 0x04, 0x04, 0x0D, 0x04, 0x04, 0x04, 0x04, 0x04,
    0x04, 0x04, 0x04, 0x04, 0x04, 0x04, 0x0E, 0x0E, 0x0E, 0x0E, 0x04, 0x04,
    0x0E, 0x0E, 0x0E, 0x07, 0x07, 0x07, 0x07, 0x10, 0x07, 0x07, 0x07, 0x07,
    0x07, 0x07, 0x15, 0x0C, 0x08, 0x0B, 0x08, 0x0C, 0x0B, 0x0B, 0x0B, 0x15,
    0x1E, 0x1F, 0x11, 0x11, 0x11, 0x11, 0x2C, 0x1E, 0x2A, 0x25, 0x27, 0x15,
    0x16, 0x16, 0x16, 0x10, 0x0C, 0x0C, 0x00, 0x04, 0x0B, 0x0C, 0x2A, 0x2A,
    0x2A, 0x2A, 0x2A, 0x2A, 0x2A, 0x2A, 0x2A, 0x2A, 0x2A, 0x25, 0x27, 0x16,
    0x0E, 0x0A, 0x0A, 0x0C, 0x08, 0x0B, 0x0B, 0x08, 0x15, 0x1E, 0x1C, 0x23,
    0x23, 0x23, 0x11, 0x2C, 0x25, 0x15, 0x1D, 0x16, 0x0A, 0x16, 0x08, 0x0A,
    0x08, 0x0B, 0x08, 0x08, 0x0B, 0x0B, 0x08, 0x0C, 0x0B, 0x0B, 0x08, 0x0A,
    0x37, 0x2A, 0x25, 0x16, 0x0A, 0x0A, 0x1D, 0x0C, 0x08, 0x0B, 0x0B, 0x0A,
    0x0C, 0x15, 0x10, 0x07, 0x07, 0x07, 0x10, 0x07, 0x07, 0x07, 0x07, 0x07,
    0x0E, 0x07, 0x07, 0x07, 0x07, 0x07, 0x07, 0x0E, 0x0E, 0x0E, 0x0E, 0x04,
    0x0E, 0x0E, 0x0E, 0x0E, 0x07, 0x07, 0x0E, 0x0E, 0x04, 0x04, 0x04, 0x04,
    0x04, 0x04, 0x04, 0x0E, 0x0E, 0x07, 0x07, 0x0E, 0x04, 0x04, 0x04, 0x03,
    0x03, 0x03, 0x03, 0x03, 0x04, 0x04, 0x04, 0x04, 0x04, 0x04, 0x04, 0x03,
    0x03, 0x06, 0x00, 0x00, 0x06, 0x00, 0x06, 0x06, 0x00, 0x06, 0x03, 0x03,
    0x06, 0x00, 0x00, 0x00, 0x00, 0x00, 0x09, 0x00, 0x00, 0x00, 0x00, 0x00,
    0x01, 0x01, 0x05, 0x05, 0x01, 0x01, 0x01, 0x01, 0x05, 0x05, 0x05, 0x01,
    0x01, 0x01, 0x01, 0x05, 0x05, 0x05, 0x05, 0x05, 0x05, 0x05, 0x05, 0x02,
    0x02, 0x02, 0x05, 0x02, 0x02, 0x02, 0x02, 0x02, 0x02, 0x02, 0x02, 0x02,
    0x02, 0x02, 0x02, 0x02, 0x02, 0x02, 0x02, 0x05, 0x01, 0x01, 0x01, 0x01,
    0x01, 0x01, 0x01, 0x01, 0x05, 0x05, 0x05, 0x01, 0x01, 0x01, 0x01, 0x01,
    0x09, 0x01, 0x01, 0x01, 0x05, 0x05, 0x01, 0x01, 0x09, 0x00, 0x00, 0x00,
    0x00, 0x00, 0x00, 0x00, 0x00, 0x00, 0x00, 0x00, 0x00, 0x00, 0x00, 0x00,
    0x00, 0x00, 0x00, 0x06, 0x06, 0x06, 0x06, 0x06, 0x00, 0x00, 0x00, 0x00,
    0x00, 0x00, 0x00, 0x00, 0x06, 0x03, 0x03, 0x04, 0x04, 0x0D, 0x04, 0x04,
    0x04, 0x04, 0x04, 0x04, 0x04, 0x0E, 0x04, 0x04, 0x04, 0x04, 0x04, 0x04,
    0x04, 0x04, 0x04, 0x04, 0x04, 0x0E, 0x0E, 0x0E, 0x0E, 0x07, 0x07, 0x07,
    0x10, 0x10, 0x10, 0x15, 0x15, 0x15, 0x10, 0x07, 0x07, 0x07, 0x15, 0x0A,
    0x08, 0x0B, 0x0A, 0x0C, 0x0B, 0x0B, 0x16, 0x11, 0x23, 0x1C, 0x1C, 0x23,
    0x23, 0x23, 0x23, 0x23, 0x23, 0x23, 0x23, 0x11, 0x38, 0x38, 0x2C, 0x03,
    0x0C, 0x46, 0x2F, 0x2A, 0x08, 0x0C, 0x38, 0x11, 0x11, 0x11, 0x11, 0x23,
    0x23, 0x23, 0x23, 0x23, 0x23, 0x23, 0x5B, 0x11, 0x04, 0x0C, 0x0C, 0x08,
    0x0B, 0x0B, 0x08, 0x15, 0x38, 0x23, 0x23, 0x23, 0x23, 0x23, 0x23, 0x23,
    0x23, 0x11, 0x2A, 0x4A, 0x0A, 0x0C, 0x0B, 0x0A, 0x08, 0x0B, 0x0B, 0x0B,
    0x0B, 0x0B, 0x0A, 0x0C, 0x0B, 0x0B, 0x16, 0x15, 0x1E, 0x24, 0x11, 0x25,
    0x1D, 0x0A, 0x16, 0x0A, 0x0C, 0x0B, 0x0B, 0x08, 0x0C, 0x15, 0x15, 0x10,
    0x07, 0x07, 0x10, 0x10, 0x07, 0x07, 0x07, 0x07, 0x07, 0x07, 0x0E, 0x07,
    0x07, 0x07, 0x07, 0x07, 0x07, 0x07, 0x07, 0x07, 0x07, 0x07, 0x07, 0x07,
    0x07, 0x07, 0x07, 0x07, 0x0E, 0x0E, 0x04, 0x04, 0x04, 0x04, 0x04, 0x0E,
    0x0E, 0x0E, 0x04, 0x04, 0x03, 0x03, 0x06, 0x00, 0x00, 0x00, 0x06, 0x06,
    0x03, 0x03, 0x06, 0x03, 0x03, 0x06, 0x03, 0x06, 0x06, 0x00, 0x06, 0x06,
    0x06, 0x03, 0x03, 0x03, 0x03, 0x03, 0x03, 0x00, 0x00, 0x00, 0x00, 0x01,
    0x00, 0x01, 0x00, 0x09, 0x00, 0x00, 0x01, 0x01, 0x01, 0x01, 0x01, 0x01,
    0x01, 0x09, 0x09, 0x09, 0x01, 0x01, 0x01, 0x01, 0x01, 0x01, 0x01, 0x05,
    0x05, 0x01, 0x01, 0x05, 0x05, 0x05, 0x02, 0x02, 0x05, 0x05, 0x05, 0x02,
    0x02, 0x02, 0x02, 0x0F, 0x02, 0x02, 0x05, 0x05, 0x02, 0x02, 0x02, 0x02,
    0x02, 0x02, 0x02, 0x02, 0x02, 0x05, 0x05, 0x02, 0x02, 0x02, 0x02, 0x02,
    0x02, 0x02, 0x02, 0x02, 0x02, 0x05, 0x05, 0x01, 0x01, 0x01, 0x05, 0x01,
    0x01, 0x05, 0x01, 0x01, 0x09, 0x00, 0x00, 0x00, 0x00, 0x00, 0x00, 0x00,
    0x00, 0x00, 0x00, 0x00, 0x00, 0x00, 0x00, 0x00, 0x00, 0x00, 0x00, 0x00,
    0x00, 0x00, 0x00, 0x00, 0x00, 0x06, 0x03, 0x03, 0x03, 0x04, 0x04, 0x03,
    0x0D, 0x04, 0x04, 0x04, 0x0D, 0x0D, 0x04, 0x04, 0x04, 0x04, 0x0D, 0x03,
    0x03, 0x0D, 0x03, 0x03, 0x03, 0x03, 0x03, 0x04, 0x04, 0x04, 0x04, 0x04,
    0x04, 0x0E, 0x0E, 0x07, 0x07, 0x07, 0x07, 0x07, 0x07, 0x07, 0x10, 0x10,
    0x10, 0x10, 0x07, 0x10, 0x07, 0x10, 0x15, 0x0A, 0x08, 0x08, 0x15, 0x20,
    0x0B, 0x08, 0x15, 0x11, 0x11, 0x11, 0x2B, 0x2B, 0x2B, 0x2B, 0x2B, 0x2B,
    0x2B, 0x2B, 0x24, 0x23, 0x23, 0x23, 0x2C, 0x0E, 0x0C, 0x10, 0x26, 0x2A,
    0x08, 0x0A, 0x27, 0x11, 0x11, 0x11, 0x11, 0x11, 0x11, 0x11, 0x11, 0x11,
    0x11, 0x11, 0x11, 0x2F, 0x07, 0x10, 0x0C, 0x0B, 0x0B, 0x08, 0x16, 0x1B,
    0x11, 0x11, 0x24, 0x2B, 0x02, 0x02, 0x02, 0x2B, 0x24, 0x11, 0x23, 0x1E,
    0x0C, 0x0A, 0x16, 0x10, 0x3D, 0x0B, 0x0B, 0x0B, 0x0B, 0x08, 0x10, 0x08,
    0x0B, 0x08, 0x0A, 0x25, 0x2D, 0x19, 0x24, 0x23, 0x36, 0x1D, 0x0A, 0x1D,
    0x0C, 0x08, 0x0B, 0x08, 0x0C, 0x15, 0x10, 0x10, 0x07, 0x07, 0x07, 0x07,
    0x07, 0x07, 0x0E, 0x07, 0x0E, 0x07, 0x0E, 0x0E, 0x0E, 0x07, 0x0E, 0x07,
    0x07, 0x07, 0x07, 0x07, 0x0E, 0x0E, 0x07, 0x07, 0x07, 0x07, 0x07, 0x0E,
    0x0E, 0x0E, 0x0E, 0x04, 0x04, 0x04, 0x0D, 0x03, 0x04, 0x04, 0x04, 0x04,
    0x04, 0x0D, 0x0D, 0x0D, 0x04, 0x04, 0x03, 0x03, 0x03, 0x03, 0x03, 0x03,
    0x03, 0x03, 0x06, 0x00, 0x00, 0x00, 0x00, 0x00, 0x00, 0x00, 0x00, 0x00,
    0x00, 0x00, 0x00, 0x01, 0x01, 0x01, 0x01, 0x01, 0x01, 0x01, 0x01, 0x01,
    0x01, 0x09, 0x01, 0x01, 0x01, 0x01, 0x01, 0x01, 0x01, 0x01, 0x09, 0x01,
    0x01, 0x09, 0x09, 0x01, 0x01, 0x01, 0x01, 0x01, 0x01, 0x01, 0x01, 0x01,
    0x01, 0x05, 0x05, 0x05, 0x05, 0x02, 0x02, 0x02, 0x02, 0x02, 0x05, 0x02,
    0x05, 0x05, 0x05, 0x01, 0x05, 0x05, 0x05, 0x01, 0x05, 0x05, 0x02, 0x02,
    0x02, 0x02, 0x02, 0x02, 0x02, 0x02, 0x02, 0x05, 0x01, 0x05, 0x02, 0x02,
    0x05, 0x05, 0x05, 0x05, 0x05, 0x02, 0x05, 0x01, 0x09, 0x01, 0x01, 0x00,
    0x00, 0x00, 0x00, 0x00, 0x00, 0x03, 0x06, 0x00, 0x06, 0x00, 0x06, 0x03,
    0x03, 0x03, 0x06, 0x06, 0x00, 0x00, 0x06, 0x00, 0x06, 0x00, 0x06, 0x03,
    0x03, 0x03, 0x03, 0x03, 0x04, 0x04, 0x0D, 0x03, 0x04, 0x04, 0x04, 0x04,
    0x04, 0x04, 0x04, 0x04, 0x04, 0x04, 0x0E, 0x0E, 0x0E, 0x07, 0x0E, 0x04,
    0x0E, 0x07, 0x07, 0x07, 0x07, 0x07, 0x0E, 0x0E, 0x0E, 0x0E, 0x04, 0x0E,
    0x07, 0x07, 0x07, 0x07, 0x07, 0x07, 0x10, 0x07, 0x07, 0x07, 0x07, 0x07,
    0x07, 0x07, 0x20, 0x1D, 0x0B, 0x08, 0x07, 0x15, 0x0B, 0x16, 0x15, 0x11,
    0x12, 0x05, 0x09, 0x09, 0x03, 0x03, 0x03, 0x03, 0x52, 0x09, 0x01, 0x01,
    0x02, 0x26, 0x03, 0x10, 0x0C, 0x46, 0x26, 0x2A, 0x08, 0x0A, 0x0C, 0x02,
    0x12, 0x02, 0x02, 0x02, 0x02, 0x02, 0x02, 0x02, 0x02, 0x01, 0x00, 0x0D,
    0x10, 0x10, 0x08, 0x0B, 0x0B, 0x16, 0x27, 0x38, 0x2C, 0x02, 0x01, 0x09,
    0x03, 0x03, 0x03, 0x09, 0x01, 0x02, 0x3C, 0x23, 0x38, 0x2A, 0x26, 0x07,
    0x08, 0x0B, 0x0B, 0x0B, 0x0B, 0x0A, 0x10, 0x0B, 0x0B, 0x16, 0x20, 0x26,
    0x02, 0x01, 0x02, 0x2D, 0x1E, 0x16, 0x0A, 0x1D, 0x0C, 0x0A, 0x0B, 0x0B,
    0x16, 0x0C, 0x15, 0x15, 0x15, 0x15, 0x15, 0x15, 0x10, 0x10, 0x10, 0x10,
    0x10, 0x10, 0x10, 0x07, 0x07, 0x07, 0x07, 0x07, 0x07, 0x07, 0x07, 0x07,
    0x07, 0x07, 0x07, 0x07, 0x07, 0x0E, 0x0E, 0x04, 0x04, 0x04, 0x0E, 0x0E,
    0x0E, 0x0E, 0x04, 0x04, 0x04, 0x04, 0x04, 0x04, 0x04, 0x04, 0x04, 0x04,
    0x04, 0x04, 0x04, 0x04, 0x04, 0x04, 0x0D, 0x03, 0x04, 0x04, 0x0D, 0x03,
    0x03, 0x03, 0x06, 0x00, 0x00, 0x00, 0x00, 0x00, 0x00, 0x00, 0x00, 0x00,
    0x00, 0x00, 0x09, 0x01, 0x01, 0x01, 0x01, 0x01, 0x01, 0x01, 0x01, 0x01,
    0x01, 0x01, 0x01, 0x01, 0x09, 0x00, 0x00, 0x01, 0x00, 0x00, 0x00, 0x09,
    0x09, 0x01, 0x01, 0x09, 0x09, 0x01, 0x01, 0x01, 0x01, 0x01, 0x05, 0x05,
    0x05, 0x05, 0x05, 0x01, 0x01, 0x05, 0x05, 0x05, 0x12, 0x0F, 0x0F, 0x02,
    0x02, 0x02, 0x02, 0x05, 0x01, 0x01, 0x05, 0x02, 0x02, 0x02, 0x02, 0x05,
    0x01, 0x01, 0x01, 0x01, 0x01, 0x09, 0x01, 0x01, 0x09, 0x01, 0x01, 0x01,
    0x05, 0x01, 0x01, 0x01, 0x01, 0x00, 0x01, 0x01, 0x01, 0x2F, 0x09, 0x09,
    0x09, 0x09, 0x09, 0x00, 0x00, 0x00, 0x00, 0x00, 0x00, 0x06, 0x00, 0x06,
    0x03, 0x03, 0x03, 0x06, 0x03, 0x03, 0x03, 0x03, 0x0D, 0x03, 0x03, 0x03,
    0x0D, 0x03, 0x03, 0x0D, 0x04, 0x04, 0x0D, 0x03, 0x03, 0x03, 0x03, 0x03,
    0x03, 0x03, 0x03, 0x03, 0x04, 0x04, 0x0E, 0x0E, 0x07, 0x0E, 0x0E, 0x0E,
    0x04, 0x04, 0x0E, 0x07, 0x0E, 0x07, 0x07, 0x07, 0x07, 0x07, 0x07, 0x07,
    0x07, 0x07, 0x0E, 0x0E, 0x0E, 0x07, 0x07, 0x07, 0x07, 0x07, 0x15, 0x16,
    0x08, 0x3B, 0x04, 0x36, 0x0B, 0x0A, 0x16, 0x2C, 0x01, 0x0D, 0x07, 0x10,
    0x10, 0x10, 0x10, 0x10, 0x10, 0x10, 0x07, 0x0D, 0x0D, 0x07, 0x10, 0x0C,
    0x0A, 0x46, 0x26, 0x2A, 0x08, 0x0A, 0x0C, 0x09, 0x09, 0x03, 0x0D, 0x0D,
    0x0D, 0x0D, 0x0D, 0x0D, 0x0D, 0x0D, 0x07, 0x10, 0x10, 0x10, 0x0B, 0x0B,
    0x08, 0x16, 0x2A, 0x02, 0x01, 0x03, 0x07, 0x10, 0x10, 0x0C, 0x10, 0x10,
    0x07, 0x03, 0x01, 0x02, 0x3C, 0x3C, 0x00, 0x10, 0x08, 0x0B, 0x0B, 0x0B,
    0x0B, 0x0C, 0x0C, 0x0B, 0x0B, 0x0A, 0x27, 0x02, 0x09, 0x0D, 0x03, 0x02,
    0x23, 0x15, 0x08, 0x16, 0x0A, 0x0C, 0x08, 0x0B, 0x08, 0x0C, 0x10, 0x07,
    0x07, 0x10, 0x10, 0x10, 0x10, 0x10, 0x07, 0x07, 0x07, 0x07, 0x07, 0x10,
    0x07, 0x07, 0x10, 0x07, 0x07, 0x07, 0x0E, 0x0E, 0x0E, 0x04, 0x04, 0x04,
    0x04, 0x04, 0x04, 0x04, 0x04, 0x04, 0x04, 0x0D, 0x04, 0x04, 0x03, 0x03,
    0x03, 0x03, 0x03, 0x03, 0x03, 0x04, 0x03, 0x03, 0x04, 0x03, 0x06, 0x00,
    0x00, 0x00, 0x00, 0x00, 0x06, 0x03, 0x03, 0x03, 0x03, 0x03, 0x03, 0x06,
    0x00, 0x00, 0x00, 0x00, 0x00, 0x00, 0x00, 0x00, 0x06, 0x06, 0x06, 0x06,
    0x00, 0x00, 0x00, 0x00, 0x00, 0x01, 0x00, 0x00, 0x00, 0x01, 0x01, 0x01,
    0x01, 0x01, 0x02, 0x05, 0x01, 0x01, 0x01, 0x01, 0x01, 0x01, 0x01, 0x01,
    0x01, 0x01, 0x01, 0x01, 0x01, 0x01, 0x01, 0x01, 0x01, 0x01, 0x01, 0x01,
    0x01, 0x01, 0x05, 0x05, 0x02, 0x05, 0x05, 0x05, 0x01, 0x05, 0x01, 0x05,
    0x05, 0x05, 0x05, 0x02, 0x02, 0x05, 0x01, 0x01, 0x01, 0x01, 0x01, 0x01,
    0x01, 0x01, 0x01, 0x01, 0x01, 0x01, 0x01, 0x01, 0x01, 0x01, 0x01, 0x01,
    0x01, 0x09, 0x09, 0x09, 0x00, 0x00, 0x00, 0x00, 0x00, 0x00, 0x00, 0x00,
    0x00, 0x00, 0x00, 0x00, 0x00, 0x00, 0x06, 0x06, 0x03, 0x03, 0x03, 0x06,
    0x03, 0x03, 0x0D, 0x04, 0x04, 0x0D, 0x04, 0x04, 0x04, 0x04, 0x04, 0x04,
    0x04, 0x04, 0x0D, 0x04, 0x04, 0x04, 0x03, 0x0D, 0x0D, 0x0D, 0x04, 0x04,
    0x04, 0x0D, 0x03, 0x04, 0x04, 0x04, 0x04, 0x04, 0x04, 0x0E, 0x0E, 0x07,
    0x07, 0x07, 0x07, 0x07, 0x07, 0x07, 0x07, 0x07, 0x07, 0x07, 0x07, 0x10,
    0x10, 0x07, 0x07, 0x07, 0x07, 0x07, 0x15, 0x16, 0x08, 0x0A, 0x3A, 0x04,
    0x08, 0x0A, 0x08, 0x03, 0x03, 0x10, 0x0A, 0x0A, 0x0A, 0x0A, 0x0A, 0x0A,
    0x0A, 0x0A, 0x0A, 0x0C, 0x0C, 0x0C, 0x0A, 0x08, 0x08, 0x0C, 0x26, 0x2A,
    0x08, 0x0A, 0x0A, 0x03, 0x0D, 0x10, 0x0C, 0x0C, 0x0C, 0x0C, 0x0C, 0x0C,
    0x0C, 0x0C, 0x0A, 0x0A, 0x10, 0x15, 0x0B, 0x0B, 0x0A, 0x15, 0x26, 0x01,
    0x0D, 0x10, 0x0C, 0x0A, 0x08, 0x08, 0x08, 0x0A, 0x0C, 0x10, 0x43, 0x03,
    0x00, 0x03, 0x07, 0x0C, 0x08, 0x0B, 0x0B, 0x0B, 0x08, 0x10, 0x16, 0x0B,
    0x08, 0x16, 0x25, 0x01, 0x07, 0x10, 0x07, 0x00, 0x23, 0x25, 0x08, 0x0A,
    0x16, 0x10, 0x0A, 0x0B, 0x08, 0x0C, 0x15, 0x10, 0x07, 0x07, 0x07, 0x07,
    0x07, 0x07, 0x07, 0x07, 0x07, 0x07, 0x07, 0x07, 0x10, 0x07, 0x07, 0x07,
    0x07, 0x07, 0x07, 0x07, 0x07, 0x07, 0x07, 0x07, 0x07, 0x0E, 0x0E, 0x04,
    0x04, 0x04, 0x04, 0x0D, 0x04, 0x04, 0x04, 0x0D, 0x0D, 0x03, 0x03, 0x04,
    0x04, 0x04, 0x04, 0x04, 0x04, 0x04, 0x03, 0x03, 0x03, 0x0D, 0x04, 0x04,
    0x04, 0x04, 0x04, 0x04, 0x04, 0x03, 0x03, 0x03, 0x00, 0x00, 0x00, 0x06,
    0x00, 0x00, 0x00, 0x00, 0x00, 0x00, 0x00, 0x00, 0x00, 0x00, 0x00, 0x00,
    0x09, 0x09, 0x00, 0x00, 0x09, 0x09, 0x01, 0x00, 0x00, 0x09, 0x09, 0x09,
    0x09, 0x01, 0x01, 0x01, 0x01, 0x01, 0x01, 0x01, 0x01, 0x01, 0x01, 0x01,
    0x01, 0x01, 0x01, 0x01, 0x01, 0x01, 0x01, 0x01, 0x01, 0x01, 0x01, 0x01,
    0x0F, 0x0F, 0x02, 0x02, 0x02, 0x02, 0x02, 0x02, 0x05, 0x05, 0x02, 0x02,
    0x02, 0x02, 0x02, 0x02, 0x05, 0x05, 0x05, 0x01, 0x05, 0x01, 0x01, 0x01,
    0x01, 0x05, 0x02, 0x05, 0x02, 0x02, 0x05, 0x01, 0x01, 0x01, 0x01, 0x09,
    0x00, 0x00, 0x00, 0x00, 0x00, 0x00, 0x00, 0x00, 0x06, 0x00, 0x00, 0x00,
    0x00, 0x00, 0x00, 0x00, 0x00, 0x00, 0x00, 0x00, 0x00, 0x00, 0x06, 0x06,
    0x06, 0x06, 0x06, 0x06, 0x06, 0x06, 0x00, 0x06, 0x03, 0x03, 0x03, 0x03,
    0x04, 0x04, 0x0D, 0x03, 0x03, 0x03, 0x0D, 0x0D, 0x0D, 0x04, 0x04, 0x04,
    0x04, 0x0E, 0x0E, 0x0E, 0x0E, 0x0E, 0x04, 0x0E, 0x07, 0x07, 0x0E, 0x07,
    0x07, 0x07, 0x07, 0x07, 0x10, 0x07, 0x10, 0x10, 0x10, 0x10, 0x10, 0x10,
    0x10, 0x10, 0x0C, 0x08, 0x08, 0x0A, 0x03, 0x41, 0x16, 0x0A, 0x08, 0x10,
    0x0D, 0x0A, 0x08, 0x08, 0x08, 0x08, 0x08, 0x08, 0x08, 0x08, 0x08, 0x08,
    0x08, 0x08, 0x08, 0x0B, 0x08, 0x0C, 0x26, 0x2A, 0x08, 0x0A, 0x0A, 0x04,
    0x10, 0x0A, 0x0A, 0x0A, 0x3E, 0x0A, 0x08, 0x08, 0x08, 0x08, 0x08, 0x0A,
    0x07, 0x15, 0x0B, 0x08, 0x16, 0x27, 0x05, 0x0D, 0x4E, 0x0A, 0x08, 0x0B,
    0x0B, 0x0B, 0x0B, 0x0B, 0x08, 0x0A, 0x0C, 0x10, 0x07, 0x10, 0x0C, 0x08,
    0x0B, 0x0B, 0x0B, 0x0B, 0x0A, 0x10, 0x0B, 0x0B, 0x0A, 0x20, 0x26, 0x03,
    0x0C, 0x0A, 0x0C, 0x0D, 0x3C, 0x2C, 0x16, 0x0A, 0x16, 0x0C, 0x0C, 0x0B,
    0x08, 0x0A, 0x15, 0x07, 0x07, 0x07, 0x07, 0x07, 0x07, 0x07, 0x07, 0x07,
    0x07, 0x07, 0x07, 0x07, 0x07, 0x07, 0x07, 0x0E, 0x07, 0x07, 0x07, 0x07,
    0x07, 0x07, 0x07, 0x07, 0x07, 0x07, 0x07, 0x07, 0x0E, 0x0E, 0x04, 0x0E,
    0x07, 0x0E, 0x04, 0x04, 0x04, 0x04, 0x04, 0x03, 0x03, 0x03, 0x03, 0x03,
    0x06, 0x03, 0x03, 0x03, 0x03, 0x03, 0x06, 0x00, 0x06, 0x06, 0x06, 0x00,
    0x06, 0x06, 0x06, 0x00, 0x00, 0x00, 0x00, 0x00, 0x00, 0x00, 0x00, 0x00,
    0x00, 0x00, 0x00, 0x00, 0x00, 0x00, 0x00, 0x01, 0x01, 0x01, 0x01, 0x01,
    0x01, 0x01, 0x01, 0x01, 0x01, 0x01, 0x01, 0x00, 0x09, 0x09, 0x09, 0x09,
    0x01, 0x01, 0x01, 0x01, 0x05, 0x05, 0x02, 0x02, 0x02, 0x02, 0x02, 0x02,
    0x02, 0x02, 0x02, 0x02, 0x02, 0x02, 0x02, 0x02, 0x0F, 0x0F, 0x02, 0x02,
    0x02, 0x05, 0x01, 0x05, 0x05, 0x05, 0x01, 0x01, 0x01, 0x01, 0x05, 0x05,
    0x05, 0x01, 0x01, 0x01, 0x01, 0x01, 0x01, 0x09, 0x09, 0x09, 0x09, 0x09,
    0x01, 0x01, 0x01, 0x01, 0x01, 0x05, 0x01, 0x09, 0x01, 0x01, 0x00, 0x00,
    0x00, 0x09, 0x00, 0x09, 0x00, 0x01, 0x01, 0x00, 0x00, 0x09, 0x00, 0x00,
    0x00, 0x00, 0x00, 0x00, 0x00, 0x00, 0x00, 0x06, 0x06, 0x06, 0x00, 0x00,
    0x00, 0x00, 0x06, 0x06, 0x06, 0x06, 0x06, 0x03, 0x0D, 0x03, 0x03, 0x04,
    0x04, 0x0D, 0x03, 0x03, 0x03, 0x03, 0x04, 0x04, 0x04, 0x04, 0x04, 0x04,
    0x0E, 0x0E, 0x04, 0x04, 0x04, 0x0E, 0x0E, 0x07, 0x07, 0x07, 0x07, 0x07,
    0x07, 0x07, 0x07, 0x10, 0x07, 0x07, 0x10, 0x10, 0x15, 0x15, 0x0C, 0x08,
    0x08, 0x0A, 0x0D, 0x2C, 0x4A, 0x0A, 0x0A, 0x0A, 0x07, 0x0C, 0x0A, 0x08,
    0x08, 0x08, 0x08, 0x08, 0x08, 0x08, 0x08, 0x08, 0x08, 0x0B, 0x0B, 0x0B,
    0x08, 0x0C, 0x26, 0x2A, 0x08, 0x0A, 0x0A, 0x0D, 0x07, 0x0C, 0x0A, 0x0A,
    0x0A, 0x0A, 0x0A, 0x08, 0x08, 0x0B, 0x08, 0x0A, 0x3A, 0x15, 0x0B, 0x08,
    0x16, 0x3A, 0x09, 0x10, 0x0A, 0x0B, 0x0B, 0x0B, 0x0B, 0x0B, 0x0B, 0x0B,
    0x0B, 0x08, 0x08, 0x0A, 0x0A, 0x0A, 0x0A, 0x08, 0x0B, 0x0B, 0x0B, 0x08,
    0x0C, 0x0C, 0x0B, 0x08, 0x0A, 0x15, 0x05, 0x07, 0x0A, 0x08, 0x0A, 0x07,
    0x2F, 0x23, 0x15, 0x08, 0x0A, 0x0A, 0x0C, 0x08, 0x0B, 0x08, 0x0C, 0x07,
    0x07, 0x07, 0x07, 0x10, 0x10, 0x07, 0x07, 0x07, 0x07, 0x07, 0x07, 0x0E,
    0x0E, 0x07, 0x07, 0x07, 0x07, 0x07, 0x07, 0x07, 0x07, 0x07, 0x07, 0x07,
    0x07, 0x07, 0x0E, 0x07, 0x07, 0x07, 0x07, 0x07, 0x07, 0x07, 0x0E, 0x04,
    0x04, 0x04, 0x04, 0x04, 0x04, 0x04, 0x04, 0x0D, 0x03, 0x06, 0x06, 0x03,
    0x06, 0x00, 0x00, 0x06, 0x06, 0x03, 0x03, 0x03, 0x03, 0x06, 0x06, 0x06,
    0x06, 0x03, 0x03, 0x06, 0x06, 0x00, 0x06, 0x00, 0x00, 0x00, 0x00, 0x00,
    0x00, 0x00, 0x00, 0x00, 0x00, 0x00, 0x00, 0x01, 0x01, 0x00, 0x01, 0x05,
    0x05, 0x01, 0x01, 0x05, 0x01, 0x01, 0x01, 0x01, 0x01, 0x01, 0x01, 0x05,
    0x02, 0x02, 0x02, 0x02, 0x02, 0x05, 0x02, 0x05, 0x01, 0x05, 0x02, 0x02,
    0x02, 0x02, 0x0F, 0x0F, 0x02, 0x02, 0x02, 0x02, 0x05, 0x05, 0x01, 0x01,
    0x05, 0x05, 0x02, 0x02, 0x02, 0x02, 0x02, 0x02, 0x02, 0x05, 0x05, 0x05,
    0x05, 0x05, 0x05, 0x05, 0x01, 0x01, 0x01, 0x01, 0x01, 0x01, 0x01, 0x01,
    0x09, 0x01, 0x01, 0x09, 0x00, 0x00, 0x00, 0x00, 0x00, 0x00, 0x00, 0x00,
    0x01, 0x01, 0x01, 0x01, 0x01, 0x01, 0x01, 0x09, 0x00, 0x00, 0x00, 0x00,
    0x00, 0x00, 0x00, 0x00, 0x06, 0x06, 0x00, 0x00, 0x06, 0x06, 0x03, 0x03,
    0x03, 0x03, 0x04, 0x04, 0x04, 0x04, 0x03, 0x03, 0x04, 0x04, 0x04, 0x04,
    0x04, 0x04, 0x04, 0x07, 0x07, 0x07, 0x07, 0x0E, 0x0E, 0x0E, 0x0E, 0x0E,
    0x07, 0x07, 0x07, 0x07, 0x07, 0x07, 0x07, 0x07, 0x07, 0x07, 0x07, 0x10,
    0x10, 0x07, 0x07, 0x07, 0x07, 0x07, 0x15, 0x16, 0x08, 0x0A, 0x07, 0x3C,
    0x36, 0x08, 0x0A, 0x0A, 0x0C, 0x0C, 0x0A, 0x0A, 0x0A, 0x0A, 0x0A, 0x0A,
    0x0A, 0x0A, 0x0A, 0x0A, 0x0A, 0x08, 0x0B, 0x0B, 0x08, 0x0C, 0x26, 0x2A,
    0x08, 0x0A, 0x0A, 0x15, 0x15, 0x0C, 0x0C, 0x0C, 0x0C, 0x0C, 0x0C, 0x0C,
    0x0A, 0x08, 0x08, 0x0A, 0x00, 0x15, 0x0B, 0x0A, 0x0A, 0x03, 0x0D, 0x0A,
    0x08, 0x0B, 0x0B, 0x0B, 0x0B, 0x08, 0x08, 0x08, 0x08, 0x08, 0x0A, 0x0A,
    0x0A, 0x0A, 0x08, 0x08, 0x0B, 0x0B, 0x0B, 0x08, 0x10, 0x0A, 0x0B, 0x16,
    0x0A, 0x0E, 0x09, 0x10, 0x08, 0x0B, 0x08, 0x49, 0x06, 0x24, 0x25, 0x08,
    0x0A, 0x1D, 0x10, 0x08, 0x0B, 0x08, 0x0C, 0x15, 0x15, 0x15, 0x10, 0x15,
    0x15, 0x15, 0x10, 0x07, 0x07, 0x07, 0x07, 0x07, 0x07, 0x07, 0x07, 0x07,
    0x07, 0x07, 0x07, 0x0E, 0x0E, 0x0E, 0x0E, 0x07, 0x07, 0x07, 0x0E, 0x0E,
    0x0E, 0x04, 0x04, 0x0E, 0x0E, 0x07, 0x0E, 0x04, 0x04, 0x04, 0x04, 0x04,
    0x04, 0x0D, 0x03, 0x03, 0x03, 0x06, 0x03, 0x03, 0x03, 0x03, 0x03, 0x03,
    0x06, 0x03, 0x03, 0x03, 0x03, 0x03, 0x00, 0x00, 0x00, 0x00, 0x00, 0x00,
    0x00, 0x00, 0x00, 0x00, 0x00, 0x00, 0x00, 0x01, 0x01, 0x09, 0x00, 0x09,
    0x01, 0x01, 0x00, 0x09, 0x01, 0x09, 0x09, 0x00, 0x01, 0x01, 0x09, 0x01,
    0x01, 0x09, 0x09, 0x01, 0x01, 0x01, 0x05, 0x05, 0x05, 0x02, 0x02, 0x02,
    0x02, 0x05, 0x05, 0x05, 0x05, 0x02, 0x02, 0x05, 0x02, 0x02, 0x0F, 0x02,
    0x02, 0x02, 0x02, 0x02, 0x02, 0x02, 0x02, 0x02, 0x02, 0x02, 0x05, 0x05,
    0x05, 0x02, 0x05, 0x01, 0x01, 0x01, 0x01, 0x09, 0x09, 0x01, 0x01, 0x01,
    0x05, 0x02, 0x05, 0x01, 0x01, 0x01, 0x01, 0x01, 0x01, 0x01, 0x01, 0x09,
    0x01, 0x09, 0x00, 0x09, 0x01, 0x01, 0x01, 0x01, 0x01, 0x01, 0x01, 0x09,
    0x00, 0x00, 0x00, 0x01, 0x01, 0x00, 0x00, 0x00, 0x00, 0x00, 0x06, 0x03,
    0x06, 0x03, 0x0D, 0x04, 0x04, 0x04, 0x0D, 0x03, 0x03, 0x03, 0x03, 0x03,
    0x04, 0x04, 0x04, 0x0D, 0x04, 0x04, 0x04, 0x0D, 0x03, 0x04, 0x04, 0x04,
    0x04, 0x0E, 0x04, 0x04, 0x04, 0x03, 0x0D, 0x04, 0x04, 0x04, 0x04, 0x0E,
    0x07, 0x07, 0x07, 0x07, 0x10, 0x07, 0x10, 0x07, 0x07, 0x07, 0x10, 0x10,
    0x10, 0x15, 0x20, 0x0A, 0x08, 0x0A, 0x10, 0x02, 0x2F, 0x1D, 0x0A, 0x0A,
    0x0A, 0x08, 0x0B, 0x0B, 0x0B, 0x0B, 0x0B, 0x0B, 0x0B, 0x08, 0x16, 0x0A,
    0x0A, 0x0A, 0x08, 0x0B, 0x08, 0x0C, 0x26, 0x2A, 0x08, 0x0A, 0x0C, 0x0A,
    0x0A, 0x0A, 0x0A, 0x0A, 0x16, 0x16, 0x0A, 0x0C, 0x0A, 0x0A, 0x08, 0x0C,
    0x26, 0x15, 0x0B, 0x0A, 0x0A, 0x03, 0x10, 0x08, 0x0B, 0x0B, 0x0B, 0x08,
    0x08, 0x1D, 0x0A, 0x0A, 0x0C, 0x0C, 0x0C, 0x0C, 0x0C, 0x0C, 0x0C, 0x0A,
    0x08, 0x0B, 0x0B, 0x0A, 0x10, 0x08, 0x0B, 0x0A, 0x16, 0x03, 0x03, 0x0C,
    0x08, 0x0B, 0x08, 0x0A, 0x0D, 0x2B, 0x26, 0x16, 0x0A, 0x1D, 0x0C, 0x0A,
    0x0B, 0x08, 0x0A, 0x15, 0x10, 0x07, 0x07, 0x07, 0x07, 0x07, 0x07, 0x07,
    0x07, 0x0E, 0x04, 0x04, 0x04, 0x04, 0x04, 0x0E, 0x07, 0x07, 0x07, 0x07,
    0x07, 0x07, 0x07, 0x07, 0x0E, 0x07, 0x07, 0x07, 0x07, 0x07, 0x07, 0x07,
    0x07, 0x07, 0x07, 0x07, 0x0E, 0x0E, 0x04, 0x04, 0x04, 0x0D, 0x0D, 0x03,
    0x03, 0x03, 0x03, 0x03, 0x0D, 0x03, 0x03, 0x03, 0x03, 0x06, 0x00, 0x00,
    0x00, 0x00, 0x00, 0x00, 0x00, 0x00, 0x06, 0x06, 0x06, 0x06, 0x06, 0x06,
    0x06, 0x06, 0x00, 0x00, 0x00, 0x01, 0x01, 0x01, 0x01, 0x09, 0x01, 0x01,
    0x01, 0x01, 0x01, 0x01, 0x01, 0x05, 0x01, 0x01, 0x05, 0x05, 0x05, 0x05,
    0x05, 0x05, 0x02, 0x02, 0x02, 0x05, 0x05, 0x02, 0x02, 0x02, 0x02, 0x02,
    0x02, 0x02, 0x02, 0x05, 0x05, 0x05, 0x01, 0x01, 0x01, 0x05, 0x05, 0x05,
    0x05, 0x05, 0x05, 0x05, 0x05, 0x05, 0x01, 0x01, 0x01, 0x05, 0x05, 0x05,
    0x05, 0x01, 0x01, 0x05, 0x01, 0x01, 0x09, 0x09, 0x09, 0x01, 0x01, 0x01,
    0x01, 0x01, 0x05, 0x05, 0x01, 0x01, 0x09, 0x00, 0x00, 0x00, 0x00, 0x00,
    0x00, 0x09, 0x00, 0x00, 0x00, 0x00, 0x00, 0x00, 0x00, 0x00, 0x00, 0x00,
    0x00, 0x00, 0x06, 0x03, 0x03, 0x03, 0x03, 0x03, 0x03, 0x0D, 0x03, 0x03,
    0x03, 0x03, 0x03, 0x03, 0x06, 0x06, 0x06, 0x03, 0x0D, 0x03, 0x06, 0x06,
    0x03, 0x03, 0x03, 0x03, 0x03, 0x04, 0x04, 0x04, 0x04, 0x0E, 0x0E, 0x04,
    0x0E, 0x0E, 0x04, 0x0E, 0x07, 0x07, 0x0E, 0x07, 0x07, 0x0E, 0x07, 0x07,
    0x07, 0x07, 0x07, 0x07, 0x07, 0x07, 0x07, 0x07, 0x07, 0x07, 0x10, 0x0C,
    0x08, 0x08, 0x0C, 0x03, 0x24, 0x27, 0x08, 0x16, 0x3B, 0x08, 0x08, 0x0B,
    0x0B, 0x0B, 0x0B, 0x0B, 0x08, 0x08, 0x08, 0x16, 0x16, 0x0A, 0x0C, 0x08,
    0x08, 0x0C, 0x26, 0x2A, 0x08, 0x16, 0x0A, 0x0A, 0x0A, 0x0A, 0x0A, 0x16,
    0x1D, 0x1D, 0x16, 0x0C, 0x0A, 0x0C, 0x0A, 0x10, 0x2C, 0x15, 0x0B, 0x0A,
    0x0A, 0x0D, 0x0C, 0x08, 0x0B, 0x0B, 0x08, 0x0A, 0x08, 0x0B, 0x08, 0x08,
    0x08, 0x16, 0x16, 0x0A, 0x0A, 0x0A, 0x0A, 0x0C, 0x0A, 0x08, 0x08, 0x0C,
    0x10, 0x0B, 0x08, 0x0A, 0x0C, 0x00, 0x0D, 0x0A, 0x08, 0x0B, 0x0B, 0x0A,
    0x07, 0x2F, 0x2C, 0x0A, 0x0A, 0x16, 0x0A, 0x0C, 0x08, 0x0B, 0x16, 0x15,
    0x07, 0x07, 0x07, 0x07, 0x07, 0x10, 0x10, 0x10, 0x10, 0x07, 0x07, 0x07,
    0x07, 0x07, 0x07, 0x07, 0x07, 0x07, 0x0E, 0x07, 0x07, 0x07, 0x07, 0x0E,
    0x04, 0x04, 0x04, 0x04, 0x04, 0x04, 0x04, 0x04, 0x04, 0x04, 0x04, 0x04,
    0x04, 0x04, 0x04, 0x04, 0x04, 0x04, 0x04, 0x04, 0x04, 0x04, 0x04, 0x04,
    0x04, 0x04, 0x04, 0x04, 0x04, 0x03, 0x03, 0x06, 0x06, 0x03, 0x06, 0x06,
    0x06, 0x06, 0x03, 0x06, 0x00, 0x00, 0x00, 0x00, 0x00, 0x00, 0x00, 0x00,
    0x00, 0x00, 0x00, 0x00, 0x00, 0x09, 0x09, 0x01, 0x05, 0x05, 0x01, 0x01,
    0x09, 0x09, 0x09, 0x09, 0x01, 0x01, 0x01, 0x01, 0x01, 0x01, 0x01, 0x01,
    0x01, 0x05, 0x05, 0x05, 0x05, 0x02, 0x05, 0x01, 0x01, 0x01, 0x01, 0x01,
    0x01, 0x05, 0x05, 0x05, 0x02, 0x02, 0x02, 0x05, 0x05, 0x05, 0x01, 0x02,
    0x02, 0x05, 0x02, 0x02, 0x02, 0x02, 0x02, 0x05, 0x05, 0x02, 0x02, 0x05,
    0x02, 0x02, 0x02, 0x05, 0x05, 0x05, 0x05, 0x05, 0x05, 0x01, 0x05, 0x05,
    0x01, 0x01, 0x01, 0x01, 0x00, 0x00, 0x00, 0x00, 0x00, 0x00, 0x00, 0x09,
    0x09, 0x00, 0x00, 0x00, 0x00, 0x00, 0x00, 0x06, 0x03, 0x03, 0x03, 0x06,
    0x06, 0x00, 0x00, 0x00, 0x00, 0x06, 0x06, 0x06, 0x03, 0x03, 0x03, 0x03,
    0x06, 0x03, 0x03, 0x06, 0x00, 0x00, 0x06, 0x03, 0x03, 0x04, 0x04, 0x04,
    0x04, 0x04, 0x04, 0x0E, 0x0E, 0x04, 0x04, 0x04, 0x0E, 0x07, 0x07, 0x07,
    0x07, 0x10, 0x10, 0x07, 0x07, 0x07, 0x07, 0x07, 0x07, 0x04, 0x04, 0x04,
    0x07, 0x07, 0x07, 0x0E, 0x0E, 0x0E, 0x0E, 0x15, 0x0A, 0x08, 0x0A, 0x07,
    0x05, 0x2C, 0x27, 0x16, 0x1D, 0x08, 0x1D, 0x08, 0x08, 0x1D, 0x1D, 0x1D,
    0x08, 0x1D, 0x08, 0x16, 0x0A, 0x16, 0x0A, 0x0C, 0x0A, 0x46, 0x26, 0x2A,
    0x08, 0x0A, 0x16, 0x16, 0x16, 0x16, 0x16, 0x16, 0x16, 0x16, 0x0A, 0x0C,
    0x0A, 0x0C, 0x0C, 0x10, 0x2C, 0x36, 0x0B, 0x0A, 0x1D, 0x07, 0x0C, 0x0B,
    0x0B, 0x0B, 0x1D, 0x0C, 0x0B, 0x08, 0x08, 0x08, 0x08, 0x08, 0x0B, 0x08,
    0x08, 0x0B, 0x08, 0x08, 0x0A, 0x0A, 0x0A, 0x10, 0x0C, 0x0B, 0x1D, 0x0A,
    0x15, 0x01, 0x0D, 0x0C, 0x08, 0x08, 0x08, 0x0C, 0x07, 0x01, 0x24, 0x15,
    0x3B, 0x0A, 0x1D, 0x10, 0x08, 0x0B, 0x08, 0x0C, 0x10, 0x07, 0x10, 0x10,
    0x07, 0x10, 0x07, 0x07, 0x10, 0x07, 0x07, 0x07, 0x07, 0x07, 0x07, 0x10,
    0x10, 0x07, 0x07, 0x07, 0x07, 0x0E, 0x04, 0x04, 0x04, 0x04, 0x04, 0x04,
    0x03, 0x03, 0x03, 0x03, 0x03, 0x03, 0x03, 0x03, 0x03, 0x03, 0x03, 0x0D,
    0x04, 0x04, 0x0D, 0x03, 0x03, 0x03, 0x03, 0x06, 0x00, 0x00, 0x06, 0x06,
    0x06, 0x06, 0x03, 0x03, 0x03, 0x06, 0x06, 0x06, 0x00, 0x00, 0x00, 0x00,
    0x00, 0x00, 0x00, 0x09, 0x01, 0x01, 0x01, 0x05, 0x01, 0x01, 0x01, 0x01,
    0x01, 0x01, 0x01, 0x01, 0x01, 0x01, 0x01, 0x01, 0x01, 0x01, 0x09, 0x09,
    0x01, 0x01, 0x01, 0x01, 0x05, 0x05, 0x01, 0x01, 0x01, 0x01, 0x01, 0x01,
    0x01, 0x01, 0x09, 0x01, 0x01, 0x05, 0x05, 0x02, 0x02, 0x02, 0x02, 0x05,
    0x02, 0x02, 0x02, 0x02, 0x02, 0x02, 0x05, 0x05, 0x05, 0x05, 0x05, 0x05,
    0x05, 0x05, 0x05, 0x02, 0x02, 0x02, 0x02, 0x02, 0x05, 0x02, 0x02, 0x02,
    0x01, 0x01, 0x01, 0x05, 0x05, 0x05, 0x05, 0x01, 0x01, 0x01, 0x01, 0x01,
    0x01, 0x01, 0x01, 0x00, 0x00, 0x00, 0x00, 0x00, 0x00, 0x00, 0x00, 0x00,
    0x00, 0x00, 0x00, 0x00, 0x00, 0x06, 0x06, 0x00, 0x00, 0x00, 0x00, 0x00,
    0x00, 0x00, 0x00, 0x00, 0x00, 0x06, 0x03, 0x06, 0x03, 0x03, 0x03, 0x03,
    0x03, 0x06, 0x00, 0x06, 0x06, 0x06, 0x03, 0x03, 0x03, 0x03, 0x04, 0x04,
    0x04, 0x04, 0x04, 0x04, 0x04, 0x04, 0x0D, 0x04, 0x04, 0x04, 0x04, 0x0E,
    0x07, 0x07, 0x07, 0x07, 0x07, 0x07, 0x07, 0x07, 0x07, 0x07, 0x07, 0x07,
    0x07, 0x07, 0x10, 0x15, 0x0A, 0x08, 0x0A, 0x10, 0x03, 0x02, 0x11, 0x1B,
    0x25, 0x25, 0x25, 0x25, 0x25, 0x25, 0x25, 0x25, 0x25, 0x25, 0x0E, 0x0A,
    0x16, 0x0A, 0x1D, 0x0C, 0x0C, 0x10, 0x26, 0x2A, 0x08, 0x0C, 0x2A, 0x1B,
    0x1B, 0x1E, 0x1E, 0x1E, 0x1E, 0x1E, 0x1E, 0x37, 0x15, 0x10, 0x0C, 0x10,
    0x2C, 0x37, 0x08, 0x0A, 0x08, 0x07, 0x0A, 0x0B, 0x0B, 0x0B, 0x0A, 0x06,
    0x16, 0x0B, 0x08, 0x08, 0x08, 0x08, 0x08, 0x08, 0x1D, 0x42, 0x08, 0x08,
    0x16, 0x10, 0x0C, 0x07, 0x0A, 0x0B, 0x0A, 0x0A, 0x0C, 0x0D, 0x10, 0x0C,
    0x0A, 0x0A, 0x0A, 0x0C, 0x10, 0x0D, 0x2C, 0x04, 0x08, 0x0A, 0x08, 0x10,
    0x0A, 0x0B, 0x08, 0x0C, 0x10, 0x07, 0x07, 0x07, 0x07, 0x07, 0x07, 0x07,
    0x07, 0x07, 0x04, 0x04, 0x04, 0x04, 0x0E, 0x07, 0x07, 0x07, 0x07, 0x07,
    0x07, 0x07, 0x07, 0x0E, 0x0E, 0x04, 0x04, 0x04, 0x04, 0x04, 0x04, 0x04,
    0x04, 0x04, 0x04, 0x06, 0x06, 0x06, 0x00, 0x00, 0x06, 0x06, 0x03, 0x03,
    0x03, 0x03, 0x03, 0x03, 0x03, 0x03, 0x03, 0x06, 0x06, 0x06, 0x06, 0x06,
    0x03, 0x03, 0x06, 0x06, 0x00, 0x00, 0x06, 0x00, 0x00, 0x09, 0x00, 0x00,
    0x01, 0x01, 0x01, 0x01, 0x09, 0x01, 0x01, 0x01, 0x01, 0x01, 0x01, 0x01,
    0x01, 0x01, 0x09, 0x01, 0x05, 0x01, 0x05, 0x01, 0x09, 0x09, 0x01, 0x01,
    0x01, 0x01, 0x05, 0x05, 0x05, 0x02, 0x02, 0x05, 0x01, 0x01, 0x05, 0x05,
    0x05, 0x05, 0x02, 0x02, 0x02, 0x02, 0x02, 0x02, 0x05, 0x05, 0x05, 0x05,
    0x01, 0x05, 0x05, 0x05, 0x05, 0x02, 0x02, 0x02, 0x02, 0x02, 0x02, 0x05,
    0x05, 0x01, 0x05, 0x05, 0x01, 0x01, 0x01, 0x01, 0x01, 0x01, 0x01, 0x01,
    0x05, 0x05, 0x05, 0x05, 0x01, 0x01, 0x01, 0x09, 0x00, 0x00, 0x00, 0x00,
    0x09, 0x09, 0x01, 0x01, 0x00, 0x00, 0x00, 0x00, 0x06, 0x00, 0x00, 0x06,
    0x00, 0x00, 0x00, 0x00, 0x00, 0x00, 0x00, 0x00, 0x00, 0x00, 0x00, 0x00,
    0x00, 0x00, 0x00, 0x00, 0x00, 0x06, 0x06, 0x03, 0x03, 0x03, 0x06, 0x03,
    0x03, 0x03, 0x06, 0x06, 0x06, 0x03, 0x03, 0x03, 0x03, 0x0D, 0x04, 0x04,
    0x04, 0x04, 0x04, 0x04, 0x04, 0x04, 0x0E, 0x07, 0x0E, 0x0E, 0x0E, 0x0E,
    0x07, 0x07, 0x07, 0x07, 0x07, 0x07, 0x07, 0x10, 0x07, 0x07, 0x07, 0x15,
    0x0C, 0x08, 0x08, 0x0A, 0x07, 0x03, 0x02, 0x11, 0x23, 0x23, 0x11, 0x11,
    0x11, 0x11, 0x11, 0x11, 0x23, 0x23, 0x23, 0x2A, 0x16, 0x0A, 0x16, 0x16,
    0x10, 0x10, 0x26, 0x2A, 0x08, 0x0C, 0x2A, 0x38, 0x38, 0x11, 0x23, 0x23,
    0x23, 0x23, 0x23, 0x11, 0x00, 0x10, 0x0C, 0x10, 0x2C, 0x25, 0x08, 0x0A,
    0x08, 0x10, 0x0C, 0x0B, 0x0B, 0x0B, 0x0A, 0x00, 0x2C, 0x5C, 0x25, 0x25,
    0x25, 0x25, 0x2A, 0x04, 0x16, 0x16, 0x0A, 0x1D, 0x0A, 0x07, 0x10, 0x0E,
    0x08, 0x0B, 0x0A, 0x0A, 0x08, 0x0B, 0x0B, 0x0B, 0x0B, 0x0B, 0x0B, 0x0B,
    0x0B, 0x0B, 0x16, 0x0E, 0x1D, 0x0C, 0x08, 0x0C, 0x0C, 0x0B, 0x08, 0x0A,
    0x10, 0x07, 0x07, 0x07, 0x07, 0x0E, 0x07, 0x07, 0x07, 0x07, 0x07, 0x0E,
    0x0E, 0x04, 0x0E, 0x0E, 0x0E, 0x0E, 0x04, 0x04, 0x04, 0x0E, 0x0E, 0x07,
    0x07, 0x0E, 0x0E, 0x0E, 0x0E, 0x07, 0x0E, 0x0E, 0x04, 0x04, 0x04, 0x04,
    0x04, 0x04, 0x04, 0x04, 0x04, 0x04, 0x04, 0x03, 0x03, 0x03, 0x03, 0x03,
    0x03, 0x03, 0x0D, 0x0D, 0x04, 0x0D, 0x03, 0x03, 0x03, 0x03, 0x06, 0x00,
    0x00, 0x06, 0x00, 0x00, 0x00, 0x00, 0x00, 0x00, 0x00, 0x00, 0x00, 0x00,
    0x00, 0x09, 0x09, 0x00, 0x09, 0x01, 0x01, 0x05, 0x05, 0x01, 0x05, 0x05,
    0x01, 0x01, 0x01, 0x01, 0x01, 0x01, 0x05, 0x05, 0x05, 0x01, 0x05, 0x01,
    0x01, 0x01, 0x01, 0x01, 0x01, 0x01, 0x01, 0x05, 0x02, 0x02, 0x02, 0x02,
    0x02, 0x02, 0x02, 0x0F, 0x02, 0x02, 0x02, 0x02, 0x02, 0x05, 0x05, 0x05,
    0x05, 0x05, 0x05, 0x05, 0x05, 0x05, 0x05, 0x05, 0x01, 0x01, 0x01, 0x01,
    0x01, 0x01, 0x09, 0x01, 0x01, 0x01, 0x09, 0x09, 0x09, 0x00, 0x01, 0x01,
    0x01, 0x01, 0x01, 0x09, 0x00, 0x09, 0x09, 0x09, 0x09, 0x00, 0x00, 0x00,
    0x00, 0x00, 0x00, 0x00, 0x00, 0x00, 0x06, 0x06, 0x06, 0x03, 0x03, 0x03,
    0x06, 0x06, 0x06, 0x00, 0x00, 0x06, 0x06, 0x06, 0x03, 0x00, 0x06, 0x03,
    0x06, 0x00, 0x00, 0x00, 0x00, 0x00, 0x00, 0x00, 0x06, 0x03, 0x06, 0x06,
    0x03, 0x04, 0x03, 0x04, 0x03, 0x03, 0x03, 0x03, 0x03, 0x03, 0x0D, 0x04,
    0x03, 0x04, 0x04, 0x04, 0x04, 0x04, 0x0D, 0x04, 0x04, 0x04, 0x04, 0x0E,
    0x0E, 0x07, 0x07, 0x07, 0x07, 0x07, 0x07, 0x07, 0x10, 0x0C, 0x08, 0x08,
    0x0A, 0x07, 0x03, 0x01, 0x02, 0x02, 0x2B, 0x2B, 0x2B, 0x2B, 0x2B, 0x2B,
    0x2B, 0x24, 0x24, 0x2D, 0x3A, 0x1D, 0x0C, 0x08, 0x10, 0x07, 0x26, 0x2A,
    0x08, 0x0C, 0x20, 0x05, 0x12, 0x02, 0x02, 0x02, 0x02, 0x02, 0x02, 0x09,
    0x07, 0x0C, 0x0A, 0x0C, 0x2F, 0x1E, 0x1D, 0x0A, 0x08, 0x0C, 0x0C, 0x0B,
    0x0B, 0x0B, 0x0A, 0x04, 0x24, 0x58, 0x23, 0x23, 0x23, 0x23, 0x11, 0x23,
    0x3A, 0x08, 0x0A, 0x1D, 0x0A, 0x0D, 0x07, 0x07, 0x0B, 0x08, 0x16, 0x0A,
    0x08, 0x08, 0x08, 0x08, 0x08, 0x08, 0x08, 0x08, 0x08, 0x08, 0x08, 0x08,
    0x0A, 0x0C, 0x16, 0x0A, 0x10, 0x08, 0x0B, 0x16, 0x15, 0x07, 0x07, 0x07,
    0x07, 0x0E, 0x04, 0x04, 0x0E, 0x04, 0x04, 0x04, 0x04, 0x04, 0x04, 0x04,
    0x04, 0x04, 0x0D, 0x0D, 0x04, 0x04, 0x0D, 0x04, 0x04, 0x04, 0x04, 0x04,
    0x04, 0x0D, 0x04, 0x04, 0x04, 0x03, 0x03, 0x03, 0x0D, 0x0D, 0x0D, 0x04,
    0x04, 0x04, 0x04, 0x04, 0x0D, 0x03, 0x03, 0x03, 0x03, 0x03, 0x03, 0x06,
    0x06, 0x06, 0x03, 0x06, 0x06, 0x06, 0x06, 0x00, 0x06, 0x00, 0x00, 0x06,
    0x06, 0x06, 0x06, 0x06, 0x00, 0x00, 0x00, 0x00, 0x00, 0x00, 0x00, 0x00,
    0x00, 0x00, 0x00, 0x00, 0x00, 0x09, 0x01, 0x01, 0x01, 0x01, 0x01, 0x01,
    0x01, 0x01, 0x01, 0x01, 0x05, 0x01, 0x01, 0x05, 0x01, 0x01, 0x01, 0x01,
    0x01, 0x09, 0x01, 0x05, 0x05, 0x05, 0x02, 0x02, 0x02, 0x02, 0x02, 0x05,
    0x02, 0x02, 0x02, 0x05, 0x05, 0x02, 0x05, 0x01, 0x01, 0x05, 0x05, 0x02,
    0x02, 0x0F, 0x0F, 0x02, 0x02, 0x02, 0x02, 0x02, 0x02, 0x05, 0x01, 0x01,
    0x05, 0x05, 0x05, 0x05, 0x01, 0x05, 0x05, 0x01, 0x01, 0x01, 0x01, 0x01,
    0x01, 0x00, 0x09, 0x00, 0x00, 0x06, 0x06, 0x03, 0x06, 0x06, 0x00, 0x00,
    0x00, 0x00, 0x00, 0x00, 0x00, 0x06, 0x06, 0x06, 0x03, 0x03, 0x03, 0x06,
    0x00, 0x00, 0x06, 0x06, 0x03, 0x06, 0x06, 0x03, 0x03, 0x06, 0x06, 0x06,
    0x03, 0x03, 0x03, 0x03, 0x03, 0x04, 0x04, 0x04, 0x04, 0x04, 0x04, 0x04,
    0x04, 0x04, 0x04, 0x04, 0x04, 0x04, 0x04, 0x0E, 0x0E, 0x0E, 0x0E, 0x0E,
    0x0E, 0x04, 0x04, 0x0E, 0x0E, 0x0E, 0x07, 0x07, 0x07, 0x0E, 0x0E, 0x07,
    0x07, 0x07, 0x07, 0x07, 0x10, 0x0C, 0x3B, 0x08, 0x08, 0x0A, 0x10, 0x04,
    0x03, 0x40, 0x09, 0x09, 0x09, 0x09, 0x09, 0x09, 0x09, 0x01, 0x0F, 0x2D,
    0x26, 0x16, 0x0C, 0x1D, 0x10, 0x0D, 0x26, 0x2A, 0x08, 0x0C, 0x0C, 0x09,
    0x01, 0x03, 0x03, 0x03, 0x03, 0x03, 0x0D, 0x07, 0x0C, 0x0A, 0x08, 0x0C,
    0x00, 0x2C, 0x16, 0x0A, 0x08, 0x0A, 0x10, 0x08, 0x0B, 0x0B, 0x0A, 0x10,
    0x03, 0x02, 0x2B, 0x2B, 0x2B, 0x24, 0x29, 0x2D, 0x2C, 0x0A, 0x0A, 0x08,
    0x0C, 0x0D, 0x0D, 0x15, 0x0B, 0x08, 0x1D, 0x1D, 0x16, 0x16, 0x16, 0x0A,
    0x0A, 0x0A, 0x0A, 0x0A, 0x0A, 0x0A, 0x0A, 0x16, 0x0A, 0x0A, 0x0A, 0x1D,
    0x10, 0x08, 0x0B, 0x08, 0x0C, 0x10, 0x07, 0x07, 0x07, 0x07, 0x07, 0x07,
    0x07, 0x07, 0x07, 0x07, 0x07, 0x07, 0x07, 0x07, 0x07, 0x04, 0x04, 0x04,
    0x04, 0x04, 0x04, 0x04, 0x04, 0x04, 0x04, 0x04, 0x04, 0x04, 0x04, 0x04,
    0x04, 0x04, 0x04, 0x0D, 0x0D, 0x03, 0x03, 0x03, 0x03, 0x03, 0x03, 0x03,
    0x03, 0x0D, 0x04, 0x03, 0x03, 0x03, 0x03, 0x04, 0x03, 0x03, 0x03, 0x03,
    0x03, 0x03, 0x06, 0x00, 0x00, 0x00, 0x01, 0x01, 0x01, 0x01, 0x01, 0x01,
    0x09, 0x00, 0x00, 0x00, 0x00, 0x00, 0x01, 0x01, 0x01, 0x05, 0x01, 0x01,
    0x01, 0x01, 0x01, 0x01, 0x01, 0x01, 0x01, 0x01, 0x09, 0x09, 0x00, 0x00,
    0x00, 0x00, 0x00, 0x01, 0x05, 0x05, 0x05, 0x05, 0x05, 0x05, 0x05, 0x01,
    0x05, 0x05, 0x02, 0x02, 0x02, 0x02, 0x02, 0x02, 0x02, 0x02, 0x02, 0x02,
    0x02, 0x02, 0x02, 0x02, 0x05, 0x05, 0x05, 0x02, 0x02, 0x02, 0x02, 0x02,
    0x02, 0x02, 0x05, 0x01, 0x01, 0x01, 0x01, 0x01, 0x09, 0x09, 0x09, 0x01,
    0x01, 0x01, 0x01, 0x01, 0x01, 0x01, 0x09, 0x09, 0x09, 0x09, 0x09, 0x01,
    0x01, 0x01, 0x01, 0x00, 0x00, 0x00, 0x00, 0x00, 0x06, 0x06, 0x06, 0x06,
    0x06, 0x00, 0x00, 0x06, 0x06, 0x06, 0x03, 0x03, 0x03, 0x04, 0x0D, 0x04,
    0x04, 0x04, 0x04, 0x04, 0x04, 0x03, 0x04, 0x04, 0x04, 0x03, 0x03, 0x0D,
    0x03, 0x03, 0x04, 0x04, 0x04, 0x04, 0x04, 0x04, 0x04, 0x0E, 0x04, 0x04,
    0x04, 0x04, 0x04, 0x04, 0x04, 0x0E, 0x04, 0x0E, 0x0E, 0x0E, 0x0E, 0x07,
    0x07, 0x07, 0x07, 0x07, 0x07, 0x07, 0x07, 0x10, 0x07, 0x07, 0x07, 0x07,
    0x10, 0x0C, 0x1D, 0x0B, 0x0B, 0x08, 0x0A, 0x0C, 0x0C, 0x10, 0x10, 0x10,
    0x10, 0x10, 0x10, 0x10, 0x07, 0x0D, 0x03, 0x2B, 0x26, 0x16, 0x0C, 0x1D,
    0x15, 0x03, 0x2C, 0x2A, 0x08, 0x0C, 0x0C, 0x03, 0x0D, 0x10, 0x10, 0x10,
    0x10, 0x10, 0x0C, 0x0C, 0x1D, 0x08, 0x08, 0x0A, 0x0D, 0x11, 0x15, 0x0A,
    0x0A, 0x08, 0x10, 0x0A, 0x0B, 0x0B, 0x08, 0x0C, 0x07, 0x0D, 0x40, 0x09,
    0x09, 0x09, 0x0F, 0x2B, 0x04, 0x08, 0x0A, 0x08, 0x10, 0x0D, 0x03, 0x0C,
    0x0B, 0x16, 0x04, 0x25, 0x04, 0x04, 0x27, 0x36, 0x15, 0x20, 0x20, 0x20,
    0x20, 0x20, 0x20, 0x20, 0x0C, 0x0A, 0x0C, 0x08, 0x15, 0x0A, 0x0B, 0x08,
    0x0C, 0x10, 0x07, 0x07, 0x07, 0x07, 0x10, 0x07, 0x10, 0x10, 0x07, 0x07,
    0x07, 0x07, 0x07, 0x0E, 0x04, 0x04, 0x04, 0x07, 0x07, 0x0E, 0x07, 0x0E,
    0x0E, 0x07, 0x07, 0x07, 0x07, 0x0E, 0x04, 0x04, 0x04, 0x04, 0x04, 0x0D,
    0x03, 0x03, 0x04, 0x04, 0x03, 0x03, 0x03, 0x04, 0x03, 0x03, 0x03, 0x06,
    0x06, 0x00, 0x00, 0x06, 0x00, 0x00, 0x06, 0x06, 0x06, 0x06, 0x03, 0x03,
    0x03, 0x06, 0x00, 0x01, 0x09, 0x00, 0x00, 0x00, 0x00, 0x00, 0x00, 0x00,
    0x06, 0x00, 0x00, 0x00, 0x09, 0x01, 0x01, 0x01, 0x01, 0x01, 0x01, 0x09,
    0x00, 0x01, 0x01, 0x01, 0x01, 0x05, 0x05, 0x05, 0x01, 0x01, 0x01, 0x09,
    0x09, 0x00, 0x00, 0x09, 0x01, 0x05, 0x05, 0x02, 0x02, 0x02, 0x02, 0x02,
    0x05, 0x01, 0x01, 0x01, 0x02, 0x0F, 0x0F, 0x0F, 0x02, 0x02, 0x02, 0x02,
    0x02, 0x05, 0x02, 0x02, 0x02, 0x02, 0x02, 0x02, 0x02, 0x02, 0x05, 0x01,
    0x01, 0x09, 0x01, 0x09, 0x01, 0x01, 0x01, 0x01, 0x00, 0x01, 0x01, 0x01,
    0x00, 0x01, 0x01, 0x01, 0x01, 0x09, 0x01, 0x01, 0x01, 0x05, 0x01, 0x01,
    0x09, 0x00, 0x00, 0x00, 0x00, 0x00, 0x00, 0x00, 0x00, 0x00, 0x00, 0x00,
    0x00, 0x00, 0x00, 0x00, 0x00, 0x00, 0x00, 0x00, 0x00, 0x06, 0x06, 0x03,
    0x03, 0x06, 0x06, 0x03, 0x03, 0x03, 0x03, 0x03, 0x06, 0x03, 0x03, 0x0D,
    0x04, 0x04, 0x04, 0x04, 0x04, 0x04, 0x04, 0x04, 0x04, 0x04, 0x04, 0x04,
    0x0E, 0x0E, 0x0E, 0x07, 0x07, 0x0E, 0x04, 0x0E, 0x04, 0x04, 0x07, 0x07,
    0x07, 0x07, 0x10, 0x10, 0x07, 0x10, 0x07, 0x10, 0x15, 0x0C, 0x08, 0x0B,
    0x0B, 0x0B, 0x08, 0x08, 0x08, 0x0A, 0x0A, 0x0A, 0x0A, 0x0A, 0x0A, 0x0A,
    0x0A, 0x0C, 0x07, 0x01, 0x00, 0x16, 0x0C, 0x08, 0x15, 0x03, 0x2C, 0x2A,
    0x08, 0x0C, 0x0A, 0x0D, 0x10, 0x0A, 0x0A, 0x42, 0x0A, 0x08, 0x08, 0x08,
    0x0B, 0x0B, 0x0B, 0x0A, 0x07, 0x11, 0x25, 0x1D, 0x0A, 0x08, 0x0A, 0x0C,
    0x08, 0x0B, 0x0B, 0x08, 0x0A, 0x20, 0x10, 0x10, 0x07, 0x0D, 0x09, 0x0A,
    0x0B, 0x08, 0x0A, 0x08, 0x04, 0x03, 0x03, 0x1D, 0x0B, 0x0A, 0x26, 0x11,
    0x23, 0x11, 0x11, 0x11, 0x11, 0x3C, 0x2C, 0x2C, 0x3C, 0x3C, 0x2C, 0x11,
    0x1E, 0x16, 0x0C, 0x1D, 0x0C, 0x0C, 0x0B, 0x08, 0x0A, 0x15, 0x07, 0x07,
    0x10, 0x07, 0x07, 0x07, 0x07, 0x07, 0x0E, 0x07, 0x07, 0x07, 0x07, 0x07,
    0x07, 0x07, 0x0E, 0x04, 0x04, 0x04, 0x04, 0x04, 0x04, 0x0E, 0x07, 0x07,
    0x07, 0x0E, 0x04, 0x0E, 0x04, 0x04, 0x04, 0x03, 0x03, 0x03, 0x0D, 0x03,
    0x04, 0x04, 0x0D, 0x0D, 0x04, 0x03, 0x03, 0x06, 0x06, 0x06, 0x06, 0x06,
    0x00, 0x06, 0x06, 0x06, 0x00, 0x00, 0x00, 0x00, 0x00, 0x00, 0x00, 0x00,
    0x00, 0x00, 0x00, 0x00, 0x00, 0x06, 0x00, 0x00, 0x00, 0x00, 0x00, 0x00,
    0x00, 0x00, 0x00, 0x00, 0x00, 0x09, 0x01, 0x01, 0x01, 0x01, 0x01, 0x01,
    0x05, 0x05, 0x02, 0x05, 0x05, 0x05, 0x05, 0x05, 0x05, 0x05, 0x01, 0x01,
    0x05, 0x05, 0x02, 0x02, 0x02, 0x02, 0x02, 0x02, 0x02, 0x02, 0x02, 0x02,
    0x02, 0x0F, 0x0F, 0x02, 0x02, 0x05, 0x05, 0x05, 0x05, 0x05, 0x05, 0x02,
    0x02, 0x02, 0x02, 0x02, 0x02, 0x02, 0x02, 0x02, 0x02, 0x05, 0x05, 0x05,
    0x05, 0x05, 0x05, 0x01, 0x01, 0x01, 0x01, 0x01, 0x01, 0x01, 0x01, 0x01,
    0x09, 0x00, 0x09, 0x09, 0x00, 0x00, 0x00, 0x06, 0x09, 0x01, 0x01, 0x09,
    0x00, 0x09, 0x01, 0x01, 0x00, 0x00, 0x00, 0x00, 0x00, 0x00, 0x00, 0x00,
    0x00, 0x06, 0x06, 0x06, 0x06, 0x03, 0x03, 0x03, 0x03, 0x0D, 0x04, 0x04,
    0x04, 0x0D, 0x03, 0x0D, 0x04, 0x04, 0x04, 0x04, 0x04, 0x04, 0x04, 0x04,
    0x04, 0x04, 0x04, 0x04, 0x04, 0x04, 0x04, 0x04, 0x04, 0x0E, 0x0E, 0x0E,
    0x07, 0x0E, 0x07, 0x07, 0x04, 0x04, 0x0E, 0x07, 0x07, 0x07, 0x07, 0x07,
    0x10, 0x15, 0x15, 0x15, 0x0C, 0x16, 0x0B, 0x0B, 0x0B, 0x0B, 0x08, 0x08,
    0x08, 0x08, 0x08, 0x08, 0x08, 0x08, 0x08, 0x08, 0x08, 0x0A, 0x10, 0x01,
    0x36, 0x08, 0x0A, 0x08, 0x10, 0x40, 0x02, 0x2A, 0x08, 0x0C, 0x0A, 0x07,
    0x0C, 0x08, 0x08, 0x08, 0x08, 0x08, 0x0B, 0x0B, 0x0B, 0x0B, 0x0B, 0x16,
    0x10, 0x26, 0x1F, 0x0A, 0x0A, 0x0A, 0x0B, 0x0C, 0x0A, 0x0B, 0x0B, 0x0B,
    0x08, 0x08, 0x0A, 0x0A, 0x0C, 0x07, 0x10, 0x0B, 0x08, 0x16, 0x0A, 0x0A,
    0x03, 0x03, 0x03, 0x08, 0x08, 0x0C, 0x0C, 0x2F, 0x2D, 0x24, 0x24, 0x24,
    0x24, 0x24, 0x24, 0x24, 0x24, 0x24, 0x2D, 0x2D, 0x11, 0x4A, 0x0A, 0x16,
    0x0A, 0x10, 0x08, 0x0B, 0x16, 0x20, 0x10, 0x10, 0x07, 0x07, 0x07, 0x07,
    0x0E, 0x04, 0x0E, 0x07, 0x0E, 0x07, 0x07, 0x07, 0x07, 0x07, 0x0E, 0x0E,
    0x04, 0x04, 0x04, 0x04, 0x04, 0x0E, 0x04, 0x04, 0x0E, 0x07, 0x07, 0x0E,
    0x0E, 0x0E, 0x0E, 0x04, 0x04, 0x04, 0x04, 0x04, 0x04, 0x04, 0x04, 0x04,
    0x04, 0x04, 0x0D, 0x03, 0x03, 0x03, 0x06, 0x00, 0x00, 0x06, 0x06, 0x06,
    0x03, 0x06, 0x00, 0x00, 0x00, 0x00, 0x00, 0x00, 0x00, 0x00, 0x00, 0x00,
    0x00, 0x00, 0x01, 0x01, 0x00, 0x01, 0x01, 0x00, 0x00, 0x09, 0x00, 0x09,
    0x09, 0x09, 0x01, 0x09, 0x01, 0x01, 0x01, 0x09, 0x01, 0x01, 0x01, 0x01,
    0x01, 0x01, 0x02, 0x02, 0x02, 0x02, 0x02, 0x02, 0x02, 0x02, 0x02, 0x02,
    0x02, 0x02, 0x0F, 0x02, 0x02, 0x02, 0x02, 0x02, 0x02, 0x02, 0x02, 0x02,
    0x02, 0x02, 0x02, 0x02, 0x02, 0x02, 0x02, 0x02, 0x02, 0x02, 0x02, 0x02,
    0x02, 0x02, 0x02, 0x02, 0x02, 0x02, 0x02, 0x02, 0x02, 0x02, 0x05, 0x01,
    0x01, 0x01, 0x01, 0x01, 0x01, 0x01, 0x09, 0x00, 0x00, 0x00, 0x09, 0x00,
    0x00, 0x00, 0x00, 0x00, 0x00, 0x00, 0x00, 0x00, 0x06, 0x00, 0x00, 0x00,
    0x00, 0x00, 0x00, 0x00, 0x00, 0x06, 0x06, 0x00, 0x00, 0x00, 0x06, 0x06,
    0x03, 0x03, 0x03, 0x03, 0x0D, 0x04, 0x04, 0x04, 0x04, 0x04, 0x04, 0x0D,
    0x04, 0x04, 0x04, 0x04, 0x04, 0x04, 0x04, 0x04, 0x04, 0x04, 0x04, 0x04,
    0x04, 0x04, 0x04, 0x04, 0x04, 0x04, 0x04, 0x04, 0x04, 0x04, 0x04, 0x0E,
    0x07, 0x07, 0x07, 0x07, 0x07, 0x07, 0x07, 0x0E, 0x0E, 0x07, 0x07, 0x10,
    0x0C, 0x08, 0x0B, 0x0B, 0x08, 0x08, 0x0A, 0x0A, 0x0A, 0x0A, 0x08, 0x08,
    0x08, 0x08, 0x08, 0x08, 0x0A, 0x0C, 0x07, 0x07, 0x08, 0x1D, 0x16, 0x08,
    0x07, 0x03, 0x02, 0x2A, 0x08, 0x0A, 0x0A, 0x0D, 0x10, 0x0A, 0x08, 0x08,
    0x08, 0x08, 0x08, 0x08, 0x08, 0x08, 0x08, 0x0A, 0x3F, 0x03, 0x11, 0x37,
    0x1D, 0x0A, 0x08, 0x08, 0x0C, 0x0A, 0x08, 0x0B, 0x0B, 0x08, 0x08, 0x08,
    0x0C, 0x10, 0x0B, 0x0B, 0x1D, 0x0A, 0x16, 0x07, 0x09, 0x03, 0x04, 0x0B,
    0x1D, 0x0A, 0x0A, 0x0F, 0x0F, 0x09, 0x09, 0x09, 0x09, 0x09, 0x09, 0x09,
    0x09, 0x09, 0x01, 0x12, 0x24, 0x15, 0x16, 0x0A, 0x1D, 0x10, 0x08, 0x0B,
    0x08, 0x0C, 0x10, 0x10, 0x10, 0x07, 0x07, 0x07, 0x07, 0x07, 0x07, 0x07,
    0x0E, 0x04, 0x04, 0x04, 0x04, 0x04, 0x04, 0x04, 0x04, 0x07, 0x07, 0x0E,
    0x04, 0x04, 0x04, 0x04, 0x04, 0x0D, 0x0D, 0x03, 0x03, 0x0D, 0x0D, 0x0D,
    0x04, 0x0D, 0x03, 0x0D, 0x03, 0x03, 0x03, 0x06, 0x06, 0x06, 0x06, 0x03,
    0x03, 0x03, 0x03, 0x03, 0x06, 0x06, 0x00, 0x00, 0x00, 0x00, 0x00, 0x00,
    0x00, 0x00, 0x00, 0x00, 0x00, 0x00, 0x00, 0x01, 0x01, 0x01, 0x01, 0x01,
    0x01, 0x01, 0x01, 0x01, 0x09, 0x09, 0x09, 0x00, 0x09, 0x01, 0x01, 0x01,
    0x01, 0x09, 0x01, 0x01, 0x09, 0x01, 0x01, 0x09, 0x01, 0x01, 0x01, 0x01,
    0x09, 0x09, 0x01, 0x01, 0x01, 0x05, 0x02, 0x02, 0x02, 0x05, 0x02, 0x02,
    0x02, 0x02, 0x02, 0x02, 0x0F, 0x0F, 0x02, 0x0F, 0x12, 0x0F, 0x02, 0x02,
    0x02, 0x02, 0x05, 0x02, 0x02, 0x02, 0x02, 0x02, 0x05, 0x05, 0x01, 0x01,
    0x05, 0x01, 0x05, 0x01, 0x01, 0x05, 0x05, 0x01, 0x01, 0x01, 0x01, 0x01,
    0x01, 0x01, 0x01, 0x09, 0x09, 0x09, 0x09, 0x09, 0x00, 0x09, 0x01, 0x09,
    0x00, 0x09, 0x09, 0x00, 0x00, 0x00, 0x00, 0x00, 0x00, 0x00, 0x06, 0x03,
    0x03, 0x06, 0x06, 0x06, 0x00, 0x00, 0x00, 0x06, 0x06, 0x00, 0x06, 0x06,
    0x06, 0x03, 0x03, 0x03, 0x03, 0x0D, 0x03, 0x03, 0x04, 0x0D, 0x03, 0x03,
    0x04, 0x04, 0x04, 0x04, 0x04, 0x04, 0x04, 0x0E, 0x04, 0x0E, 0x07, 0x07,
    0x07, 0x07, 0x07, 0x07, 0x07, 0x07, 0x07, 0x07, 0x07, 0x07, 0x10, 0x07,
    0x07, 0x07, 0x07, 0x0E, 0x07, 0x07, 0x07, 0x10, 0x0A, 0x08, 0x0B, 0x08,
    0x16, 0x0B, 0x0A, 0x0C, 0x0C, 0x0C, 0x0C, 0x0C, 0x0C, 0x0A, 0x0A, 0x0A,
    0x0A, 0x0A, 0x0A, 0x0B, 0x0B, 0x1D, 0x16, 0x08, 0x0D, 0x03, 0x2C, 0x2A,
    0x08, 0x0A, 0x0A, 0x10, 0x10, 0x0C, 0x0A, 0x0A, 0x0A, 0x0C, 0x0C, 0x0C,
    0x0C, 0x0A, 0x0A, 0x0A, 0x0C, 0x0D, 0x2C, 0x1F, 0x20, 0x0A, 0x0A, 0x1D,
    0x0A, 0x0C, 0x0C, 0x0A, 0x0A, 0x0A, 0x0A, 0x0C, 0x0C, 0x0B, 0x0B, 0x08,
    0x0A, 0x42, 0x16, 0x06, 0x03, 0x06, 0x0E, 0x0B, 0x16, 0x0A, 0x10, 0x01,
    0x0D, 0x07, 0x07, 0x07, 0x07, 0x07, 0x07, 0x07, 0x07, 0x07, 0x0D, 0x09,
    0x2D, 0x27, 0x16, 0x0C, 0x08, 0x10, 0x0A, 0x0B, 0x08, 0x0C, 0x10, 0x07,
    0x07, 0x07, 0x07, 0x07, 0x07, 0x07, 0x07, 0x07, 0x07, 0x07, 0x07, 0x07,
    0x07, 0x07, 0x0E, 0x0E, 0x0E, 0x04, 0x0E, 0x07, 0x07, 0x0E, 0x0E, 0x04,
    0x04, 0x04, 0x04, 0x0D, 0x04, 0x04, 0x03, 0x03, 0x04, 0x0D, 0x0D, 0x04,
    0x04, 0x03, 0x03, 0x03, 0x06, 0x06, 0x06, 0x00, 0x06, 0x00, 0x00, 0x00,
    0x00, 0x00, 0x00, 0x00, 0x00, 0x00, 0x00, 0x00, 0x00, 0x09, 0x00, 0x09,
    0x00, 0x00, 0x00, 0x00, 0x00, 0x00, 0x00, 0x00, 0x00, 0x01, 0x09, 0x00,
    0x09, 0x01, 0x01, 0x09, 0x01, 0x01, 0x01, 0x01, 0x09, 0x09, 0x09, 0x01,
    0x01, 0x01, 0x01, 0x01, 0x01, 0x05, 0x02, 0x05, 0x05, 0x05, 0x05, 0x05,
    0x05, 0x05, 0x01, 0x05, 0x05, 0x01, 0x01, 0x05, 0x05, 0x05, 0x02, 0x0F,
    0x0F, 0x02, 0x02, 0x02, 0x02, 0x02, 0x02, 0x02, 0x02, 0x02, 0x02, 0x05,
    0x05, 0x05, 0x02, 0x02, 0x02, 0x02, 0x02, 0x02, 0x02, 0x02, 0x02, 0x02,
    0x05, 0x01, 0x01, 0x01, 0x01, 0x01, 0x01, 0x01, 0x01, 0x05, 0x05, 0x01,
    0x01, 0x01, 0x09, 0x09, 0x09, 0x00, 0x00, 0x00, 0x00, 0x06, 0x06, 0x03,
    0x06, 0x06, 0x06, 0x00, 0x00, 0x00, 0x00, 0x00, 0x00, 0x06, 0x06, 0x03,
    0x06, 0x06, 0x03, 0x03, 0x03, 0x03, 0x03, 0x03, 0x03, 0x03, 0x03, 0x04,
    0x04, 0x04, 0x04, 0x04, 0x04, 0x04, 0x04, 0x04, 0x04, 0x04, 0x04, 0x04,
    0x04, 0x04, 0x04, 0x04, 0x04, 0x04, 0x04, 0x04, 0x04, 0x04, 0x04, 0x0E,
    0x07, 0x07, 0x07, 0x07, 0x07, 0x07, 0x10, 0x15, 0x15, 0x15, 0x10, 0x10,
    0x15, 0x15, 0x10, 0x15, 0x16, 0x08, 0x08, 0x0A, 0x0B, 0x0B, 0x08, 0x0A,
    0x0A, 0x0A, 0x0A, 0x0A, 0x0A, 0x08, 0x08, 0x0B, 0x0B, 0x0B, 0x0B, 0x0B,
    0x08, 0x16, 0x16, 0x07, 0x06, 0x0D, 0x05, 0x2A, 0x08, 0x0A, 0x0A, 0x16,
    0x16, 0x0A, 0x0A, 0x0A, 0x0A, 0x0A, 0x0A, 0x0A, 0x0A, 0x0A, 0x0C, 0x0A,
    0x10, 0x07, 0x06, 0x11, 0x1E, 0x16, 0x0A, 0x0A, 0x0A, 0x0A, 0x0A, 0x0C,
    0x0A, 0x0A, 0x08, 0x08, 0x0B, 0x0B, 0x08, 0x0A, 0x0A, 0x16, 0x04, 0x00,
    0x0D, 0x2F, 0x15, 0x08, 0x16, 0x16, 0x07, 0x03, 0x0C, 0x0A, 0x0A, 0x0A,
    0x0A, 0x0A, 0x0A, 0x0A, 0x0A, 0x0A, 0x4E, 0x4C, 0x2B, 0x25, 0x08, 0x0C,
    0x08, 0x0C, 0x0C, 0x0B, 0x08, 0x0C, 0x07, 0x07, 0x07, 0x07, 0x07, 0x07,
    0x07, 0x0E, 0x07, 0x0E, 0x07, 0x0E, 0x07, 0x07, 0x0E, 0x07, 0x07, 0x07,
    0x07, 0x07, 0x07, 0x07, 0x07, 0x07, 0x07, 0x07, 0x07, 0x07, 0x07, 0x0E,
    0x0E, 0x04, 0x04, 0x04, 0x04, 0x04, 0x0D, 0x04, 0x03, 0x0D, 0x03, 0x03,
    0x03, 0x03, 0x03, 0x06, 0x06, 0x03, 0x03, 0x03, 0x03, 0x03, 0x00, 0x00,
    0x00, 0x00, 0x00, 0x00, 0x00, 0x06, 0x00, 0x00, 0x00, 0x00, 0x00, 0x01,
    0x01, 0x01, 0x05, 0x01, 0x01, 0x09, 0x01, 0x09, 0x00, 0x01, 0x01, 0x09,
    0x01, 0x01, 0x01, 0x01, 0x01, 0x01, 0x01, 0x05, 0x05, 0x01, 0x01, 0x09,
    0x09, 0x09, 0x01, 0x01, 0x09, 0x09, 0x01, 0x02, 0x02, 0x05, 0x05, 0x05,
    0x02, 0x05, 0x05, 0x01, 0x01, 0x01, 0x05, 0x05, 0x02, 0x02, 0x02, 0x02,
    0x02, 0x0F, 0x0F, 0x02, 0x02, 0x02, 0x02, 0x02, 0x02, 0x05, 0x01, 0x01,
    0x01, 0x05, 0x01, 0x01, 0x01, 0x01, 0x01, 0x01, 0x09, 0x00, 0x00, 0x00,
    0x09, 0x00, 0x00, 0x00, 0x00, 0x00, 0x01, 0x00, 0x00, 0x01, 0x01, 0x01,
    0x01, 0x00, 0x09, 0x01, 0x01, 0x01, 0x09, 0x00, 0x00, 0x00, 0x00, 0x00,
    0x00, 0x00, 0x06, 0x06, 0x06, 0x06, 0x00, 0x00, 0x00, 0x00, 0x06, 0x03,
    0x03, 0x03, 0x04, 0x04, 0x0D, 0x03, 0x03, 0x03, 0x03, 0x03, 0x03, 0x03,
    0x03, 0x04, 0x04, 0x04, 0x04, 0x04, 0x04, 0x04, 0x04, 0x04, 0x04, 0x04,
    0x04, 0x04, 0x04, 0x0E, 0x0E, 0x0E, 0x0E, 0x07, 0x07, 0x07, 0x07, 0x07,
    0x07, 0x07, 0x07, 0x10, 0x10, 0x15, 0x15, 0x10, 0x10, 0x10, 0x10, 0x20,
    0x16, 0x08, 0x08, 0x0C, 0x16, 0x0B, 0x08, 0x08, 0x08, 0x08, 0x08, 0x08,
    0x0B, 0x0B, 0x0B, 0x0B, 0x0B, 0x0B, 0x08, 0x08, 0x08, 0x16, 0x20, 0x00,
    0x0D, 0x07, 0x26, 0x2A, 0x16, 0x0A, 0x0C, 0x0C, 0x0C, 0x0C, 0x0A, 0x0A,
    0x0A, 0x0A, 0x0A, 0x1D, 0x08, 0x08, 0x0A, 0x16, 0x0C, 0x10, 0x0D, 0x01,
    0x11, 0x2A, 0x16, 0x08, 0x16, 0x16, 0x1D, 0x08, 0x0B, 0x0B, 0x0B, 0x0B,
    0x0B, 0x08, 0x16, 0x16, 0x16, 0x04, 0x2F, 0x03, 0x07, 0x2C, 0x15, 0x08,
    0x0A, 0x0A, 0x0D, 0x07, 0x0A, 0x08, 0x08, 0x1D, 0x16, 0x1D, 0x16, 0x16,
    0x08, 0x08, 0x0A, 0x10, 0x01, 0x1B, 0x08, 0x0C, 0x1D, 0x0A, 0x0C, 0x08,
    0x08, 0x0C, 0x10, 0x07, 0x07, 0x07, 0x07, 0x07, 0x07, 0x07, 0x07, 0x07,
    0x07, 0x07, 0x07, 0x07, 0x07, 0x07, 0x07, 0x07, 0x07, 0x07, 0x07, 0x07,
    0x07, 0x07, 0x07, 0x07, 0x07, 0x07, 0x07, 0x0E, 0x04, 0x04, 0x04, 0x04,
    0x04, 0x04, 0x04, 0x04, 0x03, 0x03, 0x03, 0x06, 0x00, 0x06, 0x03, 0x06,
    0x00, 0x06, 0x06, 0x06, 0x06, 0x00, 0x00, 0x00, 0x00, 0x00, 0x00, 0x00,
    0x00, 0x00, 0x00, 0x06, 0x00, 0x00, 0x00, 0x00, 0x00, 0x00, 0x00, 0x00,
    0x00, 0x06, 0x00, 0x00, 0x00, 0x00, 0x00, 0x00, 0x00, 0x00, 0x00, 0x00,
    0x00, 0x00, 0x01, 0x05, 0x05, 0x05, 0x05, 0x05, 0x05, 0x05, 0x02, 0x05,
    0x05, 0x01, 0x01, 0x01, 0x01, 0x01, 0x01, 0x05, 0x05, 0x05, 0x05, 0x02,
    0x02, 0x02, 0x05, 0x02, 0x0F, 0x0F, 0x12, 0x0F, 0x0F, 0x02, 0x02, 0x0F,
    0x12, 0x12, 0x0F, 0x12, 0x12, 0x0F, 0x02, 0x02, 0x02, 0x02, 0x02, 0x02,
    0x02, 0x02, 0x02, 0x02, 0x05, 0x05, 0x05, 0x05, 0x01, 0x01, 0x01, 0x05,
    0x01, 0x01, 0x09, 0x01, 0x01, 0x01, 0x09, 0x09, 0x01, 0x01, 0x01, 0x01,
    0x01, 0x01, 0x09, 0x00, 0x00, 0x00, 0x00, 0x00, 0x00, 0x00, 0x00, 0x00,
    0x00, 0x00, 0x00, 0x00, 0x00, 0x00, 0x09, 0x00, 0x00, 0x00, 0x00, 0x06,
    0x00, 0x00, 0x03, 0x00, 0x06, 0x03, 0x03, 0x03, 0x0D, 0x04, 0x0D, 0x04,
    0x04, 0x0E, 0x04, 0x04, 0x0E, 0x04, 0x0E, 0x07, 0x07, 0x07, 0x07, 0x07,
    0x07, 0x07, 0x07, 0x07, 0x07, 0x07, 0x07, 0x07, 0x07, 0x07, 0x04, 0x04,
    0x07, 0x07, 0x07, 0x07, 0x07, 0x0E, 0x07, 0x15, 0x0A, 0x08, 0x08, 0x07,
    0x02, 0x1D, 0x08, 0x1D, 0x08, 0x08, 0x08, 0x08, 0x08, 0x08, 0x08, 0x08,
    0x1D, 0x08, 0x08, 0x16, 0x27, 0x37, 0x00, 0x00, 0x10, 0x10, 0x26, 0x2A,
    0x08, 0x0A, 0x16, 0x0A, 0x0A, 0x0A, 0x0A, 0x16, 0x16, 0x16, 0x16, 0x1D,
    0x08, 0x08, 0x0A, 0x16, 0x0C, 0x10, 0x10, 0x03, 0x02, 0x11, 0x1E, 0x15,
    0x08, 0x08, 0x08, 0x08, 0x0B, 0x0B, 0x08, 0x08, 0x08, 0x08, 0x16, 0x27,
    0x41, 0x26, 0x06, 0x07, 0x10, 0x2C, 0x27, 0x08, 0x16, 0x16, 0x0D, 0x0C,
    0x08, 0x08, 0x0A, 0x0C, 0x0C, 0x0C, 0x0C, 0x0C, 0x0A, 0x08, 0x08, 0x0C,
    0x03, 0x11, 0x4A, 0x0A, 0x1D, 0x16, 0x10, 0x08, 0x08, 0x0C, 0x15, 0x07,
    0x07, 0x07, 0x07, 0x07, 0x10, 0x10, 0x10, 0x07, 0x07, 0x07, 0x07, 0x07,
    0x07, 0x07, 0x07, 0x07, 0x07, 0x04, 0x04, 0x04, 0x04, 0x04, 0x04, 0x04,
    0x04, 0x04, 0x04, 0x04, 0x04, 0x04, 0x04, 0x04, 0x0D, 0x03, 0x0D, 0x03,
    0x03, 0x0D, 0x0D, 0x03, 0x06, 0x06, 0x06, 0x06, 0x00, 0x00, 0x00, 0x00,
    0x00, 0x00, 0x00, 0x00, 0x00, 0x09, 0x01, 0x01, 0x01, 0x01, 0x01, 0x01,
    0x09, 0x09, 0x09, 0x01, 0x01, 0x01, 0x01, 0x01, 0x01, 0x01, 0x01, 0x01,
    0x09, 0x01, 0x01, 0x01, 0x01, 0x05, 0x01, 0x01, 0x01, 0x01, 0x01, 0x01,
    0x01, 0x01, 0x05, 0x05, 0x02, 0x02, 0x02, 0x05, 0x05, 0x05, 0x01, 0x01,
    0x01, 0x01, 0x05, 0x05, 0x05, 0x02, 0x02, 0x02, 0x02, 0x02, 0x02, 0x0F,
    0x05, 0x05, 0x02, 0x02, 0x02, 0x01, 0x01, 0x05, 0x01, 0x01, 0x01, 0x01,
    0x09, 0x09, 0x09, 0x01, 0x01, 0x01, 0x01, 0x01, 0x01, 0x01, 0x01, 0x01,
    0x01, 0x00, 0x00, 0x00, 0x00, 0x09, 0x09, 0x09, 0x09, 0x01, 0x01, 0x05,
    0x05, 0x01, 0x05, 0x01, 0x01, 0x01, 0x01, 0x05, 0x01, 0x01, 0x01, 0x01,
    0x01, 0x01, 0x01, 0x00, 0x00, 0x00, 0x00, 0x00, 0x00, 0x00, 0x00, 0x00,
    0x00, 0x01, 0x01, 0x00, 0x00, 0x09, 0x09, 0x00, 0x00, 0x00, 0x00, 0x00,
    0x00, 0x06, 0x06, 0x06, 0x06, 0x03, 0x0D, 0x03, 0x04, 0x04, 0x04, 0x04,
    0x04, 0x04, 0x04, 0x04, 0x04, 0x0E, 0x04, 0x04, 0x04, 0x04, 0x04, 0x04,
    0x0E, 0x07, 0x07, 0x07, 0x10, 0x10, 0x10, 0x10, 0x10, 0x10, 0x10, 0x10,
    0x10, 0x07, 0x07, 0x15, 0x0A, 0x08, 0x08, 0x10, 0x02, 0x1E, 0x37, 0x15,
    0x20, 0x0C, 0x0A, 0x0A, 0x16, 0x0A, 0x0A, 0x0C, 0x20, 0x15, 0x37, 0x1E,
    0x11, 0x2C, 0x00, 0x07, 0x0C, 0x46, 0x00, 0x11, 0x36, 0x0C, 0x20, 0x15,
    0x15, 0x15, 0x15, 0x15, 0x15, 0x15, 0x15, 0x15, 0x15, 0x15, 0x20, 0x0C,
    0x07, 0x0C, 0x0C, 0x10, 0x03, 0x02, 0x1F, 0x2C, 0x2A, 0x15, 0x0C, 0x16,
    0x16, 0x16, 0x0A, 0x20, 0x36, 0x21, 0x1E, 0x11, 0x2C, 0x00, 0x07, 0x0C,
    0x0C, 0x2F, 0x1E, 0x20, 0x20, 0x04, 0x0D, 0x0A, 0x08, 0x1D, 0x0C, 0x15,
    0x15, 0x15, 0x15, 0x15, 0x0C, 0x16, 0x08, 0x0A, 0x07, 0x2B, 0x38, 0x27,
    0x15, 0x15, 0x10, 0x08, 0x08, 0x0C, 0x10, 0x07, 0x07, 0x07, 0x07, 0x07,
    0x07, 0x07, 0x07, 0x07, 0x0E, 0x04, 0x04, 0x04, 0x04, 0x04, 0x04, 0x04,
    0x0E, 0x0E, 0x0E, 0x0E, 0x04, 0x0E, 0x0E, 0x0E, 0x0E, 0x04, 0x04, 0x04,
    0x04, 0x04, 0x04, 0x04, 0x0D, 0x03, 0x03, 0x04, 0x04, 0x03, 0x03, 0x0D,
    0x03, 0x03, 0x03, 0x0D, 0x0D, 0x0D, 0x04, 0x03, 0x03, 0x03, 0x03, 0x03,
    0x03, 0x03, 0x03, 0x03, 0x03, 0x0D, 0x0D, 0x03, 0x03, 0x00, 0x00, 0x00,
    0x00, 0x00, 0x00, 0x00, 0x00, 0x00, 0x00, 0x00, 0x06, 0x00, 0x01, 0x01,
    0x01, 0x01, 0x01, 0x05, 0x05, 0x05, 0x05, 0x05, 0x05, 0x05, 0x02, 0x05,
    0x02, 0x02, 0x02, 0x02, 0x02, 0x02, 0x02, 0x02, 0x02, 0x05, 0x05, 0x02,
    0x02, 0x02, 0x12, 0x12, 0x0F, 0x12, 0x12, 0x12, 0x12, 0x02, 0x02, 0x02,
    0x02, 0x02, 0x05, 0x05, 0x01, 0x01, 0x01, 0x01, 0x01, 0x01, 0x05, 0x01,
    0x01, 0x05, 0x05, 0x05, 0x05, 0x01, 0x01, 0x05, 0x02, 0x02, 0x05, 0x05,
    0x05, 0x05, 0x05, 0x01, 0x01, 0x09, 0x01, 0x05, 0x05, 0x01, 0x01, 0x01,
    0x00, 0x00, 0x00, 0x00, 0x00, 0x00, 0x00, 0x00, 0x00, 0x00, 0x00, 0x00,
    0x00, 0x00, 0x00, 0x00, 0x00, 0x00, 0x00, 0x00, 0x00, 0x00, 0x00, 0x00,
    0x00, 0x00, 0x00, 0x00, 0x00, 0x00, 0x00, 0x06, 0x00, 0x00, 0x06, 0x03,
    0x03, 0x03, 0x0D, 0x03, 0x03, 0x03, 0x03, 0x03, 0x0D, 0x04, 0x04, 0x04,
    0x0E, 0x04, 0x04, 0x04, 0x0E, 0x0E, 0x10, 0x10, 0x15, 0x15, 0x0C, 0x0C,
    0x0C, 0x0C, 0x0C, 0x0C, 0x0C, 0x20, 0x20, 0x15, 0x15, 0x10, 0x10, 0x15,
    0x0C, 0x08, 0x08, 0x0C, 0x0D, 0x02, 0x2D, 0x24, 0x3C, 0x2C, 0x2C, 0x38,
    0x1E, 0x1E, 0x2C, 0x2C, 0x11, 0x23, 0x11, 0x11, 0x02, 0x01, 0x0D, 0x0C,
    0x0A, 0x0C, 0x04, 0x3C, 0x23, 0x11, 0x11, 0x11, 0x11, 0x11, 0x11, 0x11,
    0x11, 0x11, 0x11, 0x11, 0x11, 0x11, 0x11, 0x26, 0x07, 0x0A, 0x08, 0x0A,
    0x07, 0x03, 0x05, 0x2C, 0x11, 0x1C, 0x38, 0x38, 0x38, 0x38, 0x38, 0x1C,
    0x11, 0x23, 0x11, 0x02, 0x09, 0x43, 0x0C, 0x0A, 0x0C, 0x0D, 0x2C, 0x2C,
    0x2B, 0x01, 0x10, 0x0A, 0x08, 0x16, 0x0C, 0x15, 0x15, 0x15, 0x15, 0x15,
    0x0C, 0x0A, 0x08, 0x08, 0x3F, 0x00, 0x24, 0x24, 0x02, 0x0D, 0x0C, 0x08,
    0x08, 0x0C, 0x10, 0x07, 0x07, 0x07, 0x07, 0x07, 0x07, 0x07, 0x07, 0x07,
    0x07, 0x07, 0x07, 0x07, 0x07, 0x07, 0x07, 0x07, 0x07, 0x07, 0x07, 0x07,
    0x0E, 0x04, 0x04, 0x04, 0x04, 0x04, 0x04, 0x04, 0x04, 0x04, 0x04, 0x04,
    0x0D, 0x03, 0x03, 0x03, 0x03, 0x06, 0x06, 0x06, 0x00, 0x00, 0x00, 0x00,
    0x00, 0x00, 0x00, 0x06, 0x03, 0x03, 0x06, 0x03, 0x03, 0x03, 0x03, 0x03,
    0x03, 0x03, 0x03, 0x03, 0x06, 0x06, 0x00, 0x00, 0x00, 0x00, 0x09, 0x00,
    0x01, 0x01, 0x01, 0x01, 0x01, 0x01, 0x01, 0x01, 0x01, 0x01, 0x09, 0x05,
    0x02, 0x05, 0x05, 0x05, 0x05, 0x01, 0x01, 0x09, 0x01, 0x01, 0x01, 0x01,
    0x01, 0x01, 0x05, 0x05, 0x05, 0x02, 0x01, 0x05, 0x05, 0x05, 0x02, 0x02,
    0x02, 0x02, 0x0F, 0x02, 0x02, 0x02, 0x02, 0x0F, 0x02, 0x02, 0x02, 0x02,
    0x02, 0x02, 0x05, 0x05, 0x01, 0x01, 0x01, 0x01, 0x05, 0x01, 0x01, 0x05,
    0x05, 0x01, 0x05, 0x05, 0x05, 0x05, 0x05, 0x05, 0x05, 0x05, 0x05, 0x05,
    0x01, 0x01, 0x01, 0x01, 0x01, 0x01, 0x01, 0x09, 0x00, 0x09, 0x00, 0x00,
    0x00, 0x00, 0x00, 0x00, 0x00, 0x00, 0x00, 0x00, 0x06, 0x06, 0x00, 0x06,
    0x03, 0x03, 0x03, 0x03, 0x00, 0x06, 0x06, 0x06, 0x00, 0x06, 0x06, 0x03,
    0x03, 0x03, 0x03, 0x03, 0x03, 0x03, 0x03, 0x0D, 0x03, 0x04, 0x04, 0x04,
    0x04, 0x04, 0x04, 0x04, 0x04, 0x04, 0x04, 0x0E, 0x04, 0x04, 0x04, 0x07,
    0x15, 0x20, 0x0C, 0x0A, 0x0A, 0x16, 0x16, 0x08, 0x08, 0x08, 0x08, 0x08,
    0x16, 0x0A, 0x0A, 0x0A, 0x0C, 0x0C, 0x15, 0x15, 0x0C, 0x16, 0x08, 0x0A,
    0x10, 0x0D, 0x09, 0x02, 0x12, 0x2B, 0x24, 0x24, 0x2D, 0x2D, 0x2D, 0x24,
    0x24, 0x2B, 0x02, 0x01, 0x03, 0x5A, 0x0C, 0x0A, 0x08, 0x0A, 0x10, 0x03,
    0x02, 0x2B, 0x2B, 0x2B, 0x2B, 0x2B, 0x2B, 0x2B, 0x2B, 0x2B, 0x2B, 0x2B,
    0x2B, 0x02, 0x02, 0x03, 0x10, 0x08, 0x08, 0x08, 0x0A, 0x07, 0x03, 0x01,
    0x02, 0x11, 0x11, 0x11, 0x11, 0x23, 0x11, 0x11, 0x11, 0x2B, 0x05, 0x00,
    0x07, 0x0C, 0x3D, 0x08, 0x0A, 0x10, 0x03, 0x01, 0x00, 0x07, 0x0C, 0x08,
    0x0B, 0x08, 0x16, 0x0A, 0x0A, 0x0A, 0x0A, 0x0A, 0x0A, 0x08, 0x08, 0x08,
    0x0C, 0x07, 0x03, 0x09, 0x03, 0x10, 0x0A, 0x08, 0x08, 0x0A, 0x0C, 0x0C,
    0x15, 0x15, 0x07, 0x07, 0x07, 0x07, 0x07, 0x07, 0x07, 0x07, 0x07, 0x07,
    0x07, 0x10, 0x15, 0x15, 0x15, 0x15, 0x15, 0x07, 0x04, 0x0D, 0x0D, 0x0D,
    0x0D, 0x03, 0x03, 0x03, 0x0D, 0x03, 0x03, 0x03, 0x03, 0x03, 0x03, 0x03,
    0x03, 0x03, 0x03, 0x06, 0x06, 0x06, 0x06, 0x06, 0x06, 0x06, 0x06, 0x06,
    0x00, 0x00, 0x00, 0x00, 0x00, 0x00, 0x00, 0x00, 0x00, 0x00, 0x00, 0x06,
    0x00, 0x06, 0x00, 0x00, 0x00, 0x00, 0x00, 0x00, 0x00, 0x09, 0x01, 0x01,
    0x01, 0x05, 0x05, 0x01, 0x01, 0x01, 0x05, 0x01, 0x01, 0x01, 0x01, 0x01,
    0x01, 0x01, 0x01, 0x01, 0x01, 0x01, 0x05, 0x01, 0x01, 0x01, 0x01, 0x01,
    0x01, 0x01, 0x01, 0x01, 0x01, 0x05, 0x05, 0x05, 0x05, 0x02, 0x02, 0x05,
    0x02, 0x02, 0x02, 0x02, 0x02, 0x02, 0x02, 0x02, 0x02, 0x02, 0x02, 0x02,
    0x02, 0x05, 0x01, 0x05, 0x02, 0x05, 0x05, 0x01, 0x01, 0x01, 0x01, 0x01,
    0x01, 0x01, 0x01, 0x01, 0x01, 0x09, 0x09, 0x09, 0x09, 0x00, 0x00, 0x00,
    0x00, 0x00, 0x01, 0x01, 0x01, 0x01, 0x01, 0x01, 0x01, 0x01, 0x00, 0x00,
    0x00, 0x00, 0x01, 0x01, 0x01, 0x09, 0x00, 0x00, 0x00, 0x00, 0x00, 0x00,
    0x00, 0x00, 0x06, 0x06, 0x06, 0x06, 0x06, 0x06, 0x00, 0x06, 0x03, 0x03,
    0x03, 0x03, 0x03, 0x03, 0x03, 0x03, 0x03, 0x03, 0x06, 0x06, 0x03, 0x03,
    0x04, 0x04, 0x04, 0x0E, 0x0E, 0x07, 0x07, 0x15, 0x0C, 0x0A, 0x16, 0x08,
    0x08, 0x0B, 0x0B, 0x0B, 0x0B, 0x0B, 0x0B, 0x0B, 0x0B, 0x0B, 0x0B, 0x08,
    0x08, 0x08, 0x16, 0x0A, 0x0C, 0x0A, 0x08, 0x08, 0x0A, 0x10, 0x07, 0x0D,
    0x03, 0x40, 0x09, 0x09, 0x09, 0x09, 0x09, 0x09, 0x09, 0x03, 0x03, 0x4C,
    0x10, 0x0C, 0x0A, 0x08, 0x0B, 0x08, 0x0A, 0x07, 0x0D, 0x03, 0x09, 0x09,
    0x09, 0x09, 0x09, 0x09, 0x09, 0x09, 0x09, 0x09, 0x09, 0x03, 0x0D, 0x10,
    0x0A, 0x08, 0x0B, 0x0B, 0x08, 0x0A, 0x10, 0x0D, 0x03, 0x01, 0x02, 0x02,
    0x02, 0x2B, 0x02, 0x02, 0x01, 0x09, 0x0D, 0x07, 0x0C, 0x08, 0x08, 0x0B,
    0x08, 0x0A, 0x10, 0x07, 0x10, 0x0C, 0x08, 0x0B, 0x0B, 0x0B, 0x08, 0x08,
    0x08, 0x08, 0x08, 0x08, 0x08, 0x08, 0x0B, 0x0B, 0x08, 0x0C, 0x10, 0x07,
    0x10, 0x0C, 0x08, 0x08, 0x08, 0x08, 0x3B, 0x16, 0x0A, 0x0C, 0x15, 0x10,
    0x07, 0x07, 0x07, 0x07, 0x07, 0x07, 0x0E, 0x07, 0x15, 0x0C, 0x0A, 0x0A,
    0x16, 0x0A, 0x0C, 0x15, 0x10, 0x0E, 0x0E, 0x04, 0x04, 0x04, 0x04, 0x04,
    0x04, 0x04, 0x04, 0x04, 0x04, 0x04, 0x04, 0x04, 0x04, 0x04, 0x04, 0x04,
    0x04, 0x0D, 0x0D, 0x0D, 0x03, 0x03, 0x03, 0x03, 0x03, 0x03, 0x00, 0x00,
    0x00, 0x00, 0x00, 0x09, 0x00, 0x00, 0x00, 0x00, 0x00, 0x00, 0x00, 0x00,
    0x00, 0x00, 0x00, 0x00, 0x00, 0x00, 0x01, 0x09, 0x09, 0x01, 0x00, 0x00,
    0x00, 0x00, 0x00, 0x09, 0x09, 0x09, 0x09, 0x01, 0x01, 0x01, 0x05, 0x05,
    0x05, 0x05, 0x05, 0x05, 0x05, 0x05, 0x02, 0x02, 0x02, 0x02, 0x02, 0x02,
    0x02, 0x02, 0x05, 0x02, 0x02, 0x02, 0x02, 0x02, 0x02, 0x02, 0x02, 0x02,
    0x02, 0x02, 0x02, 0x02, 0x02, 0x0F, 0x02, 0x02, 0x0F, 0x0F, 0x02, 0x02,
    0x02, 0x02, 0x02, 0x02, 0x02, 0x02, 0x02, 0x02, 0x02, 0x05, 0x05, 0x02,
    0x02, 0x02, 0x05, 0x05, 0x02, 0x05, 0x01, 0x09, 0x00, 0x00, 0x00, 0x00,
    0x00, 0x06, 0x00, 0x00, 0x00, 0x00, 0x01, 0x01, 0x00, 0x00, 0x09, 0x00,
    0x00, 0x00, 0x00, 0x00, 0x09, 0x09, 0x09, 0x09, 0x00, 0x00, 0x00, 0x00,
    0x06, 0x03, 0x03, 0x03, 0x03, 0x03, 0x03, 0x03, 0x06, 0x06, 0x03, 0x03,
    0x03, 0x03, 0x04, 0x04, 0x04, 0x04, 0x04, 0x04, 0x04, 0x04, 0x04, 0x04,
    0x04, 0x07, 0x0C, 0x0A, 0x08, 0x0B, 0x0B, 0x0B, 0x0B, 0x0B, 0x0B, 0x0B,
    0x0B, 0x0B, 0x0B, 0x0B, 0x0B, 0x0B, 0x0B, 0x0B, 0x0B, 0x0B, 0x0B, 0x08,
    0x16, 0x0A, 0x16, 0x08, 0x08, 0x0A, 0x0C, 0x0C, 0x10, 0x10, 0x10, 0x07,
    0x07, 0x07, 0x07, 0x07, 0x10, 0x10, 0x0C, 0x0C, 0x0A, 0x08, 0x0B, 0x0B,
    0x0B, 0x0B, 0x08, 0x0A, 0x0C, 0x10, 0x10, 0x10, 0x10, 0x10, 0x10, 0x10,
    0x10, 0x10, 0x10, 0x10, 0x10, 0x10, 0x0C, 0x0A, 0x08, 0x0B, 0x0B, 0x0B,
    0x0B, 0x08, 0x0A, 0x0C, 0x10, 0x07, 0x0D, 0x03, 0x03, 0x03, 0x03, 0x0D,
    0x53, 0x10, 0x0C, 0x0A, 0x08, 0x0B, 0x0B, 0x0B, 0x0B, 0x08, 0x0A, 0x0A,
    0x0A, 0x08, 0x08, 0x0B, 0x0B, 0x0B, 0x0B, 0x0B, 0x0B, 0x0B, 0x0B, 0x0B,
    0x0B, 0x0B, 0x0B, 0x0B, 0x0B, 0x08, 0x0A, 0x0A, 0x0A, 0x08, 0x08, 0x0B,
    0x0B, 0x0B, 0x0B, 0x0B, 0x08, 0x08, 0x0A, 0x15, 0x07, 0x0E, 0x0E, 0x07,
    0x0E, 0x07, 0x07, 0x15, 0x0A, 0x08, 0x0B, 0x0B, 0x0B, 0x0B, 0x08, 0x16,
    0x0C, 0x07, 0x0E, 0x04, 0x04, 0x04, 0x0E, 0x0E, 0x07, 0x07, 0x0E, 0x0E,
    0x04, 0x0D, 0x3A, 0x03, 0x03, 0x03, 0x03, 0x03, 0x06, 0x03, 0x03, 0x03,
    0x03, 0x03, 0x03, 0x03, 0x03, 0x00, 0x00, 0x00, 0x06, 0x00, 0x09, 0x01,
    0x01, 0x00, 0x00, 0x01, 0x01, 0x01, 0x01, 0x01, 0x01, 0x01, 0x01, 0x01,
    0x01, 0x01, 0x05, 0x05, 0x02, 0x02, 0x02, 0x05, 0x05, 0x05, 0x01, 0x01,
    0x01, 0x01, 0x01, 0x00, 0x00, 0x09, 0x09, 0x09, 0x00, 0x01, 0x01, 0x05,
    0x05, 0x05, 0x02, 0x02, 0x02, 0x02, 0x05, 0x05, 0x05, 0x05, 0x02, 0x0F,
    0x0F, 0x0F, 0x0F, 0x0F, 0x05, 0x05, 0x01, 0x01, 0x01, 0x01, 0x05, 0x05,
    0x02, 0x02, 0x02, 0x02, 0x02, 0x02, 0x05, 0x05, 0x05, 0x05, 0x02, 0x02,
    0x02, 0x02, 0x02, 0x05, 0x05, 0x05, 0x05, 0x01, 0x01, 0x01, 0x01, 0x01,
    0x05, 0x02, 0x02, 0x01, 0x00, 0x00, 0x00, 0x06, 0x06, 0x00, 0x06, 0x03,
    0x06, 0x06, 0x06, 0x06, 0x06, 0x00, 0x00, 0x00, 0x06, 0x00, 0x00, 0x00,
    0x00, 0x00, 0x00, 0x00, 0x00, 0x00, 0x00, 0x00, 0x06, 0x00, 0x06, 0x06,
    0x06, 0x00, 0x00, 0x00, 0x00, 0x00, 0x06, 0x06, 0x03, 0x03, 0x04, 0x04,
    0x03, 0x03, 0x0D, 0x03, 0x06, 0x06, 0x06, 0x06, 0x04, 0x15, 0x0A, 0x08,
    0x0B, 0x0B, 0x0B, 0x0B, 0x0B, 0x08, 0x08, 0x08, 0x08, 0x08, 0x08, 0x08,
    0x08, 0x08, 0x0B, 0x0B, 0x0B, 0x0B, 0x0B, 0x0B, 0x08, 0x0A, 0x0C, 0x0A,
    0x16, 0x08, 0x08, 0x08, 0x08, 0x0A, 0x0A, 0x0A, 0x0A, 0x0A, 0x0A, 0x0A,
    0x0A, 0x0A, 0x08, 0x08, 0x0B, 0x0B, 0x0B, 0x0B, 0x0B, 0x0B, 0x0B, 0x08,
    0x08, 0x0A, 0x0A, 0x0A, 0x0A, 0x0A, 0x0A, 0x0A, 0x0A, 0x0A, 0x0A, 0x0A,
    0x0A, 0x0A, 0x08, 0x08, 0x0B, 0x0B, 0x08, 0x08, 0x08, 0x0B, 0x08, 0x08,
    0x0A, 0x0C, 0x0C, 0x15, 0x10, 0x10, 0x10, 0x0C, 0x0C, 0x0A, 0x08, 0x08,
    0x08, 0x08, 0x08, 0x0B, 0x0B, 0x0B, 0x08, 0x08, 0x08, 0x0B, 0x0B, 0x0B,
    0x0B, 0x0B, 0x0B, 0x0B, 0x0B, 0x0B, 0x0B, 0x0B, 0x0B, 0x0B, 0x0B, 0x0B,
    0x0B, 0x0B, 0x08, 0x08, 0x08, 0x08, 0x0B, 0x0B, 0x0B, 0x0B, 0x0B, 0x0B,
    0x0B, 0x0B, 0x08, 0x0C, 0x07, 0x04, 0x04, 0x04, 0x04, 0x0E, 0x10, 0x0A,
    0x08, 0x0B, 0x0B, 0x0B, 0x0B, 0x0B, 0x0B, 0x08, 0x0A, 0x15, 0x0E, 0x04,
    0x04, 0x04, 0x04, 0x0D, 0x0D, 0x04, 0x04, 0x04, 0x04, 0x03, 0x03, 0x03,
    0x03, 0x0D, 0x04, 0x03, 0x03, 0x03, 0x03, 0x0D, 0x03, 0x03, 0x0D, 0x03,
    0x03, 0x03, 0x0D, 0x03, 0x03, 0x00, 0x00, 0x00, 0x00, 0x00, 0x00, 0x00,
    0x00, 0x00, 0x00, 0x00, 0x00, 0x09, 0x00, 0x01, 0x09, 0x01, 0x01, 0x01,
    0x01, 0x09, 0x09, 0x09, 0x01, 0x01, 0x09, 0x09, 0x00, 0x00, 0x09, 0x00,
    0x00, 0x09, 0x01, 0x09, 0x00, 0x00, 0x09, 0x01, 0x01, 0x01, 0x01, 0x01,
    0x05, 0x02, 0x05, 0x05, 0x02, 0x02, 0x02, 0x02, 0x02, 0x02, 0x02, 0x02,
    0x02, 0x02, 0x02, 0x02, 0x02, 0x02, 0x02, 0x02, 0x02, 0x02, 0x02, 0x02,
    0x05, 0x05, 0x05, 0x01, 0x01, 0x01, 0x01, 0x01, 0x01, 0x01, 0x01, 0x01,
    0x05, 0x01, 0x01, 0x01, 0x01, 0x09, 0x09, 0x09, 0x09, 0x01, 0x00, 0x01,
    0x00, 0x00, 0x00, 0x00, 0x00, 0x00, 0x09, 0x09, 0x09, 0x01, 0x01, 0x01,
    0x01, 0x01, 0x00, 0x00, 0x00, 0x00, 0x00, 0x00, 0x00, 0x00, 0x00, 0x00,
    0x00, 0x00, 0x00, 0x06, 0x06, 0x06, 0x03, 0x03, 0x03, 0x03, 0x03, 0x03,
    0x03, 0x06, 0x06, 0x00, 0x06, 0x06, 0x06, 0x03, 0x03, 0x03, 0x03, 0x03,
    0x03, 0x03, 0x04, 0x0E, 0x15, 0x0A, 0x08, 0x0B, 0x0B, 0x0B, 0x08, 0x0A,
    0x0A, 0x0A, 0x0A, 0x0A, 0x0A, 0x0A, 0x0A, 0x0A, 0x0A, 0x0A, 0x0A, 0x0A,
    0x08, 0x08, 0x0B, 0x0B, 0x0B, 0x08, 0x0A, 0x0C, 0x0C, 0x08, 0x0B, 0x0B,
    0x0B, 0x08, 0x08, 0x08, 0x08, 0x08, 0x08, 0x08, 0x08, 0x08, 0x0B, 0x0B,
    0x0B, 0x0B, 0x0B, 0x0B, 0x08, 0x08, 0x08, 0x08, 0x08, 0x08, 0x08, 0x08,
    0x08, 0x08, 0x08, 0x08, 0x08, 0x08, 0x08, 0x08, 0x08, 0x08, 0x0B, 0x0B,
    0x08, 0x08, 0x0B, 0x08, 0x0A, 0x08, 0x0B, 0x0B, 0x08, 0x08, 0x1D, 0x0A,
    0x0A, 0x0A, 0x0A, 0x16, 0x08, 0x08, 0x0B, 0x08, 0x08, 0x0B, 0x16, 0x16,
    0x08, 0x0B, 0x0B, 0x0B, 0x0B, 0x08, 0x08, 0x08, 0x08, 0x08, 0x08, 0x3B,
    0x3B, 0x3E, 0x3B, 0x3E, 0x3B, 0x08, 0x08, 0x08, 0x0B, 0x0B, 0x0B, 0x0B,
    0x0B, 0x0B, 0x0B, 0x0B, 0x0B, 0x08, 0x08, 0x0B, 0x0B, 0x0B, 0x0B, 0x08,
    0x0C, 0x07, 0x04, 0x04, 0x0E, 0x07, 0x15, 0x16, 0x0B, 0x0B, 0x0B, 0x08,
    0x08, 0x0B, 0x0B, 0x0B, 0x08, 0x0C, 0x07, 0x04, 0x03, 0x04, 0x04, 0x04,
    0x0D, 0x03, 0x03, 0x0D, 0x0D, 0x03, 0x00, 0x06, 0x00, 0x06, 0x03, 0x03,
    0x06, 0x06, 0x03, 0x03, 0x06, 0x03, 0x06, 0x06, 0x06, 0x06, 0x03, 0x03,
    0x03, 0x00, 0x00, 0x00, 0x00, 0x00, 0x00, 0x00, 0x06, 0x00, 0x00, 0x00,
    0x00, 0x00, 0x00, 0x00, 0x00, 0x00, 0x00, 0x00, 0x00, 0x00, 0x00, 0x00,
    0x00, 0x09, 0x00, 0x09, 0x09, 0x09, 0x09, 0x09, 0x01, 0x01, 0x05, 0x05,
    0x05, 0x02, 0x02, 0x02, 0x02, 0x05, 0x02, 0x02, 0x02, 0x02, 0x02, 0x02,
    0x02, 0x02, 0x02, 0x02, 0x02, 0x02, 0x02, 0x02, 0x0F, 0x12, 0x0F, 0x02,
    0x02, 0x02, 0x02, 0x05, 0x05, 0x02, 0x02, 0x02, 0x02, 0x05, 0x02, 0x02,
    0x05, 0x01, 0x01, 0x01, 0x01, 0x05, 0x05, 0x05, 0x05, 0x01, 0x05, 0x01,
    0x01, 0x09, 0x01, 0x01, 0x09, 0x00, 0x00, 0x09, 0x09, 0x00, 0x00, 0x00,
    0x00, 0x09, 0x00, 0x00, 0x00, 0x00, 0x09, 0x01, 0x01, 0x00, 0x09, 0x09,
    0x01, 0x01, 0x01, 0x01, 0x09, 0x00, 0x00, 0x00, 0x00, 0x00, 0x00, 0x00,
    0x00, 0x00, 0x00, 0x00, 0x06, 0x06, 0x00, 0x06, 0x06, 0x03, 0x03, 0x0D,
    0x03, 0x04, 0x04, 0x04, 0x04, 0x04, 0x04, 0x04, 0x04, 0x0D, 0x04, 0x07,
    0x0C, 0x08, 0x0B, 0x0B, 0x08, 0x0A, 0x0A, 0x08, 0x0B, 0x0B, 0x0B, 0x0B,
    0x0B, 0x0B, 0x0B, 0x0B, 0x16, 0x0A, 0x0C, 0x0C, 0x0C, 0x0A, 0x16, 0x08,
    0x0B, 0x0B, 0x1D, 0x0C, 0x0A, 0x08, 0x0B, 0x0B, 0x08, 0x08, 0x0B, 0x0B,
    0x0B, 0x0B, 0x0B, 0x08, 0x08, 0x0A, 0x08, 0x0B, 0x0B, 0x0B, 0x08, 0x08,
    0x08, 0x08, 0x08, 0x08, 0x08, 0x08, 0x08, 0x08, 0x08, 0x08, 0x08, 0x08,
    0x08, 0x08, 0x08, 0x08, 0x16, 0x08, 0x08, 0x08, 0x0A, 0x08, 0x0B, 0x08,
    0x08, 0x0A, 0x08, 0x0B, 0x0B, 0x08, 0x1D, 0x16, 0x16, 0x0A, 0x16, 0x08,
    0x08, 0x0B, 0x08, 0x08, 0x0B, 0x0B, 0x1D, 0x16, 0x0A, 0x08, 0x0B, 0x08,
    0x08, 0x08, 0x0A, 0x0A, 0x0A, 0x0A, 0x0A, 0x0C, 0x0C, 0x0C, 0x0A, 0x0C,
    0x0C, 0x0C, 0x0A, 0x0A, 0x0A, 0x08, 0x0B, 0x0B, 0x0B, 0x0B, 0x0B, 0x0B,
    0x08, 0x08, 0x0A, 0x0A, 0x08, 0x0B, 0x0B, 0x0B, 0x16, 0x20, 0x07, 0x07,
    0x07, 0x10, 0x0A, 0x08, 0x0B, 0x08, 0x08, 0x08, 0x0A, 0x08, 0x0C, 0x0F,
    0x12, 0x09, 0x19, 0x03, 0x18, 0x03, 0x04, 0x04, 0x04, 0x04, 0x04, 0x04,
    0x04, 0x04, 0x04, 0x04, 0x04, 0x03, 0x03, 0x03, 0x06, 0x06, 0x00, 0x00,
    0x00, 0x00, 0x06, 0x00, 0x06, 0x00, 0x00, 0x06, 0x06, 0x00, 0x06, 0x00,
    0x00, 0x00, 0x00, 0x00, 0x00, 0x00, 0x06, 0x06, 0x06, 0x00, 0x00, 0x00,
    0x09, 0x01, 0x09, 0x00, 0x00, 0x01, 0x01, 0x09, 0x09, 0x00, 0x00, 0x00,
    0x01, 0x01, 0x09, 0x09, 0x01, 0x01, 0x01, 0x01, 0x01, 0x05, 0x05, 0x05,
    0x02, 0x02, 0x02, 0x02, 0x02, 0x02, 0x02, 0x02, 0x0F, 0x0F, 0x02, 0x02,
    0x02, 0x02, 0x02, 0x02, 0x02, 0x02, 0x02, 0x02, 0x02, 0x02, 0x02, 0x02,
    0x02, 0x02, 0x02, 0x02, 0x02, 0x02, 0x02, 0x05, 0x05, 0x05, 0x05, 0x02,
    0x02, 0x02, 0x02, 0x02, 0x05, 0x01, 0x01, 0x01, 0x01, 0x01, 0x00, 0x00,
    0x00, 0x00, 0x00, 0x09, 0x09, 0x00, 0x00, 0x00, 0x00, 0x09, 0x00, 0x00,
    0x00, 0x00, 0x00, 0x00, 0x00, 0x00, 0x00, 0x00, 0x00, 0x00, 0x00, 0x00,
    0x00, 0x00, 0x00, 0x06, 0x06, 0x03, 0x03, 0x06, 0x03, 0x03, 0x03, 0x06,
    0x06, 0x03, 0x03, 0x03, 0x03, 0x03, 0x06, 0x06, 0x03, 0x03, 0x03, 0x03,
    0x03, 0x03, 0x03, 0x03, 0x03, 0x04, 0x0E, 0x15, 0x08, 0x0B, 0x0B, 0x08,
    0x0A, 0x08, 0x0B, 0x0B, 0x0B, 0x0B, 0x0B, 0x0B, 0x0B, 0x0B, 0x0B, 0x0B,
    0x0B, 0x0B, 0x0B, 0x08, 0x16, 0x16, 0x08, 0x0A, 0x08, 0x0B, 0x08, 0x16,
    0x08, 0x0B, 0x0B, 0x08, 0x0A, 0x08, 0x0B, 0x0B, 0x0B, 0x0B, 0x08, 0x16,
    0x1D, 0x1D, 0x0A, 0x08, 0x0B, 0x08, 0x0A, 0x0B, 0x0B, 0x0B, 0x0B, 0x0B,
    0x0B, 0x0B, 0x0B, 0x0B, 0x0B, 0x0B, 0x0B, 0x0B, 0x0B, 0x0B, 0x0B, 0x08,
    0x0B, 0x08, 0x0A, 0x0C, 0x0C, 0x0B, 0x0B, 0x08, 0x08, 0x16, 0x0A, 0x0B,
    0x08, 0x1D, 0x0A, 0x0A, 0x0C, 0x0C, 0x0C, 0x16, 0x08, 0x0B, 0x08, 0x15,
    0x0B, 0x0B, 0x16, 0x08, 0x0C, 0x0A, 0x0A, 0x3E, 0x0B, 0x0B, 0x0B, 0x0B,
    0x0B, 0x0B, 0x0B, 0x08, 0x08, 0x08, 0x08, 0x08, 0x08, 0x08, 0x0A, 0x16,
    0x08, 0x0A, 0x0A, 0x0B, 0x0B, 0x0B, 0x0B, 0x08, 0x16, 0x0B, 0x08, 0x16,
    0x0A, 0x42, 0x0B, 0x0B, 0x08, 0x0A, 0x15, 0x07, 0x07, 0x15, 0x16, 0x0B,
    0x0B, 0x0A, 0x08, 0x0B, 0x0A, 0x0A, 0x08, 0x03, 0x09, 0x15, 0x35, 0x0F,
    0x35, 0x03, 0x04, 0x04, 0x04, 0x04, 0x04, 0x04, 0x04, 0x04, 0x04, 0x04,
    0x04, 0x04, 0x04, 0x04, 0x04, 0x04, 0x0D, 0x03, 0x03, 0x03, 0x03, 0x06,
    0x06, 0x00, 0x00, 0x00, 0x00, 0x00, 0x09, 0x09, 0x00, 0x00, 0x00, 0x00,
    0x00, 0x00, 0x00, 0x00, 0x00, 0x09, 0x01, 0x09, 0x01, 0x01, 0x00, 0x00,
    0x09, 0x09, 0x09, 0x00, 0x00, 0x00, 0x00, 0x00, 0x01, 0x09, 0x09, 0x09,
    0x01, 0x01, 0x01, 0x05, 0x01, 0x05, 0x01, 0x01, 0x01, 0x01, 0x01, 0x01,
    0x05, 0x05, 0x05, 0x05, 0x02, 0x02, 0x02, 0x02, 0x02, 0x02, 0x02, 0x02,
    0x12, 0x12, 0x12, 0x02, 0x02, 0x02, 0x02, 0x02, 0x02, 0x02, 0x02, 0x02,
    0x02, 0x02, 0x05, 0x02, 0x05, 0x05, 0x02, 0x05, 0x05, 0x05, 0x02, 0x05,
    0x01, 0x01, 0x01, 0x01, 0x01, 0x01, 0x09, 0x01, 0x05, 0x01, 0x01, 0x01,
    0x01, 0x09, 0x09, 0x01, 0x01, 0x01, 0x01, 0x09, 0x01, 0x01, 0x01, 0x00,
    0x00, 0x01, 0x00, 0x00, 0x00, 0x00, 0x00, 0x00, 0x00, 0x00, 0x00, 0x06,
    0x06, 0x03, 0x03, 0x03, 0x03, 0x03, 0x04, 0x03, 0x03, 0x0D, 0x0D, 0x04,
    0x04, 0x04, 0x03, 0x0D, 0x04, 0x0D, 0x03, 0x03, 0x04, 0x04, 0x04, 0x0D,
    0x03, 0x0D, 0x0E, 0x0C, 0x08, 0x0B, 0x08, 0x0A, 0x08, 0x0B, 0x0B, 0x0B,
    0x0B, 0x0B, 0x0B, 0x0B, 0x0B, 0x0B, 0x0B, 0x0B, 0x0B, 0x0B, 0x0B, 0x08,
    0x08, 0x0A, 0x08, 0x0A, 0x42, 0x0B, 0x0B, 0x08, 0x0B, 0x0B, 0x0B, 0x0A,
    0x0A, 0x0B, 0x0B, 0x08, 0x16, 0x16, 0x16, 0x0A, 0x16, 0x1D, 0x0A, 0x0C,
    0x08, 0x0A, 0x0C, 0x0B, 0x0B, 0x0B, 0x0B, 0x0B, 0x0B, 0x0B, 0x0B, 0x0B,
    0x08, 0x08, 0x08, 0x08, 0x08, 0x08, 0x08, 0x08, 0x08, 0x0A, 0x1D, 0x10,
    0x0D, 0x15, 0x0B, 0x0A, 0x1D, 0x0A, 0x0C, 0x08, 0x08, 0x0A, 0x0C, 0x15,
    0x15, 0x15, 0x20, 0x0A, 0x08, 0x08, 0x0A, 0x06, 0x15, 0x08, 0x0A, 0x08,
    0x20, 0x0C, 0x0C, 0x0B, 0x0B, 0x0B, 0x08, 0x08, 0x08, 0x08, 0x08, 0x08,
    0x08, 0x08, 0x08, 0x08, 0x08, 0x1D, 0x08, 0x0A, 0x0A, 0x08, 0x0A, 0x0A,
    0x0B, 0x0B, 0x08, 0x0C, 0x08, 0x0B, 0x08, 0x16, 0x1D, 0x0C, 0x08, 0x0B,
    0x0B, 0x08, 0x0C, 0x10, 0x07, 0x15, 0x16, 0x0B, 0x08, 0x0C, 0x0B, 0x0B,
    0x0A, 0x0A, 0x08, 0x0D, 0x0D, 0x0C, 0x18, 0x18, 0x18, 0x03, 0x0E, 0x0E,
    0x0E, 0x04, 0x04, 0x03, 0x03, 0x03, 0x06, 0x06, 0x03, 0x03, 0x03, 0x03,
    0x03, 0x06, 0x06, 0x00, 0x00, 0x00, 0x00, 0x00, 0x00, 0x00, 0x00, 0x00,
    0x00, 0x00, 0x00, 0x00, 0x00, 0x00, 0x00, 0x00, 0x00, 0x00, 0x00, 0x00,
    0x00, 0x00, 0x09, 0x01, 0x09, 0x01, 0x09, 0x01, 0x09, 0x09, 0x09, 0x09,
    0x09, 0x01, 0x01, 0x01, 0x01, 0x01, 0x09, 0x01, 0x01, 0x05, 0x05, 0x05,
    0x05, 0x05, 0x02, 0x02, 0x02, 0x05, 0x05, 0x05, 0x02, 0x02, 0x02, 0x05,
    0x05, 0x02, 0x02, 0x02, 0x02, 0x05, 0x05, 0x05, 0x05, 0x05, 0x05, 0x01,
    0x01, 0x01, 0x01, 0x01, 0x01, 0x05, 0x01, 0x05, 0x02, 0x02, 0x02, 0x05,
    0x02, 0x02, 0x02, 0x02, 0x05, 0x05, 0x05, 0x01, 0x01, 0x05, 0x05, 0x05,
    0x01, 0x05, 0x01, 0x01, 0x00, 0x09, 0x01, 0x09, 0x09, 0x00, 0x00, 0x06,
    0x00, 0x00, 0x09, 0x01, 0x05, 0x05, 0x05, 0x05, 0x05, 0x05, 0x05, 0x01,
    0x09, 0x01, 0x01, 0x01, 0x01, 0x01, 0x00, 0x00, 0x00, 0x00, 0x00, 0x00,
    0x06, 0x03, 0x03, 0x03, 0x03, 0x03, 0x0D, 0x04, 0x04, 0x04, 0x03, 0x04,
    0x04, 0x04, 0x04, 0x04, 0x04, 0x04, 0x04, 0x04, 0x04, 0x04, 0x10, 0x16,
    0x0B, 0x0B, 0x0A, 0x0A, 0x0B, 0x0B, 0x08, 0x20, 0x5F, 0x25, 0x2A, 0x2A,
    0x2A, 0x25, 0x04, 0x37, 0x15, 0x0C, 0x16, 0x08, 0x0B, 0x08, 0x0B, 0x0C,
    0x0A, 0x0B, 0x0B, 0x0B, 0x0B, 0x0B, 0x08, 0x0C, 0x0B, 0x0B, 0x08, 0x0A,
    0x27, 0x25, 0x36, 0x16, 0x0A, 0x0A, 0x08, 0x0C, 0x0A, 0x0C, 0x07, 0x0B,
    0x08, 0x16, 0x1D, 0x1D, 0x1D, 0x1D, 0x1D, 0x16, 0x0A, 0x16, 0x16, 0x16,
    0x16, 0x16, 0x16, 0x16, 0x16, 0x0A, 0x08, 0x10, 0x09, 0x25, 0x08, 0x0A,
    0x1D, 0x0A, 0x10, 0x08, 0x08, 0x0A, 0x0C, 0x20, 0x15, 0x15, 0x15, 0x0A,
    0x08, 0x08, 0x0C, 0x00, 0x25, 0x08, 0x0A, 0x1D, 0x07, 0x10, 0x0E, 0x0C,
    0x0B, 0x0A, 0x0A, 0x0C, 0x20, 0x20, 0x20, 0x20, 0x20, 0x20, 0x0C, 0x0C,
    0x16, 0x16, 0x08, 0x16, 0x0A, 0x16, 0x0B, 0x0A, 0x0A, 0x08, 0x08, 0x10,
    0x36, 0x08, 0x0A, 0x0A, 0x1D, 0x0A, 0x0C, 0x08, 0x0B, 0x0B, 0x08, 0x0C,
    0x15, 0x0C, 0x08, 0x0B, 0x08, 0x04, 0x36, 0x0B, 0x0C, 0x16, 0x1D, 0x06,
    0x03, 0x0C, 0x19, 0x18, 0x19, 0x03, 0x0E, 0x04, 0x0E, 0x04, 0x04, 0x03,
    0x03, 0x03, 0x06, 0x03, 0x03, 0x04, 0x0D, 0x03, 0x03, 0x0D, 0x04, 0x04,
    0x04, 0x04, 0x04, 0x03, 0x03, 0x03, 0x03, 0x03, 0x03, 0x0D, 0x0D, 0x06,
    0x03, 0x03, 0x00, 0x09, 0x01, 0x01, 0x01, 0x01, 0x09, 0x01, 0x09, 0x00,
    0x00, 0x00, 0x00, 0x01, 0x01, 0x01, 0x01, 0x01, 0x01, 0x01, 0x01, 0x09,
    0x01, 0x01, 0x09, 0x00, 0x00, 0x00, 0x01, 0x02, 0x02, 0x02, 0x02, 0x0F,
    0x12, 0x0F, 0x02, 0x02, 0x02, 0x02, 0x02, 0x02, 0x02, 0x02, 0x02, 0x02,
    0x02, 0x0F, 0x0F, 0x0F, 0x05, 0x02, 0x02, 0x02, 0x02, 0x05, 0x02, 0x05,
    0x05, 0x05, 0x05, 0x05, 0x02, 0x02, 0x02, 0x02, 0x02, 0x02, 0x02, 0x02,
    0x02, 0x02, 0x02, 0x05, 0x05, 0x01, 0x01, 0x01, 0x01, 0x01, 0x01, 0x01,
    0x01, 0x09, 0x09, 0x09, 0x00, 0x00, 0x06, 0x06, 0x00, 0x00, 0x00, 0x00,
    0x00, 0x00, 0x06, 0x00, 0x06, 0x03, 0x06, 0x06, 0x00, 0x00, 0x00, 0x00,
    0x00, 0x00, 0x00, 0x00, 0x00, 0x00, 0x00, 0x00, 0x00, 0x00, 0x00, 0x00,
    0x00, 0x00, 0x00, 0x06, 0x06, 0x06, 0x03, 0x03, 0x03, 0x0D, 0x0D, 0x0D,
    0x04, 0x04, 0x04, 0x04, 0x0E, 0x07, 0x0C, 0x08, 0x0B, 0x08, 0x0C, 0x08,
    0x0B, 0x0B, 0x27, 0x58, 0x23, 0x23, 0x23, 0x23, 0x23, 0x23, 0x23, 0x23,
    0x11, 0x11, 0x38, 0x41, 0x25, 0x04, 0x25, 0x04, 0x0A, 0x08, 0x0B, 0x0B,
    0x0B, 0x0B, 0x0C, 0x0A, 0x0B, 0x0B, 0x16, 0x20, 0x2A, 0x38, 0x38, 0x27,
    0x08, 0x0A, 0x1D, 0x0A, 0x10, 0x0C, 0x00, 0x25, 0x37, 0x3A, 0x3A, 0x3A,
    0x37, 0x37, 0x36, 0x15, 0x1D, 0x27, 0x41, 0x2A, 0x2A, 0x2A, 0x2A, 0x2A,
    0x3A, 0x15, 0x20, 0x0D, 0x01, 0x25, 0x08, 0x0A, 0x1D, 0x0A, 0x07, 0x08,
    0x08, 0x0A, 0x0C, 0x20, 0x20, 0x15, 0x0C, 0x16, 0x0B, 0x08, 0x0C, 0x2F,
    0x3A, 0x08, 0x0A, 0x08, 0x07, 0x07, 0x03, 0x2A, 0x1D, 0x0A, 0x20, 0x26,
    0x2C, 0x11, 0x11, 0x23, 0x11, 0x11, 0x38, 0x26, 0x1E, 0x25, 0x27, 0x16,
    0x1D, 0x0A, 0x1D, 0x08, 0x0C, 0x0A, 0x0A, 0x07, 0x26, 0x0C, 0x0A, 0x0A,
    0x0A, 0x08, 0x0C, 0x0A, 0x0B, 0x0B, 0x0B, 0x1D, 0x0C, 0x0C, 0x08, 0x08,
    0x0A, 0x03, 0x2C, 0x16, 0x0C, 0x1D, 0x0A, 0x07, 0x0C, 0x0A, 0x03, 0x00,
    0x01, 0x03, 0x04, 0x04, 0x04, 0x04, 0x04, 0x04, 0x04, 0x03, 0x03, 0x06,
    0x06, 0x06, 0x03, 0x03, 0x03, 0x0D, 0x04, 0x04, 0x03, 0x0D, 0x0D, 0x03,
    0x06, 0x06, 0x06, 0x06, 0x06, 0x06, 0x06, 0x06, 0x00, 0x00, 0x00, 0x00,
    0x00, 0x00, 0x09, 0x01, 0x01, 0x01, 0x01, 0x01, 0x01, 0x09, 0x09, 0x09,
    0x09, 0x01, 0x01, 0x01, 0x09, 0x01, 0x01, 0x01, 0x01, 0x09, 0x00, 0x00,
    0x00, 0x00, 0x01, 0x01, 0x09, 0x00, 0x09, 0x01, 0x01, 0x01, 0x09, 0x01,
    0x05, 0x02, 0x02, 0x02, 0x02, 0x02, 0x02, 0x02, 0x02, 0x02, 0x02, 0x02,
    0x05, 0x05, 0x05, 0x02, 0x02, 0x05, 0x02, 0x02, 0x02, 0x02, 0x02, 0x02,
    0x02, 0x02, 0x02, 0x02, 0x02, 0x02, 0x02, 0x02, 0x02, 0x05, 0x05, 0x05,
    0x05, 0x05, 0x05, 0x01, 0x05, 0x01, 0x05, 0x05, 0x05, 0x05, 0x05, 0x01,
    0x01, 0x01, 0x01, 0x00, 0x00, 0x00, 0x00, 0x00, 0x09, 0x09, 0x00, 0x00,
    0x00, 0x00, 0x00, 0x00, 0x09, 0x01, 0x00, 0x00, 0x00, 0x00, 0x00, 0x00,
    0x00, 0x00, 0x06, 0x03, 0x06, 0x00, 0x00, 0x00, 0x00, 0x00, 0x00, 0x00,
    0x06, 0x03, 0x04, 0x04, 0x04, 0x04, 0x04, 0x04, 0x03, 0x03, 0x03, 0x03,
    0x04, 0x07, 0x0C, 0x08, 0x0B, 0x0A, 0x15, 0x08, 0x08, 0x1D, 0x1E, 0x11,
    0x62, 0x11, 0x11, 0x11, 0x11, 0x24, 0x24, 0x11, 0x23, 0x23, 0x23, 0x23,
    0x23, 0x23, 0x11, 0x03, 0x0A, 0x08, 0x0B, 0x0B, 0x0B, 0x08, 0x10, 0x08,
    0x0B, 0x08, 0x16, 0x37, 0x24, 0x22, 0x2D, 0x3C, 0x0C, 0x42, 0x0A, 0x1D,
    0x10, 0x10, 0x0D, 0x24, 0x23, 0x23, 0x23, 0x23, 0x11, 0x11, 0x23, 0x41,
    0x08, 0x15, 0x1E, 0x23, 0x23, 0x23, 0x23, 0x11, 0x2C, 0x2C, 0x02, 0x40,
    0x01, 0x25, 0x08, 0x0A, 0x1D, 0x0C, 0x07, 0x08, 0x08, 0x0A, 0x0C, 0x15,
    0x15, 0x15, 0x20, 0x0A, 0x08, 0x08, 0x0C, 0x2F, 0x25, 0x08, 0x0A, 0x08,
    0x0E, 0x0D, 0x00, 0x1E, 0x16, 0x0A, 0x27, 0x1F, 0x1C, 0x23, 0x23, 0x23,
    0x23, 0x11, 0x11, 0x11, 0x11, 0x11, 0x11, 0x38, 0x15, 0x16, 0x0A, 0x08,
    0x0A, 0x0C, 0x0A, 0x04, 0x2F, 0x0A, 0x0A, 0x0C, 0x0A, 0x0A, 0x1D, 0x0C,
    0x0A, 0x0B, 0x0B, 0x08, 0x0A, 0x0A, 0x08, 0x08, 0x0A, 0x03, 0x26, 0x08,
    0x0C, 0x08, 0x0C, 0x10, 0x08, 0x08, 0x0C, 0x0E, 0x03, 0x03, 0x03, 0x03,
    0x03, 0x04, 0x04, 0x04, 0x04, 0x04, 0x04, 0x04, 0x04, 0x04, 0x03, 0x03,
    0x03, 0x03, 0x03, 0x03, 0x03, 0x0D, 0x04, 0x03, 0x03, 0x03, 0x06, 0x06,
    0x00, 0x00, 0x00, 0x00, 0x00, 0x00, 0x00, 0x09, 0x09, 0x00, 0x09, 0x01,
    0x01, 0x01, 0x01, 0x09, 0x00, 0x01, 0x01, 0x01, 0x01, 0x01, 0x01, 0x01,
    0x01, 0x01, 0x05, 0x05, 0x01, 0x01, 0x01, 0x02, 0x05, 0x01, 0x05, 0x01,
    0x01, 0x01, 0x05, 0x05, 0x05, 0x02, 0x02, 0x02, 0x02, 0x02, 0x02, 0x02,
    0x02, 0x02, 0x02, 0x05, 0x05, 0x02, 0x02, 0x02, 0x02, 0x02, 0x02, 0x02,
    0x02, 0x02, 0x02, 0x02, 0x02, 0x02, 0x02, 0x02, 0x05, 0x02, 0x02, 0x02,
    0x02, 0x02, 0x05, 0x01, 0x01, 0x01, 0x01, 0x01, 0x01, 0x01, 0x01, 0x01,
    0x01, 0x01, 0x05, 0x05, 0x05, 0x01, 0x01, 0x01, 0x09, 0x00, 0x00, 0x00,
    0x06, 0x06, 0x00, 0x00, 0x00, 0x00, 0x00, 0x00, 0x06, 0x00, 0x00, 0x06,
    0x06, 0x06, 0x06, 0x06, 0x00, 0x00, 0x00, 0x00, 0x00, 0x00, 0x00, 0x06,
    0x00, 0x03, 0x03, 0x03, 0x03, 0x03, 0x04, 0x04, 0x04, 0x04, 0x04, 0x04,
    0x04, 0x04, 0x0E, 0x07, 0x07, 0x07, 0x0E, 0x0E, 0x07, 0x15, 0x16, 0x0B,
    0x08, 0x0C, 0x07, 0x0B, 0x08, 0x16, 0x1E, 0x2D, 0x29, 0x2B, 0x02, 0x02,
    0x01, 0x01, 0x01, 0x01, 0x02, 0x02, 0x02, 0x2B, 0x24, 0x11, 0x2F, 0x07,
    0x0A, 0x0B, 0x0B, 0x0B, 0x0B, 0x0A, 0x10, 0x0B, 0x0B, 0x1D, 0x20, 0x1E,
    0x29, 0x12, 0x12, 0x23, 0x2A, 0x1D, 0x0A, 0x08, 0x20, 0x07, 0x07, 0x00,
    0x02, 0x2B, 0x2B, 0x2B, 0x29, 0x22, 0x2D, 0x2A, 0x16, 0x0C, 0x16, 0x02,
    0x22, 0x24, 0x24, 0x24, 0x2B, 0x02, 0x03, 0x0D, 0x00, 0x25, 0x08, 0x0A,
    0x08, 0x0C, 0x07, 0x08, 0x08, 0x0A, 0x0C, 0x20, 0x15, 0x20, 0x0C, 0x1D,
    0x08, 0x08, 0x0C, 0x2F, 0x25, 0x08, 0x0A, 0x08, 0x0D, 0x0D, 0x00, 0x26,
    0x16, 0x0A, 0x0C, 0x26, 0x2D, 0x2D, 0x24, 0x24, 0x24, 0x24, 0x24, 0x24,
    0x24, 0x24, 0x11, 0x11, 0x11, 0x20, 0x16, 0x16, 0x08, 0x10, 0x0C, 0x04,
    0x2F, 0x0A, 0x0A, 0x15, 0x0C, 0x0A, 0x16, 0x16, 0x0C, 0x08, 0x0B, 0x0B,
    0x0B, 0x08, 0x0B, 0x08, 0x0A, 0x00, 0x26, 0x1D, 0x0C, 0x08, 0x0C, 0x10,
    0x08, 0x08, 0x0C, 0x0E, 0x04, 0x04, 0x04, 0x04, 0x04, 0x04, 0x04, 0x04,
    0x04, 0x04, 0x03, 0x04, 0x04, 0x04, 0x03, 0x03, 0x03, 0x03, 0x03, 0x00,
    0x06, 0x06, 0x06, 0x06, 0x00, 0x00, 0x00, 0x00, 0x00, 0x00, 0x00, 0x00,
    0x00, 0x00, 0x00, 0x09, 0x01, 0x09, 0x00, 0x01, 0x09, 0x00, 0x00, 0x00,
    0x00, 0x00, 0x00, 0x00, 0x09, 0x01, 0x01, 0x01, 0x05, 0x02, 0x01, 0x01,
    0x01, 0x01, 0x09, 0x01, 0x09, 0x09, 0x09, 0x00, 0x09, 0x01, 0x01, 0x01,
    0x01, 0x01, 0x01, 0x01, 0x01, 0x01, 0x01, 0x01, 0x01, 0x05, 0x05, 0x02,
    0x02, 0x02, 0x02, 0x02, 0x02, 0x02, 0x02, 0x02, 0x02, 0x02, 0x0F, 0x02,
    0x0F, 0x02, 0x02, 0x02, 0x02, 0x05, 0x05, 0x05, 0x05, 0x01, 0x01, 0x01,
    0x02, 0x02, 0x02, 0x05, 0x02, 0x02, 0x02, 0x02, 0x05, 0x05, 0x01, 0x01,
    0x01, 0x01, 0x01, 0x01, 0x01, 0x09, 0x00, 0x00, 0x00, 0x06, 0x06, 0x03,
    0x00, 0x00, 0x00, 0x00, 0x00, 0x00, 0x00, 0x00, 0x00, 0x01, 0x01, 0x01,
    0x09, 0x01, 0x01, 0x09, 0x00, 0x00, 0x00, 0x00, 0x00, 0x00, 0x00, 0x00,
    0x00, 0x00, 0x00, 0x06, 0x06, 0x03, 0x0D, 0x04, 0x04, 0x04, 0x0D, 0x04,
    0x03, 0x03, 0x03, 0x06, 0x03, 0x07, 0x0A, 0x08, 0x08, 0x10, 0x04, 0x0B,
    0x16, 0x16, 0x2A, 0x29, 0x01, 0x40, 0x03, 0x0D, 0x0D, 0x0D, 0x0D, 0x0D,
    0x0D, 0x03, 0x03, 0x09, 0x09, 0x03, 0x0D, 0x0C, 0x08, 0x0B, 0x0B, 0x0B,
    0x08, 0x0C, 0x0C, 0x0B, 0x0B, 0x0A, 0x36, 0x02, 0x01, 0x09, 0x01, 0x24,
    0x11, 0x0C, 0x16, 0x0A, 0x0A, 0x07, 0x10, 0x07, 0x03, 0x09, 0x09, 0x09,
    0x01, 0x0F, 0x22, 0x2A, 0x16, 0x0C, 0x08, 0x09, 0x12, 0x01, 0x09, 0x09,
    0x52, 0x0D, 0x07, 0x07, 0x00, 0x25, 0x08, 0x0A, 0x08, 0x0A, 0x07, 0x08,
    0x08, 0x0A, 0x0C, 0x20, 0x15, 0x15, 0x0C, 0x16, 0x0B, 0x08, 0x0C, 0x2F,
    0x25, 0x08, 0x0A, 0x08, 0x04, 0x0D, 0x00, 0x1E, 0x16, 0x0A, 0x1D, 0x0D,
    0x57, 0x01, 0x01, 0x01, 0x01, 0x09, 0x09, 0x09, 0x01, 0x01, 0x0F, 0x2B,
    0x23, 0x2A, 0x1D, 0x0A, 0x08, 0x10, 0x10, 0x0D, 0x26, 0x0A, 0x0A, 0x04,
    0x15, 0x0A, 0x0A, 0x1D, 0x0A, 0x0C, 0x08, 0x0B, 0x0B, 0x0B, 0x0B, 0x08,
    0x0A, 0x00, 0x2C, 0x16, 0x0C, 0x08, 0x0C, 0x10, 0x08, 0x08, 0x0C, 0x07,
    0x04, 0x04, 0x04, 0x04, 0x04, 0x03, 0x06, 0x06, 0x03, 0x03, 0x06, 0x00,
    0x00, 0x00, 0x06, 0x06, 0x06, 0x00, 0x00, 0x06, 0x06, 0x06, 0x06, 0x00,
    0x00, 0x06, 0x00, 0x00, 0x00, 0x00, 0x00, 0x00, 0x00, 0x00, 0x00, 0x09,
    0x00, 0x00, 0x00, 0x00, 0x01, 0x09, 0x01, 0x01, 0x01, 0x01, 0x05, 0x05,
    0x01, 0x05, 0x05, 0x01, 0x01, 0x01, 0x09, 0x09, 0x01, 0x01, 0x09, 0x01,
    0x01, 0x01, 0x01, 0x09, 0x01, 0x09, 0x01, 0x01, 0x01, 0x05, 0x05, 0x02,
    0x02, 0x02, 0x02, 0x02, 0x02, 0x0F, 0x0F, 0x0F, 0x02, 0x0F, 0x0F, 0x02,
    0x0F, 0x12, 0x12, 0x12, 0x0F, 0x02, 0x02, 0x02, 0x02, 0x05, 0x05, 0x01,
    0x01, 0x01, 0x01, 0x05, 0x05, 0x01, 0x05, 0x05, 0x05, 0x05, 0x01, 0x01,
    0x01, 0x01, 0x09, 0x01, 0x01, 0x01, 0x01, 0x05, 0x05, 0x05, 0x05, 0x05,
    0x05, 0x01, 0x05, 0x05, 0x05, 0x05, 0x05, 0x05, 0x02, 0x02, 0x05, 0x01,
    0x01, 0x01, 0x09, 0x01, 0x01, 0x01, 0x09, 0x01, 0x01, 0x00, 0x00, 0x00,
    0x00, 0x00, 0x00, 0x00, 0x00, 0x00, 0x00, 0x00, 0x00, 0x00, 0x00, 0x00,
    0x06, 0x03, 0x06, 0x06, 0x06, 0x03, 0x03, 0x03, 0x0D, 0x03, 0x03, 0x03,
    0x04, 0x07, 0x0A, 0x08, 0x08, 0x07, 0x3A, 0x0B, 0x0A, 0x08, 0x04, 0x02,
    0x0D, 0x10, 0x10, 0x0C, 0x0C, 0x0C, 0x0C, 0x0C, 0x0C, 0x10, 0x10, 0x07,
    0x07, 0x10, 0x0C, 0x0A, 0x08, 0x0B, 0x0B, 0x0B, 0x08, 0x10, 0x08, 0x0B,
    0x08, 0x0A, 0x25, 0x02, 0x0D, 0x07, 0x0D, 0x05, 0x23, 0x04, 0x08, 0x0A,
    0x1D, 0x10, 0x10, 0x0C, 0x10, 0x07, 0x07, 0x07, 0x0D, 0x09, 0x24, 0x2A,
    0x1D, 0x0C, 0x08, 0x03, 0x09, 0x04, 0x07, 0x07, 0x10, 0x10, 0x0C, 0x3F,
    0x03, 0x25, 0x08, 0x0A, 0x08, 0x0A, 0x07, 0x08, 0x08, 0x0C, 0x20, 0x07,
    0x07, 0x0E, 0x10, 0x0A, 0x08, 0x08, 0x0C, 0x2F, 0x25, 0x08, 0x0A, 0x08,
    0x04, 0x0D, 0x00, 0x1E, 0x16, 0x0A, 0x08, 0x10, 0x01, 0x0D, 0x43, 0x07,
    0x07, 0x07, 0x07, 0x07, 0x07, 0x0D, 0x03, 0x05, 0x2D, 0x2C, 0x1D, 0x0A,
    0x08, 0x0C, 0x07, 0x03, 0x26, 0x0A, 0x0A, 0x36, 0x25, 0x20, 0x0A, 0x0A,
    0x08, 0x0C, 0x0A, 0x0B, 0x0B, 0x0B, 0x0B, 0x08, 0x0A, 0x00, 0x2C, 0x08,
    0x0C, 0x08, 0x0C, 0x10, 0x08, 0x08, 0x0C, 0x10, 0x0E, 0x04, 0x04, 0x0E,
    0x0E, 0x04, 0x04, 0x04, 0x04, 0x04, 0x03, 0x0D, 0x03, 0x03, 0x03, 0x03,
    0x03, 0x03, 0x03, 0x06, 0x00, 0x00, 0x00, 0x01, 0x01, 0x00, 0x00, 0x00,
    0x00, 0x00, 0x00, 0x00, 0x06, 0x06, 0x06, 0x00, 0x06, 0x06, 0x00, 0x00,
    0x00, 0x00, 0x00, 0x00, 0x00, 0x00, 0x00, 0x09, 0x00, 0x00, 0x09, 0x01,
    0x01, 0x01, 0x05, 0x05, 0x05, 0x02, 0x05, 0x05, 0x02, 0x02, 0x02, 0x02,
    0x02, 0x0F, 0x0F, 0x0F, 0x02, 0x02, 0x02, 0x02, 0x02, 0x02, 0x02, 0x02,
    0x02, 0x02, 0x02, 0x02, 0x02, 0x02, 0x02, 0x02, 0x0F, 0x0F, 0x0F, 0x0F,
    0x0F, 0x02, 0x02, 0x02, 0x02, 0x02, 0x02, 0x02, 0x02, 0x02, 0x02, 0x02,
    0x02, 0x05, 0x05, 0x01, 0x01, 0x01, 0x01, 0x01, 0x01, 0x01, 0x01, 0x01,
    0x01, 0x01, 0x09, 0x01, 0x01, 0x01, 0x01, 0x00, 0x09, 0x00, 0x09, 0x00,
    0x00, 0x00, 0x09, 0x01, 0x01, 0x09, 0x00, 0x00, 0x00, 0x00, 0x00, 0x06,
    0x03, 0x03, 0x06, 0x00, 0x09, 0x00, 0x00, 0x00, 0x00, 0x00, 0x00, 0x06,
    0x03, 0x06, 0x06, 0x06, 0x00, 0x00, 0x00, 0x00, 0x03, 0x03, 0x03, 0x03,
    0x03, 0x04, 0x04, 0x04, 0x04, 0x03, 0x03, 0x03, 0x03, 0x07, 0x0A, 0x08,
    0x3D, 0x07, 0x2A, 0x1D, 0x0A, 0x16, 0x0C, 0x09, 0x10, 0x0A, 0x08, 0x08,
    0x08, 0x08, 0x08, 0x08, 0x08, 0x08, 0x0A, 0x0A, 0x0A, 0x0A, 0x3D, 0x08,
    0x0B, 0x0B, 0x0B, 0x0B, 0x0C, 0x10, 0x0B, 0x0B, 0x16, 0x0C, 0x2F, 0x09,
    0x10, 0x0C, 0x10, 0x03, 0x11, 0x2C, 0x16, 0x0A, 0x1D, 0x0C, 0x10, 0x0A,
    0x0A, 0x0A, 0x0A, 0x0C, 0x0C, 0x4C, 0x2C, 0x2A, 0x1D, 0x0C, 0x08, 0x04,
    0x0D, 0x0C, 0x0A, 0x0A, 0x0A, 0x0A, 0x0A, 0x0C, 0x03, 0x25, 0x08, 0x0A,
    0x08, 0x0A, 0x07, 0x08, 0x08, 0x0A, 0x0C, 0x15, 0x15, 0x15, 0x20, 0x0A,
    0x08, 0x08, 0x0C, 0x2F, 0x25, 0x08, 0x0A, 0x08, 0x04, 0x0D, 0x00, 0x1E,
    0x16, 0x0A, 0x08, 0x10, 0x03, 0x10, 0x0C, 0x0A, 0x0A, 0x0A, 0x0A, 0x0A,
    0x0A, 0x0C, 0x10, 0x03, 0x2B, 0x2C, 0x1D, 0x0A, 0x08, 0x0C, 0x0D, 0x03,
    0x26, 0x0A, 0x0C, 0x0C, 0x25, 0x2A, 0x0A, 0x0A, 0x16, 0x16, 0x0C, 0x08,
    0x0B, 0x0B, 0x0B, 0x08, 0x0A, 0x00, 0x26, 0x08, 0x0C, 0x08, 0x0C, 0x10,
    0x08, 0x08, 0x0C, 0x07, 0x04, 0x04, 0x0D, 0x04, 0x04, 0x04, 0x04, 0x03,
    0x03, 0x03, 0x03, 0x03, 0x04, 0x03, 0x06, 0x06, 0x06, 0x03, 0x03, 0x06,
    0x00, 0x00, 0x00, 0x00, 0x00, 0x00, 0x00, 0x00, 0x00, 0x00, 0x00, 0x00,
    0x00, 0x00, 0x00, 0x00, 0x00, 0x00, 0x00, 0x00, 0x00, 0x00, 0x00, 0x00,
    0x00, 0x01, 0x01, 0x01, 0x01, 0x00, 0x00, 0x09, 0x09, 0x09, 0x09, 0x01,
    0x09, 0x01, 0x01, 0x09, 0x09, 0x09, 0x01, 0x05, 0x05, 0x05, 0x01, 0x01,
    0x01, 0x01, 0x01, 0x01, 0x01, 0x01, 0x01, 0x05, 0x02, 0x02, 0x02, 0x02,
    0x02, 0x02, 0x02, 0x02, 0x05, 0x02, 0x02, 0x02, 0x02, 0x02, 0x02, 0x02,
    0x02, 0x02, 0x05, 0x05, 0x02, 0x02, 0x02, 0x02, 0x02, 0x02, 0x02, 0x02,
    0x02, 0x02, 0x02, 0x02, 0x02, 0x02, 0x05, 0x05, 0x05, 0x05, 0x05, 0x05,
    0x05, 0x01, 0x01, 0x01, 0x09, 0x00, 0x00, 0x00, 0x00, 0x06, 0x00, 0x00,
    0x09, 0x00, 0x09, 0x00, 0x00, 0x00, 0x00, 0x00, 0x00, 0x06, 0x00, 0x00,
    0x00, 0x00, 0x00, 0x00, 0x00, 0x00, 0x00, 0x00, 0x06, 0x03, 0x06, 0x03,
    0x03, 0x03, 0x03, 0x03, 0x03, 0x06, 0x03, 0x03, 0x03, 0x04, 0x04, 0x04,
    0x04, 0x0D, 0x0D, 0x04, 0x04, 0x07, 0x0A, 0x08, 0x0A, 0x07, 0x2C, 0x4A,
    0x16, 0x0A, 0x08, 0x0D, 0x10, 0x16, 0x08, 0x08, 0x0B, 0x0B, 0x0B, 0x0B,
    0x08, 0x08, 0x08, 0x08, 0x08, 0x08, 0x0B, 0x0B, 0x0B, 0x0B, 0x0B, 0x08,
    0x15, 0x0C, 0x0B, 0x0B, 0x0A, 0x15, 0x05, 0x0D, 0x0C, 0x0A, 0x0C, 0x4C,
    0x2C, 0x11, 0x15, 0x08, 0x16, 0x0A, 0x10, 0x3E, 0x08, 0x0B, 0x08, 0x08,
    0x0A, 0x10, 0x2C, 0x2A, 0x1D, 0x0C, 0x08, 0x07, 0x10, 0x0A, 0x08, 0x08,
    0x08, 0x08, 0x08, 0x0A, 0x03, 0x25, 0x08, 0x0A, 0x08, 0x0A, 0x07, 0x08,
    0x08, 0x0A, 0x0C, 0x20, 0x15, 0x15, 0x0C, 0x16, 0x08, 0x08, 0x0C, 0x2F,
    0x25, 0x08, 0x0A, 0x08, 0x0D, 0x0D, 0x00, 0x1E, 0x16, 0x0A, 0x08, 0x0C,
    0x0D, 0x0A, 0x08, 0x08, 0x08, 0x08, 0x08, 0x08, 0x08, 0x08, 0x0C, 0x07,
    0x02, 0x00, 0x0B, 0x0A, 0x08, 0x0C, 0x0D, 0x03, 0x2F, 0x0A, 0x0A, 0x0C,
    0x15, 0x2D, 0x27, 0x0A, 0x0A, 0x16, 0x0A, 0x0C, 0x08, 0x0B, 0x0B, 0x08,
    0x0A, 0x00, 0x26, 0x08, 0x0C, 0x08, 0x0C, 0x10, 0x08, 0x08, 0x0C, 0x07,
    0x04, 0x04, 0x04, 0x03, 0x03, 0x06, 0x06, 0x03, 0x03, 0x03, 0x03, 0x06,
    0x06, 0x03, 0x03, 0x06, 0x06, 0x03, 0x00, 0x00, 0x06, 0x06, 0x06, 0x03,
    0x06, 0x06, 0x06, 0x00, 0x00, 0x00, 0x00, 0x00, 0x00, 0x00, 0x00, 0x00,
    0x00, 0x09, 0x01, 0x01, 0x09, 0x00, 0x09, 0x01, 0x01, 0x01, 0x01, 0x01,
    0x05, 0x01, 0x01, 0x01, 0x01, 0x01, 0x01, 0x01, 0x09, 0x09, 0x09, 0x09,
    0x00, 0x00, 0x00, 0x09, 0x01, 0x05, 0x05, 0x05, 0x05, 0x05, 0x02, 0x05,
    0x02, 0x05, 0x01, 0x01, 0x05, 0x05, 0x05, 0x02, 0x02, 0x02, 0x02, 0x02,
    0x01, 0x01, 0x01, 0x05, 0x05, 0x05, 0x05, 0x05, 0x02, 0x05, 0x05, 0x05,
    0x05, 0x02, 0x02, 0x02, 0x02, 0x02, 0x02, 0x05, 0x05, 0x05, 0x05, 0x05,
    0x05, 0x02, 0x02, 0x05, 0x02, 0x05, 0x05, 0x01, 0x01, 0x01, 0x09, 0x01,
    0x01, 0x09, 0x09, 0x09, 0x00, 0x00, 0x09, 0x00, 0x00, 0x00, 0x00, 0x00,
    0x06, 0x00, 0x06, 0x06, 0x06, 0x06, 0x06, 0x03, 0x03, 0x03, 0x03, 0x06,
    0x00, 0x06, 0x00, 0x00, 0x00, 0x00, 0x00, 0x06, 0x06, 0x00, 0x06, 0x06,
    0x06, 0x06, 0x06, 0x06, 0x06, 0x03, 0x03, 0x03, 0x03, 0x03, 0x0D, 0x04,
    0x04, 0x07, 0x0A, 0x08, 0x0A, 0x07, 0x3C, 0x36, 0x08, 0x0A, 0x1D, 0x10,
    0x07, 0x0C, 0x0A, 0x0A, 0x0A, 0x0A, 0x0A, 0x0A, 0x0A, 0x0A, 0x08, 0x08,
    0x08, 0x0B, 0x0B, 0x0B, 0x0B, 0x0B, 0x0B, 0x08, 0x10, 0x1D, 0x0B, 0x08,
    0x0A, 0x0E, 0x01, 0x07, 0x0A, 0x08, 0x0A, 0x10, 0x00, 0x2D, 0x3A, 0x08,
    0x0A, 0x1D, 0x10, 0x0A, 0x0B, 0x0B, 0x0B, 0x0B, 0x08, 0x10, 0x26, 0x25,
    0x1D, 0x0C, 0x08, 0x07, 0x3F, 0x08, 0x08, 0x08, 0x08, 0x0B, 0x08, 0x0A,
    0x03, 0x25, 0x08, 0x0A, 0x08, 0x0A, 0x07, 0x08, 0x08, 0x0A, 0x0C, 0x15,
    0x15, 0x15, 0x0C, 0x16, 0x08, 0x08, 0x0C, 0x2F, 0x25, 0x08, 0x0A, 0x08,
    0x0D, 0x0D, 0x00, 0x1E, 0x16, 0x0A, 0x1D, 0x0C, 0x07, 0x08, 0x0B, 0x0B,
    0x0B, 0x0B, 0x0B, 0x0B, 0x0B, 0x08, 0x0A, 0x07, 0x01, 0x0A, 0x0B, 0x0C,
    0x08, 0x15, 0x0D, 0x03, 0x2F, 0x0A, 0x0A, 0x0C, 0x15, 0x2D, 0x2C, 0x15,
    0x0A, 0x0C, 0x1D, 0x0C, 0x0A, 0x08, 0x0B, 0x08, 0x0A, 0x00, 0x26, 0x08,
    0x0C, 0x08, 0x0C, 0x10, 0x08, 0x08, 0x0C, 0x04, 0x03, 0x03, 0x03, 0x03,
    0x04, 0x03, 0x03, 0x03, 0x03, 0x03, 0x03, 0x03, 0x03, 0x03, 0x0D, 0x0D,
    0x03, 0x0D, 0x04, 0x04, 0x04, 0x04, 0x0D, 0x0D, 0x04, 0x03, 0x03, 0x03,
    0x03, 0x06, 0x06, 0x06, 0x00, 0x00, 0x00, 0x00, 0x00, 0x00, 0x09, 0x01,
    0x01, 0x09, 0x01, 0x01, 0x01, 0x01, 0x01, 0x05, 0x01, 0x01, 0x01, 0x01,
    0x01, 0x01, 0x01, 0x05, 0x05, 0x01, 0x01, 0x01, 0x01, 0x01, 0x01, 0x01,
    0x01, 0x01, 0x01, 0x01, 0x01, 0x01, 0x01, 0x01, 0x01, 0x01, 0x01, 0x01,
    0x05, 0x01, 0x05, 0x05, 0x05, 0x02, 0x02, 0x02, 0x02, 0x05, 0x05, 0x05,
    0x05, 0x05, 0x05, 0x02, 0x02, 0x02, 0x02, 0x02, 0x02, 0x02, 0x05, 0x05,
    0x05, 0x05, 0x05, 0x05, 0x01, 0x05, 0x02, 0x05, 0x05, 0x01, 0x01, 0x01,
    0x01, 0x01, 0x09, 0x01, 0x09, 0x01, 0x01, 0x01, 0x01, 0x01, 0x01, 0x01,
    0x01, 0x01, 0x01, 0x01, 0x09, 0x01, 0x09, 0x01, 0x01, 0x09, 0x09, 0x00,
    0x00, 0x00, 0x00, 0x00, 0x00, 0x00, 0x06, 0x06, 0x06, 0x06, 0x06, 0x06,
    0x03, 0x03, 0x03, 0x06, 0x06, 0x06, 0x00, 0x06, 0x03, 0x03, 0x03, 0x03,
    0x06, 0x06, 0x00, 0x06, 0x00, 0x06, 0x03, 0x03, 0x03, 0x04, 0x0C, 0x08,
    0x0A, 0x10, 0x2C, 0x2A, 0x08, 0x0A, 0x0A, 0x0A, 0x0C, 0x0A, 0x0A, 0x0A,
    0x0A, 0x0A, 0x0A, 0x0A, 0x0A, 0x0A, 0x0A, 0x0A, 0x0A, 0x08, 0x0B, 0x0B,
    0x0B, 0x0B, 0x0B, 0x0A, 0x10, 0x0B, 0x0B, 0x0A, 0x16, 0x03, 0x00, 0x0C,
    0x08, 0x0B, 0x08, 0x0C, 0x03, 0x2B, 0x26, 0x16, 0x0A, 0x1D, 0x0C, 0x0C,
    0x0B, 0x0B, 0x0B, 0x0B, 0x08, 0x3F, 0x26, 0x25, 0x1D, 0x0C, 0x08, 0x07,
    0x0C, 0x08, 0x08, 0x0A, 0x0A, 0x08, 0x0B, 0x0A, 0x0D, 0x25, 0x08, 0x0A,
    0x08, 0x0A, 0x07, 0x08, 0x08, 0x0A, 0x20, 0x10, 0x07, 0x07, 0x15, 0x0A,
    0x08, 0x08, 0x0C, 0x2F, 0x25, 0x08, 0x0A, 0x08, 0x0D, 0x0D, 0x00, 0x1E,
    0x16, 0x0A, 0x1D, 0x0C, 0x07, 0x08, 0x0B, 0x0B, 0x0B, 0x0B, 0x08, 0x08,
    0x08, 0x08, 0x0C, 0x04, 0x0C, 0x0B, 0x08, 0x0A, 0x0B, 0x07, 0x0D, 0x03,
    0x2F, 0x0A, 0x0A, 0x0A, 0x10, 0x18, 0x23, 0x41, 0x0C, 0x0A, 0x0A, 0x1D,
    0x0C, 0x0A, 0x08, 0x08, 0x0A, 0x00, 0x26, 0x08, 0x0C, 0x08, 0x0C, 0x10,
    0x08, 0x08, 0x0C, 0x07, 0x04, 0x04, 0x0D, 0x03, 0x04, 0x04, 0x04, 0x04,
    0x04, 0x03, 0x03, 0x03, 0x06, 0x06, 0x06, 0x06, 0x06, 0x03, 0x03, 0x06,
    0x06, 0x03, 0x03, 0x03, 0x03, 0x03, 0x06, 0x00, 0x06, 0x00, 0x00, 0x00,
    0x00, 0x00, 0x00, 0x00, 0x00, 0x00, 0x00, 0x00, 0x00, 0x00, 0x00, 0x00,
    0x09, 0x09, 0x09, 0x00, 0x00, 0x09, 0x00, 0x00, 0x00, 0x00, 0x01, 0x05,
    0x05, 0x05, 0x05, 0x05, 0x02, 0x02, 0x05, 0x05, 0x05, 0x05, 0x05, 0x05,
    0x02, 0x02, 0x02, 0x02, 0x02, 0x02, 0x02, 0x02, 0x02, 0x05, 0x05, 0x01,
    0x01, 0x05, 0x02, 0x02, 0x0F, 0x0F, 0x0F, 0x02, 0x02, 0x02, 0x0F, 0x02,
    0x02, 0x02, 0x02, 0x02, 0x02, 0x02, 0x02, 0x02, 0x02, 0x05, 0x01, 0x05,
    0x02, 0x02, 0x02, 0x02, 0x05, 0x05, 0x05, 0x05, 0x05, 0x01, 0x05, 0x05,
    0x05, 0x05, 0x01, 0x01, 0x01, 0x01, 0x01, 0x05, 0x01, 0x01, 0x01, 0x01,
    0x09, 0x09, 0x00, 0x00, 0x00, 0x00, 0x09, 0x00, 0x00, 0x00, 0x00, 0x00,
    0x06, 0x06, 0x06, 0x03, 0x03, 0x03, 0x06, 0x03, 0x06, 0x06, 0x00, 0x00,
    0x06, 0x00, 0x00, 0x00, 0x06, 0x06, 0x06, 0x00, 0x00, 0x00, 0x00, 0x00,
    0x00, 0x00, 0x00, 0x06, 0x03, 0x04, 0x20, 0x08, 0x08, 0x46, 0x00, 0x3C,
    0x0C, 0x16, 0x0A, 0x0A, 0x16, 0x0B, 0x0B, 0x0B, 0x0B, 0x0B, 0x0B, 0x0B,
    0x0B, 0x08, 0x1D, 0x0A, 0x0A, 0x0A, 0x08, 0x0B, 0x0B, 0x0B, 0x08, 0x15,
    0x15, 0x0B, 0x08, 0x0A, 0x0A, 0x00, 0x0D, 0x0A, 0x08, 0x0B, 0x0B, 0x0A,
    0x43, 0x02, 0x3C, 0x0C, 0x16, 0x16, 0x0A, 0x10, 0x08, 0x0B, 0x0B, 0x0B,
    0x08, 0x3F, 0x26, 0x25, 0x1D, 0x0C, 0x08, 0x07, 0x0C, 0x08, 0x16, 0x0A,
    0x0A, 0x08, 0x08, 0x0A, 0x0D, 0x25, 0x08, 0x0A, 0x08, 0x0A, 0x07, 0x08,
    0x08, 0x0A, 0x15, 0x07, 0x07, 0x07, 0x15, 0x0A, 0x08, 0x08, 0x0C, 0x2F,
    0x25, 0x08, 0x0A, 0x08, 0x0D, 0x0D, 0x00, 0x1E, 0x16, 0x0A, 0x08, 0x0C,
    0x07, 0x08, 0x0B, 0x0B, 0x08, 0x08, 0x0A, 0x0A, 0x0A, 0x0C, 0x0C, 0x08,
    0x0B, 0x0B, 0x0A, 0x1D, 0x20, 0x06, 0x07, 0x03, 0x2F, 0x0A, 0x0A, 0x0A,
    0x15, 0x19, 0x24, 0x11, 0x04, 0x0A, 0x0C, 0x0A, 0x0A, 0x0C, 0x08, 0x08,
    0x0C, 0x00, 0x26, 0x08, 0x0C, 0x08, 0x0C, 0x10, 0x08, 0x08, 0x0A, 0x07,
    0x04, 0x04, 0x03, 0x03, 0x03, 0x03, 0x03, 0x03, 0x03, 0x06, 0x03, 0x03,
    0x03, 0x06, 0x03, 0x06, 0x00, 0x00, 0x00, 0x00, 0x00, 0x00, 0x00, 0x00,
    0x00, 0x00, 0x00, 0x00, 0x00, 0x00, 0x00, 0x00, 0x00, 0x09, 0x00, 0x09,
    0x01, 0x01, 0x00, 0x00, 0x00, 0x00, 0x00, 0x01, 0x01, 0x01, 0x01, 0x01,
    0x01, 0x01, 0x01, 0x01, 0x01, 0x02, 0x05, 0x05, 0x01, 0x01, 0x05, 0x02,
    0x02, 0x02, 0x02, 0x05, 0x05, 0x05, 0x05, 0x01, 0x01, 0x01, 0x01, 0x01,
    0x05, 0x05, 0x05, 0x05, 0x02, 0x05, 0x01, 0x01, 0x01, 0x01, 0x01, 0x01,
    0x02, 0x0F, 0x0F, 0x02, 0x02, 0x02, 0x02, 0x05, 0x05, 0x01, 0x01, 0x05,
    0x05, 0x01, 0x05, 0x05, 0x05, 0x01, 0x01, 0x05, 0x01, 0x05, 0x02, 0x05,
    0x05, 0x02, 0x05, 0x01, 0x01, 0x01, 0x01, 0x09, 0x09, 0x09, 0x09, 0x01,
    0x00, 0x09, 0x00, 0x00, 0x01, 0x01, 0x09, 0x09, 0x09, 0x09, 0x01, 0x05,
    0x01, 0x01, 0x01, 0x01, 0x01, 0x01, 0x01, 0x01, 0x09, 0x01, 0x01, 0x01,
    0x01, 0x01, 0x01, 0x01, 0x01, 0x01, 0x01, 0x01, 0x00, 0x00, 0x00, 0x00,
    0x00, 0x00, 0x00, 0x00, 0x06, 0x06, 0x03, 0x03, 0x03, 0x03, 0x03, 0x03,
    0x0D, 0x04, 0x10, 0x16, 0x08, 0x0C, 0x0D, 0x02, 0x2A, 0x16, 0x16, 0x16,
    0x08, 0x08, 0x08, 0x08, 0x08, 0x08, 0x08, 0x08, 0x08, 0x08, 0x08, 0x0A,
    0x16, 0x16, 0x0C, 0x08, 0x0B, 0x0B, 0x08, 0x10, 0x0A, 0x0B, 0x16, 0x0A,
    0x20, 0x09, 0x07, 0x0A, 0x0B, 0x0B, 0x0B, 0x0A, 0x10, 0x00, 0x24, 0x15,
    0x08, 0x0A, 0x1D, 0x10, 0x0A, 0x0B, 0x0B, 0x0B, 0x08, 0x3F, 0x26, 0x25,
    0x1D, 0x0C, 0x08, 0x07, 0x0C, 0x08, 0x16, 0x0C, 0x0A, 0x08, 0x08, 0x0A,
    0x0D, 0x25, 0x08, 0x0A, 0x08, 0x0A, 0x07, 0x08, 0x08, 0x0A, 0x0C, 0x15,
    0x10, 0x10, 0x15, 0x0A, 0x08, 0x08, 0x0C, 0x2F, 0x25, 0x08, 0x0A, 0x08,
    0x0D, 0x0D, 0x00, 0x1E, 0x16, 0x0A, 0x08, 0x0C, 0x07, 0x08, 0x0B, 0x08,
    0x0A, 0x0A, 0x0A, 0x08, 0x08, 0x0B, 0x0B, 0x0B, 0x0B, 0x08, 0x4A, 0x51,
    0x26, 0x03, 0x07, 0x03, 0x26, 0x0A, 0x0A, 0x0A, 0x15, 0x0F, 0x0F, 0x24,
    0x11, 0x36, 0x0A, 0x0A, 0x1D, 0x0A, 0x0C, 0x0A, 0x0C, 0x00, 0x26, 0x08,
    0x0C, 0x08, 0x0C, 0x10, 0x08, 0x08, 0x0C, 0x07, 0x04, 0x04, 0x04, 0x0D,
    0x03, 0x03, 0x03, 0x06, 0x03, 0x03, 0x03, 0x03, 0x03, 0x03, 0x03, 0x06,
    0x06, 0x06, 0x06, 0x00, 0x00, 0x00, 0x00, 0x06, 0x06, 0x03, 0x03, 0x03,
    0x06, 0x03, 0x03, 0x06, 0x00, 0x00, 0x00, 0x00, 0x01, 0x01, 0x00, 0x00,
    0x00, 0x00, 0x01, 0x01, 0x09, 0x01, 0x01, 0x01, 0x01, 0x01, 0x09, 0x01,
    0x01, 0x00, 0x00, 0x01, 0x09, 0x09, 0x01, 0x01, 0x01, 0x01, 0x05, 0x05,
    0x01, 0x05, 0x02, 0x02, 0x02, 0x02, 0x02, 0x0F, 0x02, 0x02, 0x02, 0x02,
    0x02, 0x0F, 0x0F, 0x0F, 0x12, 0x02, 0x02, 0x0F, 0x02, 0x0F, 0x0F, 0x02,
    0x02, 0x02, 0x02, 0x02, 0x02, 0x02, 0x02, 0x02, 0x02, 0x02, 0x02, 0x02,
    0x02, 0x02, 0x02, 0x02, 0x02, 0x02, 0x02, 0x02, 0x02, 0x02, 0x02, 0x05,
    0x01, 0x01, 0x01, 0x09, 0x00, 0x00, 0x00, 0x00, 0x00, 0x00, 0x00, 0x00,
    0x00, 0x00, 0x00, 0x00, 0x00, 0x01, 0x01, 0x00, 0x00, 0x00, 0x00, 0x00,
    0x00, 0x00, 0x00, 0x00, 0x00, 0x00, 0x00, 0x00, 0x00, 0x00, 0x06, 0x06,
    0x03, 0x03, 0x03, 0x03, 0x04, 0x04, 0x0D, 0x03, 0x0D, 0x03, 0x06, 0x03,
    0x03, 0x0D, 0x03, 0x03, 0x03, 0x03, 0x03, 0x04, 0x0D, 0x04, 0x07, 0x0A,
    0x08, 0x0A, 0x10, 0x00, 0x24, 0x25, 0x0A, 0x1D, 0x1D, 0x08, 0x08, 0x08,
    0x08, 0x08, 0x1D, 0x1D, 0x08, 0x1D, 0x1D, 0x16, 0x0A, 0x16, 0x0A, 0x0C,
    0x08, 0x08, 0x0A, 0x07, 0x08, 0x0B, 0x0A, 0x0A, 0x07, 0x01, 0x07, 0x0C,
    0x08, 0x08, 0x08, 0x0A, 0x07, 0x09, 0x24, 0x04, 0x08, 0x0C, 0x08, 0x20,
    0x0C, 0x0B, 0x0B, 0x0B, 0x08, 0x3F, 0x26, 0x21, 0x08, 0x0C, 0x08, 0x07,
    0x0C, 0x08, 0x16, 0x0C, 0x0A, 0x08, 0x08, 0x0A, 0x0D, 0x25, 0x08, 0x0A,
    0x08, 0x0C, 0x07, 0x08, 0x08, 0x0A, 0x0C, 0x15, 0x15, 0x15, 0x15, 0x0A,
    0x08, 0x08, 0x0C, 0x2F, 0x25, 0x08, 0x0A, 0x08, 0x0D, 0x0D, 0x00, 0x1E,
    0x16, 0x0A, 0x1D, 0x0C, 0x07, 0x08, 0x08, 0x0A, 0x0B, 0x0B, 0x08, 0x0B,
    0x0B, 0x0B, 0x0B, 0x0B, 0x16, 0x27, 0x1B, 0x1F, 0x02, 0x07, 0x10, 0x0D,
    0x26, 0x0A, 0x0A, 0x0A, 0x0C, 0x01, 0x09, 0x02, 0x23, 0x1E, 0x20, 0x0A,
    0x0A, 0x08, 0x0C, 0x0C, 0x0C, 0x00, 0x26, 0x08, 0x0C, 0x08, 0x0C, 0x10,
    0x08, 0x08, 0x0A, 0x10, 0x04, 0x04, 0x04, 0x04, 0x04, 0x04, 0x0E, 0x0E,
    0x0E, 0x0E, 0x04, 0x04, 0x04, 0x04, 0x04, 0x04, 0x04, 0x04, 0x04, 0x03,
    0x00, 0x00, 0x00, 0x00, 0x00, 0x00, 0x00, 0x06, 0x00, 0x00, 0x00, 0x00,
    0x00, 0x01, 0x01, 0x01, 0x01, 0x01, 0x01, 0x01, 0x01, 0x09, 0x01, 0x01,
    0x09, 0x01, 0x01, 0x01, 0x01, 0x09, 0x09, 0x00, 0x00, 0x00, 0x00, 0x00,
    0x09, 0x09, 0x00, 0x00, 0x09, 0x01, 0x05, 0x01, 0x01, 0x05, 0x05, 0x05,
    0x01, 0x01, 0x05, 0x05, 0x01, 0x05, 0x05, 0x05, 0x05, 0x02, 0x02, 0x02,
    0x02, 0x02, 0x02, 0x05, 0x02, 0x02, 0x02, 0x02, 0x02, 0x02, 0x02, 0x02,
    0x02, 0x02, 0x02, 0x02, 0x02, 0x02, 0x02, 0x02, 0x02, 0x05, 0x01, 0x01,
    0x05, 0x01, 0x01, 0x01, 0x09, 0x01, 0x01, 0x01, 0x01, 0x01, 0x09, 0x09,
    0x09, 0x01, 0x01, 0x01, 0x05, 0x01, 0x01, 0x01, 0x01, 0x01, 0x01, 0x01,
    0x01, 0x01, 0x01, 0x01, 0x01, 0x01, 0x01, 0x09, 0x01, 0x01, 0x01, 0x01,
    0x01, 0x00, 0x00, 0x00, 0x00, 0x00, 0x00, 0x00, 0x00, 0x00, 0x00, 0x00,
    0x00, 0x00, 0x00, 0x06, 0x06, 0x06, 0x06, 0x03, 0x00, 0x06, 0x06, 0x06,
    0x06, 0x06, 0x06, 0x03, 0x03, 0x03, 0x0E, 0x0C, 0x1D, 0x08, 0x0C, 0x0D,
    0x05, 0x11, 0x2C, 0x25, 0x25, 0x25, 0x25, 0x25, 0x25, 0x25, 0x25, 0x25,
    0x25, 0x25, 0x36, 0x16, 0x0A, 0x0A, 0x08, 0x0C, 0x0A, 0x08, 0x0C, 0x07,
    0x0B, 0x08, 0x0A, 0x0A, 0x10, 0x03, 0x10, 0x0C, 0x0A, 0x0A, 0x0A, 0x0C,
    0x10, 0x0D, 0x26, 0x00, 0x08, 0x0A, 0x1D, 0x0C, 0x0C, 0x08, 0x0B, 0x0B,
    0x08, 0x3F, 0x26, 0x21, 0x08, 0x0C, 0x08, 0x07, 0x0C, 0x08, 0x16, 0x0C,
    0x0A, 0x08, 0x08, 0x0A, 0x03, 0x25, 0x08, 0x0A, 0x08, 0x0C, 0x07, 0x08,
    0x08, 0x0A, 0x15, 0x10, 0x10, 0x10, 0x15, 0x0A, 0x08, 0x08, 0x0C, 0x2F,
    0x3A, 0x08, 0x0A, 0x08, 0x0D, 0x0D, 0x00, 0x1E, 0x16, 0x0C, 0x16, 0x0C,
    0x07, 0x0A, 0x08, 0x10, 0x08, 0x0B, 0x1D, 0x1D, 0x08, 0x08, 0x0C, 0x37,
    0x38, 0x58, 0x11, 0x2C, 0x03, 0x10, 0x3F, 0x0D, 0x26, 0x0A, 0x0A, 0x0A,
    0x0C, 0x03, 0x0D, 0x40, 0x02, 0x11, 0x2A, 0x0C, 0x0A, 0x0A, 0x16, 0x10,
    0x10, 0x00, 0x26, 0x08, 0x0C, 0x08, 0x0C, 0x10, 0x08, 0x08, 0x0C, 0x07,
    0x04, 0x04, 0x0D, 0x04, 0x04, 0x04, 0x04, 0x04, 0x04, 0x04, 0x04, 0x04,
    0x04, 0x04, 0x0D, 0x0D, 0x04, 0x04, 0x04, 0x04, 0x0D, 0x03, 0x03, 0x06,
    0x00, 0x00, 0x00, 0x00, 0x00, 0x00, 0x00, 0x00, 0x00, 0x00, 0x00, 0x01,
    0x01, 0x00, 0x09, 0x00, 0x00, 0x00, 0x00, 0x00, 0x00, 0x00, 0x00, 0x00,
    0x00, 0x00, 0x00, 0x00, 0x09, 0x09, 0x09, 0x01, 0x01, 0x05, 0x05, 0x01,
    0x01, 0x05, 0x05, 0x02, 0x02, 0x02, 0x02, 0x02, 0x02, 0x02, 0x02, 0x02,
    0x02, 0x02, 0x02, 0x02, 0x02, 0x02, 0x02, 0x0F, 0x0F, 0x02, 0x02, 0x02,
    0x02, 0x02, 0x02, 0x02, 0x02, 0x02, 0x0F, 0x0F, 0x0F, 0x0F, 0x0F, 0x0F,
    0x02, 0x02, 0x02, 0x02, 0x02, 0x05, 0x05, 0x02, 0x02, 0x02, 0x05, 0x05,
    0x05, 0x05, 0x05, 0x01, 0x01, 0x01, 0x01, 0x05, 0x05, 0x01, 0x01, 0x09,
    0x01, 0x01, 0x09, 0x01, 0x09, 0x09, 0x09, 0x00, 0x00, 0x00, 0x00, 0x00,
    0x00, 0x00, 0x00, 0x00, 0x00, 0x09, 0x00, 0x00, 0x00, 0x00, 0x00, 0x00,
    0x00, 0x00, 0x06, 0x06, 0x06, 0x06, 0x06, 0x06, 0x06, 0x03, 0x03, 0x03,
    0x03, 0x06, 0x06, 0x03, 0x03, 0x03, 0x03, 0x03, 0x03, 0x0D, 0x03, 0x03,
    0x03, 0x0D, 0x04, 0x10, 0x0A, 0x08, 0x0A, 0x10, 0x03, 0x05, 0x24, 0x23,
    0x23, 0x23, 0x23, 0x23, 0x23, 0x11, 0x11, 0x11, 0x23, 0x23, 0x23, 0x2A,
    0x16, 0x16, 0x0A, 0x16, 0x0C, 0x0A, 0x10, 0x10, 0x0B, 0x08, 0x0A, 0x0A,
    0x0B, 0x0B, 0x0B, 0x0B, 0x0B, 0x0B, 0x0B, 0x0B, 0x0B, 0x0B, 0x08, 0x04,
    0x16, 0x0A, 0x16, 0x16, 0x10, 0x08, 0x0B, 0x0B, 0x08, 0x3F, 0x26, 0x21,
    0x08, 0x0C, 0x08, 0x07, 0x0C, 0x08, 0x16, 0x0C, 0x0C, 0x08, 0x08, 0x0A,
    0x03, 0x25, 0x08, 0x0A, 0x1D, 0x0C, 0x07, 0x08, 0x08, 0x0A, 0x0C, 0x15,
    0x10, 0x10, 0x20, 0x16, 0x08, 0x08, 0x0C, 0x2F, 0x25, 0x08, 0x0A, 0x08,
    0x0D, 0x0D, 0x00, 0x1E, 0x16, 0x0C, 0x16, 0x0C, 0x07, 0x0A, 0x3D, 0x3A,
    0x3A, 0x08, 0x0C, 0x0A, 0x37, 0x1E, 0x1F, 0x11, 0x23, 0x11, 0x11, 0x09,
    0x07, 0x0C, 0x0C, 0x04, 0x2C, 0x0C, 0x0A, 0x0A, 0x0C, 0x0D, 0x10, 0x07,
    0x09, 0x02, 0x11, 0x27, 0x0A, 0x0A, 0x16, 0x0A, 0x0D, 0x01, 0x26, 0x08,
    0x0C, 0x08, 0x0C, 0x10, 0x08, 0x08, 0x0C, 0x07, 0x0E, 0x04, 0x04, 0x04,
    0x04, 0x04, 0x04, 0x04, 0x04, 0x04, 0x04, 0x03, 0x03, 0x03, 0x03, 0x06,
    0x00, 0x06, 0x06, 0x00, 0x00, 0x06, 0x00, 0x00, 0x06, 0x00, 0x01, 0x01,
    0x09, 0x01, 0x09, 0x09, 0x01, 0x09, 0x00, 0x00, 0x00, 0x00, 0x00, 0x09,
    0x01, 0x09, 0x09, 0x01, 0x01, 0x01, 0x01, 0x01, 0x01, 0x01, 0x09, 0x01,
    0x01, 0x05, 0x05, 0x05, 0x01, 0x09, 0x01, 0x01, 0x01, 0x01, 0x01, 0x01,
    0x01, 0x01, 0x01, 0x01, 0x05, 0x01, 0x05, 0x02, 0x05, 0x05, 0x02, 0x02,
    0x05, 0x05, 0x05, 0x05, 0x02, 0x02, 0x02, 0x05, 0x02, 0x02, 0x02, 0x02,
    0x02, 0x02, 0x02, 0x02, 0x02, 0x0F, 0x02, 0x02, 0x02, 0x02, 0x02, 0x02,
    0x02, 0x02, 0x05, 0x05, 0x01, 0x01, 0x01, 0x05, 0x05, 0x01, 0x05, 0x05,
    0x05, 0x05, 0x01, 0x01, 0x01, 0x05, 0x01, 0x01, 0x01, 0x01, 0x01, 0x01,
    0x05, 0x05, 0x05, 0x01, 0x01, 0x00, 0x00, 0x00, 0x00, 0x00, 0x00, 0x00,
    0x00, 0x00, 0x00, 0x00, 0x00, 0x00, 0x00, 0x00, 0x00, 0x00, 0x00, 0x00,
    0x00, 0x00, 0x00, 0x00, 0x00, 0x00, 0x00, 0x00, 0x00, 0x00, 0x00, 0x06,
    0x06, 0x06, 0x03, 0x03, 0x04, 0x0D, 0x04, 0x04, 0x04, 0x0D, 0x04, 0x0E,
    0x15, 0x0A, 0x08, 0x0A, 0x10, 0x03, 0x09, 0x02, 0x2B, 0x2B, 0x24, 0x24,
    0x24, 0x24, 0x24, 0x24, 0x24, 0x24, 0x2D, 0x23, 0x27, 0x16, 0x0C, 0x08,
    0x15, 0x10, 0x0E, 0x0C, 0x0B, 0x42, 0x0A, 0x0A, 0x08, 0x08, 0x08, 0x08,
    0x08, 0x08, 0x08, 0x08, 0x08, 0x08, 0x08, 0x08, 0x16, 0x0A, 0x0A, 0x08,
    0x10, 0x0A, 0x0B, 0x0B, 0x08, 0x49, 0x26, 0x37, 0x08, 0x0C, 0x08, 0x07,
    0x0C, 0x08, 0x16, 0x0C, 0x0A, 0x08, 0x08, 0x0A, 0x03, 0x25, 0x08, 0x0A,
    0x1D, 0x0A, 0x07, 0x08, 0x0B, 0x08, 0x0C, 0x15, 0x10, 0x10, 0x20, 0x0A,
    0x08, 0x08, 0x46, 0x2F, 0x25, 0x08, 0x0A, 0x08, 0x0D, 0x0D, 0x00, 0x41,
    0x16, 0x0A, 0x1D, 0x0C, 0x07, 0x0A, 0x0A, 0x0E, 0x23, 0x27, 0x0A, 0x0A,
    0x27, 0x1E, 0x37, 0x26, 0x24, 0x2B, 0x01, 0x0D, 0x0C, 0x0A, 0x0C, 0x04,
    0x26, 0x0C, 0x0A, 0x0A, 0x0C, 0x53, 0x0C, 0x0C, 0x0D, 0x01, 0x24, 0x2C,
    0x15, 0x0A, 0x0A, 0x08, 0x10, 0x02, 0x26, 0x08, 0x0C, 0x08, 0x0C, 0x10,
    0x08, 0x08, 0x0C, 0x07, 0x04, 0x04, 0x0D, 0x04, 0x04, 0x04, 0x04, 0x04,
    0x0D, 0x03, 0x03, 0x03, 0x03, 0x03, 0x03, 0x03, 0x03, 0x03, 0x03, 0x03,
    0x03, 0x03, 0x03, 0x03, 0x03, 0x00, 0x00, 0x00, 0x00, 0x00, 0x01, 0x01,
    0x01, 0x01, 0x01, 0x01, 0x00, 0x00, 0x00, 0x09, 0x01, 0x09, 0x00, 0x01,
    0x09, 0x09, 0x00, 0x00, 0x00, 0x09, 0x01, 0x01, 0x01, 0x01, 0x01, 0x05,
    0x01, 0x01, 0x01, 0x01, 0x01, 0x05, 0x02, 0x02, 0x02, 0x02, 0x05, 0x05,
    0x05, 0x01, 0x05, 0x02, 0x02, 0x02, 0x02, 0x02, 0x02, 0x02, 0x02, 0x02,
    0x02, 0x02, 0x02, 0x02, 0x12, 0x12, 0x0F, 0x0F, 0x02, 0x02, 0x02, 0x02,
    0x02, 0x02, 0x02, 0x02, 0x05, 0x05, 0x01, 0x01, 0x01, 0x00, 0x09, 0x01,
    0x01, 0x01, 0x01, 0x01, 0x01, 0x01, 0x01, 0x09, 0x09, 0x09, 0x09, 0x00,
    0x09, 0x01, 0x01, 0x01, 0x00, 0x09, 0x01, 0x01, 0x01, 0x09, 0x00, 0x09,
    0x01, 0x09, 0x00, 0x00, 0x00, 0x00, 0x09, 0x01, 0x00, 0x09, 0x01, 0x01,
    0x01, 0x09, 0x00, 0x00, 0x00, 0x00, 0x00, 0x06, 0x06, 0x00, 0x00, 0x00,
    0x00, 0x06, 0x06, 0x03, 0x03, 0x03, 0x04, 0x04, 0x04, 0x0D, 0x04, 0x04,
    0x04, 0x0D, 0x03, 0x0D, 0x04, 0x0D, 0x03, 0x0D, 0x07, 0x0C, 0x08, 0x08,
    0x0A, 0x10, 0x07, 0x03, 0x09, 0x09, 0x09, 0x09, 0x09, 0x01, 0x01, 0x01,
    0x01, 0x61, 0x12, 0x2D, 0x41, 0x16, 0x0C, 0x08, 0x20, 0x07, 0x0D, 0x1D,
    0x0B, 0x0A, 0x1D, 0x1D, 0x1D, 0x0A, 0x16, 0x0A, 0x0A, 0x0A, 0x16, 0x0A,
    0x16, 0x0A, 0x0A, 0x0A, 0x0A, 0x0A, 0x0C, 0x08, 0x0C, 0x0C, 0x0B, 0x0B,
    0x08, 0x49, 0x26, 0x37, 0x08, 0x0C, 0x08, 0x07, 0x0C, 0x08, 0x16, 0x0C,
    0x0A, 0x08, 0x08, 0x0A, 0x03, 0x25, 0x08, 0x0A, 0x1D, 0x0A, 0x07, 0x08,
    0x0B, 0x0B, 0x0A, 0x15, 0x20, 0x0C, 0x0A, 0x08, 0x0B, 0x08, 0x46, 0x2F,
    0x04, 0x0B, 0x0A, 0x08, 0x07, 0x0D, 0x00, 0x41, 0x16, 0x0A, 0x1D, 0x0C,
    0x07, 0x0A, 0x0A, 0x10, 0x2C, 0x23, 0x36, 0x16, 0x0A, 0x0A, 0x16, 0x04,
    0x22, 0x09, 0x0D, 0x10, 0x0A, 0x08, 0x0A, 0x04, 0x26, 0x0C, 0x0A, 0x0A,
    0x0C, 0x07, 0x0A, 0x0A, 0x4E, 0x0D, 0x05, 0x23, 0x41, 0x0C, 0x0A, 0x0A,
    0x08, 0x2F, 0x2C, 0x08, 0x0C, 0x1D, 0x0C, 0x10, 0x08, 0x08, 0x0C, 0x07,
    0x0E, 0x04, 0x03, 0x03, 0x03, 0x03, 0x03, 0x03, 0x0D, 0x04, 0x04, 0x04,
    0x03, 0x04, 0x03, 0x03, 0x00, 0x00, 0x00, 0x00, 0x00, 0x09, 0x01, 0x00,
    0x00, 0x00, 0x00, 0x00, 0x00, 0x00, 0x00, 0x00, 0x00, 0x00, 0x00, 0x06,
    0x06, 0x06, 0x06, 0x03, 0x06, 0x00, 0x00, 0x00, 0x00, 0x09, 0x00, 0x00,
    0x00, 0x00, 0x00, 0x09, 0x09, 0x09, 0x01, 0x01, 0x01, 0x01, 0x01, 0x01,
    0x01, 0x01, 0x05, 0x05, 0x05, 0x05, 0x05, 0x01, 0x05, 0x05, 0x05, 0x05,
    0x02, 0x02, 0x02, 0x02, 0x02, 0x02, 0x02, 0x02, 0x05, 0x02, 0x02, 0x02,
    0x0F, 0x12, 0x12, 0x0F, 0x0F, 0x0F, 0x02, 0x02, 0x02, 0x02, 0x02, 0x02,
    0x02, 0x02, 0x02, 0x02, 0x02, 0x02, 0x02, 0x02, 0x02, 0x02, 0x02, 0x02,
    0x05, 0x02, 0x05, 0x01, 0x01, 0x01, 0x01, 0x09, 0x09, 0x00, 0x01, 0x05,
    0x01, 0x05, 0x01, 0x01, 0x09, 0x00, 0x00, 0x00, 0x00, 0x09, 0x01, 0x01,
    0x05, 0x05, 0x01, 0x01, 0x01, 0x00, 0x00, 0x00, 0x00, 0x00, 0x00, 0x00,
    0x00, 0x00, 0x00, 0x00, 0x00, 0x00, 0x00, 0x00, 0x00, 0x00, 0x00, 0x06,
    0x06, 0x06, 0x06, 0x06, 0x00, 0x00, 0x00, 0x00, 0x06, 0x03, 0x03, 0x03,
    0x03, 0x03, 0x0D, 0x04, 0x07, 0x0C, 0x08, 0x0B, 0x08, 0x0A, 0x0C, 0x10,
    0x10, 0x07, 0x07, 0x07, 0x07, 0x07, 0x07, 0x07, 0x07, 0x0D, 0x09, 0x24,
    0x26, 0x16, 0x0C, 0x16, 0x0C, 0x03, 0x0D, 0x0B, 0x0B, 0x0C, 0x37, 0x36,
    0x15, 0x15, 0x15, 0x20, 0x0C, 0x0A, 0x16, 0x0A, 0x0A, 0x16, 0x16, 0x0A,
    0x16, 0x0A, 0x0C, 0x1D, 0x0A, 0x10, 0x08, 0x0B, 0x08, 0x49, 0x26, 0x37,
    0x1D, 0x0A, 0x08, 0x07, 0x0C, 0x08, 0x16, 0x0C, 0x0C, 0x08, 0x08, 0x0A,
    0x0D, 0x2A, 0x08, 0x0A, 0x1D, 0x0C, 0x07, 0x08, 0x0B, 0x0B, 0x0B, 0x16,
    0x0C, 0x0C, 0x1D, 0x08, 0x0B, 0x08, 0x3F, 0x2F, 0x20, 0x08, 0x0A, 0x08,
    0x07, 0x0D, 0x00, 0x41, 0x16, 0x0A, 0x1D, 0x0C, 0x07, 0x42, 0x0A, 0x15,
    0x03, 0x11, 0x11, 0x15, 0x16, 0x0C, 0x0A, 0x08, 0x0E, 0x03, 0x10, 0x0A,
    0x08, 0x08, 0x0A, 0x04, 0x26, 0x0C, 0x0A, 0x0A, 0x0C, 0x07, 0x0A, 0x08,
    0x0A, 0x10, 0x03, 0x02, 0x11, 0x3A, 0x0C, 0x0A, 0x08, 0x15, 0x26, 0x16,
    0x0C, 0x16, 0x10, 0x10, 0x08, 0x08, 0x0C, 0x04, 0x0D, 0x03, 0x03, 0x06,
    0x00, 0x06, 0x06, 0x06, 0x03, 0x03, 0x03, 0x03, 0x03, 0x03, 0x03, 0x03,
    0x06, 0x00, 0x06, 0x00, 0x06, 0x00, 0x00, 0x00, 0x00, 0x00, 0x00, 0x00,
    0x00, 0x00, 0x00, 0x00, 0x01, 0x00, 0x09, 0x00, 0x00, 0x01, 0x01, 0x01,
    0x09, 0x01, 0x01, 0x05, 0x01, 0x01, 0x01, 0x05, 0x01, 0x01, 0x01, 0x01,
    0x01, 0x09, 0x00, 0x01, 0x05, 0x02, 0x02, 0x05, 0x02, 0x05, 0x01, 0x01,
    0x01, 0x05, 0x02, 0x02, 0x02, 0x0F, 0x0F, 0x0F, 0x02, 0x02, 0x02, 0x02,
    0x05, 0x05, 0x05, 0x05, 0x05, 0x02, 0x02, 0x02, 0x05, 0x02, 0x02, 0x02,
    0x02, 0x02, 0x05, 0x05, 0x05, 0x05, 0x05, 0x05, 0x05, 0x05, 0x02, 0x02,
    0x02, 0x02, 0x02, 0x02, 0x02, 0x02, 0x02, 0x02, 0x02, 0x05, 0x02, 0x05,
    0x05, 0x05, 0x01, 0x01, 0x01, 0x01, 0x01, 0x01, 0x01, 0x01, 0x01, 0x01,
    0x09, 0x09, 0x00, 0x00, 0x00, 0x00, 0x00, 0x00, 0x00, 0x00, 0x00, 0x00,
    0x00, 0x00, 0x00, 0x00, 0x00, 0x00, 0x00, 0x00, 0x00, 0x00, 0x00, 0x00,
    0x00, 0x00, 0x01, 0x00, 0x09, 0x09, 0x00, 0x00, 0x00, 0x00, 0x00, 0x06,
    0x00, 0x00, 0x00, 0x00, 0x06, 0x06, 0x06, 0x06, 0x03, 0x03, 0x03, 0x04,
    0x10, 0x0A, 0x08, 0x0B, 0x0B, 0x08, 0x08, 0x0A, 0x0A, 0x0A, 0x0A, 0x0A,
    0x0A, 0x0A, 0x0A, 0x0A, 0x0C, 0x10, 0x0D, 0x02, 0x00, 0x16, 0x0C, 0x16,
    0x0C, 0x01, 0x04, 0x0B, 0x08, 0x36, 0x2D, 0x11, 0x11, 0x11, 0x3C, 0x38,
    0x38, 0x1E, 0x1E, 0x1E, 0x1E, 0x1E, 0x1E, 0x1E, 0x1E, 0x20, 0x0A, 0x16,
    0x1D, 0x10, 0x08, 0x0B, 0x08, 0x49, 0x26, 0x37, 0x08, 0x0A, 0x08, 0x07,
    0x0C, 0x08, 0x16, 0x0C, 0x0C, 0x1D, 0x08, 0x0A, 0x04, 0x2C, 0x16, 0x0A,
    0x1D, 0x16, 0x07, 0x0A, 0x0B, 0x0B, 0x0B, 0x0B, 0x08, 0x08, 0x08, 0x0B,
    0x0B, 0x08, 0x07, 0x03, 0x0B, 0x08, 0x0A, 0x08, 0x04, 0x0D, 0x00, 0x41,
    0x16, 0x0A, 0x1D, 0x0C, 0x07, 0x08, 0x08, 0x0C, 0x07, 0x09, 0x11, 0x1F,
    0x15, 0x0A, 0x0A, 0x0A, 0x08, 0x10, 0x10, 0x08, 0x0B, 0x0B, 0x0A, 0x04,
    0x26, 0x0C, 0x0A, 0x0A, 0x0C, 0x07, 0x3B, 0x0B, 0x08, 0x0A, 0x07, 0x09,
    0x11, 0x11, 0x36, 0x0A, 0x0A, 0x16, 0x15, 0x16, 0x0A, 0x1D, 0x15, 0x10,
    0x08, 0x08, 0x0C, 0x07, 0x04, 0x03, 0x0D, 0x0D, 0x03, 0x03, 0x0D, 0x03,
    0x03, 0x03, 0x03, 0x03, 0x03, 0x06, 0x06, 0x06, 0x06, 0x03, 0x03, 0x03,
    0x03, 0x03, 0x03, 0x03, 0x06, 0x06, 0x06, 0x00, 0x06, 0x06, 0x06, 0x00,
    0x00, 0x00, 0x00, 0x00, 0x00, 0x01, 0x09, 0x01, 0x01, 0x01, 0x01, 0x01,
    0x01, 0x01, 0x01, 0x05, 0x01, 0x01, 0x01, 0x01, 0x01, 0x01, 0x01, 0x01,
    0x01, 0x01, 0x01, 0x01, 0x01, 0x01, 0x01, 0x01, 0x01, 0x01, 0x05, 0x05,
    0x01, 0x05, 0x05, 0x02, 0x02, 0x02, 0x02, 0x02, 0x02, 0x02, 0x02, 0x02,
    0x02, 0x02, 0x02, 0x02, 0x0F, 0x02, 0x02, 0x02, 0x02, 0x02, 0x02, 0x02,
    0x02, 0x05, 0x05, 0x02, 0x05, 0x05, 0x02, 0x02, 0x02, 0x02, 0x02, 0x02,
    0x02, 0x02, 0x02, 0x02, 0x02, 0x02, 0x02, 0x02, 0x02, 0x02, 0x05, 0x05,
    0x05, 0x01, 0x05, 0x01, 0x01, 0x01, 0x01, 0x01, 0x01, 0x01, 0x01, 0x01,
    0x01, 0x01, 0x09, 0x00, 0x00, 0x00, 0x06, 0x00, 0x00, 0x00, 0x00, 0x00,
    0x00, 0x00, 0x00, 0x00, 0x00, 0x00, 0x00, 0x06, 0x00, 0x00, 0x00, 0x00,
    0x00, 0x00, 0x00, 0x00, 0x00, 0x00, 0x00, 0x00, 0x00, 0x00, 0x00, 0x00,
    0x06, 0x00, 0x00, 0x00, 0x03, 0x03, 0x03, 0x07, 0x0C, 0x08, 0x0B, 0x0B,
    0x0B, 0x0B, 0x08, 0x08, 0x08, 0x08, 0x08, 0x08, 0x08, 0x08, 0x08, 0x08,
    0x08, 0x0A, 0x10, 0x01, 0x04, 0x1D, 0x0C, 0x1D, 0x20, 0x02, 0x15, 0x0B,
    0x08, 0x15, 0x36, 0x3C, 0x2D, 0x2D, 0x2D, 0x2D, 0x2D, 0x2D, 0x2D, 0x2D,
    0x2D, 0x2D, 0x2D, 0x2D, 0x23, 0x15, 0x16, 0x0C, 0x08, 0x10, 0x0A, 0x0B,
    0x08, 0x49, 0x26, 0x37, 0x1D, 0x0A, 0x08, 0x07, 0x0C, 0x08, 0x16, 0x0C,
    0x0C, 0x0A, 0x08, 0x0A, 0x07, 0x2C, 0x15, 0x0A, 0x0A, 0x0B, 0x10, 0x0C,
    0x08, 0x0B, 0x0B, 0x0B, 0x0B, 0x0B, 0x0B, 0x0B, 0x0B, 0x0A, 0x07, 0x08,
    0x0B, 0x0A, 0x16, 0x0C, 0x06, 0x43, 0x00, 0x41, 0x16, 0x0A, 0x1D, 0x0C,
    0x07, 0x08, 0x08, 0x08, 0x0C, 0x0D, 0x01, 0x11, 0x1F, 0x15, 0x0A, 0x0C,
    0x0A, 0x1D, 0x20, 0x0A, 0x08, 0x08, 0x0A, 0x04, 0x26, 0x0C, 0x0A, 0x0A,
    0x0C, 0x07, 0x3B, 0x0B, 0x0B, 0x08, 0x0C, 0x0D, 0x01, 0x24, 0x26, 0x20,
    0x0A, 0x0A, 0x0A, 0x0A, 0x0C, 0x1D, 0x10, 0x10, 0x08, 0x08, 0x0C, 0x04,
    0x04, 0x04, 0x0D, 0x0D, 0x03, 0x03, 0x06, 0x03, 0x06, 0x03, 0x03, 0x03,
    0x06, 0x06, 0x06, 0x06, 0x03, 0x06, 0x00, 0x00, 0x00, 0x00, 0x00, 0x00,
    0x00, 0x00, 0x00, 0x00, 0x00, 0x00, 0x00, 0x00, 0x00, 0x00, 0x00, 0x00,
    0x01, 0x01, 0x01, 0x00, 0x01, 0x01, 0x05, 0x01, 0x01, 0x01, 0x01, 0x05,
    0x05, 0x01, 0x01, 0x01, 0x01, 0x05, 0x02, 0x05, 0x01, 0x01, 0x05, 0x05,
    0x05, 0x01, 0x01, 0x05, 0x05, 0x05, 0x05, 0x05, 0x05, 0x05, 0x05, 0x05,
    0x05, 0x05, 0x02, 0x05, 0x05, 0x02, 0x02, 0x05, 0x05, 0x02, 0x02, 0x02,
    0x02, 0x0F, 0x0F, 0x02, 0x02, 0x02, 0x02, 0x02, 0x02, 0x02, 0x02, 0x02,
    0x02, 0x0F, 0x02, 0x02, 0x02, 0x02, 0x02, 0x05, 0x05, 0x05, 0x05, 0x05,
    0x05, 0x05, 0x01, 0x01, 0x01, 0x01, 0x01, 0x01, 0x01, 0x09, 0x00, 0x09,
    0x01, 0x01, 0x01, 0x09, 0x01, 0x01, 0x01, 0x01, 0x01, 0x01, 0x01, 0x01,
    0x01, 0x09, 0x00, 0x00, 0x00, 0x00, 0x00, 0x00, 0x00, 0x00, 0x00, 0x00,
    0x00, 0x06, 0x03, 0x03, 0x03, 0x03, 0x03, 0x03, 0x03, 0x03, 0x03, 0x06,
    0x06, 0x03, 0x0D, 0x0D, 0x0D, 0x03, 0x03, 0x03, 0x03, 0x06, 0x00, 0x00,
    0x06, 0x03, 0x04, 0x07, 0x0A, 0x08, 0x0B, 0x08, 0x08, 0x08, 0x3E, 0x08,
    0x08, 0x08, 0x08, 0x08, 0x08, 0x08, 0x08, 0x08, 0x08, 0x0A, 0x07, 0x03,
    0x1D, 0x1D, 0x0A, 0x08, 0x10, 0x0F, 0x0C, 0x0B, 0x16, 0x16, 0x0C, 0x12,
    0x0F, 0x02, 0x01, 0x05, 0x01, 0x01, 0x01, 0x01, 0x01, 0x02, 0x0F, 0x12,
    0x2D, 0x37, 0x1D, 0x0C, 0x08, 0x20, 0x0C, 0x08, 0x08, 0x10, 0x26, 0x27,
    0x1D, 0x0A, 0x08, 0x07, 0x0C, 0x08, 0x16, 0x0C, 0x0C, 0x0A, 0x08, 0x16,
    0x10, 0x2C, 0x25, 0x08, 0x0A, 0x16, 0x08, 0x20, 0x0C, 0x08, 0x0B, 0x0B,
    0x0B, 0x0B, 0x0B, 0x08, 0x0A, 0x10, 0x08, 0x0B, 0x08, 0x0A, 0x16, 0x2F,
    0x03, 0x07, 0x00, 0x1E, 0x16, 0x0C, 0x16, 0x0C, 0x07, 0x08, 0x0B, 0x08,
    0x0A, 0x10, 0x03, 0x02, 0x11, 0x2C, 0x15, 0x0A, 0x0C, 0x0A, 0x1D, 0x0C,
    0x3B, 0x08, 0x0A, 0x04, 0x26, 0x0C, 0x0A, 0x0A, 0x0C, 0x07, 0x3B, 0x0B,
    0x0B, 0x08, 0x0A, 0x10, 0x03, 0x02, 0x11, 0x2A, 0x0A, 0x0C, 0x0C, 0x0A,
    0x0C, 0x1D, 0x10, 0x10, 0x08, 0x08, 0x0C, 0x07, 0x04, 0x04, 0x04, 0x04,
    0x04, 0x04, 0x04, 0x04, 0x03, 0x03, 0x0D, 0x0D, 0x03, 0x03, 0x03, 0x06,
    0x03, 0x03, 0x06, 0x00, 0x00, 0x00, 0x00, 0x00, 0x00, 0x00, 0x00, 0x00,
    0x00, 0x00, 0x00, 0x00, 0x09, 0x01, 0x01, 0x01, 0x01, 0x01, 0x01, 0x01,
    0x00, 0x00, 0x09, 0x09, 0x00, 0x01, 0x01, 0x01, 0x01, 0x01, 0x01, 0x01,
    0x01, 0x01, 0x01, 0x01, 0x09, 0x01, 0x01, 0x01, 0x01, 0x01, 0x01, 0x05,
    0x02, 0x05, 0x05, 0x02, 0x05, 0x02, 0x02, 0x01, 0x01, 0x05, 0x05, 0x05,
    0x02, 0x02, 0x02, 0x02, 0x02, 0x02, 0x05, 0x05, 0x02, 0x02, 0x02, 0x02,
    0x02, 0x0F, 0x12, 0x12, 0x12, 0x12, 0x12, 0x0F, 0x0F, 0x02, 0x02, 0x02,
    0x02, 0x02, 0x02, 0x02, 0x02, 0x02, 0x02, 0x02, 0x05, 0x02, 0x05, 0x01,
    0x05, 0x01, 0x01, 0x09, 0x01, 0x01, 0x09, 0x01, 0x09, 0x00, 0x00, 0x00,
    0x01, 0x09, 0x00, 0x00, 0x01, 0x01, 0x09, 0x00, 0x00, 0x00, 0x00, 0x00,
    0x06, 0x06, 0x00, 0x00, 0x00, 0x00, 0x00, 0x00, 0x00, 0x00, 0x00, 0x06,
    0x06, 0x06, 0x03, 0x03, 0x06, 0x06, 0x00, 0x00, 0x00, 0x00, 0x06, 0x06,
    0x03, 0x03, 0x03, 0x03, 0x04, 0x04, 0x03, 0x03, 0x0D, 0x03, 0x04, 0x15,
    0x1D, 0x0B, 0x08, 0x0A, 0x08, 0x08, 0x0C, 0x0C, 0x0C, 0x0A, 0x0A, 0x0A,
    0x0A, 0x0A, 0x0A, 0x0A, 0x0C, 0x0C, 0x15, 0x08, 0x0B, 0x08, 0x0A, 0x0B,
    0x03, 0x02, 0x16, 0x08, 0x0A, 0x16, 0x07, 0x01, 0x03, 0x0D, 0x0D, 0x0D,
    0x0D, 0x0D, 0x0D, 0x0D, 0x0D, 0x0D, 0x03, 0x09, 0x24, 0x25, 0x1D, 0x0C,
    0x08, 0x0A, 0x10, 0x08, 0x08, 0x10, 0x26, 0x37, 0x08, 0x0C, 0x08, 0x10,
    0x0C, 0x08, 0x0A, 0x0C, 0x15, 0x0A, 0x08, 0x08, 0x10, 0x00, 0x2C, 0x4A,
    0x0A, 0x0C, 0x16, 0x1D, 0x0C, 0x0C, 0x0A, 0x0A, 0x08, 0x0A, 0x0A, 0x0C,
    0x0A, 0x08, 0x0B, 0x0B, 0x0A, 0x1D, 0x25, 0x2B, 0x07, 0x07, 0x00, 0x1E,
    0x16, 0x0A, 0x1D, 0x0C, 0x07, 0x08, 0x0B, 0x0B, 0x08, 0x0A, 0x10, 0x03,
    0x02, 0x23, 0x2C, 0x20, 0x0A, 0x0C, 0x0A, 0x16, 0x0C, 0x0A, 0x0A, 0x04,
    0x26, 0x0C, 0x0A, 0x0A, 0x0C, 0x07, 0x3B, 0x0B, 0x0B, 0x08, 0x08, 0x0A,
    0x07, 0x09, 0x02, 0x11, 0x27, 0x0A, 0x0C, 0x0C, 0x0C, 0x1D, 0x10, 0x10,
    0x08, 0x08, 0x0C, 0x07, 0x04, 0x0D, 0x03, 0x04, 0x04, 0x04, 0x04, 0x04,
    0x04, 0x04, 0x04, 0x0D, 0x03, 0x03, 0x03, 0x03, 0x03, 0x03, 0x06, 0x00,
    0x00, 0x00, 0x00, 0x00, 0x06, 0x00, 0x00, 0x09, 0x01, 0x01, 0x01, 0x01,
    0x01, 0x01, 0x01, 0x01, 0x01, 0x01, 0x09, 0x09, 0x09, 0x01, 0x01, 0x01,
    0x01, 0x01, 0x01, 0x01, 0x05, 0x05, 0x01, 0x01, 0x01, 0x09, 0x09, 0x01,
    0x01, 0x01, 0x01, 0x01, 0x05, 0x02, 0x05, 0x01, 0x01, 0x01, 0x01, 0x05,
    0x01, 0x01, 0x01, 0x01, 0x05, 0x05, 0x05, 0x01, 0x01, 0x02, 0x02, 0x02,
    0x02, 0x02, 0x02, 0x02, 0x02, 0x02, 0x05, 0x05, 0x05, 0x02, 0x02, 0x02,
    0x02, 0x02, 0x02, 0x02, 0x02, 0x02, 0x02, 0x02, 0x02, 0x02, 0x02, 0x02,
    0x02, 0x02, 0x02, 0x02, 0x02, 0x02, 0x05, 0x05, 0x02, 0x02, 0x05, 0x05,
    0x05, 0x01, 0x01, 0x01, 0x01, 0x01, 0x01, 0x01, 0x05, 0x02, 0x02, 0x02,
    0x05, 0x05, 0x05, 0x01, 0x01, 0x01, 0x01, 0x09, 0x09, 0x01, 0x01, 0x01,
    0x01, 0x01, 0x01, 0x01, 0x09, 0x00, 0x00, 0x00, 0x00, 0x06, 0x06, 0x06,
    0x00, 0x00, 0x00, 0x00, 0x00, 0x01, 0x09, 0x09, 0x00, 0x00, 0x06, 0x06,
    0x06, 0x03, 0x00, 0x06, 0x03, 0x0D, 0x04, 0x15, 0x08, 0x0B, 0x0A, 0x3D,
    0x0B, 0x08, 0x0C, 0x0C, 0x0C, 0x0C, 0x0C, 0x0C, 0x0C, 0x0A, 0x0A, 0x08,
    0x08, 0x08, 0x0B, 0x0B, 0x08, 0x16, 0x16, 0x16, 0x02, 0x26, 0x1D, 0x08,
    0x0A, 0x0A, 0x0D, 0x03, 0x10, 0x0C, 0x0C, 0x0C, 0x0C, 0x0C, 0x0C, 0x0C,
    0x0C, 0x0C, 0x10, 0x0D, 0x02, 0x26, 0x1D, 0x0C, 0x16, 0x16, 0x10, 0x3D,
    0x08, 0x10, 0x26, 0x27, 0x1D, 0x0C, 0x08, 0x10, 0x0C, 0x08, 0x0A, 0x0C,
    0x15, 0x0C, 0x08, 0x08, 0x0C, 0x0D, 0x24, 0x2A, 0x1D, 0x0A, 0x0A, 0x0A,
    0x16, 0x0A, 0x0C, 0x0C, 0x0A, 0x0A, 0x08, 0x08, 0x0B, 0x0B, 0x0B, 0x1D,
    0x16, 0x37, 0x2D, 0x00, 0x10, 0x10, 0x00, 0x26, 0x16, 0x0A, 0x1D, 0x0C,
    0x07, 0x08, 0x0B, 0x0B, 0x08, 0x08, 0x0A, 0x07, 0x00, 0x02, 0x11, 0x26,
    0x20, 0x0A, 0x0C, 0x16, 0x16, 0x0C, 0x0C, 0x04, 0x26, 0x0C, 0x0A, 0x0A,
    0x0C, 0x07, 0x08, 0x0B, 0x08, 0x08, 0x08, 0x08, 0x0C, 0x07, 0x01, 0x11,
    0x2C, 0x20, 0x0A, 0x0C, 0x0C, 0x1D, 0x10, 0x10, 0x08, 0x08, 0x0C, 0x0E,
    0x04, 0x03, 0x06, 0x03, 0x06, 0x06, 0x00, 0x00, 0x06, 0x06, 0x06, 0x03,
    0x06, 0x06, 0x06, 0x03, 0x03, 0x03, 0x06, 0x06, 0x06, 0x06, 0x06, 0x03,
    0x03, 0x06, 0x00, 0x00, 0x00, 0x00, 0x00, 0x00, 0x00, 0x00, 0x00, 0x00,
    0x00, 0x00, 0x00, 0x01, 0x01, 0x01, 0x01, 0x01, 0x01, 0x01, 0x01, 0x01,
    0x01, 0x01, 0x05, 0x05, 0x01, 0x05, 0x05, 0x01, 0x01, 0x01, 0x01, 0x05,
    0x02, 0x02, 0x02, 0x02, 0x02, 0x02, 0x02, 0x02, 0x02, 0x02, 0x02, 0x02,
    0x02, 0x02, 0x02, 0x02, 0x02, 0x12, 0x12, 0x0F, 0x02, 0x02, 0x02, 0x02,
    0x02, 0x02, 0x02, 0x0F, 0x02, 0x02, 0x02, 0x02, 0x02, 0x02, 0x05, 0x05,
    0x02, 0x02, 0x05, 0x05, 0x05, 0x02, 0x05, 0x05, 0x05, 0x02, 0x02, 0x05,
    0x05, 0x05, 0x01, 0x01, 0x01, 0x01, 0x01, 0x01, 0x01, 0x01, 0x05, 0x01,
    0x01, 0x01, 0x05, 0x05, 0x01, 0x05, 0x05, 0x05, 0x05, 0x01, 0x01, 0x01,
    0x01, 0x01, 0x01, 0x01, 0x01, 0x01, 0x09, 0x01, 0x00, 0x00, 0x00, 0x06,
    0x06, 0x00, 0x06, 0x06, 0x00, 0x06, 0x00, 0x00, 0x00, 0x00, 0x06, 0x03,
    0x0D, 0x0D, 0x03, 0x03, 0x04, 0x03, 0x03, 0x03, 0x03, 0x06, 0x06, 0x06,
    0x06, 0x03, 0x04, 0x0C, 0x08, 0x08, 0x0A, 0x0B, 0x0B, 0x0B, 0x08, 0x08,
    0x08, 0x08, 0x08, 0x08, 0x08, 0x0B, 0x0B, 0x0B, 0x0B, 0x0B, 0x0B, 0x08,
    0x08, 0x16, 0x16, 0x06, 0x22, 0x00, 0x08, 0x16, 0x0A, 0x0A, 0x03, 0x07,
    0x0A, 0x0A, 0x16, 0x0A, 0x0A, 0x0A, 0x0A, 0x0A, 0x16, 0x16, 0x0A, 0x10,
    0x09, 0x2C, 0x16, 0x0A, 0x0A, 0x08, 0x10, 0x0A, 0x3B, 0x10, 0x26, 0x27,
    0x08, 0x0C, 0x1D, 0x07, 0x0C, 0x08, 0x0A, 0x0C, 0x10, 0x20, 0x1D, 0x08,
    0x0A, 0x07, 0x2F, 0x11, 0x04, 0x08, 0x0A, 0x0A, 0x16, 0x08, 0x08, 0x08,
    0x08, 0x0B, 0x0B, 0x0B, 0x0B, 0x0B, 0x08, 0x27, 0x1E, 0x11, 0x02, 0x0D,
    0x10, 0x3F, 0x06, 0x26, 0x16, 0x0A, 0x1D, 0x0C, 0x07, 0x08, 0x0B, 0x08,
    0x08, 0x08, 0x1D, 0x0C, 0x07, 0x09, 0x2B, 0x11, 0x1E, 0x0C, 0x0A, 0x0C,
    0x1D, 0x0C, 0x10, 0x0D, 0x2C, 0x0C, 0x0A, 0x0A, 0x0C, 0x07, 0x3E, 0x08,
    0x16, 0x0C, 0x0C, 0x1D, 0x0A, 0x0C, 0x0D, 0x05, 0x23, 0x1B, 0x0C, 0x0A,
    0x0C, 0x1D, 0x15, 0x10, 0x08, 0x08, 0x20, 0x04, 0x03, 0x03, 0x03, 0x0D,
    0x03, 0x06, 0x03, 0x06, 0x06, 0x06, 0x06, 0x03, 0x03, 0x06, 0x00, 0x00,
    0x06, 0x06, 0x06, 0x06, 0x06, 0x00, 0x00, 0x00, 0x00, 0x00, 0x00, 0x00,
    0x00, 0x00, 0x00, 0x00, 0x00, 0x00, 0x00, 0x00, 0x00, 0x00, 0x00, 0x00,
    0x09, 0x01, 0x01, 0x01, 0x01, 0x01, 0x01, 0x01, 0x01, 0x09, 0x09, 0x01,
    0x01, 0x05, 0x05, 0x01, 0x01, 0x05, 0x02, 0x05, 0x05, 0x02, 0x05, 0x05,
    0x02, 0x02, 0x05, 0x05, 0x02, 0x02, 0x02, 0x02, 0x02, 0x02, 0x02, 0x02,
    0x02, 0x02, 0x05, 0x05, 0x02, 0x02, 0x02, 0x02, 0x02, 0x02, 0x0F, 0x0F,
    0x02, 0x02, 0x02, 0x02, 0x02, 0x02, 0x05, 0x05, 0x05, 0x05, 0x05, 0x05,
    0x05, 0x05, 0x05, 0x02, 0x02, 0x02, 0x02, 0x02, 0x02, 0x02, 0x02, 0x02,
    0x05, 0x05, 0x05, 0x05, 0x01, 0x05, 0x05, 0x05, 0x05, 0x05, 0x05, 0x02,
    0x02, 0x05, 0x01, 0x05, 0x05, 0x01, 0x01, 0x05, 0x01, 0x09, 0x01, 0x01,
    0x01, 0x01, 0x01, 0x00, 0x00, 0x00, 0x00, 0x00, 0x00, 0x00, 0x00, 0x00,
    0x00, 0x01, 0x09, 0x00, 0x00, 0x00, 0x00, 0x06, 0x00, 0x06, 0x00, 0x00,
    0x06, 0x06, 0x06, 0x06, 0x03, 0x03, 0x03, 0x03, 0x03, 0x04, 0x0E, 0x0C,
    0x08, 0x08, 0x0C, 0x3A, 0x1D, 0x0B, 0x08, 0x08, 0x08, 0x08, 0x08, 0x08,
    0x0B, 0x0B, 0x08, 0x08, 0x08, 0x08, 0x1D, 0x08, 0x16, 0x30, 0x27, 0x02,
    0x02, 0x1E, 0x08, 0x0A, 0x16, 0x0C, 0x0D, 0x0C, 0x08, 0x08, 0x16, 0x0A,
    0x0C, 0x0A, 0x0A, 0x0A, 0x16, 0x08, 0x08, 0x0C, 0x0D, 0x24, 0x20, 0x1D,
    0x0C, 0x08, 0x15, 0x0A, 0x0A, 0x49, 0x26, 0x37, 0x16, 0x0C, 0x08, 0x10,
    0x0C, 0x08, 0x16, 0x0C, 0x10, 0x10, 0x0A, 0x08, 0x08, 0x4E, 0x03, 0x2C,
    0x23, 0x25, 0x0A, 0x08, 0x08, 0x08, 0x0B, 0x0B, 0x0B, 0x0B, 0x0B, 0x0B,
    0x08, 0x16, 0x2A, 0x11, 0x11, 0x02, 0x03, 0x10, 0x0C, 0x0C, 0x06, 0x2A,
    0x1D, 0x0C, 0x1D, 0x0C, 0x10, 0x08, 0x08, 0x16, 0x0C, 0x0A, 0x08, 0x0A,
    0x0C, 0x4C, 0x01, 0x24, 0x11, 0x26, 0x0C, 0x0A, 0x16, 0x0A, 0x07, 0x0D,
    0x2C, 0x0C, 0x0A, 0x0A, 0x0A, 0x07, 0x3B, 0x08, 0x0A, 0x20, 0x20, 0x0A,
    0x08, 0x0A, 0x10, 0x03, 0x02, 0x23, 0x25, 0x0A, 0x0C, 0x1D, 0x0C, 0x10,
    0x08, 0x08, 0x15, 0x03, 0x00, 0x00, 0x00, 0x06, 0x00, 0x00, 0x00, 0x00,
    0x00, 0x00, 0x00, 0x00, 0x00, 0x00, 0x00, 0x00, 0x00, 0x00, 0x00, 0x00,
    0x00, 0x00, 0x00, 0x00, 0x00, 0x00, 0x00, 0x00, 0x00, 0x00, 0x00, 0x00,
    0x00, 0x00, 0x00, 0x00, 0x00, 0x00, 0x00, 0x00, 0x01, 0x01, 0x01, 0x01,
    0x01, 0x01, 0x01, 0x01, 0x05, 0x01, 0x01, 0x01, 0x01, 0x05, 0x05, 0x05,
    0x05, 0x05, 0x02, 0x02, 0x02, 0x02, 0x02, 0x02, 0x02, 0x02, 0x02, 0x02,
    0x02, 0x02, 0x02, 0x02, 0x02, 0x02, 0x02, 0x02, 0x02, 0x02, 0x02, 0x02,
    0x02, 0x02, 0x02, 0x02, 0x02, 0x02, 0x02, 0x02, 0x05, 0x05, 0x02, 0x02,
    0x02, 0x02, 0x02, 0x02, 0x0F, 0x0F, 0x02, 0x02, 0x02, 0x02, 0x02, 0x02,
    0x02, 0x02, 0x02, 0x02, 0x02, 0x02, 0x02, 0x02, 0x02, 0x02, 0x02, 0x02,
    0x05, 0x05, 0x05, 0x05, 0x05, 0x01, 0x01, 0x01, 0x01, 0x01, 0x01, 0x01,
    0x01, 0x01, 0x01, 0x01, 0x09, 0x01, 0x01, 0x09, 0x00, 0x00, 0x00, 0x00,
    0x00, 0x00, 0x00, 0x00, 0x00, 0x00, 0x00, 0x00, 0x00, 0x00, 0x00, 0x00,
    0x00, 0x06, 0x06, 0x06, 0x06, 0x00, 0x00, 0x00, 0x00, 0x00, 0x06, 0x06,
    0x03, 0x03, 0x03, 0x03, 0x0D, 0x04, 0x0E, 0x0C, 0x08, 0x08, 0x0C, 0x2B,
    0x3A, 0x1D, 0x16, 0x1D, 0x1D, 0x16, 0x16, 0x1D, 0x1D, 0x1D, 0x1D, 0x1D,
    0x1D, 0x1D, 0x16, 0x27, 0x1E, 0x1B, 0x26, 0x01, 0x01, 0x2C, 0x4A, 0x1D,
    0x08, 0x10, 0x0D, 0x0A, 0x08, 0x16, 0x0C, 0x15, 0x10, 0x15, 0x15, 0x15,
    0x0C, 0x1D, 0x08, 0x0A, 0x07, 0x02, 0x1E, 0x16, 0x0A, 0x08, 0x10, 0x0C,
    0x0A, 0x0C, 0x2F, 0x1E, 0x0C, 0x16, 0x0A, 0x04, 0x0C, 0x08, 0x08, 0x0C,
    0x07, 0x07, 0x15, 0x0A, 0x08, 0x0A, 0x07, 0x06, 0x2B, 0x23, 0x2C, 0x04,
    0x20, 0x16, 0x08, 0x08, 0x08, 0x08, 0x16, 0x15, 0x25, 0x1C, 0x23, 0x38,
    0x2C, 0x09, 0x07, 0x0C, 0x0A, 0x0A, 0x03, 0x26, 0x4A, 0x0A, 0x16, 0x10,
    0x10, 0x08, 0x08, 0x0A, 0x15, 0x20, 0x0A, 0x08, 0x0A, 0x0C, 0x0D, 0x01,
    0x24, 0x11, 0x1B, 0x20, 0x08, 0x15, 0x0D, 0x0D, 0x24, 0x04, 0x0A, 0x16,
    0x07, 0x07, 0x08, 0x08, 0x0A, 0x15, 0x15, 0x0C, 0x16, 0x08, 0x0A, 0x07,
    0x09, 0x3C, 0x11, 0x27, 0x0A, 0x16, 0x07, 0x10, 0x08, 0x08, 0x15, 0x0D,
    0x06, 0x06, 0x03, 0x03, 0x06, 0x00, 0x00, 0x06, 0x03, 0x06, 0x06, 0x06,
    0x00, 0x00, 0x00, 0x00, 0x00, 0x00, 0x00, 0x00, 0x00, 0x00, 0x00, 0x00,
    0x00, 0x00, 0x00, 0x00, 0x00, 0x00, 0x00, 0x09, 0x01, 0x01, 0x01, 0x01,
    0x01, 0x01, 0x09, 0x01, 0x01, 0x01, 0x01, 0x01, 0x01, 0x05, 0x05, 0x05,
    0x05, 0x05, 0x05, 0x05, 0x02, 0x05, 0x05, 0x02, 0x05, 0x01, 0x01, 0x05,
    0x05, 0x05, 0x01, 0x05, 0x05, 0x02, 0x02, 0x02, 0x02, 0x02, 0x02, 0x02,
    0x02, 0x05, 0x05, 0x05, 0x05, 0x05, 0x05, 0x02, 0x02, 0x02, 0x02, 0x02,
    0x02, 0x02, 0x0F, 0x02, 0x02, 0x02, 0x02, 0x05, 0x05, 0x05, 0x05, 0x05,
    0x02, 0x02, 0x02, 0x02, 0x02, 0x02, 0x05, 0x05, 0x01, 0x01, 0x01, 0x01,
    0x01, 0x02, 0x02, 0x05, 0x02, 0x02, 0x05, 0x01, 0x01, 0x01, 0x01, 0x01,
    0x01, 0x01, 0x09, 0x01, 0x01, 0x09, 0x01, 0x01, 0x01, 0x01, 0x01, 0x01,
    0x01, 0x01, 0x01, 0x01, 0x00, 0x00, 0x00, 0x00, 0x00, 0x00, 0x00, 0x00,
    0x00, 0x00, 0x06, 0x06, 0x03, 0x03, 0x06, 0x06, 0x00, 0x00, 0x00, 0x00,
    0x00, 0x00, 0x00, 0x00, 0x00, 0x06, 0x03, 0x03, 0x03, 0x03, 0x06, 0x06,
    0x03, 0x03, 0x04, 0x15, 0x1D, 0x08, 0x0C, 0x03, 0x24, 0x2C, 0x2A, 0x04,
    0x27, 0x27, 0x36, 0x15, 0x15, 0x15, 0x36, 0x27, 0x37, 0x2A, 0x38, 0x11,
    0x11, 0x02, 0x09, 0x0D, 0x03, 0x2C, 0x2A, 0x27, 0x00, 0x00, 0x10, 0x0A,
    0x08, 0x0A, 0x20, 0x10, 0x10, 0x10, 0x07, 0x07, 0x10, 0x0A, 0x08, 0x08,
    0x3F, 0x00, 0x23, 0x38, 0x25, 0x04, 0x07, 0x0A, 0x08, 0x0C, 0x06, 0x11,
    0x1B, 0x21, 0x26, 0x0D, 0x0A, 0x08, 0x08, 0x0C, 0x07, 0x07, 0x15, 0x0C,
    0x08, 0x08, 0x0C, 0x07, 0x00, 0x02, 0x2D, 0x23, 0x11, 0x2C, 0x1E, 0x2A,
    0x2A, 0x1E, 0x2C, 0x11, 0x5B, 0x1C, 0x3C, 0x02, 0x09, 0x0D, 0x0C, 0x08,
    0x08, 0x0A, 0x07, 0x2C, 0x2C, 0x2A, 0x26, 0x06, 0x0C, 0x08, 0x08, 0x0C,
    0x15, 0x15, 0x0C, 0x0A, 0x08, 0x0A, 0x10, 0x0D, 0x05, 0x11, 0x11, 0x2C,
    0x1E, 0x00, 0x07, 0x5A, 0x02, 0x1F, 0x2A, 0x26, 0x01, 0x10, 0x08, 0x08,
    0x0C, 0x10, 0x07, 0x10, 0x0C, 0x08, 0x08, 0x0C, 0x53, 0x01, 0x11, 0x11,
    0x1B, 0x26, 0x00, 0x0C, 0x08, 0x0A, 0x10, 0x04, 0x03, 0x03, 0x0D, 0x03,
    0x06, 0x06, 0x00, 0x00, 0x06, 0x03, 0x03, 0x06, 0x06, 0x06, 0x03, 0x03,
    0x03, 0x03, 0x06, 0x00, 0x00, 0x00, 0x00, 0x00, 0x00, 0x00, 0x00, 0x00,
    0x00, 0x06, 0x06, 0x00, 0x00, 0x00, 0x00, 0x00, 0x09, 0x09, 0x09, 0x00,
    0x00, 0x00, 0x00, 0x00, 0x00, 0x09, 0x01, 0x01, 0x01, 0x01, 0x05, 0x05,
    0x05, 0x01, 0x01, 0x01, 0x01, 0x05, 0x05, 0x05, 0x05, 0x05, 0x05, 0x05,
    0x05, 0x02, 0x02, 0x02, 0x02, 0x02, 0x02, 0x02, 0x02, 0x05, 0x01, 0x01,
    0x05, 0x05, 0x05, 0x05, 0x05, 0x02, 0x02, 0x05, 0x02, 0x0F, 0x0F, 0x0F,
    0x02, 0x02, 0x0F, 0x02, 0x02, 0x02, 0x02, 0x02, 0x02, 0x02, 0x02, 0x02,
    0x02, 0x02, 0x02, 0x02, 0x05, 0x01, 0x01, 0x01, 0x01, 0x01, 0x01, 0x01,
    0x05, 0x05, 0x02, 0x05, 0x01, 0x01, 0x09, 0x00, 0x09, 0x09, 0x09, 0x01,
    0x01, 0x01, 0x01, 0x01, 0x05, 0x05, 0x05, 0x01, 0x01, 0x01, 0x01, 0x01,
    0x09, 0x00, 0x00, 0x00, 0x00, 0x00, 0x00, 0x00, 0x00, 0x00, 0x06, 0x00,
    0x00, 0x06, 0x03, 0x03, 0x06, 0x03, 0x03, 0x06, 0x03, 0x03, 0x03, 0x03,
    0x03, 0x03, 0x03, 0x03, 0x06, 0x03, 0x06, 0x00, 0x00, 0x00, 0x03, 0x07,
    0x0A, 0x08, 0x0A, 0x07, 0x09, 0x2B, 0x2D, 0x2D, 0x2D, 0x23, 0x23, 0x23,
    0x23, 0x23, 0x23, 0x23, 0x23, 0x23, 0x11, 0x02, 0x05, 0x03, 0x43, 0x10,
    0x07, 0x06, 0x2C, 0x24, 0x02, 0x0D, 0x0C, 0x08, 0x08, 0x0C, 0x10, 0x07,
    0x07, 0x07, 0x07, 0x07, 0x07, 0x0C, 0x08, 0x08, 0x0C, 0x43, 0x2F, 0x24,
    0x24, 0x00, 0x10, 0x0A, 0x08, 0x0A, 0x07, 0x26, 0x02, 0x24, 0x01, 0x10,
    0x0A, 0x08, 0x16, 0x20, 0x10, 0x10, 0x15, 0x0C, 0x0A, 0x08, 0x3D, 0x0C,
    0x07, 0x03, 0x05, 0x2B, 0x23, 0x23, 0x23, 0x23, 0x23, 0x23, 0x23, 0x23,
    0x11, 0x3C, 0x02, 0x09, 0x0D, 0x4E, 0x0A, 0x08, 0x0B, 0x0A, 0x10, 0x00,
    0x24, 0x24, 0x05, 0x07, 0x0A, 0x08, 0x08, 0x0C, 0x10, 0x10, 0x10, 0x0C,
    0x16, 0x08, 0x0A, 0x10, 0x03, 0x05, 0x11, 0x24, 0x24, 0x0D, 0x10, 0x07,
    0x03, 0x3C, 0x24, 0x02, 0x0D, 0x0C, 0x08, 0x08, 0x0C, 0x07, 0x04, 0x04,
    0x10, 0x0C, 0x08, 0x0A, 0x49, 0x0D, 0x01, 0x11, 0x2D, 0x02, 0x07, 0x0A,
    0x08, 0x0A, 0x15, 0x04, 0x04, 0x04, 0x04, 0x04, 0x03, 0x03, 0x03, 0x03,
    0x03, 0x03, 0x03, 0x03, 0x06, 0x00, 0x06, 0x06, 0x03, 0x03, 0x06, 0x06,
    0x00, 0x00, 0x00, 0x00, 0x00, 0x00, 0x00, 0x00, 0x01, 0x09, 0x00, 0x00,
    0x00, 0x01, 0x01, 0x09, 0x09, 0x01, 0x01, 0x01, 0x01, 0x09, 0x09, 0x00,
    0x00, 0x00, 0x09, 0x01, 0x01, 0x01, 0x05, 0x01, 0x05, 0x01, 0x01, 0x01,
    0x09, 0x01, 0x01, 0x01, 0x05, 0x02, 0x05, 0x02, 0x02, 0x02, 0x02, 0x02,
    0x02, 0x02, 0x02, 0x02, 0x05, 0x05, 0x05, 0x02, 0x05, 0x05, 0x05, 0x05,
    0x05, 0x05, 0x02, 0x02, 0x12, 0x12, 0x12, 0x12, 0x12, 0x12, 0x12, 0x12,
    0x12, 0x0F, 0x0F, 0x0F, 0x02, 0x02, 0x02, 0x02, 0x05, 0x05, 0x02, 0x02,
    0x05, 0x05, 0x02, 0x02, 0x05, 0x02, 0x02, 0x05, 0x02, 0x02, 0x05, 0x05,
    0x05, 0x01, 0x01, 0x05, 0x01, 0x01, 0x01, 0x01, 0x01, 0x01, 0x01, 0x09,
    0x01, 0x09, 0x01, 0x01, 0x01, 0x01, 0x01, 0x01, 0x01, 0x01, 0x05, 0x01,
    0x09, 0x09, 0x00, 0x00, 0x01, 0x00, 0x00, 0x01, 0x01, 0x01, 0x01, 0x01,
    0x01, 0x09, 0x00, 0x00, 0x06, 0x00, 0x06, 0x06, 0x06, 0x06, 0x03, 0x06,
    0x00, 0x00, 0x06, 0x06, 0x03, 0x03, 0x03, 0x07, 0x0C, 0x08, 0x0A, 0x0C,
    0x07, 0x03, 0x09, 0x01, 0x02, 0x02, 0x2B, 0x2B, 0x2B, 0x2B, 0x2B, 0x2B,
    0x02, 0x05, 0x01, 0x09, 0x0D, 0x07, 0x0C, 0x0A, 0x0C, 0x07, 0x03, 0x03,
    0x0D, 0x10, 0x0A, 0x08, 0x0A, 0x10, 0x0E, 0x04, 0x04, 0x04, 0x04, 0x0E,
    0x07, 0x10, 0x0A, 0x08, 0x0A, 0x15, 0x0D, 0x03, 0x03, 0x07, 0x0C, 0x08,
    0x08, 0x3E, 0x10, 0x0D, 0x09, 0x00, 0x4C, 0x0C, 0x08, 0x08, 0x0A, 0x10,
    0x07, 0x07, 0x07, 0x10, 0x20, 0x0A, 0x08, 0x0A, 0x0C, 0x07, 0x0D, 0x09,
    0x05, 0x02, 0x2B, 0x2B, 0x24, 0x24, 0x24, 0x2B, 0x02, 0x09, 0x03, 0x07,
    0x0C, 0x0A, 0x08, 0x08, 0x08, 0x08, 0x0C, 0x07, 0x03, 0x03, 0x0D, 0x10,
    0x0A, 0x08, 0x0A, 0x10, 0x0E, 0x04, 0x0E, 0x07, 0x20, 0x0A, 0x3D, 0x0A,
    0x10, 0x0D, 0x00, 0x01, 0x03, 0x10, 0x0C, 0x0C, 0x07, 0x03, 0x09, 0x0D,
    0x10, 0x0A, 0x08, 0x16, 0x15, 0x07, 0x04, 0x04, 0x07, 0x15, 0x0A, 0x08,
    0x0A, 0x10, 0x0D, 0x09, 0x09, 0x0D, 0x10, 0x0A, 0x08, 0x0C, 0x07, 0x0D,
    0x03, 0x03, 0x06, 0x03, 0x03, 0x03, 0x03, 0x03, 0x03, 0x03, 0x03, 0x03,
    0x00, 0x00, 0x00, 0x09, 0x01, 0x00, 0x00, 0x00, 0x00, 0x09, 0x01, 0x01,
    0x01, 0x01, 0x01, 0x01, 0x05, 0x01, 0x01, 0x01, 0x01, 0x01, 0x00, 0x00,
    0x00, 0x00, 0x01, 0x09, 0x09, 0x09, 0x01, 0x01, 0x01, 0x01, 0x01, 0x01,
    0x01, 0x05, 0x05, 0x05, 0x05, 0x05, 0x01, 0x05, 0x02, 0x02, 0x05, 0x01,
    0x05, 0x05, 0x05, 0x05, 0x05, 0x05, 0x02, 0x05, 0x02, 0x02, 0x02, 0x02,
    0x02, 0x02, 0x02, 0x0F, 0x0F, 0x02, 0x02, 0x02, 0x02, 0x0F, 0x0F, 0x02,
    0x12, 0x0F, 0x0F, 0x0F, 0x0F, 0x02, 0x02, 0x02, 0x02, 0x02, 0x02, 0x0F,
    0x02, 0x02, 0x02, 0x0F, 0x02, 0x02, 0x02, 0x02, 0x02, 0x02, 0x02, 0x02,
    0x02, 0x02, 0x05, 0x02, 0x02, 0x02, 0x02, 0x02, 0x05, 0x05, 0x05, 0x01,
    0x01, 0x01, 0x01, 0x09, 0x09, 0x09, 0x00, 0x09, 0x01, 0x01, 0x01, 0x01,
    0x01, 0x01, 0x05, 0x01, 0x01, 0x01, 0x01, 0x09, 0x00, 0x00, 0x00, 0x00,
    0x00, 0x00, 0x00, 0x00, 0x00, 0x00, 0x00, 0x00, 0x00, 0x00, 0x00, 0x00,
    0x00, 0x00, 0x00, 0x00, 0x00, 0x00, 0x06, 0x00, 0x06, 0x03, 0x03, 0x06,
    0x03, 0x03, 0x06, 0x0D, 0x07, 0x0C, 0x16, 0x0A, 0x0C, 0x10, 0x07, 0x0D,
    0x0D, 0x03, 0x03, 0x40, 0x40, 0x40, 0x03, 0x03, 0x03, 0x0D, 0x43, 0x07,
    0x15, 0x0A, 0x42, 0x08, 0x0A, 0x0C, 0x10, 0x10, 0x10, 0x0A, 0x08, 0x16,
    0x0C, 0x10, 0x07, 0x07, 0x07, 0x04, 0x04, 0x04, 0x04, 0x07, 0x0C, 0x16,
    0x08, 0x0A, 0x46, 0x10, 0x10, 0x0C, 0x0A, 0x08, 0x08, 0x08, 0x0A, 0x10,
    0x07, 0x07, 0x46, 0x0A, 0x08, 0x16, 0x20, 0x07, 0x07, 0x07, 0x07, 0x07,
    0x07, 0x15, 0x0A, 0x16, 0x16, 0x0A, 0x15, 0x07, 0x0D, 0x03, 0x09, 0x09,
    0x01, 0x09, 0x09, 0x40, 0x0D, 0x07, 0x10, 0x0C, 0x0A, 0x08, 0x08, 0x0A,
    0x08, 0x08, 0x0A, 0x0C, 0x10, 0x07, 0x10, 0x0A, 0x08, 0x16, 0x0C, 0x10,
    0x07, 0x07, 0x07, 0x07, 0x10, 0x0C, 0x16, 0x08, 0x0A, 0x10, 0x07, 0x07,
    0x10, 0x0C, 0x0A, 0x0A, 0x0C, 0x10, 0x07, 0x10, 0x0C, 0x08, 0x08, 0x0C,
    0x07, 0x04, 0x04, 0x04, 0x04, 0x07, 0x0C, 0x16, 0x08, 0x0A, 0x10, 0x07,
    0x07, 0x10, 0x0A, 0x08, 0x16, 0x15, 0x04, 0x0D, 0x0D, 0x0D, 0x0D, 0x03,
    0x03, 0x03, 0x06, 0x06, 0x03, 0x06, 0x06, 0x06, 0x00, 0x06, 0x00, 0x06,
    0x06, 0x00, 0x00, 0x00, 0x00, 0x01, 0x09, 0x01, 0x01, 0x01, 0x09, 0x00,
    0x00, 0x00, 0x09, 0x01, 0x01, 0x01, 0x01, 0x01, 0x01, 0x01, 0x01, 0x01,
    0x01, 0x01, 0x05, 0x05, 0x01, 0x01, 0x01, 0x05, 0x05, 0x05, 0x02, 0x02,
    0x02, 0x02, 0x05, 0x05, 0x05, 0x01, 0x01, 0x09, 0x01, 0x01, 0x05, 0x05,
    0x05, 0x02, 0x0F, 0x02, 0x02, 0x0F, 0x02, 0x02, 0x02, 0x02, 0x02, 0x02,
    0x02, 0x02, 0x02, 0x02, 0x02, 0x02, 0x02, 0x02, 0x02, 0x0F, 0x12, 0x0F,
    0x02, 0x02, 0x02, 0x02, 0x02, 0x02, 0x02, 0x02, 0x02, 0x0F, 0x02, 0x02,
    0x02, 0x02, 0x05, 0x05, 0x01, 0x01, 0x01, 0x01, 0x01, 0x01, 0x05, 0x02,
    0x05, 0x02, 0x02, 0x01, 0x05, 0x05, 0x05, 0x05, 0x05, 0x01, 0x01, 0x09,
    0x09, 0x09, 0x01, 0x01, 0x01, 0x01, 0x05, 0x05, 0x05, 0x01, 0x09, 0x09,
    0x09, 0x01, 0x01, 0x01, 0x01, 0x09, 0x01, 0x01, 0x09, 0x00, 0x00, 0x06,
    0x06, 0x00, 0x00, 0x00, 0x00, 0x00, 0x00, 0x00, 0x06, 0x00, 0x06, 0x00,
    0x00, 0x00, 0x00, 0x00, 0x00, 0x00, 0x00, 0x00, 0x00, 0x06, 0x03, 0x03,
    0x04, 0x10, 0x0C, 0x0A, 0x0A, 0x0A, 0x0C, 0x0C, 0x15, 0x10, 0x10, 0x10,
    0x10, 0x10, 0x10, 0x10, 0x10, 0x0C, 0x0C, 0x0A, 0x0A, 0x16, 0x1D, 0x08,
    0x08, 0x16, 0x0A, 0x0A, 0x0A, 0x16, 0x0A, 0x0C, 0x15, 0x07, 0x07, 0x07,
    0x07, 0x07, 0x07, 0x07, 0x07, 0x07, 0x10, 0x0C, 0x0A, 0x08, 0x0A, 0x0A,
    0x0A, 0x16, 0x08, 0x08, 0x08, 0x08, 0x08, 0x0A, 0x0C, 0x0A, 0x0A, 0x08,
    0x08, 0x0A, 0x20, 0x10, 0x10, 0x07, 0x07, 0x07, 0x07, 0x10, 0x20, 0x0A,
    0x16, 0x08, 0x0A, 0x0C, 0x0C, 0x10, 0x07, 0x07, 0x07, 0x07, 0x07, 0x10,
    0x4E, 0x0C, 0x0A, 0x1D, 0x16, 0x0A, 0x0C, 0x0C, 0x0C, 0x0A, 0x1D, 0x16,
    0x0A, 0x0A, 0x0A, 0x08, 0x1D, 0x0C, 0x10, 0x07, 0x07, 0x07, 0x0E, 0x0E,
    0x07, 0x10, 0x0C, 0x0A, 0x16, 0x0A, 0x0C, 0x0C, 0x0A, 0x16, 0x08, 0x08,
    0x0A, 0x0A, 0x0C, 0x0A, 0x0A, 0x16, 0x0A, 0x15, 0x0E, 0x04, 0x04, 0x04,
    0x04, 0x0E, 0x10, 0x0C, 0x0A, 0x16, 0x0A, 0x0C, 0x0C, 0x0A, 0x16, 0x16,
    0x0C, 0x07, 0x04, 0x04, 0x04, 0x03, 0x03, 0x03, 0x03, 0x03, 0x06, 0x00,
    0x00, 0x00, 0x00, 0x00, 0x06, 0x06, 0x00, 0x06, 0x03, 0x06, 0x06, 0x06,
    0x00, 0x00, 0x00, 0x00, 0x09, 0x09, 0x00, 0x00, 0x00, 0x00, 0x00, 0x00,
    0x09, 0x09, 0x09, 0x01, 0x09, 0x09, 0x01, 0x09, 0x00, 0x00, 0x00, 0x00,
    0x00, 0x09, 0x01, 0x01, 0x01, 0x05, 0x05, 0x05, 0x05, 0x01, 0x01, 0x05,
    0x02, 0x02, 0x02, 0x05, 0x01, 0x01, 0x05, 0x05, 0x05, 0x05, 0x05, 0x05,
    0x02, 0x02, 0x02, 0x02, 0x02, 0x02, 0x02, 0x02, 0x02, 0x02, 0x02, 0x02,
    0x02, 0x02, 0x02, 0x02, 0x02, 0x02, 0x12, 0x0F, 0x0F, 0x02, 0x02, 0x02,
    0x02, 0x02, 0x02, 0x02, 0x02, 0x02, 0x0F, 0x12, 0x12, 0x0F, 0x02, 0x02,
    0x02, 0x02, 0x02, 0x05, 0x05, 0x01, 0x05, 0x02, 0x02, 0x02, 0x05, 0x05,
    0x05, 0x05, 0x05, 0x02, 0x02, 0x02, 0x02, 0x05, 0x05, 0x05, 0x05, 0x01,
    0x01, 0x01, 0x01, 0x01, 0x01, 0x01, 0x09, 0x09, 0x09, 0x00, 0x00, 0x00,
    0x00, 0x06, 0x06, 0x00, 0x00, 0x09, 0x09, 0x09, 0x01, 0x01, 0x01, 0x09,
    0x01, 0x01, 0x09, 0x09, 0x01, 0x00, 0x00, 0x00, 0x00, 0x00, 0x00, 0x00,
    0x00, 0x00, 0x00, 0x00, 0x09, 0x00, 0x00, 0x06, 0x03, 0x04, 0x10, 0x0C,
    0x0A, 0x0A, 0x0A, 0x0A, 0x0A, 0x0A, 0x0A, 0x0A, 0x0A, 0x0A, 0x0A, 0x0A,
    0x0A, 0x0A, 0x0A, 0x0A, 0x0A, 0x0C, 0x0C, 0x0C, 0x0C, 0x0A, 0x0A, 0x0A,
    0x0A, 0x0A, 0x0C, 0x15, 0x07, 0x07, 0x07, 0x0E, 0x07, 0x07, 0x07, 0x0E,
    0x07, 0x07, 0x07, 0x15, 0x0C, 0x0A, 0x16, 0x16, 0x0A, 0x0A, 0x0A, 0x0C,
    0x0C, 0x0A, 0x0A, 0x0A, 0x0A, 0x0A, 0x16, 0x0A, 0x0C, 0x15, 0x10, 0x07,
    0x07, 0x07, 0x07, 0x07, 0x0E, 0x07, 0x10, 0x15, 0x0C, 0x0A, 0x16, 0x16,
    0x0A, 0x0A, 0x0A, 0x0C, 0x0C, 0x0C, 0x0A, 0x0A, 0x0A, 0x16, 0x16, 0x0A,
    0x0C, 0x20, 0x15, 0x10, 0x15, 0x0C, 0x0A, 0x16, 0x16, 0x16, 0x16, 0x16,
    0x0A, 0x15, 0x07, 0x07, 0x04, 0x04, 0x04, 0x04, 0x04, 0x04, 0x10, 0x0C,
    0x0A, 0x16, 0x0A, 0x0A, 0x16, 0x16, 0x0A, 0x0A, 0x0A, 0x0A, 0x0A, 0x0A,
    0x0A, 0x0C, 0x10, 0x0E, 0x04, 0x04, 0x04, 0x04, 0x04, 0x04, 0x04, 0x07,
    0x15, 0x0C, 0x0A, 0x0A, 0x0A, 0x0A, 0x0A, 0x0C, 0x07, 0x04, 0x03, 0x06,
    0x06, 0x00, 0x00, 0x00, 0x00, 0x00, 0x00, 0x00, 0x00, 0x00, 0x06, 0x00,
    0x00, 0x00, 0x00, 0x00, 0x00, 0x00, 0x00, 0x00, 0x00, 0x00, 0x00, 0x00,
    0x00, 0x09, 0x00, 0x00, 0x09, 0x00, 0x00, 0x00, 0x01, 0x00, 0x00, 0x01,
    0x01, 0x05, 0x05, 0x05, 0x05, 0x01, 0x09, 0x01, 0x01, 0x01, 0x01, 0x01,
    0x01, 0x05, 0x05, 0x05, 0x05, 0x05, 0x05, 0x02, 0x0F, 0x0F, 0x0F, 0x02,
    0x02, 0x02, 0x02, 0x02, 0x05, 0x02, 0x05, 0x05, 0x02, 0x02, 0x05, 0x05,
    0x02, 0x02, 0x05, 0x05, 0x05, 0x01, 0x05, 0x05, 0x05, 0x02, 0x02, 0x02,
    0x02, 0x02, 0x02, 0x02, 0x02, 0x02, 0x02, 0x02, 0x02, 0x02, 0x02, 0x12,
    0x0F, 0x02, 0x0F, 0x0F, 0x02, 0x02, 0x02, 0x02, 0x02, 0x02, 0x02, 0x02,
    0x02, 0x02, 0x05, 0x05, 0x02, 0x05, 0x05, 0x05, 0x01, 0x01, 0x01, 0x01,
    0x01, 0x01, 0x01, 0x01, 0x01, 0x01, 0x09, 0x01, 0x01, 0x01, 0x01, 0x01,
    0x01, 0x01, 0x05, 0x01, 0x01, 0x09, 0x01, 0x01, 0x01, 0x01, 0x01, 0x05,
    0x01, 0x01, 0x01, 0x01, 0x00, 0x00, 0x09, 0x01, 0x01, 0x01, 0x01, 0x01,
    0x01, 0x00, 0x00, 0x00, 0x00, 0x00, 0x06, 0x00, 0x00, 0x00, 0x06, 0x00,
    0x00, 0x00, 0x06, 0x06, 0x03, 0x04, 0x04, 0x07, 0x15, 0x15, 0x0C, 0x0C,
    0x0C, 0x0C, 0x0C, 0x0A, 0x0A, 0x0A, 0x0A, 0x0A, 0x0A, 0x0A, 0x0C, 0x0C,
    0x20, 0x15, 0x15, 0x15, 0x15, 0x20, 0x0C, 0x0C, 0x0C, 0x15, 0x10, 0x07,
    0x07, 0x07, 0x0E, 0x0E, 0x0E, 0x04, 0x0E, 0x04, 0x0E, 0x07, 0x07, 0x07,
    0x15, 0x0C, 0x0C, 0x0C, 0x0C, 0x20, 0x15, 0x10, 0x10, 0x15, 0x0C, 0x0C,
    0x0A, 0x0C, 0x0C, 0x0C, 0x15, 0x10, 0x07, 0x07, 0x07, 0x07, 0x07, 0x07,
    0x07, 0x07, 0x07, 0x07, 0x15, 0x20, 0x0C, 0x0A, 0x0A, 0x16, 0x16, 0x16,
    0x16, 0x0A, 0x16, 0x0A, 0x0A, 0x0A, 0x0C, 0x20, 0x10, 0x10, 0x07, 0x0E,
    0x07, 0x10, 0x15, 0x0C, 0x0C, 0x0C, 0x0C, 0x15, 0x10, 0x0E, 0x04, 0x04,
    0x04, 0x04, 0x04, 0x04, 0x04, 0x04, 0x04, 0x07, 0x15, 0x0C, 0x0C, 0x0C,
    0x0C, 0x0C, 0x0C, 0x0C, 0x0C, 0x0C, 0x0C, 0x0C, 0x20, 0x10, 0x04, 0x04,
    0x04, 0x04, 0x04, 0x04, 0x04, 0x04, 0x04, 0x04, 0x0E, 0x10, 0x20, 0x20,
    0x20, 0x15, 0x10, 0x07, 0x04, 0x03, 0x03, 0x03, 0x03, 0x03, 0x0D, 0x03,
    0x03, 0x03, 0x03, 0x00, 0x00, 0x00, 0x00, 0x06, 0x06, 0x00, 0x00, 0x00,
    0x00, 0x00, 0x00, 0x00, 0x00, 0x00, 0x00, 0x00, 0x00, 0x00, 0x00, 0x00,
    0x00, 0x00, 0x01, 0x01, 0x01, 0x01, 0x01, 0x01, 0x01, 0x01, 0x01, 0x01,
    0x01, 0x01, 0x09, 0x01, 0x01, 0x01, 0x05, 0x01, 0x01, 0x01, 0x01, 0x01,
    0x01, 0x01, 0x01, 0x01, 0x01, 0x05, 0x01, 0x01, 0x05, 0x05, 0x05, 0x02,
    0x05, 0x02, 0x02, 0x02, 0x02, 0x02, 0x02, 0x02, 0x02, 0x02, 0x02, 0x02,
    0x0F, 0x12, 0x12, 0x12, 0x12, 0x12, 0x12, 0x12, 0x0F, 0x12, 0x0F, 0x0F,
    0x0F, 0x0F, 0x02, 0x02, 0x02, 0x02, 0x02, 0x0F, 0x02, 0x02, 0x02, 0x02,
    0x02, 0x05, 0x05, 0x02, 0x02, 0x05, 0x05, 0x05, 0x02, 0x02, 0x02, 0x02,
    0x02, 0x02, 0x05, 0x01, 0x01, 0x01, 0x05, 0x05, 0x01, 0x01, 0x09, 0x09,
    0x00, 0x00, 0x00, 0x00, 0x00, 0x00, 0x01, 0x01, 0x01, 0x01, 0x01, 0x01,
    0x01, 0x01, 0x01, 0x09, 0x09, 0x00, 0x00, 0x00, 0x00, 0x00, 0x00, 0x06,
    0x06, 0x06, 0x06, 0x06, 0x03, 0x03, 0x06, 0x03, 0x03, 0x04, 0x04, 0x04,
    0x04, 0x04, 0x0D, 0x04, 0x03, 0x03, 0x03, 0x03, 0x03, 0x03, 0x03, 0x03,
    0x06, 0x06, 0x06, 0x03, 0x03, 0x0D, 0x04, 0x07, 0x07, 0x07, 0x10, 0x15,
    0x15, 0x15, 0x15, 0x15, 0x15, 0x15, 0x15, 0x10, 0x10, 0x10, 0x07, 0x07,
    0x10, 0x10, 0x15, 0x15, 0x15, 0x07, 0x07, 0x07, 0x07, 0x07, 0x07, 0x07,
    0x07, 0x07, 0x07, 0x0E, 0x0E, 0x04, 0x04, 0x04, 0x07, 0x07, 0x10, 0x10,
    0x10, 0x10, 0x10, 0x07, 0x07, 0x07, 0x10, 0x15, 0x15, 0x15, 0x10, 0x10,
    0x07, 0x07, 0x07, 0x07, 0x07, 0x07, 0x0E, 0x0E, 0x0E, 0x0E, 0x0E, 0x07,
    0x10, 0x15, 0x15, 0x15, 0x20, 0x0C, 0x0C, 0x0A, 0x0A, 0x0A, 0x0A, 0x0A,
    0x0C, 0x20, 0x15, 0x10, 0x07, 0x07, 0x07, 0x0E, 0x07, 0x07, 0x07, 0x10,
    0x10, 0x10, 0x10, 0x07, 0x07, 0x07, 0x07, 0x07, 0x07, 0x07, 0x07, 0x07,
    0x07, 0x07, 0x07, 0x10, 0x15, 0x20, 0x0C, 0x0C, 0x0C, 0x0C, 0x15, 0x15,
    0x15, 0x15, 0x15, 0x10, 0x10, 0x07, 0x0E, 0x04, 0x04, 0x03, 0x06, 0x06,
    0x00, 0x00, 0x00, 0x06, 0x06, 0x0D, 0x04, 0x0E, 0x0E, 0x0E, 0x04, 0x0D,
    0x04, 0x04, 0x03, 0x03, 0x04, 0x04, 0x04, 0x04, 0x04, 0x04, 0x04, 0x04,
    0x04, 0x0D, 0x03, 0x03, 0x0D, 0x03, 0x03, 0x03, 0x03, 0x03, 0x00, 0x00,
    0x00, 0x01, 0x01, 0x01, 0x01, 0x01, 0x09, 0x09, 0x09, 0x09, 0x00, 0x00,
    0x01, 0x01, 0x01, 0x01, 0x01, 0x01, 0x01, 0x01, 0x01, 0x00, 0x09, 0x09,
    0x01, 0x01, 0x05, 0x05, 0x05, 0x05, 0x05, 0x01, 0x01, 0x01, 0x01, 0x05,
    0x05, 0x01, 0x01, 0x01, 0x01, 0x01, 0x01, 0x01, 0x01, 0x01, 0x05, 0x05,
    0x02, 0x02, 0x05, 0x02, 0x0F, 0x0F, 0x02, 0x02, 0x02, 0x02, 0x02, 0x02,
    0x02, 0x05, 0x02, 0x02, 0x02, 0x02, 0x02, 0x02, 0x02, 0x02, 0x02, 0x02,
    0x02, 0x02, 0x02, 0x02, 0x02, 0x02, 0x05, 0x05, 0x02, 0x05, 0x05, 0x05,
    0x05, 0x05, 0x02, 0x02, 0x02, 0x02, 0x02, 0x02, 0x05, 0x05, 0x05, 0x01,
    0x09, 0x01, 0x01, 0x01, 0x01, 0x01, 0x01, 0x01, 0x01, 0x01, 0x05, 0x01,
    0x05, 0x01, 0x01, 0x05, 0x01, 0x01, 0x09, 0x00, 0x09, 0x09, 0x00, 0x00,
    0x00, 0x00, 0x09, 0x00, 0x00, 0x00, 0x00, 0x00, 0x00, 0x00, 0x03, 0x03,
    0x03, 0x06, 0x06, 0x06, 0x06, 0x00, 0x00, 0x00, 0x06, 0x00, 0x00, 0x00,
    0x00, 0x00, 0x00, 0x00, 0x00, 0x00, 0x00, 0x06, 0x06, 0x00, 0x06, 0x06,
    0x06, 0x03, 0x03, 0x04, 0x04, 0x04, 0x04, 0x04, 0x04, 0x0E, 0x0E, 0x07,
    0x07, 0x0E, 0x0E, 0x04, 0x04, 0x04, 0x04, 0x04, 0x04, 0x04, 0x0E, 0x0E,
    0x04, 0x04, 0x04, 0x04, 0x04, 0x04, 0x04, 0x04, 0x0E, 0x07, 0x07, 0x07,
    0x07, 0x07, 0x07, 0x07, 0x07, 0x07, 0x07, 0x07, 0x10, 0x07, 0x07, 0x07,
    0x07, 0x07, 0x07, 0x07, 0x10, 0x10, 0x07, 0x07, 0x07, 0x07, 0x07, 0x07,
    0x0E, 0x07, 0x07, 0x0E, 0x0E, 0x07, 0x07, 0x07, 0x07, 0x07, 0x07, 0x07,
    0x15, 0x15, 0x15, 0x15, 0x15, 0x15, 0x15, 0x10, 0x07, 0x07, 0x07, 0x07,
    0x0E, 0x07, 0x0E, 0x07, 0x07, 0x07, 0x07, 0x07, 0x07, 0x07, 0x07, 0x07,
    0x07, 0x0E, 0x07, 0x07, 0x07, 0x07, 0x07, 0x07, 0x10, 0x07, 0x07, 0x07,
    0x07, 0x07, 0x07, 0x0E, 0x0E, 0x0E, 0x0E, 0x0E, 0x04, 0x04, 0x04, 0x04,
    0x04, 0x03, 0x03, 0x03, 0x03, 0x03, 0x03, 0x03, 0x03, 0x03, 0x03, 0x06,
    0x03, 0x0D, 0x04, 0x0D, 0x04, 0x04, 0x0D, 0x03, 0x03, 0x03, 0x03, 0x03,
    0x03, 0x03, 0x03, 0x03, 0x06, 0x00, 0x00, 0x06, 0x03, 0x06, 0x00, 0x00,
    0x00, 0x00, 0x00, 0x00, 0x00, 0x00, 0x00, 0x00, 0x00, 0x00, 0x00, 0x00,
    0x00, 0x00, 0x00, 0x00, 0x00, 0x00, 0x00, 0x00, 0x00, 0x01, 0x01, 0x09,
    0x09, 0x09, 0x01, 0x09, 0x09, 0x00, 0x00, 0x01, 0x01, 0x01, 0x01, 0x01,
    0x01, 0x05, 0x05, 0x01, 0x01, 0x01, 0x01, 0x05, 0x01, 0x01, 0x01, 0x01,
    0x05, 0x05, 0x02, 0x02, 0x02, 0x02, 0x0F, 0x02, 0x02, 0x02, 0x02, 0x02,
    0x05, 0x02, 0x05, 0x05, 0x05, 0x05, 0x02, 0x02, 0x02, 0x02, 0x05, 0x05,
    0x0F, 0x12, 0x12, 0x0F, 0x02, 0x02, 0x02, 0x02, 0x02, 0x02, 0x02, 0x02,
    0x02, 0x02, 0x02, 0x02, 0x05, 0x05, 0x05, 0x05, 0x05, 0x02, 0x02, 0x05,
    0x02, 0x05, 0x05, 0x05, 0x01, 0x01, 0x01, 0x01, 0x01, 0x01, 0x01, 0x01,
    0x09, 0x09, 0x09, 0x00, 0x09, 0x01, 0x01, 0x01, 0x01, 0x01, 0x01, 0x02,
    0x02, 0x05, 0x05, 0x02, 0x05, 0x05, 0x05, 0x05, 0x05, 0x05, 0x01, 0x01,
    0x05, 0x01, 0x01, 0x01, 0x01, 0x00, 0x09, 0x09, 0x00, 0x00, 0x00, 0x09,
    0x09, 0x00, 0x00, 0x00, 0x00, 0x00, 0x06, 0x06, 0x06, 0x06, 0x06, 0x06,
    0x00, 0x00, 0x00, 0x00, 0x06, 0x06, 0x03, 0x06, 0x06, 0x03, 0x03, 0x06,
    0x06, 0x06, 0x06, 0x06, 0x06, 0x03, 0x03, 0x04, 0x04, 0x04, 0x04, 0x04,
    0x04, 0x04, 0x04, 0x04, 0x04, 0x04, 0x04, 0x0E, 0x04, 0x04, 0x04, 0x04,
    0x0E, 0x0E, 0x0E, 0x04, 0x04, 0x04, 0x04, 0x04, 0x04, 0x04, 0x04, 0x04,
    0x0E, 0x0E, 0x0E, 0x07, 0x07, 0x0E, 0x0E, 0x07, 0x07, 0x0E, 0x07, 0x07,
    0x07, 0x07, 0x07, 0x10, 0x10, 0x07, 0x07, 0x07, 0x07, 0x07, 0x07, 0x07,
    0x07, 0x07, 0x07, 0x07, 0x07, 0x07, 0x07, 0x07, 0x10, 0x10, 0x07, 0x10,
    0x10, 0x10, 0x07, 0x07, 0x07, 0x07, 0x0E, 0x04, 0x04, 0x04, 0x04, 0x04,
    0x0E, 0x04, 0x04, 0x04, 0x04, 0x04, 0x04, 0x04, 0x04, 0x04, 0x04, 0x04,
    0x04, 0x04, 0x04, 0x04, 0x04, 0x04, 0x04, 0x04, 0x0D, 0x04, 0x04, 0x04,
    0x04, 0x0E, 0x04, 0x04, 0x0E, 0x04, 0x04, 0x04, 0x04, 0x04, 0x03, 0x03,
    0x04, 0x04, 0x03, 0x04, 0x04, 0x03, 0x04, 0x03, 0x06, 0x03, 0x03, 0x06,
    0x06, 0x03, 0x06, 0x06, 0x03, 0x03, 0x03, 0x03, 0x03, 0x06, 0x03, 0x03,
    0x03, 0x06, 0x06, 0x03, 0x03, 0x03, 0x03, 0x06, 0x00, 0x06, 0x06, 0x06,
    0x00, 0x00, 0x00, 0x09, 0x09, 0x00, 0x09, 0x01, 0x09, 0x09, 0x09, 0x00,
    0x00, 0x00, 0x01, 0x01, 0x01, 0x01, 0x01, 0x09, 0x00, 0x00, 0x00, 0x00,
    0x00, 0x00, 0x00, 0x01, 0x01, 0x01, 0x01, 0x01, 0x01, 0x01, 0x01, 0x01,
    0x01, 0x01, 0x01, 0x01, 0x01, 0x01, 0x05, 0x01, 0x01, 0x01, 0x01, 0x05,
    0x02, 0x02, 0x02, 0x02, 0x02, 0x0F, 0x0F, 0x0F, 0x02, 0x0F, 0x0F, 0x12,
    0x12, 0x0F, 0x02, 0x0F, 0x12, 0x12, 0x0F, 0x12, 0x02, 0x02, 0x02, 0x02,
    0x0F, 0x02, 0x02, 0x02, 0x0F, 0x0F, 0x02, 0x02, 0x02, 0x02, 0x02, 0x02,
    0x02, 0x02, 0x02, 0x02, 0x02, 0x02, 0x02, 0x02, 0x02, 0x02, 0x05, 0x05,
    0x01, 0x01, 0x01, 0x01, 0x01, 0x01, 0x05, 0x01, 0x01, 0x01, 0x01, 0x01,
    0x01, 0x01, 0x01, 0x01, 0x01, 0x01, 0x01, 0x01, 0x09, 0x09, 0x00, 0x01,
    0x09, 0x09, 0x01, 0x01, 0x01, 0x01, 0x00, 0x00, 0x00, 0x00, 0x00, 0x01,
    0x09, 0x09, 0x00, 0x09, 0x00, 0x00, 0x00, 0x00, 0x00, 0x00, 0x00, 0x00,
    0x00, 0x00, 0x06, 0x03, 0x00, 0x00, 0x00, 0x06, 0x00, 0x00, 0x06, 0x06,
    0x03, 0x03, 0x03, 0x03, 0x03, 0x0D, 0x0D, 0x03, 0x03, 0x0D, 0x03, 0x03,
    0x0D, 0x04, 0x04, 0x04, 0x04, 0x04, 0x04, 0x04, 0x04, 0x03, 0x03, 0x0D,
    0x04, 0x04, 0x04, 0x04, 0x0E, 0x0E, 0x0E, 0x0E, 0x0E, 0x0E, 0x0E, 0x07,
    0x0E, 0x0E, 0x04, 0x07, 0x07, 0x0E, 0x0E, 0x0E, 0x04, 0x0E, 0x07, 0x04,
    0x04, 0x0E, 0x0E, 0x07, 0x07, 0x0E, 0x0E, 0x0E, 0x07, 0x07, 0x07, 0x0E,
    0x0E, 0x0E, 0x04, 0x07, 0x0E, 0x0E, 0x07, 0x07, 0x07, 0x07, 0x07, 0x07,
    0x07, 0x07, 0x07, 0x07, 0x07, 0x07, 0x07, 0x07, 0x07, 0x07, 0x07, 0x07,
    0x07, 0x07, 0x07, 0x07, 0x07, 0x07, 0x07, 0x07, 0x07, 0x07, 0x07, 0x07,
    0x07, 0x04, 0x04, 0x04, 0x07, 0x07, 0x0E, 0x07, 0x04, 0x04, 0x04, 0x04,
    0x04, 0x04, 0x04, 0x04, 0x04, 0x04, 0x0E, 0x04, 0x04, 0x04, 0x04, 0x04,
    0x04, 0x04, 0x0D, 0x0D, 0x0D, 0x04, 0x04, 0x0D, 0x04, 0x04, 0x04, 0x04,
    0x04, 0x04, 0x04, 0x04, 0x03, 0x03, 0x03, 0x03, 0x03, 0x03, 0x03, 0x03,
    0x0D, 0x0D, 0x0D, 0x03, 0x03, 0x03, 0x06, 0x00, 0x06, 0x06, 0x06, 0x06,
    0x06, 0x03, 0x03, 0x03, 0x06, 0x06, 0x06, 0x03, 0x06, 0x00, 0x00, 0x00,
    0x00, 0x00, 0x00, 0x00, 0x00, 0x00, 0x09, 0x00, 0x09, 0x09, 0x09, 0x01,
    0x01, 0x01, 0x01, 0x01, 0x01, 0x01, 0x00, 0x01, 0x01, 0x01, 0x05, 0x01,
    0x01, 0x05, 0x01, 0x05, 0x02, 0x05, 0x01, 0x01, 0x01, 0x01, 0x01, 0x01,
    0x01, 0x05, 0x05, 0x05, 0x05, 0x01, 0x05, 0x02, 0x05, 0x05, 0x05, 0x05,
    0x05, 0x05, 0x05, 0x05, 0x02, 0x02, 0x02, 0x02, 0x02, 0x02, 0x02, 0x02,
    0x02, 0x02, 0x02, 0x02, 0x12, 0x12, 0x12, 0x12, 0x0F, 0x12, 0x0F, 0x0F,
    0x0F, 0x0F, 0x0F, 0x0F, 0x02, 0x02, 0x02, 0x02, 0x02, 0x02, 0x05, 0x05,
    0x05, 0x02, 0x02, 0x02, 0x05, 0x05, 0x01, 0x01, 0x05, 0x01, 0x01, 0x01,
    0x05, 0x05, 0x01, 0x01, 0x09, 0x01, 0x05, 0x05, 0x01, 0x05, 0x01, 0x01,
    0x01, 0x01, 0x01, 0x01, 0x09, 0x01, 0x01, 0x01, 0x01, 0x09, 0x09, 0x00,
    0x00, 0x00, 0x00, 0x00, 0x00, 0x00, 0x00, 0x06, 0x00, 0x00, 0x00, 0x06,
    0x03, 0x06, 0x06, 0x06, 0x03, 0x06, 0x06, 0x00, 0x00, 0x00, 0x00, 0x00,
    0x00, 0x06, 0x06, 0x06, 0x06, 0x00, 0x00, 0x00, 0x00, 0x00, 0x00, 0x00,
    0x06, 0x03, 0x03, 0x03, 0x04, 0x04, 0x04, 0x04, 0x04, 0x04, 0x0D, 0x04,
    0x04, 0x04, 0x04, 0x04, 0x04, 0x0E, 0x0E, 0x0E, 0x04, 0x04, 0x04, 0x04,
    0x04, 0x04, 0x04, 0x04, 0x04, 0x04, 0x04, 0x04, 0x04, 0x04, 0x04, 0x04,
    0x04, 0x0D, 0x0D, 0x0D, 0x04, 0x04, 0x04, 0x04, 0x0E, 0x0E, 0x04, 0x04,
    0x04, 0x04, 0x04, 0x0E, 0x07, 0x0E, 0x07, 0x07, 0x07, 0x07, 0x0E, 0x0E,
    0x0E, 0x07, 0x07, 0x07, 0x07, 0x07, 0x07, 0x10, 0x07, 0x07, 0x07, 0x07,
    0x07, 0x07, 0x07, 0x07, 0x07, 0x07, 0x07, 0x07, 0x07, 0x0E, 0x0E, 0x0E,
    0x07, 0x07, 0x07, 0x0E, 0x07, 0x07, 0x07, 0x07, 0x07, 0x0E, 0x0E, 0x07,
    0x07, 0x07, 0x07, 0x07, 0x07, 0x07, 0x07, 0x07, 0x07, 0x07, 0x07, 0x07,
    0x07, 0x0E, 0x0E, 0x04, 0x04, 0x04, 0x04, 0x04, 0x04, 0x04, 0x04, 0x04,
    0x04, 0x03, 0x0D, 0x0D, 0x03, 0x03, 0x03, 0x06, 0x06, 0x03, 0x03, 0x0D,
    0x04, 0x04, 0x04, 0x04, 0x03, 0x0D, 0x03, 0x03, 0x03, 0x0D, 0x0D, 0x03,
    0x03, 0x0D, 0x04, 0x04, 0x04, 0x0D, 0x03, 0x00, 0x00, 0x00, 0x00, 0x00,
    0x00, 0x00, 0x00, 0x00, 0x00, 0x00, 0x00, 0x00, 0x01, 0x01, 0x01, 0x01,
    0x01, 0x01, 0x01, 0x01, 0x01, 0x09, 0x01, 0x01, 0x01, 0x01, 0x01, 0x01,
    0x01, 0x09, 0x01, 0x09, 0x01, 0x01, 0x01, 0x01, 0x01, 0x01, 0x01, 0x01,
    0x09, 0x01, 0x01, 0x01, 0x01, 0x05, 0x05, 0x05, 0x01, 0x01, 0x01, 0x05,
    0x05, 0x05, 0x02, 0x02, 0x02, 0x02, 0x02, 0x02, 0x02, 0x02, 0x02, 0x05,
    0x02, 0x02, 0x02, 0x05, 0x02, 0x02, 0x02, 0x02, 0x02, 0x05, 0x02, 0x02,
    0x0F, 0x12, 0x0F, 0x02, 0x02, 0x0F, 0x0F, 0x02, 0x02, 0x02, 0x05, 0x02,
    0x05, 0x05, 0x05, 0x02, 0x02, 0x02, 0x02, 0x02, 0x02, 0x02, 0x05, 0x01,
    0x01, 0x01, 0x05, 0x02, 0x02, 0x02, 0x02, 0x05, 0x05, 0x05, 0x05, 0x05,
    0x01, 0x01, 0x09, 0x09, 0x09, 0x09, 0x09, 0x09, 0x00, 0x09, 0x01, 0x05,
    0x01, 0x01, 0x01, 0x01, 0x01, 0x01, 0x01, 0x01, 0x01, 0x01, 0x05, 0x01,
    0x01, 0x05, 0x01, 0x01, 0x00, 0x00, 0x00, 0x00, 0x06, 0x00, 0x06, 0x03,
    0x03, 0x03, 0x06, 0x03, 0x03, 0x03, 0x03, 0x03, 0x04, 0x04, 0x04, 0x04,
    0x04, 0x03, 0x06, 0x06, 0x03, 0x03, 0x0D, 0x03, 0x03, 0x06, 0x03, 0x06,
    0x03, 0x04, 0x03, 0x03, 0x0D, 0x04, 0x0D, 0x04, 0x04, 0x04, 0x07, 0x07,
    0x04, 0x04, 0x04, 0x0E, 0x0E, 0x04, 0x0E, 0x0E, 0x04, 0x04, 0x04, 0x04,
    0x07, 0x07, 0x04, 0x04, 0x04, 0x0E, 0x07, 0x0E, 0x04, 0x04, 0x07, 0x07,
    0x07, 0x07, 0x0E, 0x0E, 0x07, 0x07, 0x10, 0x15, 0x10, 0x07, 0x07, 0x07,
    0x07, 0x07, 0x0E, 0x0E, 0x07, 0x10, 0x15, 0x10, 0x07, 0x07, 0x07, 0x07,
    0x0E, 0x04, 0x0E, 0x07, 0x07, 0x07, 0x07, 0x0E, 0x07, 0x07, 0x10, 0x07,
    0x10, 0x10, 0x10, 0x07, 0x07, 0x10, 0x07, 0x0E, 0x0E, 0x0E, 0x04, 0x0E,
    0x0E, 0x07, 0x04, 0x0E, 0x04, 0x04, 0x04, 0x04, 0x04, 0x04, 0x04, 0x0D,
    0x0D, 0x04, 0x04, 0x0E, 0x0E, 0x0E, 0x07, 0x07, 0x07, 0x10, 0x07, 0x0E,
    0x07, 0x07, 0x07, 0x0E, 0x04, 0x04, 0x0E, 0x07, 0x07, 0x0E, 0x04, 0x04,
    0x04, 0x04, 0x0D, 0x0D, 0x04, 0x04, 0x03, 0x03, 0x0D, 0x03, 0x03, 0x03,
    0x03, 0x03, 0x03, 0x03, 0x03, 0x03, 0x03, 0x03, 0x0D, 0x0D, 0x03, 0x0D,
    0x0D, 0x03, 0x03, 0x06, 0x00, 0x00, 0x00, 0x00, 0x06, 0x06, 0x06, 0x00,
    0x00, 0x00, 0x00, 0x00, 0x00, 0x00, 0x00, 0x00, 0x00, 0x00, 0x00, 0x00,
    0x00, 0x00, 0x00, 0x00, 0x00, 0x00, 0x00, 0x09, 0x01, 0x01, 0x01, 0x01,
    0x01, 0x01, 0x01, 0x01, 0x01, 0x09, 0x00, 0x09, 0x01, 0x05, 0x02, 0x05,
    0x01, 0x05, 0x05, 0x05, 0x05, 0x05, 0x01, 0x01, 0x01, 0x01, 0x01, 0x05,
    0x01, 0x01, 0x05, 0x02, 0x0F, 0x0F, 0x02, 0x02, 0x02, 0x02, 0x0F, 0x02,
    0x02, 0x0F, 0x0F, 0x0F, 0x0F, 0x12, 0x12, 0x12, 0x05, 0x02, 0x02, 0x02,
    0x02, 0x02, 0x02, 0x05, 0x05, 0x02, 0x05, 0x05, 0x02, 0x02, 0x02, 0x02,
    0x02, 0x02, 0x02, 0x02, 0x02, 0x02, 0x02, 0x02, 0x02, 0x05, 0x05, 0x02,
    0x02, 0x05, 0x05, 0x05, 0x01, 0x01, 0x05, 0x01, 0x01, 0x09, 0x00, 0x00,
    0x00, 0x09, 0x09, 0x01, 0x01, 0x01, 0x01, 0x05, 0x05, 0x01, 0x01, 0x01,
    0x01, 0x01, 0x01, 0x05, 0x05, 0x05, 0x01, 0x01, 0x05, 0x05, 0x01, 0x01,
    0x01, 0x00, 0x00, 0x00, 0x00, 0x00, 0x06, 0x06, 0x06, 0x06, 0x06, 0x06,
    0x03, 0x03, 0x06, 0x01, 0x02, 0x01, 0x01, 0x01, 0x06, 0x06, 0x09, 0x04,
    0x04, 0x04, 0x00, 0x03, 0x03, 0x03, 0x03, 0x04, 0x00, 0x02, 0x0D, 0x04,
    0x04, 0x04, 0x04, 0x0D, 0x04, 0x00, 0x0F, 0x01, 0x04, 0x04, 0x04, 0x04,
    0x04, 0x04, 0x00, 0x01, 0x03, 0x0D, 0x04, 0x04, 0x02, 0x01, 0x0E, 0x04,
    0x07, 0x03, 0x02, 0x07, 0x15, 0x07, 0x0D, 0x03, 0x03, 0x0E, 0x07, 0x07,
    0x07, 0x07, 0x03, 0x02, 0x03, 0x07, 0x03, 0x00, 0x09, 0x06, 0x04, 0x07,
    0x00, 0x0F, 0x09, 0x04, 0x0E, 0x07, 0x04, 0x03, 0x0E, 0x0E, 0x0E, 0x07,
    0x07, 0x07, 0x04, 0x04, 0x07, 0x04, 0x0D, 0x10, 0x15, 0x04, 0x0F, 0x15,
    0x0F, 0x00, 0x07, 0x04, 0x04, 0x04, 0x0E, 0x07, 0x0E, 0x03, 0x04, 0x04,
    0x04, 0x0D, 0x0D, 0x0E, 0x01, 0x02, 0x0E, 0x04, 0x04, 0x04, 0x0E, 0x0E,
    0x0E, 0x0E, 0x0E, 0x0E, 0x07, 0x0E, 0x07, 0x0E, 0x0E, 0x0E, 0x0E, 0x04,
    0x0E, 0x04, 0x0E, 0x07, 0x07, 0x0E, 0x0E, 0x0E, 0x0E, 0x0E, 0x07, 0x0E,
    0x04, 0x04, 0x04, 0x04, 0x04, 0x0D, 0x0D, 0x0D, 0x04, 0x04, 0x03, 0x03,
    0x06, 0x06, 0x06, 0x04, 0x0F, 0x02, 0x0D, 0x06, 0x03, 0x06, 0x00, 0x00,
    0x00, 0x00, 0x00, 0x00, 0x00, 0x06, 0x06, 0x00, 0x00, 0x06, 0x03, 0x03,
    0x03, 0x03, 0x03, 0x00, 0x00, 0x00, 0x00, 0x00, 0x00, 0x06, 0x00, 0x00,
    0x00, 0x00, 0x01, 0x01, 0x01, 0x05, 0x01, 0x01, 0x05, 0x01, 0x01, 0x01,
    0x01, 0x05, 0x01, 0x01, 0x05, 0x02, 0x02, 0x02, 0x05, 0x01, 0x01, 0x05,
    0x05, 0x01, 0x01, 0x09, 0x09, 0x09, 0x09, 0x05, 0x02, 0x05, 0x02, 0x02,
    0x02, 0x02, 0x02, 0x02, 0x02, 0x02, 0x02, 0x02, 0x02, 0x0F, 0x12, 0x0F,
    0x12, 0x12, 0x12, 0x0F, 0x02, 0x02, 0x02, 0x02, 0x02, 0x02, 0x02, 0x02,
    0x02, 0x02, 0x02, 0x02, 0x0F, 0x0F, 0x0F, 0x02, 0x02, 0x02, 0x02, 0x02,
    0x02, 0x02, 0x02, 0x02, 0x02, 0x02, 0x02, 0x05, 0x02, 0x02, 0x02, 0x02,
    0x02, 0x02, 0x05, 0x05, 0x01, 0x01, 0x01, 0x09, 0x09, 0x00, 0x09, 0x00,
    0x00, 0x00, 0x00, 0x00, 0x00, 0x00, 0x01, 0x01, 0x01, 0x01, 0x01, 0x01,
    0x01, 0x01, 0x01, 0x00, 0x00, 0x00, 0x09, 0x01, 0x01, 0x05, 0x01, 0x01,
    0x01, 0x01, 0x01, 0x01, 0x01, 0x00, 0x00, 0x00, 0x00, 0x00, 0x00, 0x29,
    0x2E, 0x35, 0x35, 0x2E, 0x0F, 0x12, 0x2E, 0x0D, 0x04, 0x00, 0x35, 0x00,
    0x03, 0x00, 0x00, 0x00, 0x18, 0x2E, 0x12, 0x04, 0x03, 0x03, 0x03, 0x03,
    0x02, 0x22, 0x02, 0x12, 0x12, 0x04, 0x03, 0x0D, 0x04, 0x0E, 0x0F, 0x2E,
    0x03, 0x04, 0x04, 0x12, 0x18, 0x18, 0x01, 0x07, 0x06, 0x18, 0x19, 0x29,
    0x07, 0x07, 0x18, 0x2E, 0x39, 0x03, 0x07, 0x04, 0x07, 0x00, 0x39, 0x19,
    0x19, 0x07, 0x19, 0x2E, 0x18, 0x12, 0x07, 0x0F, 0x2E, 0x12, 0x39, 0x0F,
    0x07, 0x07, 0x0F, 0x65, 0x07, 0x0E, 0x0E, 0x04, 0x04, 0x0E, 0x04, 0x04,
    0x15, 0x02, 0x2E, 0x07, 0x07, 0x03, 0x19, 0x15, 0x12, 0x09, 0x15, 0x10,
    0x10, 0x07, 0x07, 0x07, 0x0D, 0x19, 0x0E, 0x04, 0x04, 0x04, 0x04, 0x10,
    0x01, 0x0F, 0x10, 0x04, 0x04, 0x04, 0x03, 0x03, 0x03, 0x03, 0x04, 0x04,
    0x0D, 0x03, 0x04, 0x04, 0x04, 0x04, 0x04, 0x04, 0x04, 0x04, 0x04, 0x04,
    0x04, 0x04, 0x04, 0x04, 0x04, 0x04, 0x04, 0x03, 0x03, 0x03, 0x06, 0x06,
    0x06, 0x06, 0x06, 0x06, 0x03, 0x03, 0x06, 0x00, 0x00, 0x00, 0x00, 0x06,
    0x22, 0x12, 0x03, 0x06, 0x06, 0x03, 0x03, 0x06, 0x06, 0x06, 0x00, 0x00,
    0x00, 0x00, 0x00, 0x00, 0x00, 0x00, 0x00, 0x06, 0x00, 0x06, 0x00, 0x00,
    0x00, 0x00, 0x09, 0x01, 0x01, 0x01, 0x09, 0x09, 0x09, 0x01, 0x01, 0x01,
    0x01, 0x01, 0x01, 0x05, 0x05, 0x05, 0x05, 0x01, 0x01, 0x05, 0x01, 0x01,
    0x01, 0x01, 0x05, 0x02, 0x02, 0x02, 0x02, 0x05, 0x05, 0x05, 0x01, 0x05,
    0x05, 0x01, 0x01, 0x01, 0x01, 0x01, 0x05, 0x05, 0x01, 0x05, 0x05, 0x02,
    0x02, 0x02, 0x02, 0x02, 0x02, 0x02, 0x02, 0x02, 0x02, 0x02, 0x0F, 0x0F,
    0x02, 0x02, 0x02, 0x0F, 0x02, 0x02, 0x12, 0x0F, 0x0F, 0x0F, 0x0F, 0x02,
    0x02, 0x0F, 0x02, 0x02, 0x02, 0x02, 0x02, 0x02, 0x02, 0x05, 0x05, 0x05,
    0x05, 0x05, 0x01, 0x05, 0x05, 0x05, 0x05, 0x02, 0x05, 0x02, 0x02, 0x02,
    0x02, 0x02, 0x05, 0x05, 0x02, 0x02, 0x02, 0x01, 0x01, 0x05, 0x01, 0x01,
    0x01, 0x01, 0x01, 0x05, 0x01, 0x01, 0x01, 0x01, 0x01, 0x09, 0x01, 0x00,
    0x00, 0x00, 0x00, 0x00, 0x00, 0x00, 0x00, 0x00, 0x09, 0x00, 0x00, 0x00,
    0x00, 0x00, 0x00, 0x00, 0x06, 0x03, 0x06, 0x06, 0x03, 0x29, 0x12, 0x03,
    0x03, 0x29, 0x35, 0x00, 0x04, 0x02, 0x35, 0x03, 0x04, 0x03, 0x03, 0x01,
    0x18, 0x06, 0x18, 0x03, 0x06, 0x03, 0x03, 0x03, 0x22, 0x03, 0x05, 0x09,
    0x0F, 0x01, 0x03, 0x03, 0x0D, 0x04, 0x07, 0x19, 0x03, 0x10, 0x07, 0x19,
    0x07, 0x03, 0x19, 0x15, 0x12, 0x01, 0x15, 0x19, 0x03, 0x07, 0x22, 0x0D,
    0x04, 0x0E, 0x04, 0x04, 0x07, 0x12, 0x01, 0x10, 0x04, 0x07, 0x19, 0x09,
    0x07, 0x07, 0x0D, 0x2E, 0x0D, 0x15, 0x07, 0x04, 0x07, 0x07, 0x19, 0x35,
    0x0D, 0x07, 0x07, 0x07, 0x0E, 0x04, 0x0E, 0x04, 0x07, 0x22, 0x35, 0x03,
    0x07, 0x00, 0x19, 0x10, 0x12, 0x09, 0x07, 0x04, 0x07, 0x07, 0x07, 0x0E,
    0x04, 0x0D, 0x04, 0x0E, 0x0E, 0x07, 0x07, 0x10, 0x01, 0x0F, 0x10, 0x07,
    0x10, 0x03, 0x12, 0x07, 0x04, 0x04, 0x04, 0x04, 0x04, 0x04, 0x0E, 0x07,
    0x07, 0x07, 0x0E, 0x04, 0x04, 0x04, 0x04, 0x0D, 0x04, 0x0D, 0x04, 0x04,
    0x04, 0x04, 0x04, 0x04, 0x04, 0x04, 0x04, 0x03, 0x03, 0x06, 0x00, 0x06,
    0x06, 0x03, 0x06, 0x03, 0x06, 0x00, 0x00, 0x03, 0x12, 0x12, 0x06, 0x00,
    0x00, 0x03, 0x03, 0x03, 0x03, 0x04, 0x04, 0x03, 0x03, 0x03, 0x03, 0x00,
    0x00, 0x00, 0x00, 0x00, 0x00, 0x06, 0x06, 0x00, 0x09, 0x00, 0x09, 0x01,
    0x01, 0x01, 0x01, 0x01, 0x01, 0x01, 0x01, 0x01, 0x01, 0x01, 0x01, 0x01,
    0x01, 0x01, 0x01, 0x01, 0x01, 0x01, 0x01, 0x09, 0x01, 0x01, 0x01, 0x01,
    0x05, 0x02, 0x02, 0x02, 0x02, 0x02, 0x02, 0x02, 0x02, 0x02, 0x02, 0x02,
    0x02, 0x02, 0x02, 0x02, 0x02, 0x02, 0x02, 0x02, 0x02, 0x0F, 0x02, 0x02,
    0x02, 0x02, 0x02, 0x02, 0x02, 0x02, 0x02, 0x02, 0x02, 0x02, 0x0F, 0x0F,
    0x0F, 0x0F, 0x02, 0x0F, 0x0F, 0x02, 0x02, 0x02, 0x02, 0x02, 0x02, 0x02,
    0x02, 0x02, 0x02, 0x02, 0x02, 0x05, 0x01, 0x01, 0x01, 0x01, 0x01, 0x01,
    0x01, 0x01, 0x05, 0x02, 0x02, 0x05, 0x02, 0x05, 0x01, 0x01, 0x01, 0x00,
    0x00, 0x00, 0x00, 0x00, 0x00, 0x00, 0x00, 0x00, 0x09, 0x01, 0x00, 0x00,
    0x00, 0x00, 0x00, 0x09, 0x00, 0x00, 0x01, 0x01, 0x01, 0x01, 0x01, 0x01,
    0x00, 0x00, 0x00, 0x00, 0x00, 0x00, 0x00, 0x06, 0x06, 0x06, 0x06, 0x00,
    0x03, 0x03, 0x03, 0x04, 0x0E, 0x12, 0x12, 0x04, 0x04, 0x0F, 0x2E, 0x02,
    0x04, 0x12, 0x2E, 0x00, 0x04, 0x03, 0x0D, 0x06, 0x18, 0x12, 0x29, 0x03,
    0x06, 0x03, 0x04, 0x01, 0x01, 0x02, 0x22, 0x01, 0x03, 0x0F, 0x04, 0x04,
    0x04, 0x04, 0x04, 0x19, 0x0D, 0x07, 0x03, 0x22, 0x0E, 0x04, 0x19, 0x04,
    0x22, 0x06, 0x0E, 0x12, 0x01, 0x07, 0x22, 0x04, 0x04, 0x04, 0x0E, 0x04,
    0x07, 0x29, 0x0F, 0x07, 0x04, 0x07, 0x19, 0x00, 0x15, 0x15, 0x01, 0x19,
    0x10, 0x0E, 0x07, 0x07, 0x10, 0x04, 0x22, 0x19, 0x09, 0x10, 0x07, 0x07,
    0x0E, 0x04, 0x07, 0x07, 0x04, 0x22, 0x19, 0x01, 0x0C, 0x03, 0x22, 0x0C,
    0x12, 0x09, 0x15, 0x07, 0x10, 0x09, 0x02, 0x22, 0x04, 0x01, 0x10, 0x0D,
    0x18, 0x22, 0x12, 0x04, 0x05, 0x12, 0x22, 0x18, 0x04, 0x12, 0x35, 0x12,
    0x0E, 0x02, 0x2E, 0x02, 0x07, 0x0E, 0x07, 0x04, 0x02, 0x12, 0x02, 0x07,
    0x19, 0x18, 0x04, 0x10, 0x02, 0x39, 0x02, 0x07, 0x03, 0x19, 0x18, 0x03,
    0x04, 0x0F, 0x12, 0x19, 0x0F, 0x06, 0x06, 0x12, 0x00, 0x01, 0x39, 0x12,
    0x03, 0x06, 0x22, 0x18, 0x18, 0x0F, 0x0D, 0x03, 0x03, 0x03, 0x03, 0x03,
    0x03, 0x03, 0x03, 0x06, 0x00, 0x00, 0x00, 0x00, 0x00, 0x00, 0x00, 0x00,
    0x09, 0x09, 0x00, 0x00, 0x09, 0x01, 0x09, 0x01, 0x01, 0x01, 0x01, 0x01,
    0x01, 0x01, 0x01, 0x01, 0x01, 0x01, 0x01, 0x01, 0x01, 0x01, 0x01, 0x09,
    0x09, 0x09, 0x09, 0x09, 0x09, 0x01, 0x01, 0x01, 0x05, 0x02, 0x05, 0x01,
    0x05, 0x05, 0x01, 0x01, 0x01, 0x01, 0x01, 0x09, 0x09, 0x01, 0x01, 0x01,
    0x01, 0x01, 0x05, 0x05, 0x05, 0x01, 0x01, 0x05, 0x02, 0x02, 0x02, 0x02,
    0x02, 0x02, 0x02, 0x02, 0x02, 0x02, 0x02, 0x02, 0x0F, 0x12, 0x12, 0x12,
    0x12, 0x0F, 0x0F, 0x02, 0x02, 0x02, 0x02, 0x02, 0x02, 0x02, 0x02, 0x02,
    0x02, 0x02, 0x02, 0x02, 0x02, 0x02, 0x02, 0x02, 0x02, 0x02, 0x02, 0x05,
    0x05, 0x05, 0x02, 0x05, 0x01, 0x01, 0x01, 0x01, 0x00, 0x00, 0x00, 0x09,
    0x09, 0x09, 0x09, 0x01, 0x05, 0x05, 0x05, 0x01, 0x01, 0x05, 0x02, 0x02,
    0x05, 0x05, 0x05, 0x05, 0x01, 0x01, 0x01, 0x09, 0x00, 0x09, 0x00, 0x00,
    0x00, 0x00, 0x00, 0x00, 0x06, 0x03, 0x03, 0x03, 0x0D, 0x03, 0x03, 0x03,
    0x04, 0x29, 0x12, 0x03, 0x03, 0x12, 0x18, 0x12, 0x03, 0x29, 0x18, 0x01,
    0x03, 0x06, 0x03, 0x06, 0x35, 0x18, 0x03, 0x03, 0x0D, 0x03, 0x0D, 0x02,
    0x01, 0x29, 0x0D, 0x0D, 0x03, 0x12, 0x03, 0x04, 0x03, 0x03, 0x03, 0x19,
    0x06, 0x04, 0x06, 0x18, 0x04, 0x04, 0x18, 0x03, 0x22, 0x00, 0x15, 0x12,
    0x02, 0x10, 0x18, 0x29, 0x03, 0x04, 0x04, 0x04, 0x04, 0x09, 0x35, 0x01,
    0x0E, 0x0E, 0x19, 0x0F, 0x09, 0x0E, 0x12, 0x12, 0x07, 0x04, 0x04, 0x04,
    0x07, 0x01, 0x12, 0x05, 0x19, 0x07, 0x04, 0x0E, 0x07, 0x0E, 0x0E, 0x07,
    0x00, 0x12, 0x09, 0x19, 0x15, 0x03, 0x19, 0x20, 0x12, 0x09, 0x10, 0x07,
    0x07, 0x12, 0x2E, 0x01, 0x00, 0x18, 0x0E, 0x19, 0x12, 0x01, 0x2E, 0x03,
    0x01, 0x35, 0x01, 0x18, 0x01, 0x09, 0x18, 0x03, 0x06, 0x19, 0x03, 0x03,
    0x0E, 0x0E, 0x07, 0x0E, 0x2E, 0x12, 0x04, 0x12, 0x02, 0x02, 0x12, 0x0D,
    0x18, 0x00, 0x00, 0x07, 0x12, 0x0F, 0x0F, 0x29, 0x04, 0x2E, 0x19, 0x09,
    0x18, 0x06, 0x03, 0x18, 0x00, 0x18, 0x09, 0x18, 0x09, 0x02, 0x18, 0x09,
    0x2E, 0x12, 0x03, 0x06, 0x00, 0x00, 0x00, 0x00, 0x00, 0x00, 0x00, 0x09,
    0x09, 0x00, 0x00, 0x00, 0x00, 0x00, 0x00, 0x00, 0x00, 0x00, 0x00, 0x00,
    0x09, 0x01, 0x01, 0x05, 0x01, 0x05, 0x05, 0x01, 0x01, 0x01, 0x01, 0x01,
    0x01, 0x01, 0x01, 0x01, 0x05, 0x05, 0x05, 0x05, 0x05, 0x05, 0x02, 0x05,
    0x05, 0x05, 0x02, 0x05, 0x01, 0x01, 0x01, 0x05, 0x05, 0x05, 0x01, 0x01,
    0x01, 0x05, 0x01, 0x01, 0x05, 0x01, 0x05, 0x05, 0x05, 0x02, 0x02, 0x12,
    0x0F, 0x0F, 0x0F, 0x12, 0x12, 0x02, 0x0F, 0x0F, 0x02, 0x02, 0x02, 0x0F,
    0x02, 0x02, 0x12, 0x12, 0x12, 0x0F, 0x12, 0x12, 0x12, 0x0F, 0x0F, 0x02,
    0x02, 0x02, 0x05, 0x05, 0x05, 0x05, 0x05, 0x05, 0x05, 0x02, 0x02, 0x05,
    0x05, 0x02, 0x05, 0x02, 0x02, 0x05, 0x05, 0x02, 0x02, 0x02, 0x02, 0x02,
    0x02, 0x02, 0x02, 0x02, 0x02, 0x02, 0x02, 0x02, 0x05, 0x02, 0x05, 0x05,
    0x05, 0x05, 0x05, 0x05, 0x05, 0x02, 0x05, 0x01, 0x01, 0x01, 0x01, 0x01,
    0x09, 0x00, 0x00, 0x00, 0x01, 0x01, 0x09, 0x00, 0x00, 0x09, 0x09, 0x09,
    0x00, 0x00, 0x00, 0x00, 0x00, 0x00, 0x00, 0x00, 0x06, 0x22, 0x12, 0x06,
    0x00, 0x22, 0x22, 0x19, 0x01, 0x29, 0x19, 0x01, 0x03, 0x06, 0x03, 0x22,
    0x18, 0x19, 0x04, 0x29, 0x06, 0x03, 0x03, 0x02, 0x01, 0x12, 0x04, 0x04,
    0x04, 0x0F, 0x03, 0x04, 0x0D, 0x04, 0x04, 0x19, 0x03, 0x04, 0x04, 0x18,
    0x02, 0x0F, 0x35, 0x03, 0x12, 0x19, 0x06, 0x2E, 0x02, 0x07, 0x09, 0x22,
    0x39, 0x04, 0x0E, 0x04, 0x04, 0x07, 0x01, 0x35, 0x01, 0x15, 0x19, 0x39,
    0x18, 0x03, 0x0F, 0x02, 0x15, 0x0E, 0x04, 0x04, 0x07, 0x12, 0x09, 0x0D,
    0x18, 0x04, 0x0E, 0x04, 0x04, 0x0E, 0x04, 0x07, 0x0F, 0x01, 0x04, 0x18,
    0x04, 0x00, 0x19, 0x07, 0x12, 0x01, 0x0E, 0x04, 0x07, 0x12, 0x05, 0x10,
    0x00, 0x19, 0x03, 0x18, 0x0D, 0x07, 0x19, 0x04, 0x05, 0x19, 0x0C, 0x0F,
    0x05, 0x03, 0x19, 0x07, 0x06, 0x18, 0x04, 0x04, 0x0D, 0x04, 0x04, 0x03,
    0x18, 0x04, 0x04, 0x18, 0x03, 0x00, 0x19, 0x03, 0x39, 0x06, 0x0D, 0x06,
    0x19, 0x00, 0x09, 0x18, 0x06, 0x18, 0x03, 0x04, 0x22, 0x01, 0x01, 0x29,
    0x01, 0x19, 0x03, 0x22, 0x05, 0x22, 0x02, 0x07, 0x12, 0x12, 0x04, 0x03,
    0x00, 0x00, 0x00, 0x06, 0x00, 0x06, 0x00, 0x00, 0x00, 0x00, 0x00, 0x09,
    0x01, 0x01, 0x01, 0x09, 0x00, 0x00, 0x00, 0x01, 0x05, 0x01, 0x01, 0x01,
    0x01, 0x01, 0x05, 0x01, 0x09, 0x00, 0x00, 0x00, 0x00, 0x00, 0x00, 0x00,
    0x00, 0x01, 0x01, 0x01, 0x01, 0x05, 0x01, 0x05, 0x05, 0x05, 0x05, 0x05,
    0x05, 0x02, 0x05, 0x02, 0x02, 0x02, 0x02, 0x02, 0x0F, 0x02, 0x0F, 0x0F,
    0x02, 0x02, 0x0F, 0x0F, 0x02, 0x02, 0x02, 0x02, 0x0F, 0x12, 0x0F, 0x0F,
    0x0F, 0x0F, 0x02, 0x02, 0x02, 0x02, 0x02, 0x0F, 0x12, 0x12, 0x12, 0x12,
    0x0F, 0x02, 0x02, 0x02, 0x02, 0x05, 0x05, 0x05, 0x05, 0x02, 0x02, 0x02,
    0x02, 0x02, 0x02, 0x02, 0x05, 0x05, 0x05, 0x05, 0x05, 0x05, 0x05, 0x05,
    0x01, 0x05, 0x02, 0x02, 0x02, 0x0F, 0x02, 0x02, 0x02, 0x05, 0x05, 0x02,
    0x05, 0x05, 0x05, 0x05, 0x05, 0x02, 0x02, 0x05, 0x05, 0x05, 0x05, 0x01,
    0x01, 0x01, 0x01, 0x01, 0x09, 0x01, 0x01, 0x01, 0x01, 0x01, 0x01, 0x01,
    0x01, 0x01, 0x01, 0x01, 0x01, 0x01, 0x01, 0x01, 0x09, 0x00, 0x09, 0x01,
    0x01, 0x00, 0x00, 0x00, 0x03, 0x22, 0x22, 0x03, 0x03, 0x29, 0x0F, 0x19,
    0x29, 0x0F, 0x22, 0x01, 0x03, 0x03, 0x00, 0x19, 0x0D, 0x39, 0x00, 0x19,
    0x00, 0x03, 0x06, 0x02, 0x01, 0x22, 0x0D, 0x04, 0x04, 0x0F, 0x03, 0x04,
    0x0D, 0x04, 0x03, 0x18, 0x00, 0x04, 0x0D, 0x00, 0x39, 0x12, 0x19, 0x03,
    0x07, 0x22, 0x18, 0x50, 0x05, 0x04, 0x04, 0x0E, 0x18, 0x01, 0x07, 0x04,
    0x07, 0x07, 0x15, 0x01, 0x2E, 0x07, 0x19, 0x00, 0x10, 0x07, 0x12, 0x0F,
    0x07, 0x07, 0x01, 0x02, 0x15, 0x18, 0x12, 0x0F, 0x2E, 0x03, 0x0E, 0x04,
    0x04, 0x04, 0x04, 0x07, 0x19, 0x19, 0x0F, 0x2E, 0x03, 0x03, 0x19, 0x07,
    0x12, 0x01, 0x04, 0x04, 0x07, 0x12, 0x01, 0x0E, 0x06, 0x19, 0x03, 0x18,
    0x04, 0x04, 0x19, 0x04, 0x05, 0x12, 0x07, 0x12, 0x02, 0x00, 0x18, 0x04,
    0x04, 0x22, 0x35, 0x09, 0x04, 0x03, 0x0D, 0x00, 0x19, 0x04, 0x03, 0x2E,
    0x39, 0x39, 0x19, 0x04, 0x12, 0x35, 0x09, 0x04, 0x44, 0x39, 0x2E, 0x19,
    0x03, 0x18, 0x06, 0x04, 0x02, 0x12, 0x0F, 0x02, 0x02, 0x35, 0x18, 0x2E,
    0x02, 0x19, 0x05, 0x04, 0x12, 0x12, 0x03, 0x06, 0x06, 0x06, 0x00, 0x00,
    0x00, 0x00, 0x00, 0x00, 0x00, 0x00, 0x06, 0x06, 0x06, 0x06, 0x06, 0x00,
    0x00, 0x01, 0x01, 0x01, 0x01, 0x01, 0x01, 0x09, 0x00, 0x00, 0x00, 0x00,
    0x00, 0x00, 0x00, 0x01, 0x01, 0x01, 0x01, 0x09, 0x01, 0x01, 0x01, 0x09,
    0x01, 0x01, 0x01, 0x01, 0x01, 0x01, 0x01, 0x01, 0x05, 0x02, 0x02, 0x05,
    0x02, 0x02, 0x05, 0x02, 0x02, 0x02, 0x0F, 0x02, 0x02, 0x02, 0x02, 0x02,
    0x02, 0x02, 0x02, 0x02, 0x02, 0x02, 0x02, 0x02, 0x02, 0x02, 0x02, 0x02,
    0x02, 0x12, 0x0F, 0x0F, 0x12, 0x02, 0x02, 0x0F, 0x12, 0x12, 0x0F, 0x12,
    0x0F, 0x0F, 0x12, 0x12, 0x0F, 0x02, 0x02, 0x02, 0x02, 0x02, 0x05, 0x05,
    0x05, 0x05, 0x05, 0x05, 0x05, 0x02, 0x02, 0x02, 0x02, 0x02, 0x05, 0x05,
    0x02, 0x02, 0x02, 0x02, 0x02, 0x05, 0x01, 0x01, 0x01, 0x05, 0x05, 0x01,
    0x01, 0x09, 0x01, 0x01, 0x01, 0x01, 0x01, 0x01, 0x01, 0x05, 0x01, 0x01,
    0x01, 0x01, 0x01, 0x01, 0x09, 0x01, 0x01, 0x09, 0x09, 0x01, 0x01, 0x01,
    0x01, 0x01, 0x09, 0x00, 0x09, 0x09, 0x00, 0x00, 0x00, 0x00, 0x00, 0x00,
    0x00, 0x22, 0x19, 0x00, 0x00, 0x19, 0x02, 0x29, 0x2E, 0x01, 0x19, 0x01,
    0x06, 0x06, 0x05, 0x18, 0x03, 0x29, 0x18, 0x29, 0x06, 0x06, 0x03, 0x05,
    0x01, 0x02, 0x18, 0x0F, 0x00, 0x12, 0x03, 0x03, 0x03, 0x03, 0x03, 0x18,
    0x06, 0x04, 0x04, 0x0E, 0x04, 0x0D, 0x19, 0x04, 0x04, 0x04, 0x07, 0x12,
    0x01, 0x04, 0x03, 0x0E, 0x12, 0x0F, 0x0E, 0x04, 0x04, 0x04, 0x04, 0x04,
    0x18, 0x00, 0x22, 0x01, 0x0E, 0x07, 0x01, 0x19, 0x15, 0x10, 0x02, 0x12,
    0x07, 0x18, 0x22, 0x12, 0x39, 0x05, 0x07, 0x07, 0x04, 0x0E, 0x07, 0x04,
    0x18, 0x22, 0x12, 0x39, 0x09, 0x03, 0x19, 0x10, 0x12, 0x09, 0x10, 0x0E,
    0x07, 0x12, 0x01, 0x07, 0x03, 0x19, 0x0D, 0x18, 0x04, 0x0E, 0x18, 0x0D,
    0x05, 0x12, 0x07, 0x12, 0x02, 0x03, 0x19, 0x04, 0x04, 0x04, 0x0F, 0x18,
    0x03, 0x03, 0x04, 0x03, 0x18, 0x3A, 0x03, 0x18, 0x03, 0x03, 0x00, 0x03,
    0x04, 0x12, 0x44, 0x03, 0x19, 0x00, 0x00, 0x03, 0x06, 0x18, 0x00, 0x03,
    0x01, 0x18, 0x19, 0x09, 0x02, 0x19, 0x00, 0x01, 0x06, 0x18, 0x02, 0x03,
    0x12, 0x12, 0x06, 0x00, 0x00, 0x00, 0x00, 0x00, 0x00, 0x00, 0x00, 0x00,
    0x00, 0x00, 0x00, 0x00, 0x00, 0x00, 0x01, 0x00, 0x09, 0x01, 0x01, 0x00,
    0x01, 0x01, 0x01, 0x01, 0x01, 0x01, 0x05, 0x05, 0x01, 0x01, 0x01, 0x05,
    0x01, 0x01, 0x01, 0x00, 0x00, 0x09, 0x01, 0x01, 0x01, 0x01, 0x01, 0x05,
    0x02, 0x05, 0x05, 0x05, 0x05, 0x05, 0x05, 0x05, 0x02, 0x02, 0x02, 0x05,
    0x05, 0x02, 0x02, 0x02, 0x02, 0x02, 0x05, 0x02, 0x02, 0x02, 0x02, 0x02,
    0x02, 0x02, 0x02, 0x02, 0x02, 0x0F, 0x0F, 0x0F, 0x02, 0x02, 0x0F, 0x0F,
    0x12, 0x12, 0x0F, 0x02, 0x02, 0x02, 0x02, 0x02, 0x02, 0x02, 0x0F, 0x0F,
    0x02, 0x0F, 0x02, 0x02, 0x02, 0x02, 0x02, 0x02, 0x02, 0x02, 0x02, 0x02,
    0x02, 0x02, 0x02, 0x02, 0x05, 0x01, 0x01, 0x01, 0x01, 0x05, 0x05, 0x05,
    0x05, 0x05, 0x05, 0x05, 0x01, 0x05, 0x05, 0x05, 0x05, 0x01, 0x09, 0x01,
    0x01, 0x09, 0x09, 0x09, 0x00, 0x09, 0x01, 0x01, 0x01, 0x01, 0x01, 0x01,
    0x09, 0x09, 0x01, 0x00, 0x00, 0x00, 0x00, 0x00, 0x09, 0x01, 0x01, 0x01,
    0x01, 0x01, 0x01, 0x01, 0x09, 0x00, 0x09, 0x00, 0x06, 0x22, 0x22, 0x00,
    0x00, 0x22, 0x02, 0x0F, 0x35, 0x03, 0x18, 0x01, 0x06, 0x00, 0x09, 0x2E,
    0x00, 0x03, 0x35, 0x12, 0x06, 0x00, 0x06, 0x00, 0x22, 0x03, 0x05, 0x09,
    0x0F, 0x05, 0x03, 0x06, 0x03, 0x03, 0x03, 0x18, 0x06, 0x04, 0x03, 0x03,
    0x07, 0x05, 0x22, 0x04, 0x06, 0x04, 0x04, 0x18, 0x03, 0x04, 0x0E, 0x07,
    0x18, 0x09, 0x07, 0x04, 0x04, 0x03, 0x0E, 0x04, 0x39, 0x0D, 0x22, 0x09,
    0x07, 0x07, 0x04, 0x2E, 0x03, 0x20, 0x0F, 0x0F, 0x09, 0x12, 0x07, 0x10,
    0x01, 0x29, 0x0E, 0x09, 0x07, 0x07, 0x15, 0x09, 0x22, 0x15, 0x15, 0x01,
    0x12, 0x0D, 0x19, 0x15, 0x12, 0x09, 0x07, 0x0E, 0x10, 0x12, 0x01, 0x15,
    0x0D, 0x19, 0x10, 0x18, 0x02, 0x05, 0x2E, 0x04, 0x05, 0x12, 0x07, 0x12,
    0x01, 0x0D, 0x19, 0x10, 0x04, 0x0D, 0x0D, 0x18, 0x03, 0x04, 0x03, 0x00,
    0x19, 0x0D, 0x04, 0x19, 0x01, 0x0E, 0x03, 0x03, 0x03, 0x03, 0x18, 0x03,
    0x19, 0x02, 0x04, 0x03, 0x00, 0x18, 0x00, 0x00, 0x00, 0x39, 0x39, 0x00,
    0x01, 0x44, 0x00, 0x00, 0x06, 0x19, 0x57, 0x03, 0x39, 0x0F, 0x00, 0x12,
    0x00, 0x00, 0x00, 0x00, 0x00, 0x00, 0x01, 0x01, 0x00, 0x00, 0x09, 0x00,
    0x09, 0x01, 0x00, 0x00, 0x00, 0x01, 0x01, 0x01, 0x09, 0x09, 0x09, 0x09,
    0x01, 0x01, 0x01, 0x01, 0x09, 0x01, 0x01, 0x01, 0x01, 0x01, 0x01, 0x01,
    0x01, 0x01, 0x05, 0x05, 0x01, 0x01, 0x01, 0x01, 0x05, 0x01, 0x01, 0x01,
    0x01, 0x09, 0x01, 0x05, 0x02, 0x02, 0x02, 0x02, 0x05, 0x05, 0x05, 0x02,
    0x02, 0x02, 0x02, 0x02, 0x05, 0x05, 0x05, 0x05, 0x05, 0x05, 0x02, 0x02,
    0x02, 0x02, 0x0F, 0x0F, 0x02, 0x02, 0x02, 0x02, 0x0F, 0x02, 0x0F, 0x0F,
    0x02, 0x02, 0x02, 0x02, 0x02, 0x02, 0x02, 0x02, 0x02, 0x0F, 0x02, 0x02,
    0x02, 0x02, 0x02, 0x02, 0x02, 0x02, 0x02, 0x02, 0x0F, 0x12, 0x02, 0x02,
    0x02, 0x02, 0x02, 0x02, 0x05, 0x05, 0x01, 0x05, 0x05, 0x05, 0x01, 0x01,
    0x01, 0x01, 0x01, 0x01, 0x01, 0x01, 0x01, 0x01, 0x01, 0x01, 0x01, 0x01,
    0x01, 0x09, 0x09, 0x01, 0x01, 0x01, 0x01, 0x01, 0x01, 0x01, 0x01, 0x01,
    0x00, 0x00, 0x00, 0x00, 0x00, 0x00, 0x00, 0x00, 0x00, 0x00, 0x00, 0x00,
    0x00, 0x00, 0x06, 0x06, 0x04, 0x12, 0x12, 0x0D, 0x03, 0x29, 0x02, 0x09,
    0x12, 0x03, 0x18, 0x01, 0x03, 0x06, 0x03, 0x22, 0x39, 0x22, 0x2E, 0x19,
    0x00, 0x00, 0x06, 0x03, 0x05, 0x19, 0x05, 0x12, 0x12, 0x03, 0x06, 0x06,
    0x06, 0x06, 0x06, 0x18, 0x00, 0x03, 0x03, 0x29, 0x19, 0x18, 0x06, 0x0E,
    0x02, 0x19, 0x18, 0x02, 0x0E, 0x03, 0x22, 0x18, 0x18, 0x04, 0x0E, 0x04,
    0x07, 0x12, 0x18, 0x18, 0x22, 0x10, 0x19, 0x2E, 0x18, 0x19, 0x0E, 0x0F,
    0x2E, 0x29, 0x2E, 0x05, 0x12, 0x02, 0x04, 0x04, 0x00, 0x18, 0x01, 0x39,
    0x07, 0x04, 0x10, 0x0F, 0x01, 0x10, 0x07, 0x03, 0x19, 0x00, 0x22, 0x15,
    0x12, 0x01, 0x07, 0x0E, 0x07, 0x12, 0x01, 0x10, 0x03, 0x19, 0x07, 0x00,
    0x2E, 0x19, 0x19, 0x0D, 0x02, 0x12, 0x10, 0x12, 0x02, 0x07, 0x39, 0x12,
    0x03, 0x18, 0x18, 0x12, 0x0E, 0x04, 0x04, 0x03, 0x18, 0x0D, 0x04, 0x00,
    0x39, 0x19, 0x12, 0x03, 0x18, 0x18, 0x22, 0x04, 0x01, 0x2E, 0x19, 0x22,
    0x06, 0x18, 0x00, 0x06, 0x03, 0x19, 0x22, 0x03, 0x06, 0x22, 0x2E, 0x18,
    0x01, 0x01, 0x35, 0x44, 0x2E, 0x02, 0x01, 0x2E, 0x09, 0x00, 0x00, 0x00,
    0x00, 0x09, 0x09, 0x00, 0x00, 0x00, 0x00, 0x00, 0x00, 0x00, 0x00, 0x00,
    0x00, 0x00, 0x00, 0x01, 0x09, 0x09, 0x01, 0x09, 0x09, 0x09, 0x00, 0x00,
    0x09, 0x09, 0x09, 0x01, 0x01, 0x01, 0x05, 0x05, 0x05, 0x01, 0x01, 0x01,
    0x05, 0x02, 0x02, 0x02, 0x02, 0x02, 0x02, 0x02, 0x02, 0x05, 0x01, 0x01,
    0x05, 0x05, 0x05, 0x05, 0x05, 0x05, 0x05, 0x05, 0x05, 0x05, 0x05, 0x05,
    0x05, 0x05, 0x02, 0x02, 0x02, 0x02, 0x02, 0x02, 0x0F, 0x02, 0x02, 0x02,
    0x02, 0x0F, 0x0F, 0x02, 0x02, 0x02, 0x02, 0x05, 0x02, 0x02, 0x02, 0x02,
    0x02, 0x02, 0x02, 0x02, 0x02, 0x02, 0x02, 0x0F, 0x0F, 0x0F, 0x0F, 0x02,
    0x02, 0x02, 0x02, 0x02, 0x02, 0x02, 0x02, 0x02, 0x02, 0x02, 0x02, 0x02,
    0x02, 0x02, 0x02, 0x05, 0x05, 0x01, 0x01, 0x01, 0x01, 0x01, 0x01, 0x01,
    0x09, 0x01, 0x05, 0x01, 0x01, 0x01, 0x01, 0x01, 0x01, 0x09, 0x00, 0x00,
    0x00, 0x00, 0x00, 0x00, 0x09, 0x09, 0x09, 0x00, 0x00, 0x00, 0x00, 0x00,
    0x00, 0x00, 0x00, 0x00, 0x00, 0x00, 0x00, 0x00, 0x00, 0x00, 0x00, 0x00,
    0x06, 0x09, 0x01, 0x00, 0x06, 0x00, 0x00, 0x03, 0x03, 0x03, 0x00, 0x03,
    0x03, 0x03, 0x03, 0x0D, 0x02, 0x0F, 0x06, 0x09, 0x03, 0x03, 0x03, 0x06,
    0x03, 0x01, 0x12, 0x02, 0x0D, 0x03, 0x03, 0x03, 0x06, 0x06, 0x06, 0x09,
    0x03, 0x03, 0x03, 0x09, 0x0F, 0x00, 0x04, 0x04, 0x03, 0x02, 0x09, 0x07,
    0x04, 0x0E, 0x09, 0x01, 0x04, 0x07, 0x07, 0x0E, 0x0E, 0x0D, 0x01, 0x01,
    0x0E, 0x0E, 0x03, 0x00, 0x09, 0x09, 0x0D, 0x04, 0x00, 0x02, 0x01, 0x04,
    0x03, 0x04, 0x04, 0x04, 0x04, 0x06, 0x03, 0x06, 0x04, 0x04, 0x0E, 0x03,
    0x0D, 0x0E, 0x0E, 0x0E, 0x03, 0x04, 0x0D, 0x07, 0x04, 0x04, 0x04, 0x0E,
    0x0E, 0x03, 0x0D, 0x0E, 0x04, 0x0D, 0x07, 0x10, 0x10, 0x07, 0x19, 0x04,
    0x04, 0x0D, 0x0E, 0x03, 0x03, 0x0E, 0x03, 0x01, 0x0E, 0x00, 0x01, 0x04,
    0x04, 0x04, 0x04, 0x0D, 0x00, 0x04, 0x0D, 0x04, 0x00, 0x02, 0x00, 0x03,
    0x01, 0x02, 0x0D, 0x04, 0x04, 0x00, 0x02, 0x00, 0x0D, 0x00, 0x03, 0x03,
    0x04, 0x06, 0x06, 0x03, 0x03, 0x03, 0x02, 0x02, 0x00, 0x06, 0x05, 0x02,
    0x09, 0x01, 0x00, 0x01, 0x00, 0x00, 0x00, 0x09, 0x00, 0x00, 0x00, 0x00,
    0x00, 0x00, 0x00, 0x00, 0x00, 0x00, 0x00, 0x00, 0x00, 0x00, 0x06, 0x00,
    0x00, 0x00, 0x00, 0x00, 0x00, 0x09, 0x01, 0x09, 0x09, 0x01, 0x01, 0x01,
    0x01, 0x01, 0x05, 0x05, 0x05, 0x01, 0x05, 0x05, 0x05, 0x05, 0x05, 0x05,
    0x05, 0x02, 0x02, 0x02, 0x02, 0x02, 0x05, 0x02, 0x02, 0x02, 0x05, 0x01,
    0x01, 0x09, 0x01, 0x01, 0x01, 0x05, 0x02, 0x02, 0x02, 0x02, 0x02, 0x02,
    0x05, 0x05, 0x01, 0x01, 0x01, 0x05, 0x05, 0x02, 0x02, 0x02, 0x0F, 0x02,
    0x01, 0x01, 0x05, 0x02, 0x05, 0x02, 0x02, 0x02, 0x02, 0x02, 0x05, 0x02,
    0x02, 0x02, 0x0F, 0x0F, 0x12, 0x12, 0x0F, 0x02, 0x02, 0x02, 0x0F, 0x0F,
    0x0F, 0x12, 0x0F, 0x02, 0x02, 0x02, 0x02, 0x02, 0x02, 0x05, 0x01, 0x05,
    0x01, 0x01, 0x01, 0x09, 0x09, 0x00, 0x09, 0x09, 0x09, 0x01, 0x09, 0x00,
    0x00, 0x09, 0x09, 0x00, 0x00, 0x00, 0x00, 0x00, 0x00, 0x09, 0x00, 0x00,
    0x09, 0x00, 0x00, 0x00, 0x00, 0x00, 0x09, 0x09, 0x00, 0x00, 0x00, 0x00,
    0x00, 0x00, 0x00, 0x00, 0x00, 0x00, 0x00, 0x00, 0x00, 0x00, 0x00, 0x00,
    0x00, 0x06, 0x03, 0x03, 0x03, 0x03, 0x04, 0x0D, 0x03, 0x06, 0x06, 0x06,
    0x03, 0x03, 0x03, 0x06, 0x00, 0x00, 0x00, 0x00, 0x00, 0x00, 0x00, 0x06,
    0x06, 0x06, 0x06, 0x06, 0x06, 0x03, 0x03, 0x03, 0x03, 0x03, 0x04, 0x04,
    0x0E, 0x04, 0x04, 0x04, 0x0E, 0x07, 0x10, 0x07, 0x07, 0x07, 0x15, 0x15,
    0x07, 0x07, 0x07, 0x07, 0x07, 0x07, 0x15, 0x15, 0x0E, 0x04, 0x0E, 0x0E,
    0x04, 0x04, 0x03, 0x03, 0x04, 0x0E, 0x04, 0x04, 0x04, 0x04, 0x03, 0x04,
    0x04, 0x0E, 0x04, 0x04, 0x04, 0x04, 0x04, 0x0E, 0x0E, 0x0E, 0x07, 0x07,
    0x10, 0x07, 0x10, 0x07, 0x07, 0x07, 0x07, 0x07, 0x07, 0x10, 0x07, 0x0E,
    0x07, 0x07, 0x07, 0x00, 0x03, 0x02, 0x19, 0x07, 0x0E, 0x0E, 0x04, 0x0E,
    0x07, 0x04, 0x04, 0x04, 0x04, 0x0E, 0x0E, 0x04, 0x04, 0x04, 0x04, 0x04,
    0x04, 0x04, 0x0D, 0x03, 0x04, 0x04, 0x03, 0x03, 0x04, 0x04, 0x04, 0x04,
    0x04, 0x04, 0x04, 0x04, 0x0D, 0x03, 0x06, 0x06, 0x00, 0x06, 0x00, 0x00,
    0x06, 0x00, 0x06, 0x00, 0x09, 0x01, 0x00, 0x00, 0x09, 0x00, 0x00, 0x00,
    0x00, 0x00, 0x00, 0x00, 0x00, 0x00, 0x00, 0x00, 0x00, 0x00, 0x00, 0x00,
    0x00, 0x00, 0x06, 0x03, 0x03, 0x03, 0x03, 0x03, 0x06, 0x06, 0x00, 0x00,
    0x00, 0x00, 0x00, 0x00, 0x00, 0x09, 0x09, 0x01, 0x05, 0x05, 0x02, 0x02,
    0x05, 0x05, 0x02, 0x02, 0x05, 0x02, 0x02, 0x02, 0x02, 0x02, 0x02, 0x02,
    0x02, 0x02, 0x05, 0x05, 0x02, 0x05, 0x05, 0x01, 0x01, 0x01, 0x09, 0x01,
    0x01, 0x01, 0x05, 0x05, 0x01, 0x05, 0x05, 0x05, 0x01, 0x05, 0x05, 0x05,
    0x02, 0x02, 0x05, 0x02, 0x0F, 0x0F, 0x02, 0x02, 0x05, 0x05, 0x02, 0x02,
    0x02, 0x02, 0x02, 0x02, 0x02, 0x0F, 0x02, 0x02, 0x02, 0x02, 0x02, 0x02,
    0x02, 0x02, 0x02, 0x02, 0x02, 0x02, 0x02, 0x02, 0x02, 0x02, 0x02, 0x02,
    0x02, 0x02, 0x05, 0x01, 0x01, 0x01, 0x05, 0x02, 0x02, 0x05, 0x05, 0x05,
    0x05, 0x05, 0x05, 0x01, 0x01, 0x01, 0x01, 0x01, 0x01, 0x01, 0x01, 0x09,
    0x09, 0x09, 0x01, 0x09, 0x09, 0x09, 0x00, 0x09, 0x01, 0x01, 0x01, 0x01,
    0x01, 0x01, 0x01, 0x01, 0x09, 0x09, 0x01, 0x09, 0x01, 0x09, 0x00, 0x00,
    0x00, 0x00, 0x09, 0x09, 0x00, 0x00, 0x00, 0x00, 0x00, 0x00, 0x06, 0x06,
    0x03, 0x03, 0x06, 0x00, 0x06, 0x06, 0x06, 0x06, 0x00, 0x06, 0x03, 0x06,
    0x00, 0x00, 0x00, 0x00, 0x00, 0x00, 0x00, 0x06, 0x03, 0x03, 0x06, 0x03,
    0x03, 0x06, 0x03, 0x03, 0x04, 0x03, 0x0D, 0x0D, 0x0D, 0x0D, 0x04, 0x04,
    0x04, 0x0E, 0x0E, 0x0E, 0x04, 0x0E, 0x0E, 0x07, 0x07, 0x0E, 0x0E, 0x04,
    0x04, 0x04, 0x04, 0x04, 0x04, 0x04, 0x04, 0x04, 0x04, 0x04, 0x04, 0x04,
    0x04, 0x04, 0x04, 0x04, 0x04, 0x04, 0x04, 0x0E, 0x04, 0x04, 0x0E, 0x0E,
    0x07, 0x07, 0x0E, 0x0E, 0x04, 0x04, 0x04, 0x04, 0x04, 0x04, 0x04, 0x0E,
    0x04, 0x04, 0x07, 0x0E, 0x0E, 0x04, 0x04, 0x0E, 0x0E, 0x04, 0x07, 0x02,
    0x2E, 0x18, 0x03, 0x0E, 0x04, 0x04, 0x04, 0x0D, 0x0D, 0x03, 0x03, 0x03,
    0x03, 0x03, 0x03, 0x04, 0x04, 0x04, 0x0D, 0x03, 0x03, 0x03, 0x03, 0x03,
    0x03, 0x06, 0x03, 0x03, 0x03, 0x03, 0x0D, 0x04, 0x04, 0x03, 0x06, 0x03,
    0x03, 0x06, 0x03, 0x03, 0x06, 0x06, 0x06, 0x00, 0x00, 0x00, 0x00, 0x00,
    0x09, 0x01, 0x09, 0x00, 0x00, 0x00, 0x00, 0x00, 0x06, 0x00, 0x00, 0x00,
    0x00, 0x00, 0x00, 0x00, 0x00, 0x00, 0x00, 0x00, 0x00, 0x00, 0x00, 0x00,
    0x00, 0x00, 0x00, 0x00, 0x00, 0x00, 0x00, 0x00, 0x00, 0x09, 0x01, 0x09,
    0x01, 0x01, 0x01, 0x01, 0x01, 0x01, 0x01, 0x05, 0x01, 0x01, 0x01, 0x01,
    0x05, 0x05, 0x05, 0x05, 0x05, 0x05, 0x05, 0x01, 0x01, 0x01, 0x01, 0x01,
    0x02, 0x05, 0x05, 0x02, 0x02, 0x05, 0x02, 0x02, 0x05, 0x02, 0x02, 0x02,
    0x02, 0x02, 0x02, 0x02, 0x02, 0x02, 0x02, 0x02, 0x02, 0x02, 0x02, 0x02,
    0x02, 0x0F, 0x0F, 0x0F, 0x02, 0x02, 0x02, 0x02, 0x02, 0x12, 0x0F, 0x12,
    0x0F, 0x0F, 0x0F, 0x0F, 0x02, 0x02, 0x02, 0x02, 0x02, 0x02, 0x02, 0x02,
    0x02, 0x0F, 0x02, 0x02, 0x02, 0x02, 0x02, 0x02, 0x02, 0x05, 0x05, 0x05,
    0x05, 0x02, 0x02, 0x05, 0x01, 0x05, 0x05, 0x02, 0x02, 0x05, 0x05, 0x05,
    0x01, 0x01, 0x01, 0x01, 0x01, 0x01, 0x01, 0x01, 0x01, 0x01, 0x01, 0x01,
    0x09, 0x00, 0x00, 0x06, 0x03, 0x06, 0x00, 0x06, 0x06, 0x06, 0x00, 0x00,
    0x06, 0x00, 0x00, 0x00, 0x00, 0x00, 0x00, 0x00, 0x00, 0x00, 0x01, 0x01,
    0x01, 0x01, 0x01, 0x01, 0x09, 0x09, 0x00, 0x00, 0x00, 0x00, 0x06, 0x00,
    0x00, 0x06, 0x06, 0x06, 0x06, 0x03, 0x06, 0x03, 0x04, 0x04, 0x04, 0x03,
    0x03, 0x0D, 0x04, 0x04, 0x04, 0x04, 0x03, 0x03, 0x03, 0x03, 0x03, 0x0D,
    0x0D, 0x04, 0x04, 0x03, 0x03, 0x0D, 0x03, 0x03, 0x0D, 0x03, 0x03, 0x0D,
    0x03, 0x04, 0x04, 0x04, 0x04, 0x04, 0x04, 0x04, 0x04, 0x04, 0x04, 0x04,
    0x04, 0x04, 0x04, 0x04, 0x04, 0x04, 0x04, 0x04, 0x0E, 0x04, 0x04, 0x04,
    0x04, 0x04, 0x04, 0x04, 0x04, 0x04, 0x04, 0x0E, 0x04, 0x04, 0x04, 0x04,
    0x04, 0x04, 0x04, 0x04, 0x0D, 0x04, 0x04, 0x04, 0x04, 0x0E, 0x04, 0x07,
    0x0E, 0x04, 0x04, 0x04, 0x0E, 0x04, 0x04, 0x0E, 0x0E, 0x07, 0x07, 0x07,
    0x10, 0x10, 0x07, 0x0E, 0x0E, 0x0E, 0x04, 0x0E, 0x04, 0x04, 0x04, 0x04,
    0x04, 0x04, 0x04, 0x04, 0x03, 0x03, 0x06, 0x06, 0x00, 0x00, 0x00, 0x00,
    0x00, 0x06, 0x03, 0x06, 0x06, 0x03, 0x03, 0x03, 0x00, 0x06, 0x03, 0x03,
    0x03, 0x03, 0x03, 0x03, 0x03, 0x0D, 0x04, 0x0D, 0x03, 0x03, 0x03, 0x00,
    0x00, 0x00, 0x00, 0x00, 0x00, 0x00, 0x00, 0x06, 0x06, 0x00, 0x06, 0x00,
    0x00, 0x00, 0x00, 0x09, 0x01, 0x01, 0x09, 0x01, 0x09, 0x00, 0x00, 0x00,
    0x00, 0x00, 0x09, 0x09, 0x09, 0x01, 0x01, 0x01, 0x01, 0x01, 0x01, 0x01,
    0x01, 0x01, 0x01, 0x01, 0x01, 0x01, 0x01, 0x05, 0x05, 0x05, 0x05, 0x05,
    0x05, 0x05, 0x01, 0x01, 0x05, 0x05, 0x02, 0x05, 0x05, 0x02, 0x02, 0x02,
    0x02, 0x02, 0x02, 0x02, 0x02, 0x02, 0x02, 0x05, 0x05, 0x02, 0x02, 0x02,
    0x02, 0x02, 0x02, 0x02, 0x02, 0x05, 0x01, 0x01, 0x01, 0x05, 0x02, 0x02,
    0x12, 0x12, 0x12, 0x0F, 0x02, 0x12, 0x12, 0x02, 0x02, 0x0F, 0x0F, 0x0F,
    0x12, 0x0F, 0x0F, 0x0F, 0x0F, 0x02, 0x02, 0x02, 0x02, 0x02, 0x02, 0x02,
    0x02, 0x0F, 0x02, 0x02, 0x02, 0x02, 0x02, 0x02, 0x05, 0x05, 0x05, 0x01,
    0x05, 0x05, 0x05, 0x05, 0x02, 0x02, 0x05, 0x05, 0x01, 0x01, 0x01, 0x01,
    0x01, 0x09, 0x01, 0x05, 0x05, 0x01, 0x01, 0x01, 0x01, 0x01, 0x01, 0x00,
    0x00, 0x09, 0x01, 0x01, 0x05, 0x05, 0x05, 0x05, 0x05, 0x01, 0x01, 0x01,
    0x01, 0x01, 0x01, 0x01, 0x01, 0x01, 0x01, 0x01, 0x09, 0x00, 0x00, 0x00,
    0x00, 0x00, 0x00, 0x06, 0x06, 0x06, 0x06, 0x00, 0x06, 0x06, 0x00, 0x00,
    0x00, 0x00, 0x00, 0x06, 0x06, 0x06, 0x00, 0x06, 0x00, 0x06, 0x06, 0x06,
    0x06, 0x06, 0x06, 0x06, 0x00, 0x00, 0x06, 0x03, 0x06, 0x03, 0x03, 0x03,
    0x04, 0x03, 0x03, 0x03, 0x03, 0x03, 0x03, 0x03, 0x03, 0x03, 0x03, 0x03,
    0x03, 0x04, 0x04, 0x04, 0x04, 0x04, 0x04, 0x0D, 0x0D, 0x04, 0x04, 0x04,
    0x04, 0x04, 0x04, 0x0E, 0x04, 0x04, 0x04, 0x04, 0x04, 0x04, 0x04, 0x0D,
    0x0D, 0x04, 0x04, 0x0E, 0x0E, 0x04, 0x04, 0x0E, 0x0E, 0x04, 0x04, 0x04,
    0x04, 0x04, 0x04, 0x04, 0x04, 0x0E, 0x07, 0x0E, 0x04, 0x04, 0x04, 0x04,
    0x0D, 0x0D, 0x04, 0x04, 0x04, 0x04, 0x04, 0x04, 0x04, 0x04, 0x04, 0x0D,
    0x03, 0x06, 0x00, 0x00, 0x06, 0x06, 0x06, 0x06, 0x03, 0x03, 0x03, 0x03,
    0x00, 0x00, 0x06, 0x03, 0x06, 0x06, 0x06, 0x06, 0x06, 0x03, 0x03, 0x03,
    0x03, 0x04, 0x03, 0x06, 0x06, 0x03, 0x06, 0x06, 0x06, 0x00, 0x00, 0x00,
    0x00, 0x00, 0x00, 0x00, 0x00, 0x00, 0x06, 0x00, 0x00, 0x00, 0x00, 0x00,
    0x00, 0x00, 0x01, 0x01, 0x00, 0x00, 0x00, 0x00, 0x00, 0x00, 0x00, 0x09,
    0x01, 0x01, 0x09, 0x01, 0x01, 0x01, 0x01, 0x01, 0x01, 0x01, 0x01, 0x01,
    0x09, 0x01, 0x09, 0x01, 0x01, 0x05, 0x01, 0x01, 0x05, 0x05, 0x05, 0x01,
    0x01, 0x01, 0x01, 0x05, 0x05, 0x05, 0x05, 0x02, 0x02, 0x05, 0x01, 0x05,
    0x05, 0x05, 0x02, 0x05, 0x05, 0x02, 0x02, 0x02, 0x02, 0x02, 0x02, 0x02,
    0x02, 0x02, 0x05, 0x05, 0x05, 0x02, 0x02, 0x02, 0x0F, 0x0F, 0x12, 0x12,
    0x02, 0x02, 0x02, 0x02, 0x02, 0x02, 0x02, 0x0F, 0x02, 0x02, 0x02, 0x02,
    0x05, 0x02, 0x02, 0x05, 0x05, 0x05, 0x05, 0x05, 0x05, 0x05, 0x05, 0x01,
    0x05, 0x05, 0x05, 0x05, 0x05, 0x05, 0x02, 0x02, 0x05, 0x05, 0x05, 0x05,
    0x01, 0x05, 0x05, 0x01, 0x01, 0x01, 0x05, 0x05, 0x01, 0x01, 0x01, 0x01,
    0x05, 0x05, 0x01, 0x01, 0x05, 0x05, 0x05, 0x02, 0x02, 0x05, 0x05, 0x05,
    0x01, 0x05, 0x01, 0x01, 0x01, 0x01, 0x01, 0x01, 0x05, 0x01, 0x01, 0x01,
    0x01, 0x01, 0x01, 0x01, 0x09, 0x00, 0x00, 0x01, 0x01, 0x01, 0x01, 0x00,
    0x09, 0x09, 0x09, 0x00, 0x00, 0x00, 0x00, 0x00, 0x00, 0x00, 0x00, 0x00,
    0x00, 0x00, 0x00, 0x00, 0x03, 0x03, 0x03, 0x0D, 0x03, 0x03, 0x0D, 0x0D,
    0x03, 0x03, 0x03, 0x04, 0x04, 0x04, 0x04, 0x04, 0x04, 0x04, 0x04, 0x0D,
    0x03, 0x03, 0x03, 0x03, 0x03, 0x03, 0x03, 0x03, 0x03, 0x06, 0x03, 0x03,
    0x03, 0x04, 0x04, 0x04, 0x04, 0x04, 0x04, 0x04, 0x0E, 0x0E, 0x04, 0x07,
    0x0E, 0x04, 0x07, 0x07, 0x07, 0x07, 0x07, 0x07, 0x07, 0x07, 0x07, 0x0E,
    0x0E, 0x07, 0x04, 0x04, 0x0E, 0x07, 0x0E, 0x04, 0x04, 0x0E, 0x07, 0x07,
    0x07, 0x07, 0x07, 0x0E, 0x04, 0x0E, 0x0E, 0x0E, 0x0E, 0x04, 0x04, 0x04,
    0x04, 0x04, 0x04, 0x04, 0x04, 0x03, 0x03, 0x04, 0x04, 0x04, 0x0D, 0x04,
    0x04, 0x04, 0x04, 0x0D, 0x0D, 0x0D, 0x03, 0x03, 0x3A, 0x04, 0x04, 0x0D,
    0x0D, 0x04, 0x04, 0x04, 0x03, 0x03, 0x06, 0x06, 0x06, 0x03, 0x03, 0x03,
    0x03, 0x03, 0x03, 0x06, 0x03, 0x03, 0x06, 0x00, 0x06, 0x03, 0x06, 0x06,
    0x03, 0x04, 0x0D, 0x04, 0x04, 0x03, 0x03, 0x03, 0x03, 0x03, 0x03, 0x03,
    0x03, 0x03, 0x04, 0x03, 0x03, 0x03, 0x06, 0x06, 0x00, 0x00, 0x00, 0x00,
    0x00, 0x00, 0x00, 0x00, 0x09, 0x01, 0x00, 0x00, 0x00, 0x00, 0x00, 0x00,
    0x00, 0x00, 0x00, 0x00, 0x00, 0x00, 0x00, 0x00, 0x00, 0x00, 0x00, 0x06,
    0x06, 0x00, 0x00, 0x00, 0x00, 0x00, 0x00, 0x09, 0x09, 0x09, 0x01, 0x01,
    0x01, 0x01, 0x01, 0x01, 0x01, 0x05, 0x01, 0x01, 0x01, 0x01, 0x01, 0x05,
    0x01, 0x05, 0x05, 0x01, 0x05, 0x02, 0x02, 0x02, 0x02, 0x02, 0x02, 0x02,
    0x02, 0x02, 0x0F, 0x0F, 0x02, 0x02, 0x02, 0x0F, 0x12, 0x0F, 0x02, 0x0F,
    0x12, 0x12, 0x0F, 0x12, 0x02, 0x0F, 0x12, 0x0F, 0x0F, 0x0F, 0x12, 0x12,
    0x12, 0x12, 0x12, 0x0F, 0x0F, 0x02, 0x0F, 0x12, 0x0F, 0x12, 0x0F, 0x02,
    0x02, 0x02, 0x02, 0x02, 0x02, 0x02, 0x02, 0x02, 0x02, 0x05, 0x01, 0x01,
    0x01, 0x01, 0x01, 0x01, 0x01, 0x01, 0x01, 0x05, 0x05, 0x05, 0x05, 0x01,
    0x05, 0x05, 0x05, 0x01, 0x01, 0x01, 0x01, 0x09, 0x01, 0x01, 0x01, 0x01,
    0x01, 0x01, 0x05, 0x05, 0x01, 0x01, 0x01, 0x09, 0x00, 0x00, 0x00, 0x00,
    0x00, 0x00, 0x00, 0x00, 0x00, 0x00, 0x00, 0x06, 0x00, 0x00, 0x00, 0x00,
    0x00, 0x00, 0x09, 0x00, 0x09, 0x01, 0x00, 0x06, 0x00, 0x06, 0x06, 0x06,
    0x06, 0x03, 0x06, 0x06, 0x00, 0x06, 0x06, 0x03, 0x03, 0x03, 0x03, 0x03,
    0x03, 0x04, 0x04, 0x03, 0x03, 0x03, 0x03, 0x04, 0x04, 0x04, 0x04, 0x04,
    0x04, 0x0E, 0x04, 0x04, 0x04, 0x04, 0x04, 0x0D, 0x04, 0x03, 0x03, 0x0D,
    0x0D, 0x03, 0x03, 0x04, 0x04, 0x04, 0x04, 0x04, 0x03, 0x03, 0x03, 0x3A,
    0x03, 0x03, 0x03, 0x0D, 0x03, 0x03, 0x03, 0x03, 0x04, 0x04, 0x04, 0x04,
    0x04, 0x04, 0x04, 0x04, 0x04, 0x04, 0x07, 0x07, 0x07, 0x07, 0x07, 0x07,
    0x07, 0x07, 0x07, 0x07, 0x04, 0x04, 0x04, 0x04, 0x04, 0x0D, 0x0D, 0x04,
    0x04, 0x04, 0x04, 0x0E, 0x0E, 0x04, 0x04, 0x04, 0x03, 0x04, 0x03, 0x03,
    0x03, 0x03, 0x0D, 0x04, 0x04, 0x04, 0x04, 0x04, 0x04, 0x04, 0x04, 0x04,
    0x04, 0x04, 0x04, 0x04, 0x04, 0x04, 0x03, 0x03, 0x03, 0x03, 0x03, 0x06,
    0x06, 0x06, 0x00, 0x06, 0x03, 0x03, 0x03, 0x03, 0x03, 0x03, 0x03, 0x03,
    0x06, 0x06, 0x06, 0x06, 0x06, 0x06, 0x03, 0x06, 0x06, 0x03, 0x03, 0x03,
    0x03, 0x00, 0x06, 0x06, 0x00, 0x00, 0x00, 0x00, 0x06, 0x06, 0x06, 0x06,
    0x00, 0x00, 0x00, 0x00, 0x00, 0x00, 0x00, 0x00, 0x00, 0x00, 0x00, 0x09,
    0x09, 0x01, 0x09, 0x09, 0x01, 0x05, 0x05, 0x05, 0x05, 0x01, 0x01, 0x01,
    0x05, 0x05, 0x05, 0x05, 0x01, 0x05, 0x02, 0x05, 0x02, 0x02, 0x05, 0x05,
    0x05, 0x05, 0x01, 0x01, 0x01, 0x01, 0x01, 0x01, 0x01, 0x01, 0x01, 0x01,
    0x01, 0x02, 0x02, 0x05, 0x05, 0x02, 0x02, 0x02, 0x02, 0x02, 0x02, 0x05,
    0x02, 0x02, 0x02, 0x02, 0x0F, 0x0F, 0x0F, 0x12, 0x12, 0x0F, 0x02, 0x02,
    0x0F, 0x0F, 0x12, 0x0F, 0x0F, 0x0F, 0x0F, 0x02, 0x02, 0x0F, 0x02, 0x02,
    0x0F, 0x0F, 0x0F, 0x0F, 0x02, 0x02, 0x0F, 0x02, 0x02, 0x02, 0x02, 0x02,
    0x02, 0x05, 0x05, 0x01, 0x05, 0x01, 0x05, 0x05, 0x05, 0x02, 0x02, 0x02,
    0x02, 0x02, 0x02, 0x02, 0x05, 0x02, 0x02, 0x02, 0x02, 0x05, 0x02, 0x05,
    0x05, 0x05, 0x02, 0x05, 0x05, 0x01, 0x01, 0x01, 0x01, 0x05, 0x01, 0x05,
    0x05, 0x01, 0x01, 0x01, 0x01, 0x09, 0x01, 0x01, 0x00, 0x00, 0x00, 0x00,
    0x00, 0x01, 0x09, 0x00, 0x00, 0x01, 0x01, 0x01, 0x09, 0x00, 0x00, 0x00,
    0x00, 0x00, 0x00, 0x00, 0x06, 0x06, 0x00, 0x00, 0x00, 0x00, 0x06, 0x06,
    0x00, 0x06, 0x03, 0x06, 0x06, 0x06, 0x06, 0x03, 0x03, 0x03, 0x04, 0x0D,
    0x0D, 0x03, 0x04, 0x0E, 0x0E, 0x0E, 0x0E, 0x0E, 0x04, 0x0E, 0x0E, 0x04,
    0x04, 0x04, 0x04, 0x0E, 0x0E, 0x0E, 0x04, 0x04, 0x04, 0x04, 0x03, 0x03,
    0x03, 0x0D, 0x04, 0x04, 0x04, 0x04, 0x04, 0x04, 0x04, 0x03, 0x04, 0x03,
    0x04, 0x03, 0x03, 0x0D, 0x04, 0x04, 0x04, 0x04, 0x0E, 0x0E, 0x0E, 0x07,
    0x07, 0x07, 0x0E, 0x0E, 0x04, 0x04, 0x04, 0x04, 0x04, 0x04, 0x0D, 0x04,
    0x04, 0x0D, 0x0D, 0x04, 0x0D, 0x0D, 0x0D, 0x0D, 0x04, 0x04, 0x04, 0x04,
    0x03, 0x03, 0x04, 0x04, 0x04, 0x0D, 0x03, 0x03, 0x03, 0x03, 0x0D, 0x03,
    0x03, 0x03, 0x04, 0x04, 0x04, 0x03, 0x0D, 0x04, 0x0D, 0x03, 0x03, 0x03,
    0x03, 0x03, 0x06, 0x00, 0x06, 0x06, 0x06, 0x06, 0x03, 0x03, 0x03, 0x03,
    0x03, 0x03, 0x03, 0x03, 0x06, 0x06, 0x06, 0x06, 0x03, 0x06, 0x06, 0x06,
    0x00, 0x00, 0x06, 0x00, 0x00, 0x06, 0x03, 0x06, 0x03, 0x03, 0x06, 0x03,
    0x0D, 0x04, 0x0D, 0x03, 0x03, 0x03, 0x06, 0x06, 0x06, 0x06, 0x00, 0x06,
    0x06, 0x06, 0x06, 0x06, 0x00, 0x09, 0x01, 0x01, 0x01, 0x01, 0x01, 0x01,
    0x01, 0x01, 0x09, 0x01, 0x01, 0x01, 0x05, 0x05, 0x05, 0x05, 0x05, 0x01,
    0x01, 0x01, 0x01, 0x01, 0x01, 0x01, 0x01, 0x01, 0x01, 0x01, 0x01, 0x01,
    0x01, 0x01, 0x05, 0x05, 0x02, 0x02, 0x02, 0x02, 0x02, 0x02, 0x02, 0x02,
    0x02, 0x02, 0x02, 0x02, 0x02, 0x0F, 0x02, 0x02, 0x02, 0x12, 0x12, 0x0F,
    0x02, 0x0F, 0x0F, 0x12, 0x12, 0x02, 0x0F, 0x0F, 0x0F, 0x02, 0x02, 0x02,
    0x02, 0x02, 0x02, 0x02, 0x02, 0x02, 0x02, 0x0F, 0x0F, 0x0F, 0x0F, 0x0F,
    0x12, 0x0F, 0x02, 0x02, 0x02, 0x02, 0x02, 0x02, 0x05, 0x05, 0x02, 0x02,
    0x02, 0x02, 0x02, 0x02, 0x02, 0x02, 0x02, 0x02, 0x05, 0x05, 0x05, 0x05,
    0x01, 0x01, 0x01, 0x01, 0x05, 0x01, 0x01, 0x01, 0x01, 0x01, 0x05, 0x05,
    0x01, 0x01, 0x01, 0x01, 0x01, 0x05, 0x01, 0x01, 0x05, 0x05, 0x01, 0x01,
    0x01, 0x01, 0x05, 0x01, 0x01, 0x01, 0x01, 0x00, 0x00, 0x00, 0x01, 0x01,
    0x01, 0x01, 0x00, 0x00, 0x00, 0x00, 0x00, 0x00, 0x00, 0x09, 0x01, 0x05,
    0x01, 0x01, 0x01, 0x00, 0x00, 0x00, 0x00, 0x00, 0x00, 0x00, 0x00, 0x00,
    0x00, 0x00, 0x00, 0x00, 0x00, 0x06, 0x06, 0x03, 0x04, 0x04, 0x04, 0x04,
    0x04, 0x0D, 0x0D, 0x0D, 0x0D, 0x0D, 0x03, 0x0D, 0x04, 0x03, 0x03, 0x03,
    0x03, 0x03, 0x0D, 0x03, 0x04, 0x04, 0x04, 0x04, 0x04, 0x04, 0x04, 0x04,
    0x0E, 0x04, 0x04, 0x04, 0x03, 0x04, 0x04, 0x04, 0x03, 0x03, 0x03, 0x03,
    0x04, 0x04, 0x04, 0x04, 0x04, 0x04, 0x04, 0x04, 0x04, 0x04, 0x04, 0x04,
    0x04, 0x04, 0x0D, 0x04, 0x04, 0x04, 0x0E, 0x04, 0x04, 0x04, 0x04, 0x04,
    0x04, 0x04, 0x04, 0x04, 0x04, 0x04, 0x04, 0x04, 0x04, 0x04, 0x04, 0x04,
    0x04, 0x04, 0x03, 0x04, 0x03, 0x03, 0x03, 0x03, 0x03, 0x03, 0x03, 0x03,
    0x03, 0x03, 0x03, 0x03, 0x03, 0x03, 0x03, 0x06, 0x03, 0x03, 0x03, 0x03,
    0x03, 0x03, 0x06, 0x03, 0x03, 0x00, 0x00, 0x00, 0x01, 0x01, 0x00, 0x00,
    0x00, 0x00, 0x00, 0x00, 0x06, 0x06, 0x00, 0x09, 0x01, 0x01, 0x01, 0x09,
    0x00, 0x00, 0x00, 0x00, 0x03, 0x03, 0x06, 0x06, 0x06, 0x06, 0x00, 0x00,
    0x06, 0x00, 0x00, 0x00, 0x06, 0x00, 0x00, 0x00, 0x09, 0x00, 0x09, 0x09,
    0x09, 0x09, 0x01, 0x09, 0x00, 0x00, 0x00, 0x09, 0x00, 0x00, 0x01, 0x01,
    0x01, 0x01, 0x01, 0x05, 0x02, 0x02, 0x02, 0x02, 0x05, 0x01, 0x01, 0x01,
    0x01, 0x01, 0x05, 0x01, 0x05, 0x05, 0x02, 0x02, 0x02, 0x02, 0x02, 0x05,
    0x05, 0x05, 0x05, 0x05, 0x05, 0x05, 0x05, 0x02, 0x02, 0x02, 0x02, 0x02,
    0x02, 0x02, 0x02, 0x02, 0x02, 0x02, 0x02, 0x0F, 0x0F, 0x0F, 0x0F, 0x0F,
    0x12, 0x12, 0x12, 0x12, 0x02, 0x02, 0x12, 0x12, 0x0F, 0x0F, 0x12, 0x0F,
    0x12, 0x12, 0x0F, 0x0F, 0x02, 0x02, 0x02, 0x02, 0x02, 0x02, 0x02, 0x02,
    0x02, 0x02, 0x02, 0x05, 0x05, 0x02, 0x02, 0x02, 0x02, 0x02, 0x05, 0x05,
    0x05, 0x05, 0x01, 0x01, 0x01, 0x01, 0x01, 0x01, 0x09, 0x01, 0x01, 0x05,
    0x01, 0x01, 0x05, 0x01, 0x01, 0x05, 0x05, 0x01, 0x01, 0x02, 0x05, 0x05,
    0x05, 0x01, 0x01, 0x05, 0x05, 0x01, 0x01, 0x01, 0x00, 0x09, 0x01, 0x01,
    0x01, 0x01, 0x01, 0x01, 0x01, 0x09, 0x00, 0x00, 0x00, 0x00, 0x00, 0x00,
    0x00, 0x00, 0x00, 0x00, 0x00, 0x00, 0x06, 0x06, 0x06, 0x06, 0x06, 0x06,
    0x06, 0x06, 0x06, 0x00, 0x00, 0x06, 0x06, 0x06, 0x03, 0x06, 0x06, 0x00,
    0x06, 0x06, 0x06, 0x03, 0x03, 0x06, 0x03, 0x03, 0x03, 0x03, 0x03, 0x03,
    0x03, 0x0D, 0x0D, 0x03, 0x03, 0x03, 0x03, 0x03, 0x03, 0x03, 0x0D, 0x03,
    0x04, 0x04, 0x04, 0x03, 0x03, 0x04, 0x03, 0x0D, 0x03, 0x03, 0x03, 0x04,
    0x04, 0x04, 0x04, 0x04, 0x04, 0x04, 0x0E, 0x04, 0x04, 0x04, 0x0D, 0x04,
    0x04, 0x04, 0x0E, 0x04, 0x04, 0x04, 0x04, 0x04, 0x04, 0x04, 0x04, 0x04,
    0x04, 0x0E, 0x04, 0x0E, 0x07, 0x07, 0x07, 0x0E, 0x0E, 0x04, 0x04, 0x04,
    0x03, 0x03, 0x03, 0x04, 0x04, 0x03, 0x03, 0x03, 0x03, 0x03, 0x03, 0x03,
    0x03, 0x03, 0x04, 0x03, 0x03, 0x0D, 0x03, 0x0D, 0x03, 0x03, 0x03, 0x03,
    0x03, 0x06, 0x03, 0x03, 0x03, 0x03, 0x03, 0x03, 0x03, 0x03, 0x03, 0x06,
    0x03, 0x03, 0x03, 0x03, 0x03, 0x0D, 0x03, 0x03, 0x03, 0x06, 0x06, 0x03,
    0x03, 0x06, 0x06, 0x06, 0x06, 0x06, 0x06, 0x00, 0x00, 0x00, 0x00, 0x00,
    0x00, 0x00, 0x00, 0x00, 0x00, 0x00, 0x00, 0x00, 0x00, 0x00, 0x00, 0x00,
    0x00, 0x09, 0x01, 0x00, 0x09, 0x00, 0x00, 0x00, 0x00, 0x00, 0x00, 0x01,
    0x01, 0x01, 0x01, 0x05, 0x01, 0x05, 0x05, 0x01, 0x01, 0x01, 0x09, 0x01,
    0x01, 0x01, 0x01, 0x01, 0x01, 0x05, 0x05, 0x05, 0x01, 0x01, 0x01, 0x05,
    0x05, 0x05, 0x05, 0x05, 0x05, 0x02, 0x05, 0x02, 0x05, 0x01, 0x05, 0x05,
    0x05, 0x01, 0x01, 0x05, 0x02, 0x02, 0x02, 0x02, 0x02, 0x02, 0x02, 0x02,
    0x02, 0x0F, 0x0F, 0x0F, 0x0F, 0x0F, 0x02, 0x0F, 0x12, 0x0F, 0x0F, 0x0F,
    0x12, 0x12, 0x12, 0x12, 0x12, 0x12, 0x0F, 0x0F, 0x0F, 0x02, 0x0F, 0x12,
    0x12, 0x12, 0x12, 0x0F, 0x02, 0x02, 0x02, 0x02, 0x02, 0x05, 0x05, 0x05,
    0x05, 0x02, 0x05, 0x05, 0x02, 0x05, 0x05, 0x05, 0x05, 0x01, 0x01, 0x01,
    0x01, 0x01, 0x01, 0x01, 0x01, 0x01, 0x01, 0x01, 0x05, 0x01, 0x01, 0x01,
    0x01, 0x05, 0x02, 0x05, 0x01, 0x05, 0x02, 0x05, 0x01, 0x01, 0x01, 0x01,
    0x01, 0x01, 0x01, 0x01, 0x01, 0x01, 0x01, 0x01, 0x01, 0x01, 0x01, 0x01,
    0x01, 0x01, 0x09, 0x00, 0x09, 0x09, 0x09, 0x09, 0x09, 0x00, 0x00, 0x00,
    0x00, 0x06, 0x06, 0x00, 0x00, 0x00, 0x00, 0x00, 0x00, 0x00, 0x00, 0x06,
    0x06, 0x06, 0x06, 0x06, 0x00, 0x00, 0x00, 0x00, 0x00, 0x00, 0x00, 0x06,
    0x06, 0x06, 0x03, 0x03, 0x06, 0x03, 0x03, 0x03, 0x03, 0x04, 0x04, 0x03,
    0x03, 0x04, 0x04, 0x0E, 0x04, 0x03, 0x03, 0x0D, 0x03, 0x03, 0x03, 0x03,
    0x06, 0x03, 0x0D, 0x04, 0x03, 0x03, 0x0D, 0x03, 0x03, 0x03, 0x03, 0x03,
    0x04, 0x04, 0x04, 0x0D, 0x04, 0x04, 0x04, 0x04, 0x04, 0x04, 0x04, 0x0E,
    0x04, 0x04, 0x04, 0x0E, 0x04, 0x04, 0x0E, 0x0E, 0x04, 0x04, 0x04, 0x04,
    0x04, 0x04, 0x04, 0x04, 0x04, 0x04, 0x04, 0x04, 0x04, 0x04, 0x04, 0x03,
    0x03, 0x04, 0x03, 0x03, 0x03, 0x03, 0x03, 0x03, 0x03, 0x04, 0x04, 0x03,
    0x03, 0x03, 0x03, 0x03, 0x03, 0x06, 0x03, 0x03, 0x03, 0x06, 0x06, 0x03,
    0x03, 0x03, 0x03, 0x03, 0x06, 0x06, 0x06, 0x06, 0x06, 0x03, 0x03, 0x03,
    0x03, 0x03, 0x06, 0x06, 0x03, 0x06, 0x00, 0x06, 0x06, 0x06, 0x06, 0x00,
    0x00, 0x00, 0x00, 0x00, 0x00, 0x00, 0x00, 0x00, 0x00, 0x00, 0x00, 0x00,
    0x00, 0x00, 0x00, 0x00, 0x00, 0x00, 0x00, 0x00, 0x00, 0x00, 0x00, 0x06,
    0x06, 0x00, 0x00, 0x00, 0x09, 0x01, 0x01, 0x01, 0x01, 0x05, 0x05, 0x05,
    0x01, 0x05, 0x05, 0x01, 0x05, 0x05, 0x02, 0x05, 0x01, 0x05, 0x01, 0x01,
    0x05, 0x01, 0x01, 0x01, 0x01, 0x01, 0x01, 0x01, 0x01, 0x01, 0x05, 0x05,
    0x05, 0x05, 0x05, 0x05, 0x05, 0x01, 0x01, 0x01, 0x01, 0x05, 0x05, 0x05,
    0x02, 0x02, 0x02, 0x02, 0x02, 0x02, 0x02, 0x02, 0x02, 0x02, 0x02, 0x0F,
    0x12, 0x0F, 0x02, 0x02, 0x02, 0x02, 0x02, 0x0F, 0x12, 0x0F, 0x0F, 0x0F,
    0x0F, 0x0F, 0x0F, 0x02, 0x02, 0x0F, 0x02, 0x02, 0x02, 0x0F, 0x02, 0x02,
    0x02, 0x02, 0x02, 0x02, 0x02, 0x02, 0x02, 0x02, 0x02, 0x05, 0x05, 0x05,
    0x01, 0x01, 0x05, 0x02, 0x05, 0x05, 0x05, 0x02, 0x02, 0x05, 0x01, 0x01,
    0x01, 0x01, 0x01, 0x00, 0x00, 0x00, 0x09, 0x09, 0x00, 0x01, 0x01, 0x01,
    0x01, 0x01, 0x01, 0x01, 0x01, 0x09, 0x09, 0x09, 0x01, 0x01, 0x01, 0x01,
    0x01, 0x01, 0x01, 0x09, 0x01, 0x00, 0x00, 0x00, 0x09, 0x01, 0x00, 0x00,
    0x00, 0x00, 0x00, 0x00, 0x00, 0x00, 0x00, 0x00, 0x00, 0x06, 0x06, 0x06,
    0x00, 0x00, 0x00, 0x06, 0x06, 0x06, 0x03, 0x03, 0x03, 0x03, 0x03, 0x03,
    0x03, 0x03, 0x03, 0x03, 0x0D, 0x03, 0x04, 0x04, 0x04, 0x04, 0x04, 0x04,
    0x03, 0x0D, 0x0D, 0x03, 0x03, 0x03, 0x04, 0x04, 0x03, 0x04, 0x04, 0x03,
    0x04, 0x03, 0x03, 0x03, 0x03, 0x0D, 0x04, 0x04, 0x03, 0x03, 0x03, 0x0D,
    0x03, 0x03, 0x03, 0x04, 0x04, 0x04, 0x04, 0x04, 0x04, 0x04, 0x04, 0x04,
    0x0D, 0x04, 0x04, 0x04, 0x04, 0x04, 0x04, 0x04, 0x04, 0x07, 0x07, 0x0E,
    0x0E, 0x04, 0x04, 0x04, 0x04, 0x04, 0x04, 0x04, 0x04, 0x04, 0x0E, 0x0E,
    0x07, 0x07, 0x07, 0x04, 0x04, 0x0E, 0x0E, 0x04, 0x04, 0x0D, 0x04, 0x04,
    0x04, 0x04, 0x04, 0x04, 0x0D, 0x0D, 0x0D, 0x0D, 0x0D, 0x03, 0x03, 0x03,
    0x03, 0x04, 0x04, 0x03, 0x03, 0x03, 0x03, 0x0D, 0x03, 0x03, 0x03, 0x03,
    0x03, 0x0D, 0x0D, 0x03, 0x03, 0x03, 0x06, 0x03, 0x03, 0x06, 0x06, 0x03,
    0x03, 0x03, 0x03, 0x03, 0x03, 0x03, 0x03, 0x03, 0x03, 0x03, 0x03, 0x06,
    0x03, 0x03, 0x06, 0x03, 0x03, 0x03, 0x03, 0x03, 0x03, 0x06, 0x06, 0x06,
    0x00, 0x00, 0x00, 0x00, 0x00, 0x00, 0x00, 0x00, 0x00, 0x00, 0x09, 0x01,
    0x00, 0x09, 0x09, 0x00, 0x01, 0x01, 0x01, 0x01, 0x01, 0x01, 0x01, 0x01,
    0x01, 0x01, 0x01, 0x01, 0x01, 0x01, 0x01, 0x01, 0x05, 0x05, 0x05, 0x01,
    0x05, 0x05, 0x01, 0x01, 0x01, 0x01, 0x01, 0x01, 0x05, 0x05, 0x05, 0x02,
    0x05, 0x02, 0x02, 0x05, 0x05, 0x05, 0x05, 0x01, 0x01, 0x01, 0x01, 0x01,
    0x05, 0x05, 0x02, 0x02, 0x02, 0x02, 0x02, 0x02, 0x02, 0x02, 0x02, 0x02,
    0x02, 0x02, 0x02, 0x02, 0x02, 0x02, 0x0F, 0x12, 0x12, 0x12, 0x0F, 0x12,
    0x12, 0x12, 0x12, 0x12, 0x12, 0x12, 0x0F, 0x02, 0x02, 0x02, 0x02, 0x02,
    0x02, 0x02, 0x02, 0x02, 0x02, 0x02, 0x05, 0x02, 0x02, 0x02, 0x02, 0x05,
    0x05, 0x02, 0x02, 0x02, 0x05, 0x05, 0x05, 0x02, 0x02, 0x02, 0x02, 0x02,
    0x02, 0x02, 0x02, 0x05, 0x01, 0x01, 0x01, 0x01, 0x01, 0x05, 0x01, 0x05,
    0x05, 0x05, 0x05, 0x05, 0x01, 0x01, 0x01, 0x01, 0x05, 0x05, 0x01, 0x01,
    0x01, 0x01, 0x05, 0x01, 0x01, 0x01, 0x01, 0x09, 0x01, 0x09, 0x00, 0x00,
    0x00, 0x00, 0x00, 0x00, 0x06, 0x00, 0x00, 0x00, 0x00, 0x00, 0x00, 0x00,
    0x00, 0x00, 0x00, 0x06, 0x06, 0x06, 0x00, 0x00, 0x00, 0x00, 0x00, 0x00,
    0x06, 0x06, 0x06, 0x06, 0x03, 0x03, 0x03, 0x03, 0x03, 0x03, 0x03, 0x0D,
    0x03, 0x03, 0x03, 0x03, 0x0D, 0x03, 0x03, 0x0D, 0x04, 0x04, 0x0D, 0x04,
    0x04, 0x04, 0x04, 0x03, 0x03, 0x03, 0x03, 0x03, 0x06, 0x06, 0x06, 0x03,
    0x03, 0x03, 0x03, 0x03, 0x03, 0x04, 0x04, 0x04, 0x04, 0x04, 0x04, 0x04,
    0x04, 0x04, 0x04, 0x04, 0x04, 0x04, 0x04, 0x04, 0x04, 0x04, 0x03, 0x03,
    0x04, 0x04, 0x04, 0x04, 0x04, 0x03, 0x03, 0x06, 0x06, 0x03, 0x03, 0x0D,
    0x0D, 0x04, 0x04, 0x04, 0x04, 0x04, 0x04, 0x03, 0x03, 0x03, 0x03, 0x03,
    0x03, 0x03, 0x03, 0x03, 0x03, 0x06, 0x03, 0x06, 0x06, 0x03, 0x03, 0x00,
    0x06, 0x03, 0x06, 0x03, 0x03, 0x06, 0x03, 0x03, 0x03, 0x03, 0x03, 0x03,
    0x03, 0x03, 0x03, 0x03, 0x03, 0x03, 0x06, 0x06, 0x06, 0x06, 0x06, 0x00,
    0x00, 0x06, 0x00, 0x00, 0x00, 0x00, 0x00, 0x00, 0x09, 0x00, 0x00, 0x00,
    0x00, 0x00, 0x00, 0x00, 0x00, 0x00, 0x00, 0x00, 0x00, 0x00, 0x00, 0x00,
    0x09, 0x00, 0x00, 0x01, 0x00, 0x00, 0x00, 0x00, 0x00, 0x00, 0x00, 0x00,
    0x09, 0x01, 0x01, 0x01, 0x05, 0x02, 0x05, 0x05, 0x02, 0x02, 0x05, 0x05,
    0x05, 0x01, 0x01, 0x01, 0x01, 0x01, 0x01, 0x05, 0x05, 0x05, 0x01, 0x01,
    0x02, 0x02, 0x02, 0x02, 0x02, 0x02, 0x02, 0x02, 0x02, 0x02, 0x02, 0x02,
    0x02, 0x0F, 0x12, 0x12, 0x0F, 0x0F, 0x02, 0x02, 0x02, 0x02, 0x02, 0x02,
    0x02, 0x02, 0x0F, 0x0F, 0x0F, 0x0F, 0x12, 0x12, 0x12, 0x12, 0x0F, 0x12,
    0x29, 0x12, 0x12, 0x12, 0x12, 0x0F, 0x0F, 0x12, 0x0F, 0x02, 0x02, 0x02,
    0x02, 0x02, 0x05, 0x05, 0x05, 0x01, 0x01, 0x05, 0x02, 0x02, 0x02, 0x02,
    0x05, 0x05, 0x05, 0x01, 0x01, 0x01, 0x01, 0x01, 0x01, 0x05, 0x05, 0x02,
    0x01, 0x05, 0x05, 0x01, 0x05, 0x05, 0x01, 0x01, 0x05, 0x01, 0x01, 0x05,
    0x05, 0x01, 0x01, 0x01, 0x05, 0x05, 0x05, 0x01, 0x05, 0x05, 0x01, 0x01,
    0x01, 0x01, 0x01, 0x01, 0x01, 0x00, 0x01, 0x01, 0x01, 0x01, 0x09, 0x00,
    0x00, 0x00, 0x09, 0x00, 0x00, 0x00, 0x00, 0x00, 0x00, 0x00, 0x06, 0x00,
    0x00, 0x00, 0x00, 0x09, 0x00, 0x00, 0x09, 0x00, 0x00, 0x00, 0x00, 0x00,
    0x00, 0x00, 0x00, 0x00, 0x00, 0x00, 0x06, 0x06, 0x03, 0x03, 0x03, 0x03,
    0x03, 0x03, 0x06, 0x06, 0x06, 0x06, 0x03, 0x03, 0x03, 0x04, 0x04, 0x04,
    0x04, 0x04, 0x0D, 0x03, 0x06, 0x00, 0x00, 0x06, 0x06, 0x06, 0x06, 0x03,
    0x03, 0x03, 0x0D, 0x03, 0x03, 0x03, 0x04, 0x0D, 0x04, 0x04, 0x04, 0x04,
    0x0E, 0x07, 0x0E, 0x0E, 0x0E, 0x0E, 0x04, 0x04, 0x04, 0x04, 0x04, 0x04,
    0x04, 0x04, 0x04, 0x0E, 0x0E, 0x0E, 0x04, 0x04, 0x04, 0x04, 0x04, 0x04,
    0x04, 0x04, 0x04, 0x04, 0x04, 0x04, 0x04, 0x04, 0x04, 0x04, 0x04, 0x03,
    0x03, 0x03, 0x03, 0x03, 0x06, 0x00, 0x06, 0x03, 0x03, 0x03, 0x03, 0x0D,
    0x04, 0x0D, 0x0D, 0x03, 0x03, 0x03, 0x03, 0x03, 0x04, 0x0D, 0x04, 0x04,
    0x04, 0x04, 0x04, 0x04, 0x0D, 0x03, 0x03, 0x03, 0x03, 0x03, 0x06, 0x06,
    0x06, 0x00, 0x00, 0x00, 0x00, 0x00, 0x00, 0x00, 0x00, 0x00, 0x00, 0x00,
    0x00, 0x00, 0x00, 0x00, 0x00, 0x06, 0x06, 0x06, 0x06, 0x06, 0x00, 0x00,
    0x00, 0x00, 0x00, 0x00, 0x00, 0x00, 0x00, 0x06, 0x06, 0x06, 0x00, 0x00,
    0x01, 0x01, 0x01, 0x01, 0x01, 0x05, 0x05, 0x01, 0x01, 0x01, 0x01, 0x01,
    0x05, 0x01, 0x01, 0x01, 0x01, 0x01, 0x01, 0x01, 0x00, 0x00, 0x00, 0x00,
    0x00, 0x01, 0x01, 0x01, 0x01, 0x01, 0x01, 0x01, 0x01, 0x01, 0x01, 0x05,
    0x01, 0x01, 0x01, 0x05, 0x02, 0x02, 0x05, 0x05, 0x02, 0x02, 0x02, 0x02,
    0x02, 0x02, 0x02, 0x02, 0x02, 0x02, 0x02, 0x0F, 0x02, 0x0F, 0x12, 0x12,
    0x12, 0x12, 0x12, 0x02, 0x02, 0x02, 0x02, 0x0F, 0x12, 0x12, 0x12, 0x12,
    0x12, 0x12, 0x12, 0x0F, 0x02, 0x0F, 0x12, 0x02, 0x02, 0x02, 0x02, 0x02,
    0x0F, 0x0F, 0x0F, 0x0F, 0x0F, 0x12, 0x0F, 0x0F, 0x02, 0x02, 0x02, 0x02,
    0x02, 0x02, 0x05, 0x05, 0x01, 0x05, 0x02, 0x02, 0x02, 0x02, 0x02, 0x05,
    0x05, 0x01, 0x01, 0x01, 0x01, 0x01, 0x05, 0x02, 0x02, 0x05, 0x02, 0x05,
    0x01, 0x01, 0x01, 0x01, 0x01, 0x01, 0x01, 0x01, 0x01, 0x01, 0x01, 0x01,
    0x01, 0x01, 0x01, 0x01, 0x01, 0x01, 0x09, 0x01, 0x01, 0x01, 0x01, 0x09,
    0x01, 0x01, 0x01, 0x01, 0x01, 0x01, 0x09, 0x09, 0x00, 0x00, 0x00, 0x00,
    0x00, 0x00, 0x00, 0x00, 0x00, 0x00, 0x00, 0x00, 0x00, 0x00, 0x00, 0x00,
    0x00, 0x00, 0x06, 0x00, 0x00, 0x00, 0x00, 0x00, 0x00, 0x00, 0x00, 0x00,
    0x00, 0x00, 0x06, 0x03, 0x03, 0x03, 0x03, 0x03, 0x03, 0x03, 0x03, 0x03,
    0x03, 0x06, 0x03, 0x03, 0x03, 0x06, 0x06, 0x06, 0x06, 0x03, 0x03, 0x03,
    0x03, 0x0D, 0x03, 0x03, 0x04, 0x0D, 0x03, 0x04, 0x0D, 0x03, 0x03, 0x0D,
    0x03, 0x03, 0x03, 0x06, 0x06, 0x03, 0x03, 0x03, 0x04, 0x0D, 0x04, 0x04,
    0x04, 0x0E, 0x04, 0x03, 0x03, 0x03, 0x03, 0x04, 0x04, 0x04, 0x04, 0x04,
    0x04, 0x04, 0x04, 0x04, 0x03, 0x06, 0x06, 0x06, 0x06, 0x06, 0x03, 0x04,
    0x04, 0x0D, 0x0D, 0x03, 0x03, 0x03, 0x03, 0x03, 0x03, 0x03, 0x03, 0x03,
    0x06, 0x06, 0x03, 0x03, 0x03, 0x03, 0x06, 0x06, 0x06, 0x06, 0x06, 0x00,
    0x00, 0x06, 0x03, 0x03, 0x06, 0x06, 0x06, 0x06, 0x06, 0x00, 0x00, 0x00,
    0x00, 0x06, 0x00, 0x09, 0x00, 0x00, 0x00, 0x00, 0x00, 0x00, 0x00, 0x00,
    0x00, 0x09, 0x01, 0x01, 0x01, 0x01, 0x01, 0x01, 0x01, 0x01, 0x01, 0x09,
    0x00, 0x00, 0x00, 0x00, 0x00, 0x09, 0x00, 0x00, 0x00, 0x01, 0x01, 0x09,
    0x09, 0x01, 0x01, 0x05, 0x05, 0x01, 0x01, 0x01, 0x01, 0x01, 0x01, 0x01,
    0x01, 0x01, 0x01, 0x01, 0x01, 0x05, 0x05, 0x05, 0x02, 0x02, 0x02, 0x02,
    0x02, 0x02, 0x02, 0x02, 0x02, 0x02, 0x02, 0x05, 0x05, 0x01, 0x01, 0x01,
    0x02, 0x02, 0x02, 0x02, 0x02, 0x05, 0x05, 0x05, 0x05, 0x05, 0x02, 0x02,
    0x0F, 0x12, 0x12, 0x12, 0x0F, 0x0F, 0x02, 0x02, 0x02, 0x02, 0x02, 0x02,
    0x02, 0x0F, 0x12, 0x0F
};

const uint16_t bg_palette[256] = {
    0xC1EE, 0xB9AC, 0xB16A, 0xCA30, 0xD272, 0xB58B, 0xCA0F, 0xDAB4,
    0xF79C, 0xBDCD, 0xEF5A, 0xFBDE, 0xE738, 0xCE51, 0xD693, 0xAD49,
    0xDED6, 0xC925, 0xA928, 0xD146, 0xEA4C, 0xE2F6, 0xF37B, 0xD586,
    0x94A4, 0x9CC6, 0xE60B, 0xDDC9, 0xD125, 0xF39B, 0xD9A9, 0xCD45,
    0xE717, 0xE62C, 0xA0E6, 0xC4E5, 0xB907, 0xDA0E, 0xC98A, 0xE691,
    0xE1EA, 0xA507, 0xD5ED, 0xB528, 0xC949, 0xB8E5, 0x8C42, 0xC5AC,
    0xF315, 0xEED2, 0xDDC7, 0xEA4B, 0xEA8F, 0x8400, 0xE6B4, 0xE271,
    0xD169, 0x9063, 0xD630, 0xF37C, 0xC528, 0xEF9C, 0xEF7C, 0xDEF8,
    0xBE10, 0xD1AC, 0xEF9B, 0xCE94, 0x9083, 0xF757, 0xDF18, 0xF2F2,
    0xDE0B, 0xDF17, 0xF338, 0xBD47, 0xCE74, 0xC987, 0xE2F8, 0xAD6C,
    0x9D07, 0xF2F4, 0xBDF0, 0xCE93, 0xAD8C, 0xB16C, 0xA0A4, 0xA0E8,
    0xC4C3, 0x8C64, 0xD274, 0xD0E4, 0xE230, 0xF28D, 0xF26C, 0xDE4F,
    0xBE0F, 0xAD8B, 0xD528, 0xC1F0, 0xE1C7, 0x9064, 0xCD03, 0x8000,
    0x8000, 0x8000, 0x8000, 0x8000, 0x8000, 0x8000, 0x8000, 0x8000,
    0x8000, 0x8000, 0x8000, 0x8000, 0x8000, 0x8000, 0x8000, 0x8000,
    0x8000, 0x8000, 0x8000, 0x8000, 0x8000, 0x8000, 0x8000, 0x8000,
    0x8000, 0x8000, 0x8000, 0x8000, 0x8000, 0x8000, 0x8000, 0x8000,
    0x8000, 0x8000, 0x8000, 0x8000, 0x8000, 0x8000, 0x8000, 0x8000,
    0x8000, 0x8000, 0x8000, 0x8000, 0x8000, 0x8000, 0x8000, 0x8000,
    0x8000, 0x8000, 0x8000, 0x8000, 0x8000, 0x8000, 0x8000, 0x8000,
    0x8000, 0x8000, 0x8000, 0x8000, 0x8000, 0x8000, 0x8000, 0x8000,
    0x8000, 0x8000, 0x8000, 0x8000, 0x8000, 0x8000, 0x8000, 0x8000,
    0x8000, 0x8000, 0x8000, 0x8000, 0x8000, 0x8000, 0x8000, 0x8000,
    0x8000, 0x8000, 0x8000, 0x8000, 0x8000, 0x8000, 0x8000, 0x8000,
    0x8000, 0x8000, 0x8000, 0x8000, 0x8000, 0x8000, 0x8000, 0x8000,
    0x8000, 0x8000, 0x8000, 0x8000, 0x8000, 0x8000, 0x8000, 0x8000,
    0x8000, 0x8000, 0x8000, 0x8000, 0x8000, 0x8000, 0x8000, 0x8000,
    0x8000, 0x8000, 0x8000, 0x8000, 0x8000, 0x8000, 0x8000, 0x8000,
    0x8000, 0x8000, 0x8000, 0x8000, 0x8000, 0x8000, 0x8000, 0x8000,
    0x8000, 0x8000, 0x8000, 0x8000, 0x8000, 0x8000, 0x8000, 0x8000,
    0x8000, 0x8000, 0x8000, 0x8000, 0x8000, 0x8000, 0x8000, 0x8000,
    0x8000, 0x8000, 0x8000, 0x8000, 0x8000, 0x8000, 0x8000, 0x8000
};

const sat_indexed8_asset_t bg_asset = {
    bg_pixels,
    bg_palette,
    320u,
    224u,
    0u,
    71680u,
    256u
};
